series,volume,year,page,act_number,act_type,pope,citation,source_pdf_url,evidence_type,rubric_latin,incipit_latin,image_title_latin,image_title_vernacular,image_subject,church_or_sanctuary,locality,diocese_latin,diocese_modern,country,act_date,coronation_date,legate,confidence,notes
ASS,6,1870,353,,Causa apud S. Congregationem Rituum (concessio et approbatio Officii et Missae propriae) cum informatione praevia,Pius PP. IX,"ASS 6 (1870), p. 353",https://www.vatican.va/archive/ass/documents/ASS-06-1870-71-ocr.pdf,retrospective_attestation,INSULAE SARDINIAE. CONCESSIONIS ET APPROBATIONIS OFFICII ET MISSAE PROPRIAE IN HONOREM B. V. A BONO AERE NUNCUPATAE.,"Antequam referam S. Congregationis Decretum, nonnulla indicabo, quae ostendunt, quomodo solent eiusmodi causae pertractari",Beata Virgo Maria a Bono Aere nuncupata (de Bonaria),Maria Vergine di Bonaria,Blessed Virgin Mary,"Sanctuarium B. V. Mariae a Bono Aere, coenobio Ordinis B. M. V. de Mercede adnexum","Bonaria, on the hill overlooking Cagliari (Calaris), Sardinia",Calaritana,Cagliari,Italy,1871-04-22,1870-04-24,,high,"Key sentence, on printed p. 354: 'Insignis haec B. Virginis imago ex Capituli Vaticani Decreto die 24 Aprilis 1870 aurea corona rite decorata est.' Crowning by the Chapter of St Peter's (Capitulum Vaticanum). Page set to 353, where the item ('INSULAE SARDINIAE ...') begins; the coronation statement is on p. 354. The passage is the editorial 'Brevis informatio' preceding the S.R.C. decree, hence incipit_latin is the editorial opening, not an act body. Vernacular title taken from the Italian book cited in the text ('Della statua miracolosa di Maria Vergine di Bonaria'). Volume 6 spans 1870-71; the related decree is dated 22 April 1871. Country derived from 'in Sardiniae insula' / 'Calarim'. OCR of the rubric reads 'A BONO AÈRE'."
ASS,9,1876,167,,Breve (Litterae Apostolicae sub annulo Piscatoris),Pius PP. IX,"ASS 9 (1876), p. 167",https://www.vatican.va/archive/ass/documents/ASS-09-1876-ocr.pdf,papal_coronation_act,"Eminentissimo Archiepiscopo Bononiensi Breve, quo indulgentiae quaedam a Sanctissimo conceduntur.","Qui vel a teneris annis singulari obsequio, intimoque cordis affectu sanctam Dei Genitricem Mariam coluimus","Beata Maria Virgo cum Divino puero Iesu, a Victoria dicta",,Blessed Virgin Mary,Templum Abbatiale SS. Salvatoris,Bologna (Bononia),Bononiensis,Bologna,Italy,1875-07-16,1875-08-15,,high,"Pius IX grants the Cardinal Archbishop of Bologna, 'tamquam Delegatum Nostrum', the faculty to place a golden crown 'Nostro nomine' on the image on 15 August of the current year ('hoc vertente anno, die decimaquinta mensis Augusti'); since the Brief is dated 16 July 1875, the coronation date is 1875-08-15. Classified papal_coronation_act because this document IS the granting act (it also has the character of a delegation). The delegate is addressed only as 'Venerabilis Frater' / 'Eminentissimo Archiepiscopo Bononiensi' and is not named, hence legate: null. Petitioner: Archangelus Maria Gatti, Abbot Visitator General of the Canons Regular of the Lateran. Act begins on printed p. 167 under the heading 'EX VATICANO' (passage printed_page was 168). OCR: 'supradicto cognationis die' read as 'coronationis die'; 'translatant' for 'translatam'. Volume 9 = 1876 but the Brief is of 1875. Country derived from 'Bononiae'."
ASS,9,1876,373,,Causa apud S. Congregationem Rituum (concessio et approbatio Officii et Missae propriae) - Advocati defensio,Pius PP. IX,"ASS 9 (1876), p. 373",https://www.vatican.va/archive/ass/documents/ASS-09-1876-ocr.pdf,retrospective_attestation,"VENETEN. Concessionis et approbationis Officii et Missae propriae Manifestationis S. Imaginis B. Annae apud Britones pro die 7 martii, Officii et Missae propriae in honorem eiusdem S. Annae pro die 26 iulii, nec non concessionis et approbationis Missae votivae propriae.","Intra fines cuiusdam paroeciae Pluneret nuncupatae, Dioecesis Venetensis, extat oppidum quoddam a S. Anna nomen habens",Simulacrum Virginis Mariae,,Blessed Virgin Mary,Sanctuarium S. Annae (later raised to Basilica Minor),"le Bourg de Sainte-Anne, parish of Pluneret, near Auray, Brittany",Venetensis,Vannes,France,,,,medium,"Retrospective mention on printed p. 381: 'instanti Episcopo Venetensi sub die 22 maii 1868 Breve edidit quo nimirum tum Virginis Mariae, tum Annae simulacro corona imponi liceret.' The granting Brief of Pius IX is dated 22 May 1868; that is not the date of the document being reported, so act_date is null. The text does not say when (or whether) the crowning was actually carried out, so coronation_date is null. This record covers the image of the Virgin Mary; a companion record covers the image of St Anne. The passage does not state explicitly that the Marian image stands in the same sanctuary of St Anne - inferred from context, hence medium confidence. Page set to 373, where the item 'VENETEN. ...' begins (statement on p. 381); locality/diocese details taken from p. 373 of the same volume. Country: Brittany ('apud Britones', 'Britannia Armorica ... pars Galliae')."
ASS,11,1878,618,,Decretum (S. Congregatio Indulgentiis Sacrisque Reliquiis praeposita),Leo PP. XIII,"ASS 11 (1878), p. 618",https://www.vatican.va/archive/ass/documents/ASS-11-1878-ocr.pdf,retrospective_attestation,"Quo conceditur ut Archisodalitas Bmae V. Mariae a « S. Corde Iesu, » ab Ecclesia S. Andreae de Valle transferri possit in Ecclesia B. Mariae V. D. Nostrae in Foro Agonali.","Ab anno 1854 Presbyterorum Societas Exsolduni in Archidioecesi Bituricensi in Galliis florere coepit, qui vires, consilia et operam ad vineam Domini sacris expeditionibus potissimum excolendam contulerunt",Domina Nostra a Sacratissimo Corde Iesu,Notre Dame du Sacré Cœur,Blessed Virgin Mary,"Sacra Aedes Exsoldunensis (church of the Missionaries of the Sacred Heart, raised to minor basilica by Pius IX, 17 July 1874)",Issoudun,Bituricensis,Bourges,France,1879-04-26,,Archiepiscopus Bituricensis (Archbishop of Bourges; personal name not given in the text),high,"Decree transferring the Archconfraternity of Our Lady of the Sacred Heart from S. Andrea della Valle to the church in the Piazza Navona; it recalls in passing that the Apostolic See 'nomine proprio coronam Simulacro imponendi facultatem largita est Archiepiscopo Bituricensi' — granted the Archbishop of Bourges the faculty of imposing the crown, in the Holy See's own name, on the Issoudun image. No date is given for the grant or for the coronation itself, so coronation_date is null. Datum: 'Romae, ex Secretaria Sacrae Congregationis Indulgentiis Sacrisque Reliquiis praepositae dic 26 Aprilis 1879' ('dic' = 'die'); the act is dated 1879 although the volume (ASS 11) is labelled 1878 — the volume runs over into 1879; trusted the act. OCR repairs in the incipit: 'Exsokluni' -> 'Exsolduni', 'in Gallus' -> 'in Galliis'. Elsewhere 'Archisodalkate' -> 'Archisodalitate'. A second image, 'imago Dominae Nostrae a Sacratissimo Corde Iesu' left for public veneration at S. Andrea della Valle in Rome, is mentioned but no coronation is asserted of it, so no record was emitted for it."
ASS,35,1902,580,,Breve,Leo PP. XIII,"ASS 35 (1902), p. 580",https://www.vatican.va/archive/ass/documents/ASS-35-1902-3-ocr.pdf,papal_coronation_act,"BREVE quo Archiepiscopo Taurinensi committitur facultas solemniter coronandi, nomine et auctoritate Apostolica, Imaginem Mariae SS. Auxiliatricis.",Omnium sane templorum quae bo. me. Ioannes Bosco Salesianae Sodalitatis pater legifer ad maiorem Dei gloriam,Imago Mariae SS. Auxiliatricis (Beatae Virginis Opiferae),Maria Ausiliatrice,Blessed Virgin Mary,"Templum Mariae SS. Auxiliatricis, a S. Ioanne Bosco excitatum et anno 1868 dedicatum (Basilica di Maria Ausiliatrice)",Turin,Taurinensis,Turin,Italy,1903-02-13,1903,"Augustinus S. R. E. Presbyter Cardinalis Richelmy, Archiepiscopus Taurinensis",high,"Rubric OCR reads 'nomine et tauctoritate Apostolica' -> 'auctoritate'; addressee line OCR spaced as 'R i c h e l m y'. The Brief commits to the Archbishop of Turin the faculty to crown the image 'solemni ritu Nostro nomine et auctoritate', with a diadem to be imposed on both heads ('sacro utrique capiti tum Virginis tum Pueri Iesu diadema pro dignitate imponatur') - so the Infant Jesus is crowned as well. Petitioner: Michael Rua, Rector Major of the Salesians. Classified as papal_coronation_act because this is the granting act itself, though it simultaneously deputes Card. Richelmy to crown in the Pope's name (papal_legate_deputation is a defensible alternative). Exact coronation date not stated: only 'huius anni die per te eligendo', i.e. a day of 1903 to be chosen by the Archbishop. Datum 'die XIII Februarii MCMIII' = 1903, the second year of ASS vol. 35 (1902-03). Text of the act runs on to printed p. 581."
ASS,35,1902,709,,Epistola,Leo PP. XIII,"ASS 35 (1902), p. 709",https://www.vatican.va/archive/ass/documents/ASS-35-1902-3-ocr.pdf,retrospective_attestation,"EPISTOLA SS.mi D. N. Leonis PP. XIII ad Moderatorem Generalem Salesianorum, occasione eorumdem conventus.","Cogendum proxime significabas Salesianorum ex omni terrarum orbe conventum, eumque, Deiparae Adiutricis ope suffultum",Imago Deiparae Adiutricis (Opiferae Virginis),Maria Ausiliatrice,Blessed Virgin Mary,,Turin,Taurinensis,Turin,Italy,1903-05-12,1903,,medium,"Incidental mention inside a letter to Michael Rua: the forthcoming international Salesian congress is to close with the solemn crowning of the image - 'solemniis iri conclusum declarabas eiusdem magnae Dei Matris insigni corona induendae'. Same image as ASS 35, 580 (Maria Auxiliatrix, Turin); dedup expected. The letter itself names no church or town, but the address line reads 'Dilecto filio Michaeli Rua Moderatori Generali Sodalitatis Salesianae Augustae Taurinorum', hence Turin; locality/diocese/country inferred from that address line, so confidence lowered to medium. Datum OCR 'die x n Maii MGMIII' read as die XII Maii MCMIII = 1903-05-12 (Pontificatus anno vigesimo sexto confirms 1903). Coronation year 1903 inferred from the imminence of the congress relative to the letter's date."
ASS,36,1903,10,,Litterae Apostolicae,Leo PP. XIII,"ASS 36 (1903), p. 10",https://www.vatican.va/archive/ass/documents/ASS-36-1903-4-ocr.pdf,retrospective_attestation,"LITTERAE APOSTOLICAE quibus LEO PP. XIII gratulatur Archiepiscopo Cameracen, de felici exitu Incoronationis B. Mariae Virginis « Des Dunes ».",Praestans fidei ac pietatis exemplum urbe Dunkerque inter multas laetitiae demonstrationes Incoronationis Nostrae Dominae des Dunes causa excitatas,Nostra Domina des Dunes,Notre-Dame des Dunes,Blessed Virgin Mary,,Dunkerque (Dunkirk),Cameracensis,Cambrai,France,1903-06-10,1903,,high,"Papal letter of congratulation to Etienne-Marie-Alphonse (Sonnois), Archbishop of Cambrai, on the coronation of Notre-Dame des Dunes at Dunkerque; it attests the coronation rather than granting it, hence retrospective_attestation. The act is printed in French on p. 10 ('le couronnement de Notre Dame des Dunes'), with the Latin 'Versio' on p. 11 — the incipit given here is from that Versio; the French incipit after the salutation is 'L'eclatant exemple de foi et de piete donne publiquement, ces jours derniers, par la ville de Dunkerque'. No word for image/simulacrum appears: the source names only the devotional title. Coronation date not stated beyond 'ces jours derniers' / 'diebus nuper transactis' before the Datum of 10 June 1903, so only the year is recorded. Datum line: 'Donne a Rome pres Saint-Pierre, le 10 Juin 1903, de Notre Pontificat la vingt sixieme annee'. No mention of the Vatican Chapter or of a Legate. Also indexed in the volume's Summa Actorum (p. 758) and Index (p. 764) as 'de felici exitu Incoronationis B. M. V. des Dunes ... 10'. OCR of the Latin version reads 'iurganti pietatis aemulationi' (probably 'certanti'/'urgenti') and 'excitati Auctus' for 'fluctus' — repairs not applied to quoted text."
ASS,36,1903,400,,Litterae Apostolicae / Breve (Ex Secretaria Brevium; Ad perpetuam rei memoriam),Leo PP. XIII,"ASS 36 (1903), p. 400",https://www.vatican.va/archive/ass/documents/ASS-36-1903-4-ocr.pdf,retrospective_attestation,"Ecclesia B. M. V. Dominae Nostrae a Spe, Briconii extans, ad Basilicam minorem evehitur.","Vetustis sacris aedibus Deo in honorem Deiparae Virginis dicatis, ac splendidiorem ipsius cultum in Gallia efferentibus, merito accensenda est",Simulacrum B. Mariae Virginis Dominae Nostrae a Spe,Notre-Dame d'Esperance,Blessed Virgin Mary,Ecclesia B. Mariae Virginis Dominae Nostrae a Spe (raised to minor basilica by this act),"Briconium (Saint-Brieuc), Brittany",Briocensis et Trecorensis,Saint-Brieuc et Treguier,France,1902-12-20,1865,,medium,"Retrospective mention inside a minor-basilica elevation: ""Pervetustum ipsius Virginis Dei Genitricis simulacrum, prodigiis clarum, aureoque diademate Summi Pontificis nomine anno 1865 redimitum"" - i.e. crowned with a golden diadem in the name of the Supreme Pontiff in 1865. Country France is explicit (""in Gallia""); pilgrims come especially from Brittany (""e Britanniae praesertim regionibus""). Place given by OCR as ""Briconii""; identified as Saint-Brieuc because the petitioner is ""Petrus Maria Fallieres Episcopus Briocensis et Trecorensis"" - hence confidence medium rather than high. Other OCR damage on that page: ""condecoran"" for ""condecorari"", ""supplicia ... vota"" for ""supplicia""/""supplicia vota"". The coronation sentence stands on printed p. 400, just above the assigned passage window (the passage, printed_page 402, contains the end of this act); page recorded as 400 where the act and the coronation notice begin. Act dated 20 December 1902 (pontificate year 25) though printed in vol. 36 (1903-04)."
ASS,36,1903,401,,Breve (Litterae Apostolicae sub annulo Piscatoris),Leo PP. XIII,"ASS 36 (1903), p. 401",https://www.vatican.va/archive/ass/documents/ASS-36-1903-4-ocr.pdf,papal_coronation_act,Facultas conceditur Archiepiscopo Mechliniensi solemniter coronandi imaginem SSmi. Cordis Iesu in Basilica loci Berchem.,"Aedes Deo Sacras, arte non minus quam cultu ac fidelium concursu celebratas, praecipuis honoribus ex more institutoque Romanorum Pontificum ditare libenti quidem animo solemus",Imago SSmi Iesu Cordis,,Sacred Heart of Jesus,"Templum SS. Iesu Cordi dicatum, Basilica minor, served by the Congregation of the Daughters of the Sacred Heart","Berchem, suburb of Antwerp (suburbium Antverpiae civitatis vulgo Berchem)",Mechliniensis,Mechelen (Malines),Belgium,1903-04-28,,"Petrus Lambertus S. R. E. Presb. Card. Goossens, Archiepiscopus Mechliniensis",high,"Second act in the same passage (rubric and act body on printed p. 401, continued p. 402). Leo XIII commits to Cardinal Goossens the faculty to crown the image 'die per te eligendo sollemni ritu ... Nostro nomine et auctoritate', on the occasion of the 25th anniversary of the church's building; the day is left to the Archbishop, so coronation_date is null. Country not named in the act; derived from 'suburbio Antverpiae civitatis' and 'dioecesi Mechliniensi'."
ASS,36,1903,591,,"Litterae Apostolicae (Breve, sub annulo Piscatoris) - erectio in Basilicam minorem",Pius PP. X,"ASS 36 (1903), p. 591",https://www.vatican.va/archive/ass/documents/ASS-36-1903-4-ocr.pdf,retrospective_attestation,Ecclesia SS. Rosarii B. M. V. oppidi Fontanellato dioecesis Parmensis erigitur in Basilicam minorem.,"Extat intra fines Parmensis dioeceseos in oppido, cui nomen vulgo Fontanellato, sacra aedes Deo in honorem Sacratissimo Rosarii Beatae Mariae Virginis dicata",Vetus Deiparae Virginis simulacrum (Sacratissimum Rosarium B. Mariae Virginis),,Blessed Virgin Mary,"Sanctuarium sive Ecclesia Sacratissimi Rosarii B. Mariae Virginis, with the former Dominican convent",Fontanellato,Parmensis,Parma,Italy,1903-09-26,1660,,medium,"Retrospective clause: 'in qua vetus ipsius Deiparae Virginis colitur simulacrum, clarum prodigiis atque aurea corona gemmisque distincta anno 1660 redimitum.' Confidence lowered to medium because the text does NOT say by whose authority the crown was conferred (no mention of the Vatican Chapter or of a papal indult), so the papal-authority element is unattested here; a checker should verify. OCR: 'distincta' for 'distinctum'/'distinct[a corona]'; 'honorii!centias' for 'honorificentias'. Country derived from 'dioecesis Parmensis' / 'ex Aemilia ... ex aliis Italiae regionibus'."
ASS,37,1904,195,,Decretum Consistoriale (S. Congregatio Consistorialis),Pius PP. X,"ASS 37 (1904), p. 195",https://www.vatican.va/archive/ass/documents/ASS-37-1904-5-ocr.pdf,papal_personal_coronation,ANCONITAN. ET HUMAN. EVECTIONIS AD DIGNITATEM ARCHIEPISCOPALEM HONORIS CAUSA. Sedes Episcopalis Anconitana evehitur in Archiepiscopalem honoris causa.,"Honoribus et privilegiis cumulare civitates tum incolarum frequentia tum nobilitate conspicuas, eas praesertim quae ab aetate Apostolica christianam fidem amplexatae sunt",Imago Deiparae sub titulo Reginae omnium Sanctorum,,Blessed Virgin Mary,Cathedral church of St Cyriacus (formerly dedicated to St Laurence Martyr),Ancona,Anconitana (et Humana),Ancona (and Osimo/Umana),Italy,1904-09-14,,,high,"Retrospective mention of a personal papal coronation, on printed p. 198: 'quamque gloriosus Pontifex Pius VII, Savona ubi captivus fuerat rediens, suis manibus aurea corona donavit.' Crowned by Pius VII with his own hands on his return from captivity at Savona; no date is given in the text (Pius VII's return journey was in 1814), so coronation_date is null. Page set to 195, where the decree begins ('EX S. CONGREGATIONE CONSISTORIALI - ANCONITAN. ET HUMAN.'); the coronation statement is on p. 198 and the Datum (14 September 1904) on p. 200 - rubric, incipit and date taken from the full volume text. Country derived from Ancona/Picenum/Adriatic. OCR running head reads 'Ancoriitan.'."
ASS,37,1904,478,,Decretum Consistoriale (S. Congregatio Consistorialis) - erectio in Basilicam minorem,Pius PP. X,"ASS 37 (1904), p. 478",https://www.vatican.va/archive/ass/documents/ASS-37-1904-5-ocr.pdf,retrospective_attestation,CLAVAREN. ERECTIONIS AD DIGNITATEM BASILICAE MINORIS. Cathedralis ecclesia B. M. Virgini de Horto Clavara sacra in Basilicam minorem erigitur.,Inter aedes augustae Dei Genitrici in Liguria dicatas ea sane memoratu digna est quae Clavarii existit Beatae Virgini ab Horto nuncupatae sacra,Sacra Imago Beatae Mariae Virginis de Horto,,Blessed Virgin Mary,Cathedral church of B. M. V. de Horto (originally an image painted in 1493 on a garden wall),"Chiavari (Clavarium), Liguria",Clavarensis,Chiavari,Italy,1904-11-27,1645,,medium,"Retrospective clause on printed p. 479: '... eam anno MDCXLV urbis Clavarii praesides ac finitimorum pagorum magistratus, cunctis plaudentibus, in caelestem civitatis ac totius Clavarensis regionis Praestitem delegerint, atque Vaticanum Capitulum sacram Imaginem aurea corona donandam decreverit.' Crowning decreed by the Chapter of St Peter's (Capitulum Vaticanum). Confidence medium because the year MDCXLV = 1645 is stated primarily of the patronal election, and it is only by the construction of the sentence that it also covers the Chapter's decree; a checker should verify the coronation year. Page set to 478, where the decree begins (the coronation statement is on p. 479; rubric line 'CLAVAREN. ERECTIONIS AD DIGNITATEM BASILICAE MINORIS' taken from the full volume text). OCR: 'Clavara' for 'Clavarii'/'Clavarensi', 'moHtionibus' for 'molitionibus'. Country: 'in Liguria' explicit."
ASS,40,1907,19,,"Litterae Apostolicae (Breve, Ex Secretaria Brevium)",Pius PP. X,"ASS 40 (1907), p. 19",https://www.vatican.va/archive/ass/documents/ASS-40-1907-ocr.pdf,retrospective_attestation,Ecclesia B. Mariae Virginis Gratiarum in Monte Sancto ad dignitatem Basilicae minoris evehitur.,"In sublimi Beati Petri Cathedra, ad quam licet immerentes evecti sumus, nihil potius habemus, quam sacrarum aedium honor et cultus magis magisque in dies augeatur.",Beata Maria Virgo Gratiarum in Monte Sancto (Deipara Virgo Opifera),,Blessed Virgin Mary,Ecclesia Beatae Mariae Virginis Gratiarum in Monte Sancto,"Mons Sanctus prope Urbem Goritiam (Monte Santo / Sveta Gora, near Gorizia)",Goritiensis,Gorizia,Slovenia,1906-11-19,1717,,medium,"Brief elevating the church to a minor basilica; the coronation is mentioned in passing: 'venerata Deiparae Virginis Imago quae summa religione ibidem colitur iam inde ab anno MDCCXVII ex decreto Capituli Vaticani aureo diademate ornata sit' — i.e. crowned with a golden diadem in 1717 by decree of the Vatican Chapter. The act begins on printed p. 19 (rubric + 'AD PERPETUAM REI MEMORIAM'); the coronation sentence itself falls on p. 20, which is the passage's printed_page. Datum line reads 'die XIX Novembris MCMVI, Pontificatus Nostri anno quarto' = 1906-11-19, one year earlier than the volume year (ASS 40 = 1907); trusted the act. The text places the shrine 'prope Urbem Goritiensem' in 'Austriacae Ditionis' (Austrian Littoral, county of Gorizia, 1907); the modern country is inferred — Sveta Gora / Monte Santo lies today in Slovenia, above Nova Gorica, just across the Italian border — hence confidence lowered to medium. Raw OCR: 'celebérrimas' for 'celeberrimas'. No vernacular title given in the text."
ASS,41,1908,621,,Epistola,Pius PP. X,"ASS 41 (1908), p. 621",https://www.vatican.va/archive/ass/documents/ASS-41-1908-ocr.pdf,norms,Pii PP. X circa coronationem simulacri S. Cordis Iesu.,Me taedet preces tuas exaudire non posse eo quod S. Rituum Congregatio ultimis hisce diebus incongruum declaravit imaginibus divini Cordis Iesu coronas imponere,,,,,,,,,1908-07-09,,,high,"NEGATIVE norm, not a grant: Pius X tells Léon Gauthey, Bishop of Nevers, that he cannot grant his petition because the S. Congregation of Rites has just declared it 'incongruum' to impose crowns on images of the Sacred Heart of Jesus, permitting only that a crown be laid at the feet of the statue ('corona ad simulacri pedes deponatur'), which the bishop may do in the Pope's name. Emitted as `norms` per SPEC (general legislation about crowning images) with image fields null, though the letter arises from one concrete case: a simulacrum of the Sacred Heart in the diocese of Nevers (Nivernensis), France, for which no coronation was in fact permitted. Retained because it is the governing rule of the period on crowning Sacred Heart images and explains later refusals. Datum: 'Ex aedibus Vaticanis, die 9 Iulii 1908'. OCR: 'exaudiré' -> 'exaudire'. The letter is indexed at ASS 41, p. 621 ('Epistola Pii X circa coronationem simulacri S. Cordis Iesu ... 621')."
AAS,1,1909,249,II,Litterae Apostolicae,Pius PP. X,"AAS 1 (1909), p. 249",https://www.vatican.va/archive/aas/documents/AAS-01-1909-ocr.pdf,retrospective_attestation,ECCLESIA METROPOLITANA LANCIANENSIS TITULO BASILICAE MINORIS AUGETUR.,"Conspicua templa Dei, quae non minus vetustate ac molis amplitudine quam artis operibus et eximia imprimis fidelium religione prae ceteris excellant","pervetus B. M. V. figulinum simulacrum, B. M. V. de Ponte",Madonna del Ponte,Blessed Virgin Mary,Ecclesia metropolitana Lancianensis B. M. V. de Ponte dicata,Lanciano,Lancianensis,Lanciano,Italy,1909-02-05,1833,,high,"Basilica Minor elevation; crowning attested in passing: 'pervetus B. M. V. figulinum simulacrum, usque ab anno MDCCCXXXIII ex Capituli vaticani decreto aurea corona redimitum'. OCR 'tempia' repaired to 'templa' in the incipit. In the OCR the act body is interrupted by an intervening Epistola (pp. 250); the 'Datum ... die v Februarii MCMIX' belongs to this act, the earlier 'die xviii Septembris MCMVIII' to the preceding act I."
AAS,1,1909,460,II,Epistula,Pius PP. X,"AAS 1 (1909), p. 460",https://www.vatican.va/archive/aas/documents/AAS-01-1909-ocr.pdf,papal_legate_deputation,"AD R. P. D. ALOISIUM PELLIZZO, EPISCOPUM PATAVINUM, DE CORONANDA, NOMINE SUMMI PONTIFICIS, IMAGINE B. MARIAE CONSTANTINOPOLITANAE.","Munus imponendi propediem auream coronam pervetustae imagini Mariae Constantinopolitanae, quae istic in amplissima et nobili aede Iustinae religiosissime colitur",Imago B. Mariae Constantinopolitanae,Madonna Costantinopolitana,Blessed Virgin Mary,Aedes Sanctae Iustinae,Padua,Patavina,Padua,Italy,1909-04-30,1909,"Aristides S. R. E. Cardinalis, Patriarcha Venetiarum",medium,"Assigned passage is the volume index (printed p. 874): 'Pellizzo Aloisius, Episcopus Patavinus, epistolam accipit, qua Summus Pontifex testatur gaudere se quod coronetur imago B. Mariae Constantinopolitanae, 460'. Record built on the letter at printed p. 460, used as aas_page. The rubric OCRs 'EPISCOPUM PATAVIUM' (read: PATAVINUM). Legate named in the text only by praenomen and office ('dilecto Filio Nostro Aristidi Cardinali Patriarchae Venetiarum' = Aristide Cavallari); surname not in the text, so not supplied. Coronation to take place 'mense maio vertente' 1909, hence year only. Country inferred from Padua/Venice, hence medium."
AAS,1,1909,498,II,Decretum (S. Congregatio Rituum),Pius PP. X,"AAS 1 (1909), p. 498",https://www.vatican.va/archive/aas/documents/AAS-01-1909-ocr.pdf,retrospective_attestation,"NEAPOLITANA. DECRETUM INTRODUCTIONIS CAUSAE PRO BEATIFICATIONE ET CANONIZATIONE VENERABILIS SERVI DEI PLACIDI BACCHER, PRESBYTERI SAECULARIS E TERTIO ORDINE S. DOMINICI, RECTORIS VETERIS ECCLESIAE SS. NOMINI IESU DICATAE IN URBE NEAPOLITANA.","Dives in misericordia Deus congruentem temporibus conferens opem, in sinu Ecclesiae suae opportune suscitat sacerdotes, Christi spiritu plenos",simulacrum Immaculatae Conceptionis,Immacolata Concezione,Blessed Virgin Mary,"Vetus ecclesia Ssmo Nomini Iesu dicata (a Iesu veteri), Neapoli",Naples,Neapolitana,Naples,Italy,1909-05-04,1826-12-30,Cardinalis Ruffo Scilla,high,"Crowning attested in passing in the biographical section of the decree: 'auctoritate et decreto Rmi Capituli vaticani, die xxx Decembris a. MDCCCXXVI, ab eiusdem Capituli delegato, Cardinali Ruffo Scilla, aurea corona decoratum fuit'. Ruffo Scilla acted as delegate of the Vatican Chapter, not as papal Legate. The decree begins on printed p. 498 (passage printed_page is 500, where the coronation is mentioned). act_date is the Congregation's session date (die iv Maii MDCCCCIX); Pius X signed the commission on 12 May 1909."
AAS,1,1909,573,I,Litterae Apostolicae,Pius PP. X,"AAS 1 (1909), p. 573",https://www.vatican.va/archive/aas/documents/AAS-01-1909-ocr.pdf,retrospective_attestation,ECCLESIA S. IUSTINAE VIRGINIS ET MARTYRIS IN CIVITATE PATAVINA EVEHITUR AD DIGNITATEM BASILICAE MINORIS.,"Neminem latet inter sanctiores illustrioresque catholici orbis ecclesias, iure meritoque esse accensendum celeberrimum templum, quod in honorem sanctae Iustinae virginis et martyris extat Patavii",Imago Deiparae Constantinopolitanae (Constantinopolitana Virgo),,Blessed Virgin Mary,"Ecclesia sanctae Iustinae, sacellum Constantinopolitanae Virginis",Padua (Patavium),Patavina,Padua,Italy,1909-06-25,1909-05-23,"S. R. E. Cardinalis Cavallari, Venetiarum Patriarcha",high,"Basilica Minor elevation of S. Giustina, Padua, mentioning in passing that the image was crowned 'nuper die xxni elapsi mensis Maii ... ad hoc per Nos delegatus ... solemni ritu diademate auxit'; letters dated 25 June 1909, so 'elapsi mensis Maii' = May 1909. Passage printed_page was 574; the act (rubric and incipit) begins on printed page 573, verified in the volume text, and 573 is used as aas_page. Country Italy inferred from Padua - unambiguous. Same image as AAS-01-1909-ocr#460."
AAS,2,1910,323,IV,Litterae Apostolicae,Pius PP. X,"AAS 2 (1910), p. 323",https://www.vatican.va/archive/aas/documents/AAS-02-1910-ocr.pdf,retrospective_attestation,"ECCLESIA PAROCHIALIS PAGI VULGO "" BONSECOURS "", DIOECESIS TORNACENSIS, TITULO BASILICAE MINORIS DECORATUR.","Conspicua templa Dei, quae tum vetustate, tum insignibus Sanctorum simulacris, tum etiam summa fidelium religione celebrantur",vetus ac celeberrimum Simulacrum Deiparae Virginis de bono Succursu,Notre-Dame de Bonsecours,Blessed Virgin Mary,Ecclesia parochialis Deiparae Virgini de bono Succursu dicata,Bonsecours,Tornacensis,Tournai,Belgium,1910-04-13,,,high,"Pius X states that he himself had decreed the image to be solemnly crowned with a golden diadem by earlier Letters dated 24 March 1905: 'illud per similes Nostras litteras, die quarto et vigesimo Martii anno MCMV datas, aureo diademate sollemni ritu coronandum decrevimus'. The passage gives the date of the decree, not of the crowning itself, so coronation_date is left null. OCR 'tempia' repaired to 'templa'. Belgium is explicit in the text ('e Belgicis ... regionibus', 'in Belgico regno')."
AAS,2,1910,570,III,Litterae Apostolicae,Pius PP. X,"AAS 2 (1910), p. 570",https://www.vatican.va/archive/aas/documents/AAS-02-1910-ocr.pdf,retrospective_attestation,ECCLESIA METROPOLITANA LEOPOLIENSIS LATINORUM TITULO BASILICAE MINORIS DECORATUR.,"Constat apprime Cathedralem Leopoliensem Latinorum Ecclesiam, anno MCCCLXX sub titulo Deiparae Virginis Sideribus receptae aedificatam",vetustissima Deiparae Imago,,Blessed Virgin Mary,"Ecclesia metropolitana Leopoliensis Latinorum, sub titulo B. M. Virginis in coelum Assumptae",Leopolis (Lviv),Leopoliensis Latinorum,Lviv (Latin archdiocese),Ukraine,1910-06-21,1762,,medium,"Crowning attested in passing: 'vetustissimam Deiparae Imaginem veneraturi, quae ex decreto Capituli Vaticani iam inde ab anno MDCCLXII aureo diademate redimita fuit'. The text names only 'Provincia Galiciae'; the modern country (Ukraine) is inferred from the identification of Leopolis with Lviv - confidence lowered to medium on that account."
AAS,3,1911,122,I,Litterae Apostolicae,Pius PP. X,"AAS 3 (1911), p. 122",https://www.vatican.va/archive/aas/documents/AAS-03-1911-ocr.pdf,retrospective_attestation,"TEMPLUM B. M. VIRGINIS VULGO "" DEL PILASTRELLO "" PROPE LENDINARAM ADRIENSIS DIOECESEOS AD DIGNITATEM BASILICAE MINORIS EVEHITUR.","Traditum a Romanis Pontificibus Praedecessoribus Nostris, morem servantes, templa Dei, quae magno avitae pietatis studio circumfusa, singulari Christifidelium frequentia celebrantur","simulacrum Virginis Iesum Infantem ulnis gestantis, B. M. V. de Pila parva",Madonna del Pilastrello,Blessed Virgin Mary,"Templum B. Mariae Virginis de Pila parva, vulgo ""dei Pilastrello"" (Olivetan monastery church)",Lendinara,Adriensis,Adria,Italy,1911-02-15,1906,,high,"'simulacrum ipsum ab Antistitibus Adriensibus bis antea redimitum, anno demum millesimo nongentesimo sexto, ex Capituli Vaticani decreto, coronis aureis decoraretur' - i.e. crowned twice earlier by bishops of Adria, then in 1906 by decree of the Vatican Chapter. OCR 'tempia' repaired to 'templa'. Diocese is today Adria-Rovigo."
AAS,3,1911,177,I,Litterae Apostolicae,Pius PP. X,"AAS 3 (1911), p. 177",https://www.vatican.va/archive/aas/documents/AAS-03-1911-ocr.pdf,retrospective_attestation,"ECCLESIA S. DOMINICI CONFESSORIS, CORDUBAE IN REPUBLICA ARGENTINA, ERIGITUR IN BASILICAM MINOREM.","Praestantiora Catholici Orbis Sanctuaria, quae antiqua Christiani populi religione celebria, tum molis amplitudine tum liberalium artium ornamento","vetustissima ac thaumaturga Virginis Deiparae Imago, a Miraculo nuncupata",Nuestra Señora del Milagro,Blessed Virgin Mary,Ecclesia S. Dominici Confessoris (Ordinis Praedicatorum),Córdoba,Cordubensis,Córdoba,Argentina,1911-04-03,1892,,high,'Comperimus similiter eodem illo anno [MDCCCXCII] Leonis PP. XIII re. me. Decessoris Nostri nomine et auctoritate aureo diademate redimitam fuisse vetustissimam ac thaumaturgam Virginis Deiparae Imaginem'. OCR prints the year as 'MDCCcxcii' = 1892. The image is said to have come ashore at Callao in Peru and thence been taken to Córdoba.
AAS,3,1911,410,II,Litterae Apostolicae,Pius PP. X,"AAS 3 (1911), p. 410",https://www.vatican.va/archive/aas/documents/AAS-03-1911-ocr.pdf,retrospective_attestation,ECCLESIA AUGUSTAE TAURINORUM IN HONOREM VIRGINIS CHRISTIANORUM ADIUTRICIS ERIGITUR IN BASILICAM MINOREM.,"Anno reparatae salutis MDCCCLXXXVI pietate ac religione insignis vir, venerabilis Dei famulus Ioannes Bosco, Salesianae familiae pater ac legifer, Augustae Taurinorum ab imis fundamentis splendidum in honorem Deiparae Virginis Christianorum Adiutricis templum excitandum curavit",Imago thaumaturgae Virginis Adiutricis (Deipara Virgo Christianorum Adiutrix),,Blessed Virgin Mary,"Sacra Aedes Deiparae Virginis Christianorum Adiutricis (Salesian sanctuary, Valdocco)",Turin (Augusta Taurinorum),Taurinensis,Turin,Italy,1911-07-13,1903-05-27,,high,"Basilica Minor elevation; states that Leo XIII gave the Cardinal Archbishop of Turin the faculty to impose a golden diadem in his name and by his authority 'sexto Kalendas Iunias anno millesimo nongentesimo tertio' = 27 May 1903. The crowner is not named at that point ('Cardinali Antistiti Taurinensium'); the same act later names Augustinus S. R. E. Card. Richelmy as Archbishop of Turin, so legate left null. Passage printed_page was 411; the act begins on printed page 410 (rubric and incipit verified in the volume text), used as aas_page. Country Italy inferred from Turin - unambiguous."
AAS,4,1912,490,,Epistola,Pius PP. X,"AAS 4 (1912), p. 490",https://www.vatican.va/archive/aas/documents/AAS-04-1912-ocr.pdf,papal_coronation_act,"AD R. P. D. FRANCISCUM M. GIEURE, BAIONENSIUM EPISCOPUM, OCCASIONE CORONATIONE B. MARIAE V. « DU BEAU RAMEAU », AD TEMPLUM BÉTHARRAM.","Dies non longe abest, ut affertur, cum indicta per te sacra sollemnitas cultores Virginis du Beau Rameau ad Bétharram congregabit",B. Maria V. « du Beau Rameau »,Notre-Dame du Beau Rameau,"Blessed Virgin Mary (with the Infant Jesus: two crowns, 'divinae Matris Filiique effigiem')",templum Virginis ad Bétharram (sanctuary served by the Presbyteri sacri Cordis Iesu a Bétharram),Bétharram,Baionensis,Bayonne,France,1912-06-14,1912,,high,"Source passage in this batch is the volume index (printed p. 751, 'Dies non longe. - Ad R. P. D. Franciscum M. Gieure ... occasione coronationis B. M. Virginis « du Beau Rameau », ad templum Bétharram'); the act itself was read in txt/AAS-04-1912-ocr.txt at printed p. 490, so `page` is set to 490 rather than the index page 751. The same volume's analytic index (batch passage AAS-04-1912-ocr#g771, p. 771) repeats it: 'Gieure Franciscus ... epistolam accipit, qua ei fit potestas B. M. V. « du Beau Rameau » ad Bétharram decorandi aureis coronis a beatissimo Patre oblatis, 490.' Key act wording: 'idemque binas afferet áureas coronas, quibus tibi divinae Matris Filiique effigiem, sollemnibus caeremoniis, exornandi facimus potestatem' — the Pope sends two golden crowns via Victor Bourdenne, Procurator General, and grants the diocesan bishop the faculty to crown the image of the Virgin and Child. OCR of the rubric reads 'GIBURE' for GIEURE and 'CORONATIONE' for CORONATIONIS. coronation_date: the letter (14 June 1912) says the solemnity is imminent ('Dies non longe abest'), and the index heads the letter 'occasione coronationis', so the year 1912 is stated in substance; no day/month given. Country inferred from the diocese of Bayonne, named in the rubric."
AAS,4,1912,553,,Motu Proprio,Pius PP. X,"AAS 4 (1912), p. 553",https://www.vatican.va/archive/aas/documents/AAS-04-1912-ocr.pdf,retrospective_attestation,DE SANCTUARIO S. MARIAE AD RUPES AD VALLEM SUPPENTONIAM.,"Quo pietatis studium in Cristifidelium animis impensius excitarent Sanctorumque cultum omni ope proveherent, consueverunt Romani Pontifices decessores Nostri perhonorificis nominibus, privilegiis gratiisque ea loca sacra vel templa augere","Sacerrimum Virginis simulacrum, S. Maria ad Rupes",Santa Maria ad Rupes,Blessed Virgin Mary,Sanctuarium S. Mariae ad Rupes,"Castel Sant'Elia (sancti Eliae Castrum), vallis Suppentonia",Nepesina,Nepi,Italy,1912-08-15,,,high,"Motu proprio erecting the sanctuary into a minor basilica, stating in passing 'decreto Ordinis Canonicorum Basilicae Vaticanae, sacerrimo Virginis simulacro diadema ex auro gemmisque est impositum' - i.e. crowning by decree of the Vatican Chapter; no date given. Passage printed_page was 554; the act begins on printed page 553 (rubric and incipit verified in the volume text), used as aas_page. OCR reads 'Cristifidelium' for 'Christifidelium'. Country Italy inferred from Nepi/Castel Sant'Elia - unambiguous."
AAS,5,1913,180,IV,Epistola,Pius PP. X,"AAS 5 (1913), p. 180",https://www.vatican.va/archive/aas/documents/AAS-05-1913-ocr.pdf,retrospective_attestation,"AD V. E. DOMINICUM CARD. FERRATA, ARCHIPRESBYTERUM LATERANENSEM, QUEM RENUNTIAT LEGATUM SUUM AD CONVENTUM EUCHARISTICUM MELITENSEM.","Inter publicas illustrioresque significationes Fidei, quas hoc anno per saecularia Constantiniana daturum est catholicum nomen",sacerrimum Virginis Deiparae simulacrum quod Conspicuae colitur,,Blessed Virgin Mary,,Cospicua (Bormla),Melitensis,Malta,Malta,1913-04-08,,Dominicus Card. Ferrata,medium,"Letter naming Ferrata Legate to the Malta Eucharistic Congress; it recalls in passing that Pius X had earlier sent him to Malta to crown a Marian image: 'ea ipsa loca non ita pridem, missus item a Nobis, adivisti, ut sacerrimo Virginis Deiparae simulacro quod Conspicuae colitur, auream coronam imponeres'. 'Conspicuae' is a locative and is read as Cospicua (Bormla), Malta - identification inferred, hence medium confidence. No date is given for the crowning ('non ita pridem'). The diocese (Melitensis) is inferred from the Maltese setting, not stated for the image."
AAS,6,1914,180,II,Epistola,Pius PP. X,"AAS 6 (1914), p. 180",https://www.vatican.va/archive/aas/documents/AAS-06-1914-ocr.pdf,papal_personal_coronation,"AD R. P. D. VINCENTIUM SCOZZOLI, ARIMINENSIUM EPISCOPUM, SAECULO IAM EXEUNTE, EX QUO S. P. PIUS VII, V. R., E GALLICA CAPTIVITATE REDUX, SIMULACRUM SSMAE VIRGINIS MARIAE, ARIMINENSIBUS SACRUM, DIADEMATE EXORNAVIT.","Pervetustum istud Virginis augustae simulacrum, non tradita tantum a maioribus religione scimus esse Ariminensibus sacerrimum","pervetustum Virginis augustae simulacrum, Ariminensibus sacrum",,Blessed Virgin Mary,,Rimini,Ariminensis,Rimini,Italy,1914-04-08,,,high,"Pius VII crowned the image in person while passing through Rimini on his return from captivity in France: 'qui Ariminum pertransiens e gallica redux captivitate ... regio illud diademate ornavit'. No year is given; the 1914 letter says the century is drawing to a close ('saeculo iam exeunte'), which implies c. 1814 - not stated, so coronation_date left null. Datum reads 'die viri aprilis' in the OCR = die VIII aprilis. The same act is indexed at AAS 6 (1914) 733 and 762."
AAS,6,1914,374,I,Epistola,Pius PP. X,"AAS 6 (1914), p. 374",https://www.vatican.va/archive/aas/documents/AAS-06-1914-ocr.pdf,papal_personal_coronation,"AD R. P. D. IOSEPHUM SCATTI, EPISCOPUM SAVONENSEM ET NAULENSEM, DE SACRIS SOLLEMNIBUS ANNO PROXIMO SAVONAE CELEBRANDIS QUOD CENTUM ANNIS ANTE PIUS VII P. M. IMAGINEM "" MATRIS MISERICORDIAE "" CORONA REDIMIERAT.","Si unquam recentioribus aetatibus Petri navicula turbulentissimis est iactata fluctibus, id certe tum evenit","miserentissimae Matris imago, Mater Misericordiae",Nostra Signora della Misericordia,Blessed Virgin Mary,,Savona,Savonensis et Naulensis,Savona-Noli,Italy,1914-06-29,1815,,high,"Pius VII crowned the image in person: 'post annum, promissa exsecutus, istic miserentissimae Matris imaginem pretiosa corona redimiit'. The year 1815 is derived from the rubric ('centum annis ante') read against the centenary solemnities announced for 7-13 May 1915 - not printed as a numeral, so treat the year as reconstructed. Same act indexed at AAS 6 (1914) 733-734 and 762."
AAS,7,1915,201,II,Epistola,Benedictus PP. XV,"AAS 7 (1915), p. 201",https://www.vatican.va/archive/aas/documents/AAS-07-1915-ocr.pdf,retrospective_attestation,"AD R. P. D. IOSEPHUM SCATTI, EPISCOPUM SAVONENSEM ET NAULENSEM, OB SOLLEMNIA SAECULARIA IN HONOREM DOMINAE NOSTRAE A MISERICORDIA.","Decessorem Nostrum sanctae memoriae Pium X scimus anno superiore, datis ad te litteris, venerabilis Frater, de sacris saecularibus","simulacrum Savonense, Maria Auxiliatrix christianorum, Domina Nostra a Misericordia",Nostra Signora della Misericordia,Blessed Virgin Mary,Savonensis aedes (Marian sanctuary of Savona),Savona,Savonensis et Naulensis,Savona-Noli,Italy,1915-04-19,1815,,high,"Attests the personal coronation by Pius VII: 'eundemque anno post, aurea corona simulacro Savonensi imposita, votum Mariae Auxiliatrici christianorum solvisse' ('abhinc fere centum annis'). Year 1815 reconstructed (a year after Pius VII's return in 1814); not printed as a numeral. Benedict XV here deputes Andrea Card. Ferrari, Archbishop of Milan, as his Legate to the centenary solemnities - not to a coronation - so the legate field is left null. The letter begins on printed p. 201; the passage's printed_page is 202."
AAS,8,1916,144,V,Epistola,Benedictus PP. XV,"AAS 8 (1916), p. 144",https://www.vatican.va/archive/aas/documents/AAS-08-1916-ocr.pdf,retrospective_attestation,"AD R. P. D. BARNABAM PIEDRABUENA, EPISCOPUM CATAMARCENSIUM, DE SOLLEMNIBUS GRATULATUR, QUAE B. M. V. « DEL VALLE » APPARANTUR.",Litteris tuis officio functus es grato admodum Nobis. Nuntiasti enim Catamarcensium catholicorum in almam Dei Matrem adeo studia exardescere,B. M. V. « del Valle » / Nostra Domina « dei Valle »,Nuestra Señora del Valle,Blessed Virgin Mary,,Catamarca,Catamarcensis,Catamarca,Argentina,1916-03-13,1891,,medium,"The batch passage is the volume index (printed p. 500), whose entry ('Litteris tuis. - Ad R. P. D. Barnabam Piedrabuena, episcopum Catamarciensium, de sollemnibus gratulatur, quae B. M. V. « dei Valle » apparantur') does not itself mention a crowning; the crowning is attested in the act it points to, read in txt/AAS-08-1916-ocr.txt at printed p. 144: 'iidem, labente vicesimo quinto anno ex quo Virginis simulacrum, sollemni Ecclesiae ritu, aureo donatum est diademate, velint huius eventus faustitatem iteranda pietatis significatione commemorare'. `page` therefore set to 144, not to the index page 500. coronation_date 1891 is arithmetic: the 25th year was running in 1916 ('labente vicesimo quinto anno'); the act itself states no year, so verify. The act names no authority for the original coronation beyond 'sollemni Ecclesiae ritu'. Country inferred from the see of Catamarca (the act speaks of an Apostolic Legate 'apud istam Rempublicam'). The Legate named in the act (Achilles, titular archbishop of Thessalonica) is deputed for the 1916 anniversary solemnities, not for the coronation, so `legate` is left null."
AAS,8,1916,259,,Litterae Apostolicae,Benedictus PP. XV,"AAS 8 (1916), p. 259",https://www.vatican.va/archive/aas/documents/AAS-08-1916-ocr.pdf,retrospective_attestation,"TEMPLUM S. MARIAE VULGO "" DI POZZANO "", APUD STABIAM SEU CASTRUM MARIS, TITULO BASILICAE HONESTATUR.","Romanorum Pontificum Decessorum Nostrorum vestigia persequentes, sacras Aedes, quae, ante actis aetatibus erectae artisque omne genus operibus exornatae","vetustissima Imago Virginis Deiparae, B. Virgo a Pozzano",Madonna di Pozzano,Blessed Virgin Mary,Sanctuarium Mariale in colle vulgo Pozzano (Ord. Minimorum),Castellammare di Stabia (Castrum Maris seu Stabia),Stabiensis,Castellammare di Stabia,Italy,1916-07-15,1874,,high,"'Ordo Canonicorum Basilicae Vaticanae anno MDCCCLXXIV, cum ingenti bonorum plausu laetitiaque, eandem Deiparae Imaginem aurea corona redimiit.' The act begins on printed p. 259 (passage printed_page is 260). Two other images in the same church (Christ crucified, St Francis of Paola) are mentioned but not said to be crowned."
AAS,9,1917,58,VIII,Litterae Apostolicae,Benedictus PP. XV,"AAS 9 (1917), p. 58",https://www.vatican.va/archive/aas/documents/AAS-09-I-1917-ocr.pdf,retrospective_attestation,""" PARVUM SANCTUARIUM MARIAE VIRGINIS PERDOLENTIS VULGO ' AL FIUMICELLO ' "", QUOD NEAPOLI EXSTAT, PONTIFICIO COGNOMINE PERPETUO DECORATUR.","Romani Pontifices Decessores Nostri, ut Christiani populi religio ac pietas erga Deiparam Virginem magis magisque augescerent in dies",simulacrum B. Mariae Virginis Perdolentis,Madonna Addolorata al Fiumicello,Blessed Virgin Mary,"Sacra Aedes B. Mariae Virgini Perdolenti dicata, vulgo "" al Fiumicello """,Naples,Neapolitana,Naples,Italy,1916-01-18,1910-09-04,,high,"Pius X granted the Archbishop of Naples the faculty to crown the image ('facultatem libenter fecit, ut simulacrum eiusdem B. Virginis ... aurea corona redimiret'); it was carried out in the metropolitan church on 4 September 1910 in the Pope's name and by his authority by the Cardinal Archbishop, who is not named in the text. The act is dated 1916 although printed in AAS vol. 9 (1917); this is confirmed by the surrounding acts, which run in date order from Oct. 1914 to Feb. 1916, and by 'Pontificatus Nostri anno secundo'."
AAS,9,1917,63,XI,Litterae Apostolicae,Benedictus PP. XV,"AAS 9 (1917), p. 63",https://www.vatican.va/archive/aas/documents/AAS-09-I-1917-ocr.pdf,retrospective_attestation,"CURIALE TEMPLUM RHEDONENSE, SUB TITULO SS.MI SALVATORIS ET B. M. V. DE MIRACULIS ET VIRTUTIBUS, BASILICAE MINORIS DIGNITATE IN PERPETUUM COHONESTATUR.","Rhedonensi in Urbe Curialis Ecclesia titulo Ssmi Salvatoris et B. Mariae Virginis de Miraculis et Virtutibus, non modo amplitudine sed etiam omnigenae artis conspicuis operibus praestans",Simulacrum B. Mariae Virginis de Miraculis et Virtutibus,Notre-Dame des Miracles et Vertus,Blessed Virgin Mary,Curiale templum Ssmi Salvatoris et B. M. V. de Miraculis et Virtutibus,Rennes,Rhedonensis,Rennes,France,1916-04-27,1908,,medium,"IMPORTANT for the checker: this act is NOT inside the assigned passage text — it is the immediately preceding act (no. XI) on printed p. 63 of the same volume, found while verifying passage AAS-09-I-1917-ocr#65 (whose context begins mid-p. 64). Included because it is an unambiguous attestation: 'prodigiosum nempe Virginis Deiparae simulacrum, anno MDCCCCVIII Decessoris Nostri Pii PP. X rec. me. nomine atque auctoritate ... sollemni pompa redimitum est aurea praedivite corona.' Same date and Pope as the following act. Confidence set to medium only because the source_id does not literally cover it."
AAS,9,1917,64,XII,Litterae Apostolicae,Benedictus PP. XV,"AAS 9 (1917), p. 64",https://www.vatican.va/archive/aas/documents/AAS-09-I-1917-ocr.pdf,retrospective_attestation,TITULUS BASILICAE MINORIS PRO PAROCHIALI ECCLESIA RHEDONENSI S. ALBINO EP. ET CONF. AC B. M. V. DE BONIS NUNTIIS DICATA.,"Conspicua Dei templa, quae non minus antiquitate et artis splendore, quam potissimum decore, cultu et fidelium celebritate excellant",Imago Deiparae Virginis Mariae de Bonis Nuntiis,Notre-Dame de Bonne-Nouvelle,Blessed Virgin Mary,Ecclesia parochialis S. Albini Ep. et Conf. ac B. M. V. de Bonis Nuntiis,Rennes,Rhedonensis,Rennes,France,1916-04-27,1908,,high,"Basilica Minor act attesting a past crowning: 'Quare anno MCMVIII amplissimo Sacrorum Antistite adstante, Cleri et populi permagno concursu, sacrae Deiparae Virginis Mariae de Bonis Nuntiis imagini aureum diadema, de mandato rec. me. Pii Papae X Decessoris Nostri, sollemniter fuit impositum.' The clause falls on printed p. 65 (the passage's printed_page); the act opens on printed p. 64, used as aas_page. Country explicit ('inter Marialia Galliae Sanctuaria', 'Gallicae pietatis'). Crowning prelate not named."
AAS,9,1917,324,V,Litterae Apostolicae,Benedictus PP. XV,"AAS 9 (1917), p. 324",https://www.vatican.va/archive/aas/documents/AAS-09-I-1917-ocr.pdf,retrospective_attestation,"ECCLESIA TARVISINA ASSUMPTIONIS B. M. V., VULGO "" LA MADONNA GRANDE "" TITULO ET PRIVILEGIIS BASILICAE MINORIS DECORATUR.","Cum SSma Virgo Maria tot tantisque meritis Dei mater electa fuerit, atque eodem tempore gratiarum pro hominibus sequestra divinitus constituta",SSmae Virginis imago (thaumaturga ac vetustissima icon B. Mariae Virginis),La Madonna Grande,Blessed Virgin Mary,"Ecclesia S. Mariae Maioris, vulgo "" La Madonna Grande """,Treviso,Tarvisina,Treviso,Italy,1917-06-12,1897,,high,'SSmae Virginis imaginem aurea corona ex Capituli Vaticani decreto usque ab anno MDCCCXGVII redimitam fuisse' - OCR 'MDCCCXGVII' read as MDCCCXCVII = 1897. The act begins on printed p. 324 (passage printed_page is 325).
AAS,10,1918,12,IV,Litterae Apostolicae,Benedictus PP. XV,"AAS 10 (1918), p. 12",https://www.vatican.va/archive/aas/documents/AAS-10-1918-ocr.pdf,retrospective_attestation,TEMPLUM VULGO «DEL CARMINE MAGGIORE» NUNCUPATUM CIVITATIS NEAPOLITANAE IN BASILICAM MINOREM ERIGITUR.,"Templa Dei quae tum antiqua fidelium religione, tum historicis memoriis, tum mirandis artis operibus prae ceteris eniteant","icon Virginis, titulo « la Bruna »; B. Mariae Virginis de Carmelo","Madonna del Carmine, «la Bruna»",Blessed Virgin Mary,"Templum B. Mariae Virginis de Carmelo, vulgo « del Carmine Maggiore »",Naples (Neapolis),Neapolitana,Naples,Italy,1917-12-18,1875,,high,"Basilica minor act; coronation stated in passing: « Novissime prodigiosa Imago anno millesimo octingentesimo septuagesimo quinto a Capitulo Nostro Vaticano diademate aureo sollemni pompa redimita fuit ». Crowned by the Vatican Chapter, not personally by the Pope. The act opens on printed page 12 (rubric + 'Ad perpetuam rei memoriam'); the coronation clause falls on page 13, so aas_page is the act's START page."
AAS,10,1918,435,III,Litterae Apostolicae,Benedictus PP. XV,"AAS 10 (1918), p. 435",https://www.vatican.va/archive/aas/documents/AAS-10-1918-ocr.pdf,retrospective_attestation,TEMPLUM B. MARIAE VIRG. DE MERCEDE IN CIVITATE BARCINONENSI TITULO ET PRIVILEGIIS BASILICAE MINORIS DECORATUR.,"Conspicua templa in memoriam magni alicuius eventus erecta, quaeque non minus artis operibus quam et cultus splendore et potissimum fidelium pietate praestent","pervetus Virginis Mercedoniae simulacrum, catalaunica arte ex ligno mirifice sculptum",Mare de Déu de la Mercè / Nuestra Señora de la Merced,Blessed Virgin Mary,Regale templum parochiale B. Mariae Virginis de Mercede,Barcelona,Barcinonensis,Barcelona,Spain,1918-09-10,,,high,"'dum Leo XIII tam insigne simulacrum aurea corona redimiendum sollemniter decrevit' - no year is given, so coronation_date is null; it falls within the pontificate of Leo XIII (1878-1903). The act begins on printed p. 435 (passage printed_page is 436)."
AAS,11,1919,66,II,Litterae Apostolicae,Benedictus PP. XV,"AAS 11 (1919), p. 66",https://www.vatican.va/archive/aas/documents/AAS-11-1919-ocr.pdf,retrospective_attestation,"TEMPLUM LOCARNENSE B. M. VIRGINIS A SAXO, IN DIOECESI LUGANENSI, TITULO AC PRIVILEGIIS BASILICAE MINORIS HONESTATUR.","Locarni, intra fines Luganensis dioecesis, antiquum exstat percelebre templum Deo in honorem B. Mariae Virg. a Saxo dicatum","ligneum affabre sculptum simulacrum B. Mariae Virg. a Saxo, in ulnis Puerum Iesum gestantis",Madonna del Sasso,Blessed Virgin Mary,Templum B. Mariae Virg. a Saxo (Ord. Fratrum Minorum Capulatorum),Locarno,Luganensis,Lugano,Switzerland,1919-01-03,1880,,high,"The image was crowned twice: 'semel iterumque aureo diademate redimitum fuit, primo quidem a Legato Apostolico apud Helvetios anno MDCXVII; secundo autem decreto Vaticani Capituli anno MDCCCLXXX, scilicet quarto redeunte centenario a mirifica Deiparae Virginis apparitione'. coronation_date records the second (Vatican Chapter) crowning of 1880; the first was in 1617 by the Apostolic Legate to Switzerland."
AAS,11,1919,226,I,Litterae Apostolicae,Benedictus PP. XV,"AAS 11 (1919), p. 226",https://www.vatican.va/archive/aas/documents/AAS-11-1919-ocr.pdf,retrospective_attestation,ECCLESIA ROTHOMAGENSIS B. M. VIRGINIS A BONO SUCCURSU TITULO AC PRIVILEGIIS BASILICAE MINORIS DECORATUR.,"Illustriores inter sacras Aedes, quae tum praestantibus artis operibus Galliae regiones illustrant, tum Francorum religionis alacre studium miramque munificentiam late praedicant",simulacrum B. Mariae Virginis a Bono Succursu (cum Infante Iesu),Notre-Dame de Bon-Secours,Blessed Virgin Mary,Ecclesia parochialis B. Mariae Virginis a Bono Succursu (sanctuarium Mariale),Rouen (Rothomagum),Rothomagensis,Rouen,France,1919-03-28,1880-05-24,"S. R. E. Cardinalis de Bonnechose, Rothomagensium antistes",high,"Basilica minor act reporting the earlier coronation: « nono kalendas iunias anno millesimo octingentesimo octogesimo ... Cardinalis de Bonnechose ... pretiosissimum et auro et gemmis coronam, Decessoris Nostri ... Leonis Pp. XIII nomine, eidem simulacro Virginis et Infantis Iesu ... sollemni ritu imposuit ». 'nono kalendas iunias' converted to 24 May 1880. The crown was imposed on both the Virgin and the Infant Jesus. Act opens on printed page 226; the coronation clause is on page 227, so aas_page is the act's START page. 'legate' here is the prelate who actually crowned the image in Leo XIII's name, recorded retrospectively, not a legate deputed by this act."
AAS,11,1919,344,IV,Epistola,Benedictus PP. XV,"AAS 11 (1919), p. 344",https://www.vatican.va/archive/aas/documents/AAS-11-1919-ocr.pdf,retrospective_attestation,"AD R. P. D. MARTINUM HIERONYMUM IZARD, ARCHIEPISCOPUM BITURICENSEM, QUINQUAGESIMO REDEUNTE ANNO CUM IMAGINI DOMINAE NOSTRAE A S. CORDE IESU IN BASILICA EXOLDUNENSI AUREA CORONA IMPOSITA EST.","Inter mariales aedes, quibus Gallia feliciter nobilitatur, merito sane praeclarum locum obtinet Exoldunensis Basilica",Domina Nostra a Sacro Corde Iesu,Notre-Dame du Sacre-Coeur,Blessed Virgin Mary,Basilica Exoldunensis (basilica of Our Lady of the Sacred Heart),Issoudun,Bituricensis,Bourges,France,1919-08-15,1869,"Carolus A. de la Tour d'Auvergne, Archiepiscopus Bituricensis (crowned 'nomine decessoris Nostri f. r. Pii IX')",medium,"Letter of Benedict XV to Abp Martin Jerome Izard of Bourges for the golden jubilee of the coronation. The passage does not state the coronation year explicitly: it says the fiftieth year is about to be completed ('annus propediem expleatur quinquagesimus') since the crowning done by Abp de la Tour d'Auvergne in the name of Pius IX, and the jubilee solemnities are set for 8 September (letter dated 15 Aug 1919), hence 1869 - inferred, verify. The 'legate' field records the prelate who performed the original crowning in the Pope's name, not a legate deputed by this act. Rubric OCR read 'BITURICENSEM' as 'BITÜRICENSEM'."
AAS,11,1919,409,,Litterae Apostolicae,Benedictus PP. XV,"AAS 11 (1919), p. 409",https://www.vatican.va/archive/aas/documents/AAS-11-1919-ocr.pdf,retrospective_attestation,"ECCLESIA B. M. VIRGINIS AD NIVES, IN OPPIDO CUGLIERI, DIOECESIS BOSANENSIS, BASILICAE MINORIS TITULO AC PRIVILEGIIS HONESTATUR.","Vestigiis Romanorum Pontificum decessorum Nostrorum insistentes, sacras catholici orbis aedes, quae vetustate, monumentis artium et antiqua populorum religione excellant",Beata Maria Virgo ad Nives,Santa Maria della Neve,Blessed Virgin Mary,Sanctuarium seu Ecclesia Conlegiata Beatae Mariae Virginis ad Nives,Cuglieri (Sardinia),Bosanensis,Bosa,Italy,1919-09-09,1893-08-05,,high,"Basilica Minor act citing the coronation: the Chapter of the Vatican Basilica decreed the golden diadem on 4 December 1892 ('die iv mensis decembris anno MDCCCXCII') and the rite was performed on 5 August 1893 ('die v mensis augusti anno MDCCCXCIII'); the passage's printed_page is 410 but the act begins on printed page 409, used here. Rubric OCR 'ECCLESIA EU M. VIRGINIS' repaired to 'ECCLESIA B. M. VIRGINIS'. Marble statue ('marmoreum eius simulacrum, auro gemmisque ornatum')."
AAS,12,1920,151,II,Litterae Apostolicae,Benedictus PP. XV,"AAS 12 (1920), p. 151",https://www.vatican.va/archive/aas/documents/AAS-12-1920-ocr.pdf,retrospective_attestation,"SANCTUARIUM BEATAE MARIAE VIRGINIS DE POUPSIS, VULGO « DI POLSI », IN DIOECESI HIERACENSI, TITULO ABBATIAE NULLIUS DECORATUR, ET RECTORI EIUS PRO TEMPORE CONCEDUNTUR TITULUS ABBATIS NULLIUS, NONNULLA PRIVILEGIA ET FACULTAS SACRAMENTI CONFIRMATIONIS CONFERENDI CERTIS CIRCUMSCRIPTA FINIBUS.","Sanctuarium beatae Mariae Virginis de Poupsis, vulgo di Polsi, in finibus dioecesis Hieracensis situm, a comite Rogerio Normanno aut a Rogerio I rege exstructum dicitur",Beata Maria Virgo de Poupsis (Regina Montium),Madonna di Polsi (Madonna della Montagna),Blessed Virgin Mary,Sanctuarium Beatae Mariae Virginis de Poupsis (di Polsi),"Polsi (Aspromonte, Calabria)",Hieracensis,Gerace (Locri-Gerace),Italy,1920-04-08,1881-08-30,,high,"Act granting the title of abbatia nullius; it states in passing 'Beatae Mariae Virginis signum sollemni ritu, die xxx mensis augusti an. MDCCCLXXXI, aurea redimitum corona'. No crowning authority named. Act begins on printed page 151 (passage printed_page is 152) and ends p. 154 with the Datum used here."
AAS,12,1920,435,VI,Litterae Apostolicae,Benedictus PP. XV,"AAS 12 (1920), p. 435",https://www.vatican.va/archive/aas/documents/AAS-12-1920-ocr.pdf,retrospective_attestation,ECCLESIA SANCTAE MARIAE ANGELORUM IN URBE AD BASILICAM MINOREM EVEHITUR.,"Titulum sancti Cyriaci in Thermis, fidei christianorum tempore Diocletiani imperatoris perinsigne monumentum, inde ab anno 1091 Carthusianis commissum",Beata Maria Virgo Angelorum,Santa Maria degli Angeli,Blessed Virgin Mary,"Ecclesia sanctae Mariae Angelorum (S. Maria degli Angeli e dei Martiri, in the Baths of Diocletian)",Rome,,Rome,Italy,1920-07-20,1920-06-27,,high,"Basilica Minor act; states 'Quod quidem simulacrum die 27 elapsi mensis iunii, hoc anno, aureo diademate Ordo Canonicorum sacrosanctae Nostrae Basilicae Vaticanae pro instituto suo sollemniter decoravit' - crowned by the Vatican Chapter on 27 June 1920. Act begins on printed page 435 (passage printed_page is 436). The image was set up for public veneration by the priest Antonio Del Duca."
AAS,12,1920,437,VII,Litterae Apostolicae,Benedictus PP. XV,"AAS 12 (1920), p. 437",https://www.vatican.va/archive/aas/documents/AAS-12-1920-ocr.pdf,retrospective_attestation,"CATHEDRALIS AEDES LEONENSIS DEIPARAE « MATRI LUMINUM » SACRA, IN REPUBLICA MEXICANA, TITULO AC PRIVILEGIIS BASILICAE MINORIS AUGETUR.","Tot inter celeberrima templa, quae in honorem Deiparae Virginis exstructa sunt ubique terrarum, iure adnumeramus praeclaram",Deipara a Matre luminum,Nuestra Senora de la Luz (Madre Santisima de la Luz),Blessed Virgin Mary,Cathedral church of Leon,Leon,Leonensis,Leon,Mexico,1920-08-05,,,high,"Basilica Minor act; states that Leo XIII 'per similes Litteras die 20 martii anni 1901 Piscatoris annulo obsignatas, aurea corona eius imaginem praecingendam curavit' - i.e. the papal grant of coronation is dated 20 March 1901; the date of the crowning rite itself is not given, so coronation_date left null. Rubric OCR 'LBONENSIS'/'AUGETÜR' repaired. Act begins on printed page 437 (passage printed_page is 436)."
AAS,12,1920,568,II,Epistola,Benedictus PP. XV,"AAS 12 (1920), p. 568",https://www.vatican.va/archive/aas/documents/AAS-12-1920-ocr.pdf,papal_legate_deputation,"AD THOMAM PIUM S. R. E. PRESB. CARD. BOGGIANI, ARCHIEPISCOPUM IANUENSEM, QUI DELEGATUR A B. P. UT EIUS NOMINE SIMULACRUM DEIPARAE A VINEIS AUREA CORONA REDIMIAT ET BENEDICTIONEM IMPERTIAT CUM INDULGENTIA PLENARIA.","Quae civitatis istius, pastorali studio tuo commissae, propius intersint, ea planum est sic ad Nos pertinere",Deipara a Vineis,Nostra Signora delle Vigne,Blessed Virgin Mary,Templum curiale Deiparae a Vineis (Santa Maria delle Vigne),Genoa,Ianuensis,Genoa,Italy,1920-11-01,1920-11-21,"Thomas Pius S. R. E. Card. Boggiani, Archbishop of Genoa",high,"Benedict XV delegates Card. Boggiani to crown the marble image in his name ('hoc tibi munus delegamus, ut, nomine Nostro, et effigiem Deiparae a Vineis aurea, quam memoravimus, corona redimias'). Coronation date derived from 'ea in diem primum ac vicesimum vertentis mensis, qui dies Deiparae a Vineis sacer est ... indixistis' in a letter dated 1 November 1920, hence 21 November 1920 - verify. This is the fourth centennial crowning: Abp Orazio Spinola first crowned the image in 1616 ('anno MDCXVI ... diademate primum ornasse'), with the rite to be repeated every hundred years; the 1916 centenary was deferred because of the war. Benedict XV, baptized in this parish church, donated the golden crown."
AAS,13,1921,5,I,Litterae Apostolicae,Benedictus PP. XV,"AAS 13 (1921), p. 5",https://www.vatican.va/archive/aas/documents/AAS-13-1921-ocr.pdf,retrospective_attestation,"TEMPLUM PAROCHIALE SANCTI IOANNIS DE DEO, IN CIVITATE MACARAIBO, DIOECESIS ZULIENSIS, TITULO AC PRIVILEGIIS BASILICAE MINORIS AUGETUR.","Exstat in civitate episcopali Macaraibo, dioecesis Zuliensis, intra fines Reipublicae de Venezuela, Americae meridionalis, ecclesia parochialis",Beata Maria Virgo de la Chiquinquira,Nuestra Senora de Chiquinquira,Blessed Virgin Mary,Parish church of St John of God (San Juan de Dios),Maracaibo,Zuliensis,Zulia (Maracaibo),Venezuela,1920-05-18,,,high,"Basilica Minor act (dated 18 May 1920, published in AAS 13 [1921] 5) stating that the miraculous image 'beatae Mariae Virginis de la Chiquinquira nuncupata' is 'aureo per Nos diademate redimita' - crowned by (the authority of) Benedict XV himself. Neither the date nor the minister of the coronation is given. OCR gives 'Macaraibo' for Maracaibo."
AAS,13,1921,8,III,Litterae Apostolicae,Benedictus PP. XV,"AAS 13 (1921), p. 8",https://www.vatican.va/archive/aas/documents/AAS-13-1921-ocr.pdf,retrospective_attestation,"TEMPLUM CARMELITARUM, BEATAE MARIAE VIRGINI DE MONTE CARMELO SACRUM, IN URBE RECIFENSI, E STATU PERNAMBUCI, IN BRASILIA, TITULO AC PRIVILEGIIS BASILICAE MINORIS DECORATUR.","Quod inclitus Carmelitarum antiquae observantiae Ordo templum habet suae custodiae curaeque commissum in urbe Recifensi, e Statu Pernambuci","simulacrum, cedrino ligno sculptum, Beatae Mariae Virginis de Monte Carmelo",,Blessed Virgin Mary,Templum Carmelitarum B. Mariae Virgini de Monte Carmelo sacrum,Recife,Olindensis (archidioecesis),Olinda e Recife,Brazil,1920-07-16,1919-09-21,,high,"Basilica minor act stating: « cum eiusdem simulacro Ordo Canonicorum Patriarchalis Basilicae Vaticanae Nostrae, pro instituto suo, aureum diadema decrevisset, sacer ritus, die 21 mensis septembris anni 1919 ... sollemniter peractus est ». Coronation decreed by the Vatican Chapter; the same image had been declared Patroness of Recife in 1908."
AAS,13,1921,190,VI,Litterae Apostolicae,Benedictus PP. XV,"AAS 13 (1921), p. 190",https://www.vatican.va/archive/aas/documents/AAS-13-1921-ocr.pdf,retrospective_attestation,"ECCLESIA NATIVITATIS BEATAE MARIAE VIRGINIS IN CIVITATE SENGLEA, INSULAE MELITENSIS, IN BASILICAM MINOREM ERIGITUR.","Ad perennandam memoriam gloriosae victoriae contra exercitum Turcarum, anno MDLXV latae, et in gratiarum actionem ob civitatem ab extremo discrimine servatam",sacrum simulacrum Mariae Infantis,Maria Bambina,Blessed Virgin Mary,"Ecclesia collegiata Nativitatis B. Mariae Virginis, « a Victoria » dicta",Senglea,Melitensis,Malta,Malta,1921-01-03,,,medium,"The Basilica minor petition was made « auspicata occasione coronationis sacri simulacri Mariae Infantis, ut aiunt, «Maria Bambina», quod religiosissime ipso in templo colitur », i.e. on the occasion of the (then forthcoming) coronation. The act itself neither grants the coronation nor gives its date, so evidence is a passing attestation only; no date stated in the passage. The volume index (p. 190 entry, seen at AAS-13-1921 pp. 625-626) records 'B. M. V. Infantis (« Maria Bambina ») simulacrum coronatum, 190' and lists it among 'imagines B. M. V. Capituli auctoritate diademate donatae, 8, 190, 492, 305 s.' — suggesting the Vatican Chapter authorised it; a checker should verify."
AAS,13,1921,305,VII,Litterae Apostolicae,Benedictus PP. XV,"AAS 13 (1921), p. 305",https://www.vatican.va/archive/aas/documents/AAS-13-1921-ocr.pdf,retrospective_attestation,SANCTUARIUM BEATAE MARIAE VIRGINIS DE MISERICORDIA IN DIOECESI MACERATENSI TITULO AC PRIVILEGIIS BASILICAE MINORIS HONESTATUR.,"Anno Domini 1447, mortifera grassante pestilentia, Maceratensis urbis cives Virginem Mariam, sub titulo Misericordiae, civitatis Patronam vocarunt",Beata Maria Virgo de Misericordia,Madonna della Misericordia,Blessed Virgin Mary,Sanctuarium Beatae Mariae Virginis de Misericordia,Macerata,Maceratensis,Macerata,Italy,1921-04-21,1721-08-24,,high,"Basilica Minor act granted on the approaching bicentenary of the coronation: 'eidemque die 24 mensis augusti anno 1721, ex decreto Capituli Patriarchalis Vaticanae Basilicae, aureum diadema donatum impositumque fuit'. A silver crown had been offered by the townsmen in 1496 (not a papal coronation). Rubric OCR 'MACERATECI' repaired to 'MACERATENSI'. The act begins on printed page 305 (passage printed_page is 306)."
AAS,13,1921,470,II,Litterae Apostolicae,Benedictus PP. XV,"AAS 13 (1921), p. 470",https://www.vatican.va/archive/aas/documents/AAS-13-1921-ocr.pdf,retrospective_attestation,"TITULUS BASILICAE MINORIS CONFERTUR ECCLESIAE SEU SANCTUARIO ANNUNCIATIONIS B. M. V., OPPIDI « FOLLINA », DIOECESIS CENETENSIS.","Ampla ac pervetusta Cisterciensium Fratrum abbatia, decimo secundo labente saeculo fundata, exstat intra fines dioecesis Cenetensis, in civitate vulgo Follina",Beata Maria Virgo cum Puero Iesu (Annuntiatio B. M. V.),Madonna di Follina (Santa Maria Assunta / Annunciazione),Blessed Virgin Mary,"Ecclesia seu sanctuarium Annuntiationis B. M. V., abbey of Follina (Servites)",Follina,Cenetensis,Ceneda (Vittorio Veneto),Italy,1921-08-10,1921,,medium,Basilica Minor act granted on the occasion of a FUTURE coronation: 'auspicatam occasionem nactus coronationis dictae prodigiosae imaginis quae ex decreto Basilicae Vaticanae Capituli proximo septembri mense aureo diademate sollemni pompa augebitur' - to be crowned by decree of the Vatican Chapter in September 1921 (day not given; letter dated 10 August 1921). Image is a marble carving of the Virgin with the Child Jesus. Act begins on printed page 470 (passage printed_page is 471).
AAS,13,1921,492,II,Litterae Apostolicae,Benedictus PP. XV,"AAS 13 (1921), p. 492",https://www.vatican.va/archive/aas/documents/AAS-13-1921-ocr.pdf,retrospective_attestation,TITULUS BASILICAE MINORIS CATHEDRALI TEMPLO MONOPOLITANO CONFERTUR,"Inter potiores sacras Apuliae aedes Monopolitanum cathedrale templum iure meritoque accensendum est, ineunte saeculo xii a sancto Romualdo Episcopo",Virgo a Madia,Madonna della Madia,Blessed Virgin Mary,Cathedral of Monopoli,Monopoli (Apulia),Monopolitana,Monopoli,Italy,1921-10-05,1769,,high,Basilica Minor act stating 'ipsaque Virginis imago anno MDCCLXIX aureo diademate est coronata' (1769); no crowning authority named. The image is painted on wood ('Virginis imago in ligno depicta'). The act also mentions that a Cardinal Legate of Benedict XV attended the 1921 eighth-centenary festivities - not a coronation legation.
AAS,13,1921,493,III,Litterae Apostolicae,Benedictus PP. XV,"AAS 13 (1921), p. 493",https://www.vatican.va/archive/aas/documents/AAS-13-1921-ocr.pdf,retrospective_attestation,"ECCLESIA NOSTRAE DOMINAE A MIRACULIS IN CIVITATE MAURIAC, DIOECESIS SANCTI FLORI, EXSTANS, AD TITULUM ET DIGNITATEM BASILICAE MINORIS EVEHITUR.","Constat apprime ecclesiam a Nostra Domina a miraculis, sitam in urbe Mauriac appellata, quae est ex praecipuis civitatibus dioecesis Sancti Fiori in Gallia",Beata Maria Virgo a miraculis,Notre-Dame des Miracles,Blessed Virgin Mary,Ecclesia Nostrae Dominae a miraculis (Notre-Dame-des-Miracles),Mauriac,Sancti Flori,Saint-Flour,France,1921-10-20,1855,,high,"Basilica Minor act stating 'Vetus beatae Mariae Virginis a miraculis simulacrum ... anno MDCCCLV a Pio Pp. IX, rec. mem. Decessore Nostro, aureo diademate redimitum'. Act begins on printed page 493 (passage printed_page is 492). Rubric OCR 'SANCTI PLORI' repaired to 'SANCTI FLORI'."
AAS,14,1922,35,II,Litterae Apostolicae,Benedictus PP. XV,"AAS 14 (1922), p. 35",https://www.vatican.va/archive/aas/documents/AAS-14-1922-ocr.pdf,retrospective_attestation,"SANCTUARIUM B. M. V. DE ARANZAZU, DIOECESIS VICTORIENSIS, TITULO AC DIGNITATE BASILICAE MINORIS COHONESTATUR.","In Cantabris montibus, dioecesis Victoriensis intra fines, haud procul ab « Onate », quod est provinciae Guipuzcoae oppidum",Beata Maria Virgo de Aranzazu,Nuestra Senora de Aranzazu,Blessed Virgin Mary,Sanctuarium Beatae Mariae Virginis de Aranzazu (Franciscan friars),"Aranzazu, near Onate (Guipuzcoa)",Victoriensis,Vitoria,Spain,1921-12-15,1886,,medium,"Basilica Minor act stating 'eandemque anno MDCCCLXXXVI, clero populoque plaudente, a Victoriensi Episcopo aureo diademate redimitam' - crowned in 1886 by the Bishop of Vitoria; papal authority for that crowning is NOT stated in the passage, hence confidence medium. The same act recalls that Benedict XV himself declared the Virgin of Aranzazu principal patroness of the civil province of Guipuzcoa in 1918. Old stone image of the Virgin with the Infant Jesus. OCR gives 'Ofiate'/'Onate' for Onate (Onati)."
AAS,14,1922,38,I,Epistola,Benedictus PP. XV,"AAS 14 (1922), p. 38",https://www.vatican.va/archive/aas/documents/AAS-14-1922-ocr.pdf,retrospective_attestation,"AD R. P. D. IOANNEM GAMBERONI, ARCHIEPISCOPUM VERCELLENSIUM: DE SACRO SOLEMNI RITU QUO DIADEMATE ORNABATUR THAUMATURGA B. M. V. IMAGO IN METROPOLITANA AEDE.","Maximus ille venerationis cultus erga sanctissimam Dei Parentem, qui a prima aetate amoris flammam in Nobis accendit semperque aluit",Thaumaturga Beatae Mariae Virginis Imago,Madonna degli Infermi,Blessed Virgin Mary,Metropolitana aedes Vercellensis (cathedral of Vercelli),Vercelli (Vercellae),Vercellensis,Vercelli,Italy,1921-11-14,1921,,medium,"The passage itself is the volume index (printed p. 706); the act is Benedict XV's Epistola I at printed p. 38 of AAS 14 (1922), consulted in txt/AAS-14-1922-ocr.txt and used for rubric, incipit and date. The letter congratulates on the forthcoming solemn rite in which the image will be crowned ('proximis diebus ... thaumaturga Imago diademate ornabitur ... quae sub nomine Madonna degli infermi tribus abhinc saeculis mirifica pietate colitur'); it is not itself the grant of coronation. Coronation year 1921 inferred from 'proximis diebus' plus the letter's date. Volume-text rubric OCR reads 'ORNARATUR'."
AAS,14,1922,374,II,Litterae Apostolicae,Pius PP. XI,"AAS 14 (1922), p. 374",https://www.vatican.va/archive/aas/documents/AAS-14-1922-ocr.pdf,retrospective_attestation,"SANCTUARIUM B. M. V. IN OPPIDO ASPRICOLLIS, ARCHIDIOECESIS MECHLINIENSIS, TITULO ET PRIVILEGIIS BASILICAE MINORIS AUGETUR.","Penes oppidulum Aspricollis vulgo Scherpenheuvel, haud longe a civitate Lovaniensi, archidioecesis Mechliniensis intra fines, priscis a temporibus",Beata Maria Virgo Aspricollis,Onze-Lieve-Vrouw van Scherpenheuvel (Notre-Dame de Montaigu),Blessed Virgin Mary,Templum Aspricollense (sanctuary of Our Lady of Scherpenheuvel/Montaigu),"Scherpenheuvel (Aspricollis), near Leuven",Mechliniensis,Mechelen (Malines),Belgium,1922-05-02,1872,,high,"Basilica Minor act granted on the fiftieth anniversary of the coronation; states 'ab Archiepiscopo Mechliniensi postea Cardinali Dechamps, nomine et auctoritate Praedecessoris Nostri rec. mem. Pii PP. IX, anno MDCCCLXXII solemni ritu aureo diademate redimitum effulsit' - crowned in 1872 by Abp (later Cardinal) Dechamps in the name and by the authority of Pius IX; day and month not given. Rubric OCR 'MECHLINIEN-SI^' repaired."
AAS,14,1922,491,IV,Litterae Apostolicae,Pius PP. XI,"AAS 14 (1922), p. 491",https://www.vatican.va/archive/aas/documents/AAS-14-1922-ocr.pdf,retrospective_attestation,"TEMPLUM B. M. V. MATRIS GRATIARUM, UTINI, TITULO AC DIGNITATE BASILICAE MINORIS CONDECORATUR.",Minime Nos latet templum Gratiarum Utinensis civitatis anno MXXXX conditum et decimo quinto vertente saeculo restitutum,Beata Maria Virgo Mater Gratiarum,,Blessed Virgin Mary,Templum sive sanctuarium Beatae Mariae Virginis Matris Gratiarum,Udine (Utinum),Utinensis,Udine,Italy,1922-07-10,1870,,high,Basilica minor elevation; states the image was 'aureo diademate anno MDCCCLXX auctoritate Apostolica redimitam'. OCR of rubric read 'CONDE COR ATUR'; foundation year printed 'anno MXXXX' (likely OCR corruption). No vernacular title given in the act.
AAS,14,1922,492,V,Litterae Apostolicae,Pius PP. XI,"AAS 14 (1922), p. 492",https://www.vatican.va/archive/aas/documents/AAS-14-1922-ocr.pdf,retrospective_attestation,"AEDES CURIALIS B. M. V. DE FUNICULO, IN CIVITATE VALENCIENNES, AD TITULUM AC DIGNITATEM BASILICAE MINORIS EVEHITUR.","Templa Dei vetustis inclyta memoriis et fidelium religione celebria de more Romanorum Pontificum Decessorum Nostrorum, singularibus titulis privilegiisque decorare, pro re ac tempore, satagimus.",Beata Maria Virgo de Funiculo,Notre-Dame du Saint-Cordon,Blessed Virgin Mary,Ecclesia paroecialis (curialis) B. M. V. de Funiculo,Valenciennes,Cameracensis,Cambrai,France,1922-07-10,,,high,"Act begins on printed p. 492 (passage page 491). States that Leo XIII by Apostolic Letters sealed 16 March 1896 decreed the statue be solemnly crowned in his own name and authority ('statuam memoratam Virginis a Funiculo, ipsius Romani Pontificis nomine et auctoritate, sollemni ritu coronandum decrevit'); the date of the crowning itself is not given, so coronation_date left null. OCR gives the vernacular title as 'du Saint Gordon' (= du Saint Cordon)."
AAS,14,1922,495,VII,Litterae Apostolicae,Pius PP. XI,"AAS 14 (1922), p. 495",https://www.vatican.va/archive/aas/documents/AAS-14-1922-ocr.pdf,retrospective_attestation,"TEMPLUM B. M. V. DE MERCEDE, IN URBE SANCTI IACOBI DE CILE, AD TITULUM ET DIGNITATEM BASILICAE MINORIS EVEHITUR.","Inter sacras aedes quibus Cilena regio nobilitatur, templum Beatae Mariae Virgini de Mercede dicatum in urbe Sancti Iacobi",lignea imago Beatae Mariae Virginis de Mercede,Nuestra Señora de la Merced,Blessed Virgin Mary,Templum Beatae Mariae Virgini de Mercede dicatum (Ordinis Redemptionis Captivorum),Santiago de Chile,Sancti Iacobi de Chile,Santiago de Chile,Chile,1922-07-23,,,high,Basilica minor act attesting: « devotissima asservatur lignea imago Beatae Mariae Virginis de Mercede aureo gemmatoque diademate Sanctae huius Sedis auctoritate redimita ». No coronation date given in the act.
AAS,14,1922,544,II,Epistola,Pius PP. XI,"AAS 14 (1922), p. 544",https://www.vatican.va/archive/aas/documents/AAS-14-1922-ocr.pdf,papal_personal_coronation,"AD EM.UM P. D. PETRUM, TIT. SANCTI LAURENTII IN LUCINA, S. R. E. PRESB. CARDINALEM GASPARRI, A NEGOTIIS PUBLICIS ADMINISTRUM, QUEM LEGATUM MITTIT AD TRANSVEHENDAM LAURETUM BEATAE MARIAE VIRGINIS NOVAM ICONEM, A SE BENEDICTAM AUREOQUE DIADEMATE REDIMITAM.","Norunt omnes quo maerore affectus sit orbis catholicus, cum, haud ita pridem, Lauretana aede ardescente, imago illa augustissima Beatae Mariae Virginis penitus deleta est",Beata Maria Virgo Lauretana (nova icon),Madonna di Loreto,Blessed Virgin Mary,Alma Domus Lauretana (basilica Lauretana),Loreto (Lauretum),,,Italy,1922-08-17,1922,Petrus Card. Gasparri,high,"The new statue made after the 1921 fire: 'cum Ipsi simulacrum novum Mariae et Iesu diademate aureo ditaverimus, tum idem sollemni ritu benedictum coronavimus' - Pius XI crowned it himself in Rome before 17 Aug 1922. Card. Gasparri is deputed as Legate only to convey the image to Loreto, not to crown it. Country inferred from Loreto/Lauretum (unambiguous); diocese not named in the act."
AAS,14,1922,675,,Litterae Encyclicae,Pius PP. XI,"AAS 14 (1922), p. 675",https://www.vatican.va/archive/aas/documents/AAS-14-1922-ocr.pdf,papal_personal_coronation,"AD VENERABILES FRATRES PATRIARCHAS, PRIMATES, ARCHIEPISCOPOS, EPISCOPOS, ALIOSQUE LOCORUM ORDINARIOS PACEM ET COMMUNIONEM CUM APOSTOLICA SEDE HABENTES: DE PACE CHRISTI IN REGNO CHRISTI QUAERENDA.","Ubi arcano Dei consilio ac nutu Nos, qui nullis sane meritis commendaremur, ad hanc et veritatis cathedram et caritatis evecti sumus",Beata Maria Virgo Lauretana (venerabile simulacrum),Madonna di Loreto,Blessed Virgin Mary,Sacra aedes Lauretana,Loreto (Lauretum),,,Italy,1922-12-23,1922,,high,"Encyclical 'Ubi arcano Dei consilio', which begins on printed p. 673; the coronation reference is on p. 675 (the passage page): 'venerabile ipsius simulacrum, apud Nos affabre refectum, Nostrisque manibus et consecratum et corona redimitum, restituendum curavimus'. Rubric and incipit taken from p. 673 of the same volume text. Same image as AAS 14 (1922) 544. Country inferred (Loreto)."
AAS,15,1923,215,VIII,Epistola,Pius PP. XI,"AAS 15 (1923), p. 215",https://www.vatican.va/archive/aas/documents/AAS-15-1923-ocr.pdf,papal_personal_coronation,"AD R. P. D. ALPHONSUM ANDREOLI, EPISCOPUM RECINETENSEM ET LAURETANUM, QUINQUAGESIMO PLENO ANNO AB INITO SACERDOTIO.","Cum allatum ad Nos sit, quinquagesimum sacerdotii natalem a te propediem actum iri, placet in partem venire, ut aequum est, gaudii laetitiaeque tuae",Nova Virginis Effigies (Lauretana),Madonna di Loreto,Blessed Virgin Mary,Alma Lauretana Domus,Loreto (Lauretum),Recinetensis et Lauretana,Recanati-Loreto,Italy,1923-04-05,1922,,high,"Act VIII begins on printed p. 215 (the passage page marker is 216). Attests in passing: 'populi pietas in novam Virginis Effigiem, quam Nosmet ipsi lustravimus et corona redimivimus'. Coronation year 1922 taken from the parallel acts AAS 14 (1922) 544 and 675, not stated here; country inferred (Loreto)."
AAS,15,1923,337,III,Litterae Apostolicae,Pius PP. XI,"AAS 15 (1923), p. 337",https://www.vatican.va/archive/aas/documents/AAS-15-1923-ocr.pdf,retrospective_attestation,"SANCTUARIUM A MATRE DOMINI, INTRA FINES ARCHIDIOECESIS SALERNITANAE, TITULO BASILICAE MINORIS AUGETUR.","Iam inde a saeculo post Christum natum XII, intra fines archidioecesis Salernitanae, vetus exstat sanctuarium titulo a Matre Domini","antiqua imago Virginis Deiparae foventis ulnis Infantem Iesum, a Matre Domini",Materdomini,Blessed Virgin Mary,Sanctuarium a Matre Domini (Ordinis Fratrum Minorum),,Salernitana (archidioecesis),Salerno,Italy,1923-06-11,1759,,medium,"Coronation clause: « Miraculis quidem inclyta Virginis imago, Apostolica auctoritate et sollemni ritu, anno MDCCLIX, diademate aureo redimita fuit ». Locality not named in the act, only 'intra fines archidioecesis Salernitanae'; supporting petitions come from the bishops of Salerno, Nocera, Cava and Sarno and from 'municipii Iuceriae Superioris' (OCR; most likely 'Nuceriae Superioris' = Nocera Superiore), which would place the shrine at Materdomini in Nocera Superiore — NOT asserted here, needs a checker. Act date OCR reads 'die xr mensis iunii, anno MDCCCCXXIII'; read as XI = 11 June 1923, verify."
AAS,15,1923,488,I,Litterae Apostolicae,Pius PP. XI,"AAS 15 (1923), p. 488",https://www.vatican.va/archive/aas/documents/AAS-15-1923-ocr.pdf,retrospective_attestation,"TITULUS BASILICAE MINORIS CONFERTUR PAROECIALI ECCLESIAE BEATAE MARIAE VIRGINIS CONSOLATRICIS AFFLICTORUM, OPPIDI KEVELAER, DIOECESIS MONASTERIENSIS.","In civitate Kevelaer appellata, prope Regni Hollandici fines, intra limites Monasteriensis dioecesis posita, Mariale sanctuarium praeclarissimum exstat",Beata Maria Virgo Consolatrix afflictorum,Trosterin der Betrübten (Kevelaer),Blessed Virgin Mary,Mariale sanctuarium / ecclesia paroecialis B. M. V. Consolatricis afflictorum,Kevelaer,Monasteriensis,Münster,Germany,1923-04-23,1890,Cardinalis Archiepiscopus Coloniensis (not named in the act),high,"'Iconem autem Virginis Decessor Noster rec. mem. Leo PP. XIII per Cardinalem Archiepiscopum Coloniensem anno MDCCCXC aureo diademate sollemni pompa ornatam voluit.' The crowning Cardinal Archbishop of Cologne is not named. Rubric OCR reads 'CONSOLATRICE?' for 'CONSOLATRICIS'. Country inferred from diocese of Münster/Kevelaer (act says it lies near the Dutch border, within the diocese of Münster)."
AAS,16,1924,85,IV,Litterae Apostolicae,Pius PP. XI,"AAS 16 (1924), p. 85",https://www.vatican.va/archive/aas/documents/AAS-16-1924-ocr.pdf,retrospective_attestation,"TITULO ET PRIVILEGIIS BASILICAE MINORIS CONDECORATUR ECCLESIA PAROECIALIS B. M. V. GRATIARUM, CIVITATIS « ESTE », IN DIOECESI PATAVINA.","Surgit in civitate Este, dioecesis Patavinae intra limites, ecclesia Deo dicata in honorem Beatae Mariae Virginis sub Gratiarum invocatione",Beata Maria Virgo Gratiarum,Madonna delle Grazie (Este),Blessed Virgin Mary,Ecclesia B. M. V. Gratiarum,Este,Patavina,Padua (Padova),Italy,1924-01-23,,,high,"'Ipsa sacra imago ex decreto Vaticanae Basilicae Capituli diei XV mensis decembris anni MDCCCXXII, pretioso diademate redimita refulget.' The date given (15 December 1822) is that of the Vatican Chapter decree, not necessarily of the crowning, so coronation_date left null. Image said to have been brought from Constantinople in 1408."
AAS,16,1924,152,IV,Litterae Apostolicae,Pius PP. XI,"AAS 16 (1924), p. 152",https://www.vatican.va/archive/aas/documents/AAS-16-1924-ocr.pdf,retrospective_attestation,"TITULO AC PRIVILEGIIS BASILICAE MINORIS HONESTATUS SANCTUARIUM MARIALE B. M. V. CONSOLATRICE AFFLICTORUM DE VERDELAIS, IN ARCHIDIOECESI BURDIGALENSI.","Exstat in civitate Verdelais, intra fines archidioecesis Burdigalensis, iam inde a saeculo XII erectum, templum sive sanctuarium Mariale","statua Beatae Mariae Virginis, Consolatricis afflictorum",Notre-Dame de Verdelais,Blessed Virgin Mary,Templum sive sanctuarium Mariale de Verdelais (Societatis Mariae),Verdelais,Burdigalensis (archidioecesis),Bordeaux,France,1924-02-01,1856-07-02,"Cardinalis Donnet, tunc archiepiscopus Burdigalensis",high,"Clause: « quae, de speciali mandato fel. rec. Nostri Praedecessoris Pii PP. IX, iuxta Litteras Apostolicas, Piscatoris annulo die IV mensis maii anno MDCCCLV obsignatas, aureo diademate redimita fuit a bo. me. Cardinali Donnet, tunc archiepiscopo Burdigalensi, die II mensis iulii sequentis anni MDCCCLVI ». Papal mandate 4 May 1855; crowning 2 July 1856. 'legate' field records the prelate who crowned it by Pius IX's mandate (recorded retrospectively, not deputed by this act)."
AAS,16,1924,229,III,Epistola,Pius PP. XI,"AAS 16 (1924), p. 229",https://www.vatican.va/archive/aas/documents/AAS-16-1924-ocr.pdf,retrospective_attestation,"AD EM.UM P. D. ANDREAM TIT. SS. COSMAE ET DAMIANI S. R. E. PRESB. CARD. FRUEHWIRTH, QUEM LINCIAM LEGATUM SUUM MITTIT OCCASIONE DEDICATIONIS NOVI TEMPLI CATHEDRALIS.","Linciae, in urbe episcopali illius in Austria dioecesis quae, ob singularem Deiparae amorem cultumque, Marialis merito nuncupatur",Signum Virginis Immaculatae,,Blessed Virgin Mary,Sacellum novi templi cathedralis Linciensis (chapel of the new cathedral of Linz),Linz (Lincia),Linciensis,Linz,Austria,1924-04-12,1902,Andreas Card. Fruehwirth,medium,"Act III begins on printed p. 228 (verified in txt/AAS-16-1924-ocr.txt); the coronation reference falls on p. 229, the passage page, which is used here. The OCR of this page interleaves two columns: 'cuius signum, venerationi Linciensium in sacello novi templi propositum, ... Leo XIII aurea corona, a se pie liberaliterque muneri data, anno MDCCCCII redimiri iusserat'. The legation itself is for the cathedral dedication, not for a coronation."
AAS,16,1924,284,X,Epistola,Pius PP. XI,"AAS 16 (1924), p. 284",https://www.vatican.va/archive/aas/documents/AAS-16-1924-ocr.pdf,retrospective_attestation,"AD R. P. D. ALCIMUM GOURAUD, EPISCOPUM VENETENSEM: TERTIO PLENO SAECULO AB APPARITIONE SANCTAE ANNAE, PROPE AURAY.","Tertium affers completum iri proximo mense saeculum, ex quo, haud procul ab urbe vulgo Auray nuncupata, quae intra dioecesis istius tuae fines sita est, Sancta Anna",Statua Sanctae Annae,Sainte-Anne d'Auray,"other (St Anne, mother of the Blessed Virgin Mary)","Sanctuarium Beatae Annae, vulgo d'Auray",Auray (Sainte-Anne-d'Auray),Venetensis,Vannes,France,1924-06-14,,,high,'praeterquam quod Pius IX et statuam corona aurea redimiri suo nomine iussit'. No year of the crowning is given. Rubric taken from p. 284 of the volume text (OCR 'ALCTMTJM GOURAUD ... AURAT'); the addressee is the Bishop of Vannes (Venetensis).
AAS,16,1924,353,I,Litterae Apostolicae,Pius PP. XI,"AAS 16 (1924), p. 353",https://www.vatican.va/archive/aas/documents/AAS-16-1924-ocr.pdf,retrospective_attestation,"TITULUS BASILICAE MINORIS CONFERTUR ECCLESIAE CONLEGIATAE B. M. V. A SALUTE, IN CIVITATE PAZCUARO, ARCHIDIOECESIS MECHOACANENSIS.","Ecclesia conlegiata Deo dicata in honorem Beatae Mariae Virginis sub titulo Salutis, in civitate Pazcuaro, archidioecesis Mechoacanensis intra fines sita",Beata Maria Virgo a Salute,Nuestra Señora de la Salud,Blessed Virgin Mary,Ecclesia conlegiata B. M. V. a Salute (vulgo de la Salud),Pátzcuaro,Mechoacanensis,Morelia (Michoacán),Mexico,1924-06-25,1899,,high,"'atque anno MDCCCLXXXXIX, auctoritate Leonis PP. XIII rec. me. Praedecessoris Nostri, aureo diademate, sollemni ritu, coronata fuit'. Sixteenth-century sculpture made under Bishop Vasco de Quiroga; the act itself gives the vernacular form 'de la Salud'."
AAS,17,1925,9,II,Litterae Apostolicae,Pius PP. XI,"AAS 17 (1925), p. 9",https://www.vatican.va/archive/aas/documents/AAS-17-1925-ocr.pdf,retrospective_attestation,"ECCLESIA BEATAE MARIAE VIRGINIS DE MERCEDE, IN CIVITATE LIMANA, TITULO AC PRIVILEGIIS BASILICAE MINORIS AUGETUR.","Limana in civitate quoddam, Beatae Mariae Virgini sub titulo de Mercede dicatum, templum exstat, quod, uti traditur, anno MDXXXIV",prodigiosa Beatae Mariae Virginis de Mercede imago,Nuestra Señora de la Merced,Blessed Virgin Mary,Ecclesia Beatae Mariae Virginis de Mercede (Ordinis Redemptionis Captivorum),Lima,Limana (archidioecesis),Lima,Peru,1924-12-12,1721-09-24,,high,"Clause: « prodigiosa Beatae Mariae Virginis de Mercede colitur imago, quae die XXIV mensis septembris anno MDCCXXI pretioso diademate, sollemni ritu, redimita est ». Same act notes she is Patrona ac Regina of the Peruvian nation. The act does not state under whose authority the 1721 crowning took place."
AAS,17,1925,239,,Epistola,Pius PP. XI,"AAS 17 (1925), p. 239",https://www.vatican.va/archive/aas/documents/AAS-17-1925-ocr.pdf,papal_legate_deputation,"AD EM.UM P. D. EUGENIUM, TIT. SS. SILVESTRI ET MARTINI, S. R. E. PRESB. CARD. TOSI ARCHIEPISCOPUM MEDIOLANENSEM, QUEM DELIGIT LEGATUM SUUM AD CORONAS IMPONENDAS INFANTI IESU ET BEATAE VIRGINI DE FONTANELLATO, IN DIOECESI PARMENSI.","Quod Sanctuarii de Fontanellato laus ac fama non modo in dioecesis Parmensis totiusque Aemiliae finibus percrebrescit, sed etiam apud exteras gentes",Beata Virgo de Fontanellato cum Infante Iesu,Madonna del Rosario di Fontanellato,Blessed Virgin Mary,Sanctuarium de Fontanellato (basilica since c. 1903),Fontanellato,Parmensis,Parma,Italy,1925-03-07,1925,"Eugenius Card. Tosi, Archiepiscopus Mediolanensis",high,"Single statue group: crowns for both the Virgin and the Infant Jesus she carries ('coronas ... Virgini de Fontanellato et Infanti Iesu, quem Ipsa in ulnis sustinet, veluti manibus Nostris imponas'), the Pope himself blessing the crowns beforehand. Solemnities set for May 1925 ('sacris sollemnibus mense maio Parmae habendis'), hence coronation_date 1925. The act also records earlier crownings in 1660 and 1771 ('quam annis MDCLX et MDCCLXXI factum est'). Vernacular title supplied from the place name; the act gives only 'Virgo de Fontanellato'."
AAS,18,1926,302,I,Epistola,Pius PP. XI,"AAS 18 (1926), p. 302",https://www.vatican.va/archive/aas/documents/AAS-18-1926-ocr.pdf,papal_legate_deputation,AD EM.UM P. D. CAIETANUM PROTODIACONUM S. AGATHAE S. R. E. CARDINALEM BISLETI: QUEM LEGATUM MITTIT CALARIM AD MARIALIA SOLLEMNIA.,"Insignis admodum ac perantiqua est Marialis aedes quae, in Calaritana urbe sita, a Bono Aere nuncupatur",Beata Maria Virgo de Bono Aere,Nostra Signora di Bonaria,Blessed Virgin Mary,Sanctuarium B. M. V. de Bonaria (Ordo B. M. V. de Mercede),Cagliari (Calaris),Calaritana,Cagliari,Italy,1926-03-25,1926,Caietanus Card. Bisleti,high,"Re-coronation after the sacrilegious theft of the crowns of the Virgin and the Child three years earlier (c. 1923): 'te ... his Litteris eligimus qui coronam auream simulacro Virginis de Bono Aere nomine et auctoritate Nostra imponas'. The act also attests the earlier crowning by the Vatican Chapter ('a Vaticano Capitulo corona aurea redimita sit', dated 1870 by AAS 18 [1926] 376). Coronation year 1926 inferred: the solemnities were being prepared at the date of the letter (25 March 1926) and the new church was inaugurated 22 April 1926 per AAS 18 (1926) 376."
AAS,18,1926,376,VII,Litterae Apostolicae,Pius PP. XI,"AAS 18 (1926), p. 376",https://www.vatican.va/archive/aas/documents/AAS-18-1926-ocr.pdf,retrospective_attestation,SANCTUARIUM B. M. V. DE BONARIA CALARITANAE CIVITATIS IN BASILICAM MINOREM EVEHITUR.,"Calaritana in civitate ac dioecesi sanctuarium Beatae Mariae Virginis de Bonaria nuncupatae exstat, curis religiosorum sodalium ex Ordine Beatae Mariae Virginis de Mercede concreditum",Antiqua et prodigiosa Virginis effigies de Bonaria,Nostra Signora di Bonaria,Blessed Virgin Mary,Vetus sanctuarium marianum de Bonaria,Cagliari (Calaris),Calaritana,Cagliari,Italy,1926-04-25,1870,,high,"'in quo antiqua et prodigiosa Virginis effigies, iam aureo diademate anno MDCCCLXX per decretum Capituli Vaticani redimita, colitur'. Same image as AAS 18 (1926) 302. The act also notes the inauguration of the new church on 22 April 1926 and the 1908 proclamation of the Virgin of Bonaria as principal patron of Sardinia by Pius X."
AAS,19,1927,13,I,Litterae Apostolicae,Pius PP. XI,"AAS 19 (1927), p. 13",https://www.vatican.va/archive/aas/documents/AAS-19-1927-ocr.pdf,retrospective_attestation,"TITULUS ET PRIVILEGIA BASILICAE MINORIS CONFERUNTUR METROPOLITANAE ECCLESIAE S. CYRIACI EP. M. ANCONAE, SACRIS RELIQUIIS ET PRODIGIIS PRAECLARAE.","Metropolitanum Anconae templum in excelso civitatis colle situm, late mare prospiciens Hadriacum, saeculo octavo exeunte traditur fuisse erectum",Regina Sanctorum omnium,,Blessed Virgin Mary,Metropolitana ecclesia S. Cyriaci Ep. M. (cathedral of Ancona),Ancona,Anconitana et Humana,Ancona,Italy,1926-07-14,,,medium,"The passage itself is the volume's Index rerum analyticus (printed p. 491), whose entry reads 'Pius PP. VII, 201; redimivit corona imaginem Reginae omnium Sanctorum, Anconae, 14'. Verified against the act in the same volume file: the Litterae Apostolicae raising the metropolitan church of Ancona to a minor basilica begin on printed p. 13 and state on p. 14 'Imaginem thaumaturgam titulo Reginae Sanctorum omnium excultam, a captivitate redux sa. me. Pius PP. VII Praedecessor Noster, maxima populi ac civitatis laetitia, aurea gemmataque corona sollemni pompa redimivit'. So the crowning was performed personally by Pius VII after his return from captivity (i.e. after 1814; no date given - coronation_date null); it is here reported retrospectively inside a basilica-minor act of Pius XI, hence retrospective_attestation rather than papal_personal_coronation. The image is a Marian image painted on linen on one of the principal altars. Datum line: 'die xiv mensis Iulii anno MDCCCCXXVI'. page set to 13 (act begins) though the coronation sentence and the index citation are on p. 14. Country 'Italy' inferred from Ancona / 'inter sacras Piceni aedes'; confidence dropped to medium for that reason only - the coronation fact itself is explicit."
AAS,19,1927,52,I,Epistola,Pius PP. XI,"AAS 19 (1927), p. 52",https://www.vatican.va/archive/aas/documents/AAS-19-1927-ocr.pdf,retrospective_attestation,"AD EM.UM P. D. HENRICUM TIT. S. PETRI IN MONTE AUREO S. R. E. PRESB. CARD. REIG Y CASANOVA, ARCHIEPISCOPUM TOLETANUM, DE CONGRESSU EUCHARISTICO EX TOTA HISPANIA.","Sacras inter aedes, quas catholicae Hispaniae filii, media aetate, excitarunt, principem videtur obtinere locum, cum ob molis amplitudinem",Virgo a Sacrario,Nuestra Señora del Sagrario,Blessed Virgin Mary,Cathedrale templum Toletanum (primatial cathedral of Toledo),Toledo (Toletum),Toletana,Toledo,Spain,1926-10-04,,,medium,"Act I begins on printed p. 52 (the passage page marker is 53). The Pope commends, but does not himself grant, the plan of the Archbishop of Toledo: 'itemque quam vos singulari cultu caelestem Patronam veneramini Virginem a Sacrario, eius effigiem aurea corona redimiendi. Utrumque autem, quod iam in eo es ut perficias, propositum ...'. Prospective, not retrospective, and not the coronation grant itself - classified as retrospective_attestation for want of a better category. No date is given for the crowning (letter dated 4 October 1926, coronation imminent)."
AAS,19,1927,132,II,Epistola,Pius PP. XI,"AAS 19 (1927), p. 132",https://www.vatican.va/archive/aas/documents/AAS-19-1927-ocr.pdf,papal_legate_deputation,"AD R. P. D. BENEDICTUM ALOISI MASELLA, ARCHIEPISCOPUM TIT. CAESARIENSEM, EUNDEMQUE APUD CHILENSEM REMPUBLICAM NUNTIUM APOSTOLICUM, QUEM LEGATUM MITTIT AD SOLEMNIA CORONATIONE B. M. V. DE MONTE CARMELO IN URBE SANCTI IACOBI.","Deiparam Virginem de Monte Carmelo proxime in urbe ista Chilensis Reipublicae principe, aurea corona sollemniter redimitum iri",Beata Maria Virgo de Monte Carmelo,Nuestra Señora del Carmen,Blessed Virgin Mary,,Santiago de Chile,Sancti Iacobi in Chile,Santiago de Chile,Chile,1926-11-29,,"Benedictus Aloisi Masella, Archiepiscopus tit. Caesariensis, Nuntius Apostolicus in Chile",high,"'te ... hisce litteris Legatum Nostrum deligimus ac renuntiamus, qui ... coronam auream pretiosisque gemmis ornatam simulacro Virginis de Monte Carmelo, Nostris veluti manibus, imponas'. The rubric as printed reads 'AD SOLEMNIA CORONATIONE' (for 'CORONATIONIS'). The crowning is said to be 'proxime' at the date of the letter (29 Nov 1926) but no date is given, so coronation_date is null. The church/sanctuary is not named; the act refers only to the capital of Chile. The Virgin of Carmel had earlier been acclaimed patron of the republic."
AAS,19,1927,300,II,Litterae Apostolicae,Pius PP. XI,"AAS 19 (1927), p. 300",https://www.vatican.va/archive/aas/documents/AAS-19-1927-ocr.pdf,retrospective_attestation,"TITULUS ET HONORES BASILICAE MINORIS CONCEDUNTUR ECCLESIAE S. FRANCISCI ASS. CIVITATIS MENDOZA, IN DIOECESI SANCTI IOANNIS DE CUJO.","Sacra aedes intra limites dioecesis Sancti Ioannis de Cujo in civitate Mendoza in honorem divi Francisci Asisiensis, licet recens erecta",Beatae Mariae Virginis titulo Montis Carmeli imago,,Blessed Virgin Mary,Ecclesia S. Francisci Assisiensis (Ordinis Fratrum Minorum),Mendoza,Sancti Ioannis de Cuyo,San Juan de Cuyo,Argentina,1927-04-23,,,high,Coronation attested in passing: 'rec. mem. Pius PP. X aureo eandem diademate augendam curavit'. No coronation year stated. Country explicit ('Reipublicae Argentinae').
AAS,19,1927,308,I,Epistola,Pius PP. XI,"AAS 19 (1927), p. 308",https://www.vatican.va/archive/aas/documents/AAS-19-1927-ocr.pdf,papal_legate_deputation,"AD EM.UM P. D. IOSEPHUM ERNESTUM TIT. S. MARIAE DE ARACOELI S. R. E. PRESB. CARDINALEM VAN ROEY, ARCHIEPISCOPUM MECHLINIENSEM, QUEM LEGATUM SUUM MITTIT AD SOLEMNIA QUINQUIES SAECULARIA UNIVERSITATIS STUDIORUM LOVANIENSIS CELEBRANDA.","Quinto feliciter exeunte saeculo ex quo Lovaniensis ista Studiorum Universitas condita est, iuste quidem Rector eius magnificus Paulinus Ladeuze",Sedes Sapientiae,"Sedes Sapientiae (Onze-Lieve-Vrouw, Zetel der Wijsheid)",Blessed Virgin Mary,Universitas Studiorum Lovaniensis,Louvain / Leuven (Lovanium),Mechliniensis,Mechelen (Malines),Belgium,1927-06-24,1927,"Iosephus Ernestus Card. Van Roey, Archiepiscopus Mechliniensis",medium,"Act I begins on printed p. 307 (verified in txt/AAS-19-1927-ocr.txt); rubric and incipit taken from there; the coronation reference is on the passage page 308: 'auspice Virgine Matre, quam ab ipso iam initio veluti Sedem Sapientiae venerari consueverunt Lovanienses, cuiusque augusta effigies, Nostro quidem nomine, corona aurea mox redimietur'. The legation is primarily for the university's fifth-centenary solemnities; the crowning is to be done in the Pope's name ('Nostro nomine'), presumably by the same Legate, but the letter does not say so expressly. Coronation year 1927 inferred from 'mox' and the date of the act. Diocese given as that of the Legate's see (Louvain lay in the archdiocese of Mechelen); country inferred."
AAS,19,1927,337,I,Litterae Apostolicae,Pius PP. XI,"AAS 19 (1927), p. 337",https://www.vatican.va/archive/aas/documents/AAS-19-1927-ocr.pdf,retrospective_attestation,"BASILICAE MINORIS HONORIBUS CONDECORATUR SANCTUARIUM B. M. V. AB APPARITIONE, IN OPPIDO TIRANO, COMENSIS DIOECESIS.","In Comensis dioecesis oppido, cui vulgo nomen Tirano, matutinis horis diei XXVIIII mensis Septembris anno MDIV Beato Mario Omodei, uti fertur, Deipara Virgo apparuit",Beata Maria Virgo ab Apparitione,Madonna di Tirano,Blessed Virgin Mary,Sanctuarium ab apparitione Deiparae Virginis nuncupatum,Tirano,Comensis,Como,Italy,1927-05-11,1690-09-29,,high,"Act I begins on printed p. 337 (the passage page marker is 338). 'Haec quidem statua Virginis, ulnis gestantis puerum Iesum, aureo diademate ex Apostolicae Sedis concessione redimita est anno MDCLXXXX, die apparitionis anniversaria, scilicet XXVIIII mensis Septembris' = 29 September 1690. Rubric OCR reads 'B. M. V. Air APPARITIONS'; day numerals printed 'x x v m i'/'x x v n n' for XXVIIII (29). Vernacular title supplied from the place name."
AAS,20,1928,17,I,Litterae Apostolicae,Pius PP. XI,"AAS 20 (1928), p. 17",https://www.vatican.va/archive/aas/documents/AAS-20-1928-ocr.pdf,retrospective_attestation,"SANCTUARIUM B. M. V. IN CAELUM ASSUMPTAE, IN OPPIDO STARAVIEN, DIOECESIS PREMISLIEN. LAT., BASILICAE MINORIS PRIVILEGIIS AUGETUR.","Exstat intra fines dioecesis Premisliensis Latinorum, in oppido Stammen vulgo nuncupato, celeberrimum sanctuarium Deo sacrum in honorem B. Mariae Virginis Deiparae sideribus receptae",Imago Virginis (B. Mariae Virginis in caelum Assumptae),,Blessed Virgin Mary,Sanctuarium B. M. V. in caelum Assumptae (Societatis Iesu),Starawieś,Premisliensis Latinorum,Przemyśl (Latin rite),Poland,1927-08-07,1877,"Ludovicus Iacobini, Apostolicae Sedis Legatus",high,"Coronation attested: 'imago Virginis diademate aureo ab Apostolicae Sedis Legato Ludovico Iacobinio anno MDCCCLXXVII redimita'; the act is sought on the 50th anniversary 'ex quo supradicta Imago Virginis sollemni ritu corona praecincta fuit'. Place name OCR-mangled: rubric 'STARAVIEN', body 'in oppido Stammen vulgo nuncupato' and 'loci vulgo Star avien' = Starawieś. Country explicit ('in Polonia')."
AAS,20,1928,18,II,Litterae Apostolicae,Pius PP. XI,"AAS 20 (1928), p. 18",https://www.vatican.va/archive/aas/documents/AAS-20-1928-ocr.pdf,retrospective_attestation,"SANCTUARIUM N. D. A ROSARIO, O. P., OPPIDI CHINQUINQUIRA, INTRA FINES DIOECESIS TUNQUENSIS, AD HONORES BASILICAE MINORIS EXTOLLITUR.","Exstat in Columbia, in loco cui vulgo nomen de Chinquinquira, dioecesis Tunquensis intra fines, Nostrae Dominae a Rosario celeberrimum sanctuarium",Beata Maria Virgo a Rosario de Chinquinquira,Nuestra Señora del Rosario de Chiquinquirá,Blessed Virgin Mary,Sanctuarium Nostrae Dominae a Rosario (Ordo Praedicatorum),Chiquinquirá,Tunquensis,Tunja,Colombia,1927-08-18,1919,,high,Act II begins on printed p. 18 (the passage page marker is 19). 'nuperque anno MDCCCCXIX per Capituli Vaticani decretum ipsa imago Virginis sollemni pompa aureo diademate redimita affulsit.' The act spells the place 'Chinquinquira' (modern Chiquinquirá) and calls the Virgin 'Virginis Columbiae Reginae'. Printed in AAS vol. 20 (1928); the act itself is dated 18 August 1927.
AAS,20,1928,320,IV,Litterae Apostolicae,Pius PP. XI,"AAS 20 (1928), p. 320",https://www.vatican.va/archive/aas/documents/AAS-20-1928-ocr.pdf,retrospective_attestation,"ECCLESIA ORDINIS CARMELITARUM, ARENZANI IN ARCHIDIOECESI IANUENSI, PUERO IESU PRAGENSI SACRA, BASILICAE MINORIS HONORIBUS CONDECORATUR.","Pragensem Pueri Iesu Imaginem christifideles omnes non modo quidem in Pragensi ecclesia a Carmelitis nuncupata, sed etiam multis aliis in locis, ubique terrarum, colunt et celebrant",Sacra Infantis Pragensis effigies,,Infant Jesus,"Templum Puero Iesu Pragensi dicatum, Carmelitarum Excalceatorum",Arenzano,Ianuensis,Genoa,Italy,1928-05-06,1924-02-24,"Raphael S. R. E. Cardinalis Merry del Val, Archipresbyter Capituli Vaticani",high,"Coronation attested: 'quam anno MDCCCCXXIV die XXIV Februarii, aureo gemmatoque diademate per decretum Patriarchalis Sacrosanctae Basilicae Vaticanae Capituli, dilectus filius Noster Raphael ... Cardinalis Merry del Val ... sollemni ritu ... coronavit'. Crowning done by the Archpriest of the Vatican Chapter (not strictly a papal legate); classified as retrospective attestation within the basilica minor act. Passage printed_page 321; act opens on p. 320."
AAS,20,1928,351,VIII,Litterae Apostolicae,Pius PP. XI,"AAS 20 (1928), p. 351",https://www.vatican.va/archive/aas/documents/AAS-20-1928-ocr.pdf,retrospective_attestation,"BASILICAE MINORIS TITULO AUGETUR ECCLESIA B. M. V. AB ANGELO SALUTATAE, IN SUBURBIO LEZAJEK DIOECESIS PREMISLIENSIS LAT.","Constat apprime templum ab Annuntiatione B. Mariae Virginis Deiparae, quod in suburbio Lezajelc dioecesis Premisliensis Latinorum situm",imago Beatae Mariae Virginis Infantem Iesum ulnis ferentis,Matka Boża Pocieszenia (Our Lady of Leżajsk),Blessed Virgin Mary,Ecclesia/sanctuarium ab Annuntiatione B. Mariae Virginis (Order of Friars Minor),Leżajsk (suburbium),Premisliensis Latinorum,Przemyśl (Latin rite),Poland,1928-07-10,1752-09-08,,medium,"Basilica Minor act; states the miraculous image in the right-hand chapel, together with the Divine Child, was crowned 'aureo ac pretioso diademate celeberrima pompa' on 8 Sept 1752 by Bishop Venceslaus comes Sierakowski 'de Apostolica autoritate, ac de mandato Benedicti PP. XIV'. OCR gives the place as 'Lezajek'/'Lezajelc' (= Leżajsk). Country from the text's own 'universa Polonia'. Vernacular title supplied from the shrine's identity, not from the text. Act begins on printed p. 351 (passage flagged at p. 352, where the coronation clause falls)."
AAS,21,1929,183,VI,Litterae Apostolicae,Pius PP. XI,"AAS 21 (1929), p. 183",https://www.vatican.va/archive/aas/documents/AAS-21-1929-ocr.pdf,retrospective_attestation,"TITULUS ET HONORES BASILICAE MINORIS TRIBUUNTUR SANCTUARIO CAPRIMONTENSI BEATAE MARIAE GRATIARUM, ORDINIS CARMELITARUM EXCALCEATORUM, INTRA FINES DIOECESIS LEODIENSIS.","Leodiensis dioecesis intra fines Carmelitarum Discalceatorum exstat, e religiosa provincia Brabantina, conventus Caprimontensis, cui annexum est templum",Beata Maria Virgo Mater Gratiarum,Notre-Dame de Chèvremont,Blessed Virgin Mary,Sanctuarium Caprimontense B. M. V. Matris Gratiarum (Discalced Carmelites),Chèvremont,Leodiensis,Liège,Belgium,1928-08-24,1923,,high,"Basilica Minor act; small statue of the BVM holding the Infant Jesus, placed by the Jesuits on the hill of Chèvremont, 'quam, nomine ac mandato Nostro, anno MCMXXIII Leodiensium Episcopus pretioso diademate sollemniter redimivit'. Country inferred from diocese of Liège and the Archbishop of Mechelen named as commender. Act begins on printed p. 183; coronation clause falls on p. 184."
AAS,22,1930,267,III,Litterae Apostolicae,Pius PP. XI,"AAS 22 (1930), p. 267",https://www.vatican.va/archive/aas/documents/AAS-22-1930-ocr.pdf,retrospective_attestation,"ECCLESIA CATHEDRALIS SUESSANA, SUB TITULO SS. APOSTOLORUM PETRI ET PAULI, HONORIBUS BASILICAE MINORIS AUGETUR.","Suessanae in Auruncis civitatis cathedrale templum, quod loco vetustissimae ecclesiae, quae inibi exsistebat, initiis saeculi post Christum natum decimisecundi erectum est","Prodigiosa imago Beatae Mariae Virginis, populi Suessani Advocata",,Blessed Virgin Mary,Ecclesia cathedralis Suessana SS. Apostolorum Petri et Pauli,Sessa Aurunca,Suessana,Sessa Aurunca,Italy,1929-11-18,1904,,high,"Coronation attested: 'Imagini vero ipsi Episcopus Suessanus vigore facultatum, quas eidem Patriarchalis Basilicae Vaticanae ... Capitulum concessit, anno MDCCCCIV mense Septembri auream coronam solemniter imposuit' - i.e. September 1904, by the Bishop of Sessa with faculties granted by the Vatican Chapter; day not given."
AAS,23,1931,7,I,Litterae Apostolicae,Pius PP. XI,"AAS 23 (1931), p. 7",https://www.vatican.va/archive/aas/documents/AAS-23-1931-ocr.pdf,retrospective_attestation,B. M. V. IMMACULATA SUB TITULO « APPARECIDA » PRINCIPALIS PATRONA BRASILIAE CONSTITUITUR.,"Ab Archiepiscopo Sancti Sebastiani Fluminis Ianuarii ceterisque Archiepiscopis, Episcopis, Praelatis atque Apostolicis Praefectis Brasiliae rogati sumus",Beata Maria sub titulo de Apparecida,Nossa Senhora da Conceição Aparecida,Blessed Virgin Mary,templum ingenti mole conspicuum in quo antiqua effigies servatur (shrine of Apparecida),,,,Brazil,1930-07-16,1904,,medium,"Patron-declaration act; states the simulacrum was crowned 'decreto Capituli sacrosanctae Patriarchalis Vaticanae Basilicae, anno quinquagesimo recurrente a definitione dogmatica de Immaculato Virginis Conceptu, aurea corona' — i.e. 1854+50 = 1904, corroborated by the act's own reference to the 25th year since that solemn coronation. Coronation year is computed, not printed. OCR of the vernacular title is corrupt ('Fossa Berihora de Gonceigao Apparecida'). No locality or diocese named in the act."
AAS,23,1931,44,IV,Litterae Apostolicae,Pius PP. XI,"AAS 23 (1931), p. 44",https://www.vatican.va/archive/aas/documents/AAS-23-1931-ocr.pdf,retrospective_attestation,"TEMPLUM TERSACTENSE B. M. V. MATRIS GRATIARUM IN DIOECESI SEGNIENSI, TITULO HONORIBUSQUE AUGETUR BASILICAE MINORIS.","Dioecesis Segniensis et Modrusiensis intra fines, in loco vulgo Trsat nuncupato, exstat sub titulo Beatae Mariae Virginis Matris Gratiarum Tersactense sanctuarium",Beata Maria Virgo Mater Gratiarum Tersactensis,Majka Božja Trsatska (Our Lady of Trsat),Blessed Virgin Mary,Sanctuarium Tersactense B. M. V. Matris Gratiarum (Friars Minor),Trsat,Segniensis et Modrusiensis,Senj-Modruš,Croatia,1930-07-07,,,medium,"Basilica Minor act; the image sent by Urban V is said to have been crowned: 'Sanctae Romanae Ecclesiae Cardinalis Marcus Antonius Barbarigo aurea corona solemni ritu decoravit'. No date given and papal authority not stated explicitly, though the crowning cardinal implies the usual Vatican Chapter procedure. Modern country inferred (text says Croatia/Iugoslavia); vernacular title supplied, not in the text. Act begins on printed p. 44; coronation clause on p. 45."
AAS,23,1931,153,II,Litterae Apostolicae,Pius PP. XI,"AAS 23 (1931), p. 153",https://www.vatican.va/archive/aas/documents/AAS-23-1931-ocr.pdf,retrospective_attestation,"SANCTUARIUM B. M. V. DE BONO SUCCURSU PAROECIAE DE LABLACHÈRE, DIOECESIS VIVARIENSIS INTRA FINES, BASILICAE MINORIS TITULO HONORIBUSQUE AUGETUR.",Dioecesis Vivariensis intra fines in paroecia de Lablachere conspicuum exstat sanctuarium sub titulo Beatae Mariae Virginis a Bono Succursu,Beata Maria Virgo de Bono Succursu,Notre-Dame de Bon Secours,Blessed Virgin Mary,Sanctuarium B. M. V. de Bono Succursu (Oblates of Mary Immaculate),Lablachère,Vivariensis,Viviers,France,1930-08-24,1880,,high,Basilica Minor act granted on the fiftieth anniversary of the coronation: 'quodque prodigiis gratiisque clarum aureo diademate anno MDCCCLXXX Apostolica auctoritate coronatum est'. Country inferred from the diocese of Viviers and the French place name.
AAS,24,1932,335,I,Litterae Apostolicae,Pius PP. XI,"AAS 24 (1932), p. 335",https://www.vatican.va/archive/aas/documents/AAS-24-1932-ocr.pdf,retrospective_attestation,CATHEDRALE TEMPLUM SENOGALLIENSE HONORIBUS BASILICAE MINORIS AUGETUR.,"Senogalliensi in civitate exstat templum cathedrale in honorem Sancti Petri Apostoli Deo dicatum, quod loco prioris cathedralis",Beata Maria Virgo a Spe,Madonna del Duomo,Blessed Virgin Mary,Templum cathedrale S. Petri Apostoli,Senigallia,Senogalliensis,Senigallia,Italy,1932-05-03,,,medium,"Basilica Minor act; 'In eodem autem templo imago colitur, suo in magnificentissimo sacello, Beatae Mariae Virginis a Spe, quam iam sacrosanctae Basilicae Vaticanae Capitulum aureo diademate redimivit'. No coronation date given. Country inferred from Senigallia."
AAS,24,1932,364,II,Litterae Apostolicae,Pius PP. XI,"AAS 24 (1932), p. 364",https://www.vatican.va/archive/aas/documents/AAS-24-1932-ocr.pdf,retrospective_attestation,TITULO PRIVILEGIISQUE MINORIS BASILICAE INSIGNITUR TEMPLUM CONLEGIALE B. M. V. IN CIVITATE FRIBURGENSI HELVETIORUM.,"A venerabili fratre Lausannensium, Genevensium et Friburgensium Episcopo edocemur Friburgi in Helvetia antiquum et celebre titulo Nostrae Dominae conlegiale templum exstare",Beatae Mariae Virginis simulacrum (Nostrae Dominae),Notre-Dame de Fribourg,Blessed Virgin Mary,Templum conlegiale Nostrae Dominae,Fribourg,"Lausannensis, Genevensis et Friburgensis","Lausanne, Genève et Fribourg",Switzerland,1932-05-18,,,high,"Basilica Minor act; 'in quo Beatae Mariae Virginis simulacrum, iam nomine atque auctoritate rec. mem. Decessoris Nostri Leonis Pp. XIII aureo diademate coronatum, servatur et colitur'. Coronation date not given (under Leo XIII, 1878-1903). Country explicit in the text ('in Helvetia')."
AAS,25,1933,242,X,Litterae Apostolicae,Pius PP. XI,"AAS 25 (1933), p. 242",https://www.vatican.va/archive/aas/documents/AAS-25-1933-ocr.pdf,retrospective_attestation,"TITULO ET HONORIBUS BASILICAE MINORIS AUGETUR TEMPLUM B. M. V. SIDERIBUS RECEPTAE, QUOD EXSTAT TRAIECTI IN DIOECESI RUREMONDENSI.","Ruremondensis dioecesis intra fines, Traiecti in civitate, templum exstat paroeciale Beatae Mariae Virginis in caelum Assumptae in honorem Deo dicatum",Beata Maria Virgo sub titulo « Stellae Maris »,Sterre der Zee (Star of the Sea),Blessed Virgin Mary,Templum paroeciale B. M. V. in caelum Assumptae,Maastricht,Ruremondensis,Roermond,Netherlands,1933-02-20,1912,,medium,"Basilica Minor act; 'statua servatur Beatae Mariae Virginis sub titulo « Stellae Maris », quae iam ab anno MDCCCCXII, auctoritate Apostolica, aurea corona sollemniter redimita est'. 'Traiectum' here = Maastricht (diocese of Roermond); locality and country inferred, not spelled out. OCR renders the diocese as 'Euremondensis'/'Buremondensium'. Act begins on printed p. 242; coronation clause on p. 243."
AAS,26,1934,223,II,Litterae Apostolicae,Pius PP. XI,"AAS 26 (1934), p. 223",https://www.vatican.va/archive/aas/documents/AAS-26-1934-ocr.pdf,papal_legate_deputation,R. P. D. FRANCISCUS M. SERRAND EPISCOPUS BRIOCENSIS DEPUTATUR AD AUREA CORONA DONANDUM SIMULACRUM B. M. V. « DE LA DÉLIVRANCE » OPPIDI QUENTIN.,"Uti ad Nos attulisti, in loco « Quentin » in tuae dioecesis intra fines sito, insigne exstat sanctuarium mariale sub titulo Beatae Mariae Virginis de la Délivrance",Beata Maria Virgo de la Délivrance,Notre-Dame de la Délivrance,Blessed Virgin Mary,Sanctuarium/templum paroeciale B. M. V. de la Délivrance,Quentin,Briocensis,Saint-Brieuc,France,1933-08-15,,"Franciscus M. Serrand, Episcopus Briocensis",high,"The Pope commits to the Bishop of Saint-Brieuc that he himself crown the image 'die per te statuendo, post sollemnia Missarum, per te ipsum, servatis servandis, Nostro nomine et auctoritate, sollemni ritu aurea corona redimias' — date left to the bishop, so no coronation date. The immediately preceding act (I, pp. 222-223, same date) raises the same church to a minor basilica. Country inferred from the diocese of Saint-Brieuc."
AAS,26,1934,298,II,Epistola,Pius PP. XI,"AAS 26 (1934), p. 298",https://www.vatican.va/archive/aas/documents/AAS-26-1934-ocr.pdf,papal_legate_deputation,"AD EMUM P. D. ALAFRIDUM ILDEFONSUM TIT. SS. SILVESTRI ET MARTINI IN MONTIBUS S. R. E. PRESBYTERUM CARDINALEM SCHUSTER, MEDIOLANENSIUM ARCHIEPISCOPUM: QUEM MITTIT LEGATUM AD SOLEMNIA DECIES SAECULARIA ABBATIAE EINSIDLENSIS.","Non levi animi delectatione nuper intelleximus de sollemnibus decies saecularibus, quae Einsidlenses monachi in honorem Deiparae « eremitarum Dominae » appellatae summo studio apparare contendunt",prodigiosum « eremitarum Dominae » simulacrum,Unsere Liebe Frau von Einsiedeln (Our Lady of the Hermits),Blessed Virgin Mary,Templum et coenobium Einsidlense (Benedictine abbey of Einsiedeln),Einsiedeln,,,Switzerland,1934-03-21,,"Alafridus Ildefonsus S. R. E. Card. Schuster, Archiepiscopus Mediolanensis",medium,"Letter deputing Cardinal Schuster as Legate: '... et prodigiosum « eremitarum Dominae » simulacrum, tanta populi veneratione excultum, nomine Nostro Nostraque auctoritate sollemni coronae impositione exornes.' No coronation date stated; the rites were to take place 'proxime' during the 1934 millenary celebrations of the abbey. Country and locality inferred from 'Einsidlensis' (Einsiedeln); the letter names no diocese. OCR 'mtelleximus' repaired to 'intelleximus'."
AAS,27,1935,44,V,Litterae Apostolicae,Pius PP. XI,"AAS 27 (1935), p. 44",https://www.vatican.va/archive/aas/documents/AAS-27-1935-ocr.pdf,retrospective_attestation,"BEATISSIMA VIRGO MARIA LAPURDENSIS, PATRONA PRAECIPUA CONSTITUITUR OPPIDI ET VICARIATUS A « STELLA » IN DIOECESI SAVONENSI.",Edocemur admodum esse in votis clero populoque civitatis Stella nec non eodem nomine vicariatus foranei in finibus dioecesis Savonensis,simulacrum Beatae Mariae Virginis Lapurdensis,Madonna di Lourdes,Blessed Virgin Mary,Ecclesia matrix Sancti Martini Episcopi,Stella,Savonensis,Savona,Italy,1934-07-16,1909,,medium,Patron-declaration act; 'idemque simulacrum anno millesimo nongentesimo nono aureo diademate redimitum esse' (1909). The act does NOT state by whose authority the crowning was done — a checker should verify it was a papal/Vatican Chapter coronation. Act date: the OCR reads 'anno MDCCCXXXIV' but the pontifical year ('decimo tertio') fixes 1934; die xvi mensis Iulii = 16 July 1934. Country inferred from the diocese of Savona.
AAS,27,1935,328,I,Litterae Apostolicae,Pius PP. XI,"AAS 27 (1935), p. 328",https://www.vatican.va/archive/aas/documents/AAS-27-1935-ocr.pdf,retrospective_attestation,"SANCTUARIUM B. M. V. VULGO « DE MONTE SION » NUNCUPATUM, IN DIOECESI NANCEIENSI ET TULLENSI, BASILICIS MINORIBUS ACCENSETUR.","Seiuntensi in monte, vulgo Sion nuncupato, Dioecesis Tullensis intra fines, iam saeculo decimo fere exeunte, parva admodum exstabat Deiparae Virginis in honorem Deo dicata sacra aedes",Beata Virgo Maria a Monte Sion (Nostra Domina de Monte Sion),Notre-Dame de Sion,Blessed Virgin Mary,Sanctuarium B. M. V. de Monte Sion (Oblatorum B. M. V. Immaculatae),"Mons Sion (Sion-Vaudémont), Lotharingia",Nanceiensis et Tullensis,Nancy-Toul,France,1933-06-25,1873,Cardinalis Archiepiscopus Bisuntinus (Summi Pontificis Legatus; name not stated),high,"Coronation attested twice: 'post sollemnem coronationem a rec. mem. Decessore Nostro Pio Pp. IX decretam, atque anno MDCCCLXXIII a Cardinali Archiepiscopo Bisuntino Summi Pontificis Legato peractam' and 'hoc anno, sexagesimo ab eadem simulacri Deiparae sollemni pontificia coronatione'. The Legate is identified only by see (Besançon). Vernacular title is the standard French form of the Latin 'de Monte Sion'; locality given by the act as 'Seiuntensi in monte, vulgo Sion' in Lorraine. Passage printed_page 329; act opens on p. 328."
AAS,27,1935,403,II,Litterae Apostolicae,Pius PP. XI,"AAS 27 (1935), p. 403",https://www.vatican.va/archive/aas/documents/AAS-27-1935-ocr.pdf,papal_legate_deputation,EMUS P. D. ALEXIUS HENRICUS M. TIT. SANCTAE SUSANNAE S. R. E. PRESB. CARDINALIS LÉPICIER DEPUTATUR AD AUREA CORONA ORNANDUM SIMULACRUM B. MARIAE V. « TA PINU » NUNCUPATAE IN EIUSDEM BASILICA DIOECESIS GAUDISIENSIS.,"Marianum exstat Sanctuarium insigne Gaudisiensis dioecesis intra fines, quod iam Basilicae Minoris titulo privilegiisque Nos ipsi Litteris Apostolicis Nostris",Imago Beatae Mariae Virginis in caelum Assumptae sub titulo « ta Pinu »,Our Lady of Ta' Pinu,Blessed Virgin Mary,Basilica B. Mariae V. « ta Pinu »,,Gaudisiensis,Gozo,Malta,1935-05-24,,"Alexius Henricus Maria S. R. E. Card. Lépicier, tit. Sanctae Susannae",high,"Cardinal Lépicier, already Legate to the Regional Council of Malta, is charged 'ut arbitrio eius eligendo die ... aureum diadema Nostro nomine et auctoritate imponat' — day left to the legate, so no coronation date. The painting is described as by Stephanus Amedeus de Perusia, 1619. The act itself recalls that the sanctuary was made a minor basilica by Litterae Apostolicae of 31 Aug. 1932. No town named (the shrine is at Għarb); country inferred from the diocese of Gozo and the reference to the neighbouring diocese of Malta."
AAS,28,1936,155,I,Litterae Apostolicae,Pius PP. XI,"AAS 28 (1936), p. 155",https://www.vatican.va/archive/aas/documents/AAS-28-1936-ocr.pdf,retrospective_attestation,"TEMPLUM DEI GENITRICI, ANGELORUM REGINAE, IN URBE CARTAGO, INTRA FINES ARCHIDIOECESIS S. IOSEPHI DE COSTARICA DICATUM, TITULO AC PRIVILEGIIS BASILICAE MINORIS DECORATUR.",Constat ex pluribus praeclaris documentis Rempublicam Costaricensem summa religione colere Beatissimam Virginem Mariam eamque peculiari honore prosequi.,"Beata Maria Virgo ab Angelis, Angelorum Regina",,Blessed Virgin Mary,"Sanctuarium Marianum B. Mariae Virginis ab Angelis (templum Dei Genitrici, Angelorum Reginae, dicatum)",Cartago,S. Iosephi de Costarica (archidioecesis),San Jose de Costa Rica,Costa Rica,1935-07-26,1924,,high,"Basilica Minor grant; the coronation is stated in passing: 'anno MCMXXIV, saeculo primo exeunte ab hac solemni renuntiatione, eiusdem Virginis Imago a Ven. Capitulo Patriarchalis Vaticanae Basilicae S. Petri aureo diademate redimita est' - i.e. crowned by the Vatican Chapter, not by a papal legate. Incipit has OCR noise ('Constat ex pluribus JU... ~*.e prae-claris documentis'); noise silently dropped. Vernacular title (Nuestra Senora de los Angeles) is not in the text."
AAS,28,1936,266,I,Epistola,Pius PP. XI,"AAS 28 (1936), p. 266",https://www.vatican.va/archive/aas/documents/AAS-28-1936-ocr.pdf,papal_personal_coronation,"AD EXCMUM P. D. PASCHALEM RIGHETTI, EPISCOPUM SAVONENSEM ET NAULENSEM, QUARTO EXEUNTE SAECULO A MANIFESTATIONE DOMINAE NOSTRAE A MISERICORDIA IN SACRARIO PROPE SAVONENSEM URBEM VENERATAE.","Inter clarissima delubra, Beatae Mariae Virgini dicata, istud profecto templum refertur, quod prope nobilem urbem Savonensem in honorem Dominae nostrae a Misericordia conditum est",Domina Nostra a Misericordia,,Blessed Virgin Mary,Sanctuarium Dominae Nostrae a Misericordia (prope urbem Savonensem),Savona,Savonensis et Naulensis,Savona-Noli,Italy,1935-07-16,1815-05-10,,high,"Letter for the fourth centenary of the 1536 apparition to Antonio Botta. Coronation recorded: 'simulacrum Virginis, ibidem religiose excultum, ab ipso Romano Pontifice corona est redimitum. Quod quidem contigit, quum Pius VII ... die x Maii anno MDCCCXV ...' and later 'dies x Maii, quo Virginis simulacro aurea corona per augustas manus imposita est'. Passage printed_page is 267, but the act plainly begins on p. 266 (verified against the volume text); page 266 used. Rubric OCR 'NOSTRA®' repaired to 'NOSTRAE'."
AAS,28,1936,303,II,Decretum (Sacra Congregatio Rituum),Pius PP. XI,"AAS 28 (1936), p. 303",https://www.vatican.va/archive/aas/documents/AAS-28-1936-ocr.pdf,papal_personal_coronation,"SAVONEN. BEATIFICATIONIS ET CANONIZATIONIS SERVAE DEI MARIAE IOSEPHAE ROSSELLO, E TERTIO ORDINE S. FRANCISCI, FUNDATRICIS FILIARUM DOMINAE NOSTRAE A MISERICORDIA.","Beatissimam Virginem, Misericordiae Matrem, Savonensi civitati ac Dioecesi, singulari dilectione favisse, insignia documenta testantur.","Beatissima Virgo, Misericordiae Mater (Domina Nostra a Misericordia)",,Blessed Virgin Mary,"Sanctuarium Dominae Nostrae a Misericordia, prope Savonam",Savona,Savonensis,Savona-Noli,Italy,1936-03-19,,,high,"Decree on the heroic virtues of Maria Giuseppa Rossello; mentions in passing that Pius VII crowned the Savona image with his own hand after his return from France: 'venerandus Pontifex Eiusdem simulacrum aurea corona sua manu redimivit' (OCR 'redimi vit'). No date given here; the parallel Epistola of the same volume (p. 266) dates it 10 May 1815. Datum taken from p. 305 of the volume: 'Datum Romae, in festivitate S. Ioseph C, 19 Martii a. D. 1936'."
AAS,30,1938,218,I,Litterae Apostolicae,Pius PP. XI,"AAS 30 (1938), p. 218",https://www.vatican.va/archive/aas/documents/AAS-30-1938-ocr.pdf,retrospective_attestation,"TEMPLUM SSMI CORDIS IESU ET B. MARIAE V. DE MONTE CARMELO IN ARCHIDIOECESI ET CIVITATE S. IACOBI DE CHILE ERECTUM, BASILICAE MINORIS TITULO AC PRIVILEGIIS HONESTATUR.",Edocet Nos Venerabilis Frater Sancti Iacobi de Chile Archiepiscopus in archiepiscopali sua civitate perinsigne templum exstare sub titulo Sanctissimi Salvatoris,Imago Beatissimae Virginis de Monte Carmelo,,Blessed Virgin Mary,"Templum Sanctissimi Salvatoris, ad honorem Sacratissimi Cordis Iesu dicatum",Santiago,Sancti Iacobi de Chile,Santiago de Chile,Chile,1938-03-03,1926,,high,"Coronation attested: 'ita ut Imaginem eandem pretioso etiam diademate, vota omnium exsolvens, Legatus Noster anno millesimo nongentesimo vicesimo sexto redimierit'. The papal Legate who crowned the image is not named."
AAS,30,1938,231,I,Decretum (Sacra Congregatio Rituum),Pius PP. XI,"AAS 30 (1938), p. 231",https://www.vatican.va/archive/aas/documents/AAS-30-1938-ocr.pdf,papal_personal_coronation,"SAVONEN. BEATIFICATIONIS ET CANONIZATIONIS VENERABILIS SERVAE DEI MARIAE IOSEPHAE ROSSELLO E TERTIO ORDINE S. FRANCISCI, FUNDATRICIS INSTITUTI FILIARUM NOSTRAE DOMINAE A MISERICORDIA.","S. Augustinus illud psalmi commentans: Deus meus misericordia mea, «O nomen, scribit, sub quo nemini desperandum est!»",Beata Virgo a Misericordia,,Blessed Virgin Mary,,Savona,Savonensis,Savona-Noli,Italy,1938-05-26,,,high,"'Tuto' decree for the beatification of M. G. Rossello; passing attestation: 'ob tenerrimam religionem erga Beatam Virginem a Misericordia, cuius veneranda imago Savonae a Pio VII sa. me. non multis ante annis aureo diademate fuerat redimita'. 'Non multis ante annis' is relative to 1837. Passage printed_page 232, but the decree begins on p. 231 (verified in the volume text); p. 231 used. Datum: 'ex Arce Gandulphi, diei 26 maii a. D. 1938'."
AAS,30,1938,406,,Litterae Apostolicae,Pius PP. XI,"AAS 30 (1938), p. 406",https://www.vatican.va/archive/aas/documents/AAS-30-1938-ocr.pdf,papal_personal_coronation,"VENERABILIS DEI FAMULA MARIA IOSEPHA ROSSELLO E TERTIO ORDINE S. FRANCISCI, FUNDATRIX INSTITUTI FILIARUM NOSTRAE DOMINAE A MISERICORDIA, BEATA RENUNTIATUR.","Misericordia Domini plena est terra sed multae quidem misericordiae omnibus invocantibus Eum, quoniam Ipse est gloria virtutis illorum",Beata Maria a Misericordia (Nostra Domina de Misericordia),,Blessed Virgin Mary,,Savona,Savonensis,Savona-Noli,Italy,1938-11-06,,,high,"Beatification brief of M. G. Rossello. Passing attestation: 'sub tutissimo Beatae Mariae a Misericordia, cuius veneranda Imago Savonae a Pio Pp. VII rec. mem. Decessore Nostro haud multis ante annis aureo diademate fuerat redimita'. The act actually begins on printed p. 405 (rubric and incipit read there in the volume text); the coronation sentence is on p. 406, which is kept as aas_page. Datum read on p. 410: 'die vi m. Novembris, an. MCMXXXVIII'."
AAS,32,1940,39,II,Litterae Apostolicae,Pius PP. XII,"AAS 32 (1940), p. 39",https://www.vatican.va/archive/aas/documents/AAS-32-1940-ocr.pdf,retrospective_attestation,TEMPLUM NOSTRAE DOMINAE A TABULIS INTER FINES CIVITATIS AC DIOECESIS MONTIS PESSULANI HONORIBUS BASILICAE MINORIS INSIGNITUR.,"Montis Pessulani in civitate in honorem Nostrae Dominae a Tabulis exstat ecclesia quae vetustate, molis amplitudine atque artis operibus, quibus est exornata, excellit.",Nostra Domina a Tabulis,,Blessed Virgin Mary,Ecclesia Nostrae Dominae a Tabulis,Montpellier (Mons Pessulanus),Montis Pessulani,Montpellier,France,1939-10-11,,,high,"Basilica Minor grant. Attestation: 'Huiusmodi vero Beatae Virginis simulacrum, gratiis miraculisque clarum ... nomine Decessoris Nostri Leonis Pp. XIII aurea corona decoratum est' (OCR reads 'decora-tur, est'). Crowned in the name of Leo XIII, so between 1878 and 1903; no date given. The image is an 11th-cent. black wooden statue of the Virgin with the Infant Jesus. Passage printed_page 40, but the act begins on p. 39 (rubric visible in the context before the p. 40 running head). Country confirmed by the text's reference to the 'Gallicae Revolutionis' eversores; vernacular title (Notre-Dame des Tables) is not in the text."
AAS,32,1940,484,III,Litterae Apostolicae,Pius PP. XII,"AAS 32 (1940), p. 484",https://www.vatican.va/archive/aas/documents/AAS-32-1940-ocr.pdf,retrospective_attestation,"BASILICAE MINORIS HONORIBUS DECORATUR TEMPLUM-SANCTUARIUM BEATAE MARIAE VIRGINIS DE « COPACABANA », INTRA FINES DIOECESIS PACENSIS IN BOLIVIA.","Bolivianae ditionis intra fines, in dioecesi Pacensi, exstat antiquum templum-sanctuarium Beatae Mariae Virginis de « Copacabana »",Deiparae Virginis statua de « Copacabana »,,Blessed Virgin Mary,Templum-sanctuarium B. M. V. de Copacabana (Ordinis Minorum),Copacabana,Pacensis,La Paz,Bolivia,1940-07-02,,,medium,"Coronation mentioned only in passing and without date or agent: 'Deiparae Virginis statua in eodem honorifice servatur, quam recentiori tempore sollemniter etiam aureo diademate redimitam, boliviani christifideles peculiari cultu venerantur'. Papal authority for the crowning is not explicitly stated, hence medium confidence."
AAS,32,1940,543,II,Litterae Apostolicae,Pius PP. XII,"AAS 32 (1940), p. 543",https://www.vatican.va/archive/aas/documents/AAS-32-1940-ocr.pdf,papal_coronation_act,"BEATA MARIA VIRGO SUB TITULO «DEL CORO», CORONA REDIMITA, CIVITATIS SANCTI SEBASTIANI IN DIOECESI HISPANIAE VICTORIENSI PATRONA DECLARATUR.",Urbis Sancti Sebastiani intra fines Victoriensis dioecesis in ecclesia paroeciali matrici Sanctae Mariae iam ab annis multis religiosissime asservatur imago Beatae Virginis Mariae vulgo «Virgen del Coro» nuncupata,Beata Maria Virgo a Choro (sub titulo «del Coro»),Virgen del Coro,Blessed Virgin Mary,Ecclesia paroecialis matrix Sanctae Mariae,San Sebastian (Urbs Sancti Sebastiani),Victoriensis,Vitoria,Spain,1940-07-16,,,high,"Combined patron-declaration and coronation grant: the Bishop of Vitoria is charged to crown the image in the Pope's name on a day of his own choosing - 'Venerabili Fratri Victoriensium Episcopo eas partes committimus, ut arbitrio suo eligendo die ... Imaginem Beatae Virginis a Choro praedictam per se ipsum vel per ecclesiasticum virum in dignitate constitutum, et ab eodem deputandum, iuxta ritum formulamque praescripta aureo diademate, servatis servandis, Nostro nomine et auctoritate, post Missarum sollemnia, redimiat'. No legate is named (the ordinary or his delegate). Incipit ('Urbis Sancti Sebastiani') confirmed by the volume index on p. 583."
AAS,32,1940,545,IV,Litterae Apostolicae,Pius PP. XII,"AAS 32 (1940), p. 545",https://www.vatican.va/archive/aas/documents/AAS-32-1940-ocr.pdf,retrospective_attestation,"BEATA MARIA VIRGO SUB TITULO DE «OCOTLAN» TOTIUS ARCHIDIOECESIS ANGELORUM, MEXICANA IN DITIONE, PATRONA COELESTIS CONFIRMATUR.","Mexicana in ditione archidioecesis Angelorum intra fines exstat Sanctuarium Beatae Mariae Virginis de «Ocotlan» nuncupatae, quam christifideles regionis impense devoteque colunt.",Beata Maria Virgo Immaculata de Ocotlan,,Blessed Virgin Mary,Sanctuarium B. Mariae Virginis de Ocotlan,Ocotlan (provincia Tlaxcalensis),Angelorum (archidioecesis; olim dioecesis de Tlaxcala),Puebla de los Angeles,Mexico,1940-09-08,,,high,"Patron confirmation. Attestation: 'iam rec. mem. Decessorem Nostrum Pium Pp. X aureo diademate decrevisse Sacram Imaginem Beatae Mariae Immaculatae in sanctuario de Ocotlan servatae coronari' - so the coronation was decreed by Pius X (1903-1914); no date given. The act was issued on the occasion of the 4th centenary of the finding of the image, to be commemorated in 1941."
AAS,33,1941,326,II,Litterae Apostolicae,Pius PP. XII,"AAS 33 (1941), p. 326",https://www.vatican.va/archive/aas/documents/AAS-33-1941-ocr.pdf,retrospective_attestation,"ARCHIPRESBYTERALE TEMPLUM, CIVITATIS AC DIOECESIS COMENSIS INTRA FINES, IN HONOREM S. GEORGII MARTYRIS DEO DICATUM, TITULO BASILICAE MINORIS CONDECORATUR.","Comensi in civitate ac dioecesi exstat antiquum templum archipresbyterale in honorem Sancti Georgii Martyris Deo dicatum, quod Sancti Euthychii Episcopi Comensis titulo etiam honestatur",Nostra Domina a Sacro Corde (Iesu),,Blessed Virgin Mary,Templum archipresbyterale S. Georgii Martyris,Como,Comensis,Como,Italy,1941-02-11,,"Andreas Carolus Ferrari, S.R.E. Cardinalis, Archiepiscopus Mediolanensis",high,"Basilica Minor grant. Attestation: 'Nostrae Dominae a Sacro Corde simulacrum, quod eadem in ecclesia custoditur, magni pretii coronis redimitum, quas nomine Decessoris Nostri Benedicti Pp. XV, pretiosorum quoque lapidum quibus ipsae coronae sunt contextae munifici donatoris, Sanctae Romanae Ecclesiae Cardinalis recolendae memoriae Andreas Ferrari, Mediolanensium Archiepiscopus uti Legatus imposuit'. OCR reads 'Andreas Perrari' and 'redimitimi'; repaired. Crowned in the name of Benedict XV (so 1914-1921, Ferrari d. Feb. 1921); no date given. Passage printed_page 327, but the act begins on p. 326 (verified in the volume text)."
AAS,33,1941,447,,Litterae Apostolicae,Pius PP. XII,"AAS 33 (1941), p. 447",https://www.vatican.va/archive/aas/documents/AAS-33-1941-ocr.pdf,retrospective_attestation,"ECCLESIA CATHEDRALIS CAIAMARCENSIS, TITULO B. MARIAE VIRG. «A VALLE», BASILICAE MINORIS PRIVILEGIIS HONORIBUSQUE AUGETUR.","Postulat a Nobis Venerabilis Frater Catamarcensium Episcopus, intra fines Reipublicae Argentinae, quinquagesimi anni occasione ab imposita corona aurea, qua statua Beatae Mariae Virginis a Valle ... redimita fuit",Beata Maria Virgo a Valle,,Blessed Virgin Mary,Ecclesia Cathedralis Catamarcensis,Catamarca,Catamarcensis,Catamarca,Argentina,1941-07-02,1891,,high,"Basilica Minor grant made on the fiftieth anniversary of the crowning: 'quinquagesimi anni occasione ab imposita corona aurea, qua statua Beatae Mariae Virginis a Valle, in templo Cathedrali suo servata, redimita fuit'. coronation_date 1891 is computed from that fifty-year interval (act dated 1941), not stated explicitly - please verify. Rubric OCR 'CAIAMARCENSIS' for 'CATAMARCENSIS'; the body reads 'Catamarcensium Episcopus'. Datum reads 'die u m. Iulii' (= II, 2 July). No act numeral: the section heading is a bare 'LITTERAE APOSTOLICAE'."
AAS,33,1941,482,I,Litterae Apostolicae,Pius PP. XII,"AAS 33 (1941), p. 482",https://www.vatican.va/archive/aas/documents/AAS-33-1941-ocr.pdf,retrospective_attestation,"TEMPLUM SANCTI FRANCISCI ASSISIENSIS SEU SANCTUARIUM B. MARIAE VIRG. IMMACULATAE, IN CIVITATE AGRIGENTINA EXSTANS, BASILICIS MINORIBUS ACCENSETUR.",Refert ad Nos Venerabilis Frater Agrigentinus Episcopus intra fines civitatis suae episcopalis conspicuum titulo Sancti Francisci Assisiensis templum exstare,Beata Maria Virgo Immaculata,,Blessed Virgin Mary,"Templum Sancti Francisci Assisiensis, seu Sanctuarium B. Mariae Virginis Immaculatae",Agrigento,Agrigentina,Agrigento,Italy,,1940,,medium,"Basilica Minor act; coronation attested in passing: 'anno proxime elapso Marianum ipsum simulacrum, Decreto Capituli Sacrosanctae Basilicae Vaticanae aurea corona est honestatum'. Coronation year 1940 derived from 'anno proxime elapso' relative to the act's year (MCMXXXXI); the year itself is not printed. Act day OCR-damaged: 'die rr m. Iulii, an. MCMXXXXI' (probably 'die II'), so act_date left null. Venerated image is a wooden statue ('veneranda lignea statua')."
AAS,34,1942,32,III,Litterae Apostolicae,Pius PP. XII,"AAS 34 (1942), p. 32",https://www.vatican.va/archive/aas/documents/AAS-34-1942-ocr.pdf,retrospective_attestation,"BASILICAE MINORIS HONORIBUS DECORATUR TEMPLUM IN HONOREM S. MARTINI EP. DEO DICATUM SEU SANCTUARIUM DEIPARAE A MONTE CARMELO, IN URBE BONONIENSI ORDINI FRATRUM CARMELITARUM CONCREDITUM.","Bononiensi in urbe templum in honorem Sancti Martini Episcopi Deo dicatum exstat, curis ministerioque concreditum Ordinis Fratrum Carmelitarum",Beata Maria Virgo de Monte Carmelo,,Blessed Virgin Mary,"Templum Sancti Martini Episcopi, seu Sanctuarium Deiparae a Monte Carmelo",Bologna,Bononiensis,Bologna,Italy,1941-08-28,1704,,high,"Passage printed_page was 33; the act begins on printed p. 32, used here. Text: 'quodque aureo diademate, Capituli Vaticani decreto iam anno millesimo septingentesimo quarto exornatum, ab hodierno Archiepiscopo ... Ioanne Baptista S.R.E. Cardinali Nasalli Rocca di Corneliano iterum anno millesimo nongentesimo trigesimo nono decoratum est' — i.e. first crowned 1704 by decree of the Vatican Chapter, re-crowned 1939 by Card. Nasalli Rocca."
AAS,34,1942,220,II,Litterae Apostolicae,Pius PP. XII,"AAS 34 (1942), p. 220",https://www.vatican.va/archive/aas/documents/AAS-34-1942-ocr.pdf,papal_coronation_act,"BEATA MARIA VIRGO, SUB TITULO « DE URIBARRI », QUAE IN OPPIDO « DURANGO » VICTORIENSIS DIOECESIS VENERATUR, TOTIUS ARCHIPRESBYTERALIS REGIONIS DURANGUENSIS PATRONA COELESTIS DECLARATUR.","Victoriensis dioecesis intra fines, in oppidi « Durango » nuncupati templo archipresbyterali, Imago quaedam Beatae Mariae Virginis religiosissime colitur sub populari titulo « de Uribarri »",Beata Maria Virgo de Uribarri,Nuestra Señora de Uribarri,Blessed Virgin Mary,Templum archipresbyterale de Durango,Durango (Vizcaya),Victoriensis,Vitoria,Spain,1942-05-01,,,high,"Patron declaration that also grants the coronation: 'ut Imaginem eandem corona Nomine Nostro redimiri decerneremus ... ipsi Venerabili Fratri Episcopo titulo Siandensi, Victoriensis dioecesis Apostolico Administratori, eas partes committimus ut Imaginem ... aureo diademate, nomine atque auctoritate Nostris, sollemniter redimiat'. The executor is the titular Bishop of 'Siandensis', Apostolic Administrator of Vitoria; his personal name is not given in the act, so legate left null. Date of coronation left to him ('die ab eodem statuendo'). Passage printed_page was 221; act begins on printed p. 220. Vernacular title supplied as the Spanish form of the Latin 'de Uribarri' (only the Latin form appears)."
AAS,35,1943,251,,Litterae Apostolicae,Pius PP. XII,"AAS 35 (1943), p. 251",https://www.vatican.va/archive/aas/documents/AAS-35-1943-ocr.pdf,retrospective_attestation,"PAROECIALIS CONLEGIATAQUE ECCLESIA, IN « TAGGIA » INTRA FINES VENTIMILIENSIS DIOECESIS, SUB TITULO SANCTORUM IACOBI ET PHILIPPI ERECTA, DIGNITATE AC TITULO BASILICAE MINORIS DECORATUR.","Ventimiliensium Episcopus Nos edocet castri satis perspicui, quod intra fines dioecesis suae « Taggia » nuncupant, paroecialem titulo sanctorum Iacobi et Philippi ecclesiam",Sacrum Cor Immaculatum Beatae Mariae Virginis,,Blessed Virgin Mary,Ecclesia paroecialis et conlegiata Sanctorum Iacobi et Philippi (Sanctuarium Mariale),Taggia,Ventimiliensis,Ventimiglia,Italy,1943-02-12,1856,,high,"Basilica Minor act; coronation attested in passing: 'apud Sanctuarium eiusdem thaumaturgae imaginis, quae iam anno millesimo octingentesimo quinquagesimo sexto aurea corona exornata est'. Image described as 'Sacri Cordis Immaculati Beatae Mariae Virginis simulacrum'; no crowning authority named."
AAS,35,1943,359,,Nuntius radiophonicus,Pius PP. XII,"AAS 35 (1943), p. 359",https://www.vatican.va/archive/aas/documents/AAS-35-1943-ocr.pdf,retrospective_attestation,"NUNTIUS RADIOPHONICUS A BEATISSIMO PATRE, DIE XXXI MENSIS OCTOBRIS ANNO MCMXXXXIII, IN FESTO D. N. IESU CHRISTI REGIS, CHRISTIFIDELIBUS DATUS, OB III CONVENTUM EUCHARISTICUM E TOTA PERUVIANA NATIONE IN URBE TRUXILLENSI COADUNATIS",,,Virgen de la Puerta,Blessed Virgin Mary,,,,,Peru,1943-10-31,1943,,medium,"Radio message of Pius XII closing the 3rd Peruvian National Eucharistic Congress at Trujillo. Spanish original, p. 356: 'para que Tu, Virgen de la Puerta, solemnemente coronada el pasado miercoles'; Italian version, p. 359 (this passage): 'Tu, Vergine della Puerta, incoronata solennemente lo scorso mercoledi'. The source names only the devotional title, never an image, and does not state under whose authority the crowning took place; it is the Pope himself who acknowledges it, and the Congress was presided by his Legate. The act begins on p. 353 (Spanish) with the Italian version beginning p. 357; the rubric above is transcribed from p. 353, not from this passage. 'Last Wednesday' relative to the stated act date (31 October 1943, a Sunday) would be 27 October 1943, but the passage does not give a date, so only the year is recorded. Also greeted in the same sentence is 'Nuestra Senora del Socorro' of Huanchaco, of whom no crowning is said."
AAS,36,1944,152,II,Decretum (Sacra Rituum Congregatio),Pius PP. XII,"AAS 36 (1944), p. 152",https://www.vatican.va/archive/aas/documents/AAS-36-1944-ocr.pdf,retrospective_attestation,"NEAPOLITANA. BEATIFICATIONIS ET CANONIZATIONIS VENERABILIS SERVI DEI PLACIDI BACCHER, SACERDOTIS SAECULARIS E TERTIO ORDINE S. DOMINICI. SUPER DUBIO","In Neapolitana civitate, fecunda Servorum Dei altrice, e nobili prosapia, ortus est Placidus Baccher die 5 Aprilis a. 1781 eodemque die baptizatus est",Simulacrum Beatissimae Virginis (Immaculatae Conceptionis),,Blessed Virgin Mary,Ecclesia « Gesù Vecchio »,Naples,Neapolitana,Naples,Italy,1944-02-27,,,medium,"Decree on the heroic virtues of Ven. Placido Baccher; coronation mentioned only in passing: '...atque erga Beatissimam Virginem, cuius immaculati conceptus doctrinam, ante dogmaticam definitionem, strenue defendit, cuius etiam simulacrum in sua Ecclesia veneratum, a Vaticano Capitulo corona decorandum curavit'. No date; the image is the one venerated in the church 'Gesù Vecchio' in Naples of which Baccher was rector. Passage printed_page 153; decree opens on p. 152."
AAS,37,1945,254,III,Epistula,Pius PP. XII,"AAS 37 (1945), p. 254",https://www.vatican.va/archive/aas/documents/AAS-37-1945-ocr.pdf,retrospective_attestation,"AD EMUM P. D. RODRIGUUM S. R. E. CARD. VILLENEUVE, ARCHIEPISCOPUM QUEBECENSEM, QUEM LEGATUM MITTIT AD CONVENTUM MARIALEM AD SANCTUARIUM B. MARIAE VIRGINIS GUADALUPENSIS MEXICOPOLI CELEBRANDUM.","Mater spei et gratiae Deipara Virgo cum ubique terrarum sacraria, ubi perpeti benignitate filiis alumnisque suis cuiuslibet generis solamina largitur",B. Virginis Mariae Guadalupensis effigies,Nuestra Señora de Guadalupe,Blessed Virgin Mary,Templum Guadalupense,Mexico City,,Mexico City,Mexico,1945-09-24,1895,,medium,"Letter deputing Card. Villeneuve as Legate to the Marian Congress (NOT to a coronation); it attests the earlier coronation in passing: 'cum quinquagesimus feliciter plenus annus decurrat, ex quo B. Virginis Mariae effigies aureo serto redimita est'. Coronation year 1895 is computed from the fiftieth year running in 1945, not stated verbatim; day/month not given. Legate field left null because the deputation is for the congress, not the crowning. Passage printed_page 255; letter opens on p. 254."
AAS,37,1945,264,II,Nuntius radiophonicus,Pius PP. XII,"AAS 37 (1945), p. 264",https://www.vatican.va/archive/aas/documents/AAS-37-1945-ocr.pdf,retrospective_attestation,"CHRISTIFIDELIBUS DATUS DIE XII MENSIS OCTOBRIS A. MCMXLV, OB MARIALEM CONVENTUM AD SANCTUARIUM B. MARIAE V. GUADALUPENSI MEXICOPOLI COADUNATIS","Venerables Hermanos y amados hijos que, reunidos en torno a la persona de Nuestro dignisimo Cardenal Legado, conmemorais los cincuenta anos de la coronacion canonica de la Virgen de Guadalupe",B. Maria V. Guadalupensis,Virgen de Guadalupe,Blessed Virgin Mary,"Sanctuarium B. Mariae V. Guadalupensis (the Basilica, 'la Basilica, recien restaurada')",Mexicopolis (Mexico City),,,Mexico,1945-10-12,1895-10-12,,high,"Radio message for the Marian congress marking the fiftieth anniversary of the canonical coronation of the Virgin of Guadalupe: 'conmemorais los cincuenta anos de la coronacion canonica de la Virgen de Guadalupe' and 'Hace hoy cincuenta anos ... cuando sobre aquella frente angelical resplandecio la aurea corona'. Coronation date derived from 'today fifty years ago' relative to the act date 12 October 1945. Body is in Spanish, so incipit_latin holds the Spanish opening verbatim (accents lost in OCR). The Cardinal Legate is not named in the text. The act begins on this page (264); the same act continues to p. 267, where a further papal act is recorded separately."
AAS,37,1945,267,II,Nuntius radiophonicus,Pius PP. XII,"AAS 37 (1945), p. 267",https://www.vatican.va/archive/aas/documents/AAS-37-1945-ocr.pdf,papal_personal_coronation,"CHRISTIFIDELIBUS DATUS DIE XII MENSIS OCTOBRIS A. MCMXLV, OB MARIALEM CONVENTUM AD SANCTUARIUM B. MARIAE V. GUADALUPENSI MEXICOPOLI COADUNATIS",,B. Maria V. Guadalupensis,Virgen de Guadalupe,Blessed Virgin Mary,Sanctuarium B. Mariae V. Guadalupensis (the Basilica),Mexicopolis (Mexico City),,,Mexico,1945-10-12,1945-10-12,,medium,"Same act as AAS-37-1945-ocr#g264 (act begins on p. 264; this passage carries pp. 266-268). Pius XII, speaking in the first person to the congress gathered round his Cardinal Legate, says: 'Nos, a quien la admirable disposicion de la Divina Providencia confio ... el sagrado tesoro de la divina sabiduria en la tierra ... Nos colocamos hoy de nuevo sobre tus sienes la corona, que pone para siempre bajo tu poderoso patrocinio la pureza y la integridad de la santa fe en Mejico y en todo el continente americano'. This is a re-crowning (a new crown placed 'de nuevo') declared by the Pope by radio while an unnamed Cardinal Legate presided in person, not a first canonical coronation and not a coronation performed by the Pope's own hand; classified papal_personal_coronation because the Pope himself states he places the crown. The source never uses a word for 'image', naming only the devotional title."
AAS,38,1946,264,,Nuntius radiophonicus,Pius PP. XII,"AAS 38 (1946), p. 264",https://www.vatican.va/archive/aas/documents/AAS-38-1946-ocr.pdf,retrospective_attestation,"NUNTIUS RADIOPHONICUS A BEATISSIMO PATRE, DIE XIII MENSIS MAII A. MCMXLVI, LUSITANIAE CHRISTIFIDELIBUS DATUS, SOLLEMNIA CELEBRANTIBUS AD SANCTUARIUM B. MARIAE V. A FATIMA, AUREA CORONA NOMINE SUMMI PONTIFICIS REDIMITAE.",,B. Maria V. a Fatima,Nossa Senhora de Fátima,Blessed Virgin Mary,Sanctuarium B. Mariae V. a Fatima,Fátima,,,Portugal,1946-05-13,1946-05-13,,high,"Assigned passage is the volume index (printed p. 461); the document itself is the radio message at printed p. 264, used as aas_page. Body is Portuguese: 'por mäo do Nosso Cardeal Legado, acabamos de coroar a Imagem taumaturga' — the Pope crowned the image through an unnamed Cardinal Legate, so legate left null. Country explicit ('Lusitaniae christifidelibus'). Classified retrospective_attestation because the document is a homiletic radio message attesting the coronation just performed, not the deputation act itself."
AAS,38,1946,376,I,Epistula,Pius PP. XII,"AAS 38 (1946), p. 376",https://www.vatican.va/archive/aas/documents/AAS-38-1946-ocr.pdf,papal_legate_deputation,"AD EMUM P. D. BENEDICTUM TIT. SANCTAE MARIAE IN VALLICELLA S. R. E. PRESBYTERUM CARDINALEM ALOISI MASELLA, QUEM LEGATUM MITTIT AD CORONAM APPONENDAM SIMULACRO B. MARIAE V. DE FATIMA.","Celeberrima sollemnia, quae abhinc annos quattuor flagrantissima animorum pietate in honorem Beatae Mariae Virginis de Fatima a Lusitaniae fidelibus peracta sunt",Perinsignis imago Nostrae Dominae de Fatima,Nossa Senhora de Fátima,Blessed Virgin Mary,Sanctuarium de Fatima (Cova da Iria),Fátima,,,Portugal,1946-04-28,1946-05-13,Benedictus S. R. E. Cardinalis Aloisi Masella,high,"Reached from the back-of-volume index passage (p. 494: 'Coronatio: ... simulacri B. Mariae V. de Fatima, 267, 376'); the act itself is the Epistula on p. 376: 'perinsignem imaginem Nostrae Dominae de Fatima sollemni ritu coronandam censuimus ... Legatum Nostrum deligimus ac renuntiamus, ut in Sanctuario de Fatima inditam Beatae Mariae Imaginem nomine Nostro Nostraque auctoritate aureo diademate exornes'. The coronation itself is recorded in the papal radio message of 13 May 1946, AAS 38 (1946) pp. 264-267, rubric 'NUNTIUS RADIOPHONICUS ... SOLLEMNIA CELEBRANTIBUS AD SANCTUARIUM B. MARIAE V. A FATIMA, AUREA CORONA NOMINE SUMMI PONTIFICIS REDIMITAE' ('por mão do Nosso Cardeal Legado, acabamos de coroar a Imagem taumaturga'). Diocese (Leiria) not named in either text."
AAS,39,1947,439,,Litterae Apostolicae,Pius PP. XII,"AAS 39 (1947), p. 439",https://www.vatican.va/archive/aas/documents/AAS-39-1947-ocr.pdf,retrospective_attestation,"ECCLESIA PRAEPOSITURALIS SANCTI VICTORIS MARTYRIS, IN OPPIDO VULGO «MISSAGLIA» NUNCUPATO, INTRA FINES MEDIOLANENSIS ARCHIDIOECESIS, BASILICAE MINORIS TITULO AC DIGNITATE DECORATUR.","Piissima eximiaque, intra Archidioeceseos Mediolanensis fines, regio, cui vulgo « Brianza » est nomen, splendida praedita est gemma",Simulacrum Beatae Mariae Virginis in Caelum Assumptae,,Blessed Virgin Mary,Ecclesia Praeposituralis Sancti Victoris Martyris (Sanctuarium),Missaglia,Mediolanensis,Milan,Italy,1946-07-30,,,low,"Basilica Minor act; the only coronation reference is 'sollemni caerimonia integri saeculi, primi ex quo Cultui patet Praeposituralis Ecclesia, tertii ab Incoronatane [= Incoronatione] Simulacri' — i.e. the August 1947 celebrations mark the third centenary of the crowning of the statue (so c. 1647), but no year and NO papal authority are stated, hence low confidence; a checker should decide whether it belongs in scope. Passage printed_page is 441; the act opens on printed p. 439, used as aas_page. Country inferred from 'Archidioeceseos Mediolanensis'. Church name OCR'd 'Praeposituralis'."
AAS,39,1947,627,II,Nuntius radiophonicus,Pius PP. XII,"AAS 39 (1947), p. 627",https://www.vatican.va/archive/aas/documents/AAS-39-1947-ocr.pdf,retrospective_attestation,A SUMMO PONTIFICE CHRISTIFIDELIBUS DATUS OB CONVENTUM MARIALEM E TOTA ARGENTINA IN URBE LUJAN COADUNATIS.,,,La Pura y Limpia Concepción del Río Luján (Nuestra Señora de Luján),Blessed Virgin Mary,Santuario de Nuestra Señora de Luján (basilica with two towers),Luján,,,Argentina,1947-10-12,1887,,high,"The passage recalls marble tablets in the sanctuary commemorating 'la solemne coronación de 1887 — la primera en América' and the 1930 recognition of her Patrocinio over the lands of the Plata. Only the year 1887 is given. Act begins on printed page 627 (rubric visible in context); the passage's own printed_page is 628. Body in Spanish, no Latin incipit."
AAS,40,1948,102,,Litterae Apostolicae,Pius PP. XII,"AAS 40 (1948), p. 102",https://www.vatican.va/archive/aas/documents/AAS-40-1948-ocr.pdf,papal_personal_coronation,CATHEDRALIS ECCLESIA DEO IN HONOREM SANCTI MICHAELIS ARCHANGELI DICATA IN CIVITATE AC DIOECESI SANCTI ANGELI IN VADO TITULO AC DIGNITATE BASILICAE MINORIS DECORATUR.,"Arridet in caelis Beatissima Deipara Virgo Maria « quasi aurora consurgens », « pulchra ut luna, electa ut sol »",Virgo Maria « a Planctu »,Madonna del Pianto,Blessed Virgin Mary,Sacellum B. Mariae Virginis « a Planctu » (the Basilica title is granted to the Cathedral of St Michael Archangel),Sant'Angelo in Vado,Sancti Angeli in Vado,Sant'Angelo in Vado,Italy,1947-08-12,1947-08-11,,high,"Pius XII crowned the image with his own hand at Castel Gandolfo: 'Simulacrum Virginis Mariae « a Planctu » aureo diademate ipsa manu Nostra redimire voluimus in Arce Gandulphi die xi huius mensis Augusti'; the act is 'Datum ex Arce Gandulphi ... die xii mensis Augusti, anno MCMXXXXVII', so the coronation date is 11 Aug 1947. Passage printed_page was 103; act begins on printed p. 102."
AAS,40,1948,239,IV,Litterae Apostolicae,Pius PP. XII,"AAS 40 (1948), p. 239",https://www.vatican.va/archive/aas/documents/AAS-40-1948-ocr.pdf,retrospective_attestation,"ECCLESIA DEO IN HONOREM SANCTI SYRI, IN CIVITATE « SANREMO », VENTIMILIENSIS DIOECESIS DICATA, HONORIBUS BASILICAE MINORIS INSIGNITUR.","« Vere non est hic aliud, nisi domus Dei et porta Caeli ». Quod recte dicitur de qualibet aede sacra, etiam in angusto vico remota",Beata Maria Virgo de Rosario,Madonna del Rosario,Blessed Virgin Mary,"Ecclesia Sancti Syri (paroecialis et collegiata), Marialis Sanctuarii titulo pollens",Sanremo,Ventimiliensis,Ventimiglia,Italy,1947-10-07,1946-10,"Federicus Tedeschini, S.R.E. Cardinalis, Archipresbyter of the Vatican Basilica",medium,"Basilica Minor act; coronation attested in passing: 'quamque, superiore anno, mense Octobri, Dilectus Filius Noster Fridericus S.R.E. Presbyter Cardinalis Tedeschini ... aurea corona sollemniter redimivit'. 'superiore anno' relative to the act date (7 Oct 1947) gives October 1946; the year is not printed, hence medium confidence. Image is the 'Effigies Beatae Mariae Virginis de Rosario, Urbis Patronae'; vernacular title supplied as the Italian form of the Latin."
AAS,40,1948,290,,Litterae Apostolicae,Pius PP. XII,"AAS 40 (1948), p. 290",https://www.vatican.va/archive/aas/documents/AAS-40-1948-ocr.pdf,retrospective_attestation,"SANCTUS NICOLAUS BARENSIS, EP. ET CONF., CIVITATIS AC DIOECESIS RIOIENSIS, IN REPUBLICA ARGENTINA, PRIMUS AC PRAECIPUUS PATRONUS CAELESTIS CONSTITUITUR.","Perennem esse Religionem a Christo Domino revelatam, hoc et de fide est, et a saeculari Ecclesiae historia comprobatum",Antiquum Simulacrum Sancti Nicolai Barensis,,"other (St Nicholas of Bari, Bishop and Confessor)","Sanctuarium S. Nicolai Barensis, ecclesia cathedralis Rioiensis",La Rioja,Rioiensis,La Rioja,Argentina,1946-12-06,1920,,high,"Patron-declaration act attesting the crowning: '...usque ad Decessorem Nostrum Pius Pp. X, fel. rec., qui, anno MCMXIII, aureum diadema, a semetipso benedictum, donavit, ut Eiusdem Simulacro imponeretur; quod tamen serius factum est, anno MCMXX, Decessore Nostro Benedicto Pp. XV ... feliciter regnante.' Crowned image is of a saint, not of the Virgin. Letter dated 1946 but printed in AAS vol. 40 (1948); the act carries no roman numeral (single Litterae Apostolicae in that issue). Passage printed_page 291; act opens on p. 290."
AAS,40,1948,362,I,Litterae Apostolicae,Pius PP. XII,"AAS 40 (1948), p. 362",https://www.vatican.va/archive/aas/documents/AAS-40-1948-ocr.pdf,retrospective_attestation,"AD TITULUM AC DIGNITATEM BASILICAE MINORIS EVEHITUR TEMPLUM B. MARIAE V. A SACRATISSIMO ROSARIO IN URBE « TALPA », DIOECESIS TEPICENSIS, EXSTANS","Mirum in modum conspicitur, in loco eminens perexcelso atque edito, in parva urbe « Talpa » vulgo nuncupata, Tepicensis intra fines dioecesis, pulcherrimum Deo in honorem Beatissimae Virginis Mariae a Sacratissimo Rosario dicatum Sanctuarium",Beatissima Virgo Maria a Sacratissimo Rosario,,Blessed Virgin Mary,Sanctuarium (Templum) B. Mariae V. a Sacratissimo Rosario,Talpa,Tepicensis,Tepic,Mexico,1946-11-27,1923,,high,"Basilica Minor elevation that attests the crowning in passing: 'Re vera ipsa Deiparae Virginis Imago, pretiosissima in Templo gemma, aureo fulgens diademate, quo sollemniter anno MCMXXIII per Capituli Vaticani decretum redimita est'. The act begins on printed p. 362 (this passage's printed_page is 364, the middle of a three-page window); the diadem sentence stands on p. 363. Rubric OCR read 'TEMPLUMR. MARIAE V.'; repaired to 'TEMPLUM B. MARIAE V.'. The vernacular title (Nuestra Senora del Rosario de Talpa) is not given in the text, so the field is left null. Country inferred from the diocese of Tepic and the intervention of Aloisius Maria Martinez, Archiepiscopus Mexicanus, both named in the act."
AAS,40,1948,363,I,Litterae Apostolicae,Pius PP. XII,"AAS 40 (1948), p. 363",https://www.vatican.va/archive/aas/documents/AAS-40-1948-ocr.pdf,retrospective_attestation,"AD TITULUM AC DIGNITATEM BASILICAE MINORIS EVEHITUR TEMPLUM B. MARIAE V. A SACRATISSIMO ROSARIO IN URBE « TALPA », DIOECESIS TEPICENSIS, EXSTANS.","Mirum in modum conspicitur, in loco eminens perexcelso atque edito, in parva urbe « Talpa » vulgo nuncupata, Tepicensis intra fines dioecesis",Beata Maria Virgo a Sacratissimo Rosario,Nuestra Señora del Rosario de Talpa,Blessed Virgin Mary,Sanctuarium B. Mariae Virginis a Sacratissimo Rosario,Talpa (Talpa de Allende),Tepicensis,Tepic,Mexico,1946-11-27,1923,,high,"Basilica Minor act; coronation attested in passing: 'ipsa Deiparae Virginis Imago ... aureo fulgens diademate, quo sollemniter anno MCMXXIII per Capituli Vaticani decretum redimita est'. Country inferred from the diocese of Tepic and the commendation of the Archbishop of Mexico ('Archiepiscopi Mexicani'). Vernacular title is the Spanish form of the Latin title; the act gives only 'Talpa' and the Latin title."
AAS,40,1948,445,II,Litterae Apostolicae,Pius PP. XII,"AAS 40 (1948), p. 445",https://www.vatican.va/archive/aas/documents/AAS-40-1948-ocr.pdf,retrospective_attestation,"ECCLESIA PAROECIALIS, GODII IN ARCE MANTUANAE DIOECESIS EXTANS, DEO IN HONOREM B. MARIAE V. VULGO « MADONNA DELLA SALUTE » DICATA, BASILICIS MINORIBUS ACCENSETUR.","Ut pretiosissima gemma in aureo anulo sic Ecclesia, in qua pervetusta Imago Beatae Mariae Virginis sub titulo v. « Madonna della Salute » ditissimo fulget diademate",Beata Maria Virgo vulgo « Madonna della Salute » (olim « del terraglio »),Madonna della Salute,Blessed Virgin Mary,Ecclesia paroecialis B. Mariae Virginis « Madonna della Salute »,Castel Goffredo (Godium),Mantuana,Mantua,Italy,1946-08-15,1945-11-04,"Adeodatus Ioannes Piazza, S.R.E. Cardinalis, Patriarch of Venice",high,"Basilica Minor act recording a coronation carried out in the Pope's name: 'ditissimo fulget diademate Eidem sollemniter imposito Nostro Nomine die iv mensis Novembris superioris anni a Dilecto Filio Nostro Adeodato Ioanne S.R.E. Presbytero Cardinali Piazza, Venetiarum Patriarcha' — and later 'auctoritate Nostra, per similes Apostolicas Litteras die xxix mensis Octobris eiusdem anni sub anulo Piscatoris datas, aurea corona gemmata ... sollemniter redimita est fictilis perantiqua Imago'. 'superioris anni' relative to the act (15 Aug 1946) gives 4 Nov 1945; the enabling Apostolic Letters are dated 29 Oct 1945. Terracotta image found within the walls of the castle of Godium in 1702, popularly 'del terraglio'. Passage printed_page was 447; act begins on printed p. 445. 'Godium' is Castel Goffredo (Mantua) — identification inferred from 'Godii in arce ... in ripa Mincii ... Gonzaga Marchionum'."
AAS,40,1948,448,III,Litterae Apostolicae,Pius PP. XII,"AAS 40 (1948), p. 448",https://www.vatican.va/archive/aas/documents/AAS-40-1948-ocr.pdf,retrospective_attestation,"AD DIGNITATEM ET HONOREM BASILICAE MINORIS EVEHITUR ECCLESIA PAROECIALIS DEO IN HONOREM S. MARTINI DICATA ET IN CIVITATE POSITA, CUI NOMEN VULGO « HAL », INTRA FINES ARCHIDIOECESIS MECHLINIENSIS.","Paroecialis Ecclesiae, Deo in honorem Sancti Martini dicatae, intra fines Archidioecesis Mechliniensis, in civitate cui nomen Hallae, vulgo « Hal » exstantis",Beata Maria Virgo Hallensis,Notre-Dame de Hal / Onze-Lieve-Vrouw van Halle,Blessed Virgin Mary,Ecclesia paroecialis Sancti Martini,Halle (Hal),Mechliniensis,Mechelen,Belgium,1946-08-15,1874-10-04,,high,"Basilica Minor act; coronation attested in passing: 'Inclyta Imago diademate redimita fuit, nomine Pii Pp. IX, ab Archiepiscopo Mechliniensi die iv mensis Octobris anno MDCCCLXXIV'. The crowning Archbishop of Mechelen is not named, so legate left null. Country explicit ('in Belgio'). Passage printed_page was 449; act begins on printed p. 448. Vernacular forms supplied from the act's own 'Notre Dame de Hai' (OCR for 'Hal') and the town name."
AAS,40,1948,494,III,Litterae Apostolicae,Pius PP. XII,"AAS 40 (1948), p. 494",https://www.vatican.va/archive/aas/documents/AAS-40-1948-ocr.pdf,retrospective_attestation,"ECCLESIA COLLEGIALIS B. MARIAE V., VULGO DICTA « DE SAN JUAN DE LOS LAGOS », INTRA FINES ARCHIDIOECESIS GUADALAJARENSIS, HONORIBUS BASILICAE MINORIS INSIGNITUR.","De historia Ecclesiae Collegialis B. Mariae Virginis vulgo dictae « de San Juan de los Lagos », de nobili eius structurae genere, pulchritudine, maiestate",Beata Maria Virgo « de San Juan »,Nuestra Señora de San Juan de los Lagos,Blessed Virgin Mary,Ecclesia Collegialis B. Mariae Virginis « de San Juan de los Lagos »,San Juan de los Lagos,Guadalaiarensis,Guadalajara,Mexico,1947-05-01,,,high,"Basilica Minor act; coronation attested in passing: 'Diademate pretiosissimo ipsa Imago Beatae Mariae Virginis « de San Juan » benigna concessione rec. mem. Decessoris Nostri Pii Pp. X, per Decretum Capituli Vaticani, redimita fuit'. No year is given for the coronation. Country ('Mexicanae ditionis Praesulum') from the act itself."
AAS,40,1948,540,III,Litterae Apostolicae,Pius PP. XII,"AAS 40 (1948), p. 540",https://www.vatican.va/archive/aas/documents/AAS-40-1948-ocr.pdf,retrospective_attestation,"TEMPLUM IN HONOREM B. MARIAE VIRGINIS, MATRIS DESERTORUM, DEO VALENTIAE IN HISPANIA DICATUM, PRIVILEGIIS BASILICAE MINORIS HONESTATUR.","Valentiam, quae ceteras inter Hesperiae civitates pulchra est appellata, pulcherrimum excolit templum, in honorem Beatae Mariae Virginis, titulo Matris Desertorum, aedificatum","Beata Maria Virgo, Mater Desertorum",Nuestra Señora de los Desamparados / Mare de Déu dels Desamparats,Blessed Virgin Mary,"Templum B. Mariae Virginis Matris Desertorum, vulgo « Regalis Cappella »",Valencia,Valentina,Valencia,Spain,1948-04-21,1923,,high,"Basilica Minor act; coronation attested in passing: 'Anno denique mcmxxiii Imago veneranda, maximo universi populi gaudio, ex indulto Pii PP. XI aurea corona canonice redimita est'; the act also notes the Archbishop's plan to consecrate the church in the coming May on the 25th anniversary of the crowning. Country explicit in the rubric ('Valentiae in Hispania'). Vernacular titles supplied as the Spanish/Valencian forms of 'Mater Desertorum'."
AAS,41,1949,490,II,Litterae Apostolicae,Pius PP. XII,"AAS 41 (1949), p. 490",https://www.vatican.va/archive/aas/documents/AAS-41-1949-ocr.pdf,retrospective_attestation,"BASILICAE MINORIS HONORIBUS DECORATUR ECCLESIA CATHEDRALIS VIRDUNENSIS, IN GALLIA.","Mirabile itidemque haud commune privilegium vetustae Virodunensi Ecclesiae Cathedrali, in Gallia, eminentissimus Deus largitus est","Marianum Simulacrum, sub nomine Dominae Nostrae « de Prodigiis » seu « de Viroduno »",Notre-Dame de Verdun (Notre-Dame des Prodiges),Blessed Virgin Mary,Ecclesia Cathedralis Virodunensis,Verdun,Virodunensis,Verdun,France,1947-09-08,1946-06-02,,high,"Basilica Minor act for Verdun cathedral; the coronation clause falls on printed p. 491, but the act opens on p. 490, so aas_page is the act's start page. Coronation clause: 'Marianum praesertim Simulacrum, quod ibidem magna devotione colitur, per Venerabilem Fratrem Angelum Iosephum Roncalli, Mesembrianum titularem Archiepiscopum, Apostolicum in Gallia Nostrum Nuntium, postridie Kalendas Iunias superiore anno, corona auro gemmisque distincta redimitum fuit.' Crowned not by a deputed Legate but by the Apostolic Nuncio to France, Angelo Giuseppe Roncalli (later John XXIII), hence 'legate' left null. coronation_date derived: 'postridie Kalendas Iunias' = 2 June; 'superiore anno' relative to the act's Datum (8 Sept 1947) = 1946 — verify. OCR of the rubric reads 'VIRDU-NENSIS' (line-break); correct form is presumably VIRODUNENSIS. Vernacular title is a rendering of the Latin 'Dominae Nostrae de Prodigiis seu de Viroduno'; not given in the text."
AAS,41,1949,541,II,Litterae Apostolicae,Pius PP. XII,"AAS 41 (1949), p. 541",https://www.vatican.va/archive/aas/documents/AAS-41-1949-ocr.pdf,retrospective_attestation,TITULO ET PRIVILEGIIS BASILICAE MINORIS DITATUR ECCLESIA CATHEDRALIS CIVITATIS AC DIOECESIS FAVENTINAE.,"« Faventia fidelis » : conciso hoc uno dicto iure meritoque appellanda atque, prout nomen ipsum suadere videtur",Beata Maria Virgo « Maria opifera » seu « gratiarum »,Madonna delle Grazie,Blessed Virgin Mary,"Ecclesia Cathedralis Sancti Petri Apostoli, in Sacello B. Mariae Virginis",Faenza,Faventina,Faenza,Italy,1949-02-11,1931,"Michael Lega, S.R.E. Cardinalis",high,"Basilica Minor act; coronation attested in passing: 'cuius Imaginem rec. mem. faventinus Sanctae Romanae Ecclesiae Cardinalis Michael Lega, proximi Decessoris Nostri nomine, aurea corona, anno MCMXXXI, sollemniter redimivit' — i.e. crowned 1931 by Cardinal Michele Lega in the name of Pius XI. Passage printed_page was 542; act begins on printed p. 541. Vernacular title supplied as the Italian form of 'Maria gratiarum'."
AAS,42,1950,174,II,Litterae Apostolicae,Pius PP. XII,"AAS 42 (1950), p. 174",https://www.vatican.va/archive/aas/documents/AAS-42-1950-ocr.pdf,retrospective_attestation,BEATA MARIA VIRGO A « VALLEVIRIDE » CIVITATIS AC DIOECESIS ALGHERIENSIS PATRONA CAELESTIS AEQUE PRINCIPALIS DECLARATUR.,"Augustissimam coeli Reginam, gratiarum omnium apud Deum sequestram, miserentissimam exsulum Hevae filiorum consolatricem, in universo catholico orbe, hac lacrimabili maiorum tempestate",Beatissima Virgo a « Valleviride »,Madonna di Valverde,Blessed Virgin Mary,Sanctuarium Vallisviridis (sanctuary of Valverde); the coronation itself took place in the cathedral of Alghero,Alghero,Algheriensis,Alghero,Italy,1949-03-25,1948,,medium,"Patron-declaration act; coronation attested in passing on printed p. 175: « Quem Sanctissimae Deiparae triumphum conclusit sollemnis memoratae Imaginis coronatio, ex concessione Capituli Patriarchalis Basilicae Vaticanae, in Templo Cathedrali Algheriensi peracta ». Crowned by concession of the Vatican Chapter, not by a papal act. The year is not stated; the surrounding narrative places it in 'superiore anno' relative to the Datum of 25 March 1949, hence 1948 — verify. The candidate passage is keyed to printed p. 175; the act begins on p. 174, which is cited here. OCR rubric reads 'VALLEYTRIDE' (repaired to VALLEVIRIDE)."
AAS,42,1950,544,I,Litterae Apostolicae,Pius PP. XII,"AAS 42 (1950), p. 544",https://www.vatican.va/archive/aas/documents/AAS-42-1950-ocr.pdf,retrospective_attestation,"ECCLESIA PAROECIALIS DEO IN HONOREM « NOSTRAE DOMINAE » DICATA, IN CIVITATE « GRAY » ARCHIDIOECESIS BISUNTINAE POSITA, PRIVILEGIIS BASILICAE MINORIS HONESTATUR.","Insigne pietatis, historiae artisque monumentum Ecclesiam paroecialem, Deo in honorem « Nostrae Dominae » civitatis vulgo « Gray » dicatam",Nostra Domina civitatis « Gray »,Notre-Dame de Gray,Blessed Virgin Mary,Ecclesia paroecialis Nostrae Dominae,Gray,Bisuntina,Besançon,France,1948-07-16,1909,,high,"Basilica Minor act; coronation attested in passing: 'cujus prodigiosum Simulacrum cives ipsi atque peregrini summa pietate venerantur, praesertim ex quo auctoritate ac nomine fel. rec. Decessoris Nostri Pii Pp. X, anno MCMIX, corona aurea redimitum fuit' (OCR prints 'MCMTX' for MCMIX). Country explicit ('intra Bisuntinae Archidioeceseos fines in Gallia')."
AAS,42,1950,591,II,Litterae Apostolicae,Pius PP. XII,"AAS 42 (1950), p. 591",https://www.vatican.va/archive/aas/documents/AAS-42-1950-ocr.pdf,retrospective_attestation,"BEATA MARIA VIRGO, « MADONNA DEL PONTELUNGO » NUNCUPATA, CIVITATIS AC DIOECESIS ALBINGANENSIS PATRONA CAELESTIS DECLARATUR EIUSDEMQUE FESTUM CERTA DIE STATUITUR.","Qua Augustus Imperator Arociae fluvio in finibus Ingaunorum sublimen et artificiosum iniecerat pontem, ut viatorum commoditati consuleret",Beata Maria Virgo a « Ponte Longo »,Madonna del Pontelungo,Blessed Virgin Mary,Templum Beatae Mariae Virginis a « Ponte Longo »,Albenga,Albinganensis,Albenga,Italy,1949-07-08,,,low,"Patron-declaration act. The only crowning statement is 'Hoc quippe Simulacrum, septies usque adhuc, maxima supplicum turba stipante, corona redimitum, coli atque observari numquam desiit' — the image has been crowned seven times so far; NO papal authority, date or agent is named, so this may not be a canonical papal coronation. Flagged for human check. The image is a 1502 triptych panel painting of the Virgin with the Divine Infant holding the keys of Albenga. Passage printed_page was 592; act begins on printed p. 591."
AAS,43,1951,156,I,Litterae Apostolicae,Pius PP. XII,"AAS 43 (1951), p. 156",https://www.vatican.va/archive/aas/documents/AAS-43-1951-ocr.pdf,retrospective_attestation,"BEATA MARIA VIRGO « A MIRACULIS », IN AEDE LOCI « CASALBORDINO » VENERATA, TOTIUS THEATINAE ARCHIDIOECESIS PRAECIPUA PATRONA CONSTITUITUR.","Mirum sane quot Templa Marialia Itala tellus, virtutis rectique cultus praecipua altrix, arcana quadam fecunditate quasi procreaverit",Beata Maria Virgo « a Miraculis »,,Blessed Virgin Mary,Ecclesia prope municipium « Casalbordino »,Casalbordino,Vastensis,Vasto (now Chieti-Vasto),Italy,1950-07-31,1899-06-11,,high,"Patron-declaration act; states in passing that the Vatican Chapter (Capitulum Vaticanum) crowned the image with a golden crown on 11 June 1899: 'quod Capitulum Vaticanum die xi mensis Iunii, anno MDCCCXCIX, inter Christifidelium acclamantium vota, aurea corona voluit redimitum'. The shrine lies in the diocese of Vasto, while the patronage granted is over the whole Archdiocese of Chieti (Theatina)."
AAS,43,1951,268,II,Litterae Apostolicae,Pius PP. XII,"AAS 43 (1951), p. 268",https://www.vatican.va/archive/aas/documents/AAS-43-1951-ocr.pdf,retrospective_attestation,"ECCLESIA SANCTI MATERNI, IN OPPIDO « WALCOURT » DIOECESIS NAMURCENSIS EXSTANS, BASILICAE MINORIS TITULO AC PRIVILEGIIS COHONESTATUR.","Excultioribus Templis magisque religiosis ac frequentibus nullo non tempore Sedes Apostolica decus addere solebat, quo Christifidelium pietatem impensius exacueret et amplificaret.","signum Beatae Mariae Virginis, durateum, argento obductum, arte « Romanica » conspicuum",,Blessed Virgin Mary,"Ecclesia Sancti Materni, Walcourt",Walcourt,Namurcensis,Namur,Belgium,1950-05-13,1875,,medium,"Basilica Minor act; coronation attested in passing on printed p. 269: « expleto LXXV anno a quo hoc signum auctoritate Pii PP. IX, fel. mem., Decessoris Nostri, aurea redimitum est corona ». The year is not stated outright: 1875 is derived from the 75 years said to have elapsed as of this act (Datum 13 May 1950) — verify. The candidate passage is keyed to printed p. 269; the act begins on p. 268, which is cited here. `pope` is the pope of the act (Pius XII); the crowning itself was by authority of Pius IX."
AAS,43,1951,669,IV,Litterae Apostolicae,Pius PP. XII,"AAS 43 (1951), p. 669",https://www.vatican.va/archive/aas/documents/AAS-43-1951-ocr.pdf,retrospective_attestation,"AD DIGNITATEM ET HONOREM BASILICAE MINORIS EVEHITUR PAROECIALIS ECCLESIA S. MARGARITAE, V. ET M., IN CIVITATE « SANTA MARGHERITA LIGURE », INTRA FINES CLAVARENSIS DIOECESIS EXSTANS.","« Quasi plantatio rosae » exaltata in populo christiano, cui dat « suavitatem odoris », Beatissima Virgo Maria, divino testante praeconio, semper habita est",Dei Genetricis Imago « a Rosa »,,Blessed Virgin Mary,Ecclesia paroecialis S. Margaritae V. et M. (Basilica Minor),Santa Margherita Ligure,Clavarensis,Chiavari,Italy,1951-01-26,1776,,medium,"Basilica Minor elevation; attests in passing 'ex quo Dei Genetricis Imago « a Rosa » appellata, est aurea corona redimita' on the occasion of the 175th anniversary ('faustam septuagesimi quinti anni, supra centesimum, opportunitatem nactus'). Coronation year 1776 is computed by subtracting 175 from the act date 1951 — not stated verbatim; a checker should verify. Passage begins mid-rubric; rubric restored from txt/AAS-43-1951-ocr.txt. Act begins on printed page 669 (passage was indexed at 670)."
AAS,43,1951,724,II,Litterae Apostolicae,Pius PP. XII,"AAS 43 (1951), p. 724",https://www.vatican.va/archive/aas/documents/AAS-43-1951-ocr.pdf,retrospective_attestation,"ECCLESIA DEO IN HONOREM B. MARIAE V. DICATA, IN OPPIDO « LA GUERCHE DE BRETAGNE » IN GALLIA POSITA, INTRA RHEDONENSIS ARCHIDIOECESIS FINES, TITULO BASILICAE MINORIS ORNATUR.","Tanta in populo christiano fuit semper, inde a prioribus Ecclesiae saeculis, erga Deiparam Virginem pietas, ut haud raro quaedam urbs","Beatae Mariae Virginis statua, saeculo XVI sculpta, « Mariae Virginis de la Guerche » celtica lingua nuncupatum",Notre-Dame de la Guerche,Blessed Virgin Mary,"Ecclesia paroecialis et collegialis B. Mariae Virginis, La Guerche-de-Bretagne",La Guerche-de-Bretagne,Rhedonensis,Rennes,France,1951-03-12,1937,"Emmanuel Caelestinus S. R. E. Cardinalis Suhard, then Archbishop of Reims, later of Paris",medium,"Basilica Minor act; the clause on printed p. 725 reads: « ... quae a desideratissimo S. R. E. Presbytero Cardinali Emmanuele Caelestino Suhard, tunc Rhemensi postea Parisiensi Archiepiscopo, anno MCMXXXVII sollemni est pompa redimita ». Note that 'corona' / 'diademate' is not expressed — 'redimita' is used absolutely — so that this is a coronation is a reading of the standard AAS formula and should be verified. The vernacular title is a normalisation of the Latin 'de la Guerche' given in the text. The candidate passage is keyed to printed p. 725; the act begins on p. 724, which is cited here."
AAS,43,1951,726,III,Litterae Apostolicae,Pius PP. XII,"AAS 43 (1951), p. 726",https://www.vatican.va/archive/aas/documents/AAS-43-1951-ocr.pdf,retrospective_attestation,"TEMPLUM IN HONOREM B. MARIAE V. IN CAELUM ASSUMPTAE DEO CONSECRATUM, IN OPPIDO « LUGO » IMOLENSIS DIOECESIS HONORIBUS BASILICAE MINORIS INSIGNITUR.","Templi, honori Beatae Mariae Virginis Caelo receptae sacri et in oppido « Lugo », intra fines Imolensis dioecesis, constituti, magna est, ut accepimus, religio atque antiquitas",signum Almae Deiparae,Madonna del Molino,Blessed Virgin Mary,"Ecclesia B. Mariae V. in Caelum Assumptae (Basilica Minor), Lugo",Lugo,Imolensis,Imola,Italy,1951-04-13,1856,,high,"Basilica Minor elevation; attests 'Pius Pp. IX, Decessor Noster, olim loci illius Episcopus, imaginem, tot laudibus ornatam, anno MDCCCLVI, aureo diademate iussit redimiri' — i.e. crowned by order of Pius IX in 1856. The image was translated to the new church in 1943 ('anno MCMXLIII', OCR 'MCMXL i n')."
AAS,43,1951,780,III,Epistula,Pius PP. XII,"AAS 43 (1951), p. 780",https://www.vatican.va/archive/aas/documents/AAS-43-1951-ocr.pdf,retrospective_attestation,"AD EMUM P. D. FRIDERICUM, EPISCOPUM TUSCULANUM, S. R. E. CARDINALEM TEDESCHINI, PATRIARCHALIS BASILICAE VATICANAE ARCHIPRESBYTERUM, SACRI CONSILII PETRIANAE FABRICAE PRAEFECTUM EUNDEMQUE SUMMI PONTIFICIS DATARIUM, LEGATUM DELECTUM AD SACRA SOLLEMNIA IN LUSITANIA AD SIMULACRUM B. VIRGINIS MARIAE DE FATIMA CELEBRANDA.","Proximo Octobri mense, postquam Congressus Marialis ex omnibus nationibus Ulyssipone in Lusitania habitus fuerit, Anno Sacro, quem ad universum catholicum orbem extendimus",imago Nostrae Dominae de Fatima,Nossa Senhora de Fátima,Blessed Virgin Mary,Sanctuarium Fatimanum,Fátima,,Leiria,Portugal,1951-09-24,1946,,medium,"Letter deputing Card. Federico Tedeschini as Legate for the closing solemnities of the Holy Year at Fatima — NOT for a coronation; the crowning is mentioned retrospectively on printed p. 781: « quique eandem sollemni ritu quinque abhinc annos coronandam quoque decrevimus ». 'quinque abhinc annos' from the Datum (24 Sept 1951) gives 1946; the year is not stated outright. `legate` left null because Tedeschini was deputed for the solemnities, not to crown. Diocese not named in the act; Leiria supplied from the place name — verify. The candidate passage is keyed to printed p. 781; the act begins on p. 780, which is cited here."
AAS,44,1952,179,III,Litterae Apostolicae,Pius PP. XII,"AAS 44 (1952), p. 179",https://www.vatican.va/archive/aas/documents/AAS-44-1952-ocr.pdf,retrospective_attestation,"ECCLESIA BEATAE MARIAE V. IN CAELUM ASSUMPTAE SACRA IN MONTE « CREA » INTRA CASALENSIS DIOECESIS FINES, BASILICAE MINORIS TITULO AC PRIVILEGIIS COHONESTATUR.","In summo colle « Crea » nuncupato, ex quo omnem Montis Ferrati et Casalensis dioecesis regionem conspicias, nobile exstat templum","Assumptio Dei Genetricis, a Gulielmo Caccia, quem et « Moncalvo » appellant, coloribus expressa",,Blessed Virgin Mary,Templum B. Mariae Virginis in caelum Assumptae in monte « Crea »,Monte Crea (Montferrat),Casalensis,Casale Monferrato,Italy,1951-05-20,1890-08-05,,medium,"Basilica Minor act; coronation attested in passing on printed p. 179: « quae imago die v mensis Augusti, anno MDCCCLXÌXXX, sollemni ritu aurea redimita est corona ». The year is OCR-damaged — raw form 'MDCCCLXÌXXX', read here as MDCCCLXXXX = 1890 (1880 would require two spurious characters); needs human verification. The crowned object is the altarpiece painting of the Assumption by Guglielmo Caccia 'il Moncalvo'. No authorising authority is named."
AAS,44,1952,264,IV,Litterae Apostolicae,Pius PP. XII,"AAS 44 (1952), p. 264",https://www.vatican.va/archive/aas/documents/AAS-44-1952-ocr.pdf,retrospective_attestation,BEATA MARIA VIRGO DE MONTE CARMELO CIVITATIS ET DIOECESIS TRICARICENSIS PATRONA CAELESTIS AEQUE PRINCIPALIS CUM SANCTO POTITO DECLARATUR.,"Religionem Beatae Mariae Virginis Carmelitidis in animis Christifidelium dioecesis Tricaricensis altius accepimus insedisse, praesertim postquam Eius imago",Beata Maria Virgo de Monte Carmelo,,Blessed Virgin Mary,,Tricarico,Tricaricensis,Tricarico,Italy,1951-06-26,1938,,high,"Patron declaration; attests 'postquam Eius imago, inter populi gestientis vota, anno MCMXXXVIII aureo diademate sit redimita'. No church named for the image. OCR page headers in the passage are garbled ('266', '366' for 265, 266); the act begins on printed page 264, confirmed against txt/AAS-44-1952-ocr.txt page markers."
AAS,44,1952,363,IV,Litterae Apostolicae,Pius PP. XII,"AAS 44 (1952), p. 363",https://www.vatican.va/archive/aas/documents/AAS-44-1952-ocr.pdf,retrospective_attestation,PAROECIALE TEMPLUM LOCI « TONGRE-NOTRE-DAME » DIOECESIS TORNACENSIS TITULO AC PRIVILEGIIS BASILICAE MINORIS DITATUR.,Almam Dei hominumque Matrem Mariam Christifideles pagi « Tongre-Notre-Dame » vulgo appellati et continentis quoque regionis accepimus religiosis venerari obsequiis.,"Durateum signum Beatae Mariae Virginis, seculo XI exsculptum",Notre-Dame de Tongre,Blessed Virgin Mary,Paroeciale templum loci « Tongre-Notre-Dame »,Tongre-Notre-Dame,Tornacensis,Tournai,Belgium,1951-04-27,1881-09-08,"Bishop of Tournai (unnamed), acting in the name of Leo XIII",high,"Basilica Minor act; coronation attested in passing on printed p. 363: crowned 8 September 1881 in the name of Leo XIII by the Bishop of Tournai (« a Tornacensi Antistite aurea redimitum est corona »); the crown having later been sacrilegiously removed, the image was crowned again on 1 June 1949 by Abp. Ferdinando Cento, Apostolic Nuncio in Belgium (« diademate impie sublato ... regio eiusmodi insigni die i mensis Iunii, anno MCMXLIX, iterum revinxit »). The vernacular title is the place-name form given in the act rubric; verify."
AAS,44,1952,467,IV,Epistula,Pius PP. XII,"AAS 44 (1952), p. 467",https://www.vatican.va/archive/aas/documents/AAS-44-1952-ocr.pdf,retrospective_attestation,"AD EMUM P. D. BENEDICTUM EPISCOPUM PRAENESTINUM S. R. E. CARDINALEM ALOISI MASELLA, PATRIARCHALIS BASILICAE LATERANENSIS ARCHIPRESBYTERUM, SACRAE CONGREGATIONIS DE DISCIPLINA SACRAMENTORUM PRO-PRAEFECTUM, QUINQUAGESIMUM SACERDOTII ANNUM IMPLETURUM.","Persuavi animi iucunditate accepimus, praenobilis sedis istius Praenestinae clerum fidelemque populum, egregio praeeunte Episcopo suffraganeo, concordi studere consilio",simulacrum Beatae Mariae Virginis de Fatima,Nossa Senhora de Fátima,Blessed Virgin Mary,,Fátima,,,Portugal,1952-05-18,,Benedictus S. R. E. Cardinalis Aloisi Masella,medium,"Jubilee letter to Card. Aloisi Masella; the coronation is mentioned only retrospectively on printed p. 467: « Peculiarem quoque benevolentiam Nos tibi significavimus, quum ad coronam simulacro Beatae Mariae Virginis de Fatima apponendam Legatum Nostrum renuntiavimus ». No date given for the crowning. The Datum on p. 468 is OCR-corrupt ('die xviii mensis Maii, anno MDCCCCIII'); the pontifical year ('quarto decimo') fixes it as 1952, so 1952-05-18 — verify. Country inferred from 'de Fatima'."
AAS,44,1952,722,III,Epistula,Pius PP. XII,"AAS 44 (1952), p. 722",https://www.vatican.va/archive/aas/documents/AAS-44-1952-ocr.pdf,papal_legate_deputation,"AD EMUM P. D. EMMANUELEM TIT. SANCTI LAURENTII IN LUCINA S. R. E. PRESB. CARDINALEM ARTEAGA Y BETANCOURT, ARCHIEPISCOPUM SANCTI CHRISTOPHORI DE HABANA, QUEM LEGATUM RENUNTIAT AD IMAGINEM NOSTRAE DOMINAE DE COROMOTO CORONA EXORNANDAM.","Intra fines dioecesis Barquisimetensis, in Venezuelana Republica sitae, celebre admodum exstat Sanctuarium Beatae Mariae Virginis sub populari titulo « de Coromoto »",Nostra Domina de Coromoto,Nuestra Señora de Coromoto,Blessed Virgin Mary,Sanctuarium de Guanare (Basilica Minor),Guanare,Barquisimetensis,Barquisimeto,Venezuela,1952-07-30,1952,"Manuel Arteaga y Betancourt, Cardinal, Archbishop of San Cristóbal de La Habana",high,"The batch passage itself is the volume's chronological index on printed p. 906, which points to the act on p. 722 ('quem Legatum renuntiat ad imaginem Nostrae Dominae de Coromoto corona exornandam 722'); the same act is indexed again at p. 942. aas_page is therefore the act's page (722), not the index page. Rubric, incipit, Datum and details taken from the act text at AAS 44 (1952) 722-723 in the full volume file. Act: '...perinsignem illam imaginem sollemni ritu proximo Septembri mense coronandam per Legatum Nostrum censuimus... ut in Sanctuario de Guanare venerandam imaginem Nostrae Dominae de Coromoto veluti manibus Nostris sacra exornes corona.' coronation_date = September 1952 ('proximo Septembri mense'); the volume also records a papal radio message of 12 Sept 1952 to the Venezuelans celebrating the coronation (p. 739). OCR of the act gives 'Guanare de los Oospes' (= Guanare de los Cospes) and 'Berquisimetensis' alongside 'Barquisimetensis'. Spanish form of the title taken from the radio message text at p. 739 ('Nuestra Señora de Coromoto')."
AAS,44,1952,739,,Nuntius Radiophonicus,Pius PP. XII,"AAS 44 (1952), p. 739",https://www.vatican.va/archive/aas/documents/AAS-44-1952-ocr.pdf,retrospective_attestation,"NUNTIUS RADIOPHONICUS CHRISTIFIDELIBUS VENEZUELAE DATUS, SOLLEMNIA IN HONOREM B. MARIAE VIRGINIS DE COROMOTO CELEBRANTIBUS.","Venerables Hermanos y amados hijos, católicos venezolanos, que en la linda Guanare asistís conmovidos a la solemne coronación de vuestra Excelsa Patrona, Nuestra Señora de Coromoto",B. Maria Virgo de Coromoto,Nuestra Señora de Coromoto,Blessed Virgin Mary,Santuario Nacional de Nuestra Señora de Coromoto (Basilica Minor),Guanare,Barquisimetensis,Barquisimeto,Venezuela,1952-09-12,1952-09-12,,high,"Radio message of Pius XII broadcast to Venezuela on the day of the coronation; the footnote reads 'Habita die 12 Septembris mensis a. 1952', which is the delivery date (there is no Datum line) and also the date of the ceremony. The text never uses a word for 'image': it speaks of the devotional title, the people 'colocándole en las sienes una preciosa corona' at 'la solemne coronación de vuestra Excelsa Patrona, Nuestra Señora de Coromoto'. It is not itself the granting act: the papal Legate was deputed by the Litterae at AAS 44 (1952) 722 ('AD IMAGINEM NOSTRAE DOMINAE DE COROMOTO CORONA EXORNANDAM', dated 30 July 1952, Card. Emmanuel Arteaga y Betancourt, Archbishop of Havana), hence retrospective_attestation. The message names the Legate only as 'Nuestro dignísimo Legado', so legate is left null; church_or_sanctuary, diocese_latin and diocese_modern are taken from that companion act at p. 722 (this passage says only 'el gran Santuario Nacional' at Guanare, Venezuela). Rubric OCR reads 'VENEZUELAS' for 'VENEZUELAE'. Incipit is the Spanish salutation, the act having no Latin body."
AAS,44,1952,806,I,Litterae Apostolicae,Pius PP. XII,"AAS 44 (1952), p. 806",https://www.vatican.va/archive/aas/documents/AAS-44-1952-ocr.pdf,retrospective_attestation,"BEATA MARIA V. « DEL PUEBLITO » CIVITATIS QUERETARI, IN MEXICO, PATRONA CAELESTIS AEQUE PRINCIPALIS AC SANCTUS IACOBUS MAIOR APOSTOLUS CONFIRMATUR.","Maximo Nos afficimur gaudio quotiescumque comperimus Beatissimam semperque Virginem Dei Genetricem Mariam, in Qua, post Deum inter tot quibus premimur undique angustiis, plenam ponimus spem ac fidem Nostram","Imago Beatae Mariae Virginis, vulgo « del Pueblito »",del Pueblito,Blessed Virgin Mary,"Templum eiusdem appellationis (« del Pueblito »), entrusted to the Friars Minor","El Pueblito, near Querétaro",Queretarensis,Querétaro,Mexico,,1946-10-17,"Marcianus Tinajero y Estrada, Episcopus Queretarensis (acting 'Nostro nomine et auctoritate')",high,"Patron-confirmation act reporting in detail the coronation of 17 October 1946, carried out by the Bishop of Querétaro in the Pope's name and authority under Litterae Apostolicae given sub anulo Piscatoris on 7 October 1943 ('die VII mensis Octobris anno MCMXXXXIII datarum'). Present at the rite: Abp Aloysius Martínez of Mexico, Chargé d'Affaires. The act's own Datum line is cut off in the passage ('Datum ex Arce Gand...') so act_date is null. The act begins on printed page 806 (passage indexed at 807), verified against the page markers in txt/AAS-44-1952-ocr.txt."
AAS,45,1953,149,I,Litterae Apostolicae,Pius PP. XII,"AAS 45 (1953), p. 149",https://www.vatican.va/archive/aas/documents/AAS-45-1953-ocr.pdf,retrospective_attestation,"BEATAE MARIAE V. VULGO « DEI LÀTTANI » DICTA, TITULO « REGINA MUNDI » HONESTATA, DIOECESIUM CALVENSIS ET THEANENSIS CAELESTIS PATRONA CONFIRMATUR.","Vitae huius iactati procellis atque tenebris offusi, Christifideles oportet ad Almam Deiparam fidentibus animis confugiant, quae, ex providentis Dei consilio","Beata Maria Virgo vulgo « dei Làttani » dicta, titulo « Regina mundi » honestata",Madonna dei Lattani,Blessed Virgin Mary,Templum Dei Genetricis « dei Làttani »,,Calvensis et Theanensis,Calvi and Teano,Italy,1952-05-12,1950-08-06,"Clemens S. R. E. Cardinalis Micara, Bishop of Velletri, Pro-Prefect of the Sacred Congregation of Rites",high,"Patron-declaration act; coronation attested in passing on printed p. 149: « postquam die vi mensis Augusti, anno MCML, per Venerabilem Fratrem Nostrum Clementem Sanctae Romanae Ecclesiae Cardinalem Micara ... Imago illa, inter populi gestientis vota, Nostro nomine et auctoritate, aurea redimita est corona ». The act names no town, only the two dioceses, so locality is left null. Country inferred from the Italian dioceses of Calvi and Teano."
AAS,45,1953,173,I,Litterae Apostolicae,Pius PP. XII,"AAS 45 (1953), p. 173",https://www.vatican.va/archive/aas/documents/AAS-45-1953-ocr.pdf,retrospective_attestation,"BASILICAE MINORIS TITULO AC DIGNITATE AFFICITUR ECCLESIA B. MARIAE V. IN CAELUM ASSUMPTAE, IN MONTE « PLAIN » INTRA ARCHIDIOECESIS SALISBURGENSIS FINES.","Gementium Solatrix eademque ad caelestem gloriam Assumpta, Beata Maria Virgo in Templo, supra amoenum montem « Plain », quem vocant, prope Salisburgum posito, religiosis ornatur obsequiis",Deiparae Simulacrum in monte « Plain »,Maria Plain,Blessed Virgin Mary,"Ecclesia B. Mariae V. in Caelum Assumptae in monte « Plain » (Basilica Minor), entrusted to Benedictine monks","Mons « Plain », near Salzburg",Salisburgensis,Salzburg,Austria,1951-09-22,,,medium,"Basilica Minor elevation; attests the image was 'Benedicti Pp. XIV, Decessoris Nostri, fel. rec., nomine et auctoritate, aureo diademate redimita'. The year is only indicated relatively: the image was restored in 1732 and crowned 'sex fere lustris expletis' (after nearly six lustra, i.e. c. 30 years), which would give c. 1762 — inconsistent with Benedict XIV (d. 1758); coronation_date left null for human check. Country Austria inferred from 'prope Salisburgum' / Archdiocese of Salzburg (not stated in the passage)."
AAS,45,1953,177,IV,Litterae Apostolicae,Pius PP. XII,"AAS 45 (1953), p. 177",https://www.vatican.va/archive/aas/documents/AAS-45-1953-ocr.pdf,retrospective_attestation,"BEATA MARIA VIRGO A MISERICORDIA TOTIUS DIOECESIS INTERAMNENSIS CAELESTIS PATRONA AEQUE PRINCIPALIS CUM SANCTO VALENTINO, P. M., DECLARATUR.","Quae Mater constituta est generis humani, Beata Maria Virgo, pie exorata, mortalibus aerumnosis misericordiae sinum aperit eosque studiosa complectitur caritate.",Beata Maria Virgo a Misericordia,Madonna della Misericordia,Blessed Virgin Mary,chapel of the cathedral (Templum principis) of Terni; the image is a painting attributed to Carlo Maratta,Terni (Interamna),Interamnensis,Terni,Italy,1952-07-25,1937,Nicolaus S. R. E. Protodiaconus Cardinalis Canali,high,"Patron-declaration act; coronation attested in passing on printed p. 178: « factum est ut, anno millesimo nongentesimo tricesimo septimo, ex Petriani Canonicorum Collegii consulto, Dilectus Filius Noster Nicolaus ... Cardinalis Canali ... Simulacrum aureo redimirei diademate » (read: redimiret). Crowned by decree of the Vatican Chapter, not by a papal act. The vernacular title is a rendering of the Latin 'a Misericordia' — verify. The candidate passage is keyed to printed p. 178; the act begins on p. 177, which is cited here."
AAS,45,1953,221,III,Litterae Apostolicae,Pius PP. XII,"AAS 45 (1953), p. 221",https://www.vatican.va/archive/aas/documents/AAS-45-1953-ocr.pdf,retrospective_attestation,"BEATA MARIA V. VULGO « NOTRE-DAME DU REMPART » INVOCATA, TOTIUS CIVITATIS NAMURCENSIS PATRONA CAELESTIS AEQUE PRINCIPALIS CUM SANCTO ALBANO RENUNTIATUR.","Vetus est apud Namurcenses Beatae Mariae Virginis cultus et religio, quandoquidem primum in eorum oppido exstructum Templum Deiparae nomine fuit dedicatum",Domina Nostra ad moenia,Notre-Dame du Rempart,Blessed Virgin Mary,,Namur,Namurcensis,Namur,Belgium,1951-04-13,,,medium,"Patron declaration; attests 'Quam insignem Effigiem, superiore bello, quod per orbem flagraverat, confecto, Namurcensium tum Antistes, rec. mem. Pii Pp. XI, Decessoris Nostri, nomine et auctoritate, aurea corona, inter populi plaudentis vota, redimivit'. The crowning was done by the then Bishop of Namur (unnamed) in the name and by the authority of Pius XI, after the end of the (first) world war — so between 1922 and 1939; no year given. Country Belgium inferred from Namur/Namurcensis (not stated in the passage). Statue described as 'Beatae Mariae Virginis ab origine Immaculatae'."
AAS,45,1953,545,II,Epistula (Legate deputation),Pius PP. XII,"AAS 45 (1953), p. 545",https://www.vatican.va/archive/aas/documents/AAS-45-1953-ocr.pdf,papal_legate_deputation,"AD EMUM P. D. AUGUSTUM ALVARUM TIT. SANCTI ANGELI IN FORO PISCARIO S. R. E. PRESB. CARDINALEM DA SILVA, ARCHIEPISCOPUM SANCTI SALVATORIS IN BRASILIA, QUEM LEGATUM DELIGIT AD CONVENTUM EUCHARISTICUM E TOTA NATIONE BRASILIANA INDICTUM ATQUE AD SIMULACRO NOSTRAE DOMINAE DE NAZARETH IN BASILICA URBIS BELEMENSIS DE PARA CORONAM IMPONENDAM.","Comperimus sane perlibenter, in urbe Belemensi de Para, Conventum Eucharisticum e tota natione Brasiliana, proximo Augusto mense, sollemniter celebratum iri",simulacrum Nostrae Dominae de Nazareth,Nossa Senhora de Nazaré,Blessed Virgin Mary,Basilica Nostrae Dominae de Nazareth,Belém do Pará,Belemensis de Para,Belém do Pará,Brazil,1953-07-09,1953,"Augustus Alvarus Cardinalis da Silva, Archiepiscopus Sancti Salvatoris in Brasilia (Legatus a Latere)",high,"Explicit faculty: 'tibi facultatem damus, ut Nostram gerens personam, simulacro Nostrae Dominae de Nazareth, quod in Basilica eiusdem nominis piissime colitur, veluti manibus Nostris coronam sollemniter imponas'. Coronation to take place during the national Eucharistic Congress in August 1953. The Datum year is OCR-mangled as 'MDCCCCVIII'; 'Pontificatus Nostri quinto decimo' and the volume year fix it as MDCCCCLIII = 1953. Vernacular title (Nossa Senhora de Nazaré) not given in the Latin text. The volume index (p. 912) repeats this: 'Corona aurea redimatur simulacrum Nostrae Dominae de Nazaret, in Basilica Belemensi de Para, 545'."
AAS,45,1953,714,I,Litterae Apostolicae,Pius PP. XII,"AAS 45 (1953), p. 714",https://www.vatican.va/archive/aas/documents/AAS-45-1953-ocr.pdf,retrospective_attestation,BASILICAE MINORIS HONORIBUS PRIVILEGIISQUE DECORATUR ECCLESIA PAROECIALIS DEO IN HONOREM B. MARIAE VIRGINIS DICATA ET IN LOCO « ARCACHON » ARCHIDIOECESIS BURDIGALENSIS POSITA.,"Exstat in Gallia, intra Burdigalensis archidioecesis fines, urbs quaedam non ita frequens, vulgato nomine « Arcachon » appellata",Deiparae ab « Arcachon » Effigies,Notre-Dame d'Arcachon,Blessed Virgin Mary,Ecclesia paroecialis Nostrae Dominae de « Arcachon » (Basilica Minor),Arcachon,Burdigalensis,Bordeaux,France,1953-03-09,1870,,high,"Basilica Minor elevation; attests 'Cum Deiparae ab « Arcachon » Effigies, per Litteras Apostolicas sub anulo Piscatoris Pii PP. IX, fel. rec., Decessoris Nostri, anno MDCCCLXX datas, aurea corona esset redimita'. 1870 is the year of the granting Litterae of Pius IX; the actual crowning ceremony date is not given. The image is a small alabaster statue of the BVM with the Infant Jesus found by the Franciscan Thomas Illyricus in the early 16th c. Vernacular form 'Notre-Dame d'Arcachon' rendered from the Latin 'Nostrae Dominae de Arcachon'. Act begins on printed page 714 (passage indexed at 715)."
AAS,46,1954,365,I,Epistula (Legate deputation),Pius PP. XII,"AAS 46 (1954), p. 365",https://www.vatican.va/archive/aas/documents/AAS-46-1954-ocr.pdf,retrospective_attestation,"AD EMUM P. D. EMMANUELEM TIT. SANCTORUM MARCELLINI ET PETRI S. R. E. PRESB. CARDINALEM GONÇALVES CEREJEIRA, PATRIARCHAM LISBONENSEM, QUEM LEGATUM DELIGIT AD CONGRESSUM MARIALEM E TOTA LUSITANIA, AUGUSTAE BRACARUM AD SANCTUARIUM « MONTE DO SAMEIRO » CELEBRANDUM.","Iucundo admodum animo accepimus, proximo Iunio mense, Augustae Bracarum, in perillustri et prisca Lusitaniae septemtrionalis civitate, ad Sanctuarium celeberrimum « Monte do Sameiro »",Deiparae Immaculatae simulacrum,,Blessed Virgin Mary,Sanctuarium « Monte do Sameiro »,Braga,Bracarensis,Braga,Portugal,1954-05-25,1904,,medium,"Legate letter for the Portuguese national Marian Congress; the Legate (Card. Gonçalves Cerejeira) is deputed to preside at the Congress, NOT to crown, so this is a retrospective attestation only: 'praeclarumque Deiparae Immaculatae simulacrum ... Romae egregia arte confectum et a Pio Pp. IX ... sacro ritu lustratum, quinquaginta abhinc annos aurea corona ... est feliciter redimitum'. Coronation year 1904 is computed from 'quinquaginta abhinc annos' relative to the act date (1954); not stated verbatim. The statue was made in Rome and blessed by Pius IX. OCR of the rubric in the passage reads 'MONTE DO SAMURO' and 'CONCALVES CERKJEIRA'; corrected from the body text ('Monte do Sameiro') and standard spelling."
AAS,46,1954,479,III,Litterae Apostolicae,Pius PP. XII,"AAS 46 (1954), p. 479",https://www.vatican.va/archive/aas/documents/AAS-46-1954-ocr.pdf,retrospective_attestation,"ECCLESIA IN HONOREM B. MARIAE V. A VISITATIONE, IN OPPIDO WERLA INTRA FINES PADERBORNENSIS ARCHIDIOECESIS CONSECRATA, BASILICIS MINORIBUS ACCENSETUR.","Quam omnes gentes ex eiusmet vaticinio ferunt laudibus, Virgini Mariae hospitae consecratum Templum, Werlae intra fines archidioecesis Paderbornensis situm",Imago Beatae Mariae Virginis (olim « Sanctae Mariae ad pratum » Susatii),,Blessed Virgin Mary,"Ecclesia B. Mariae V. a Visitatione (Basilica Minor), entrusted to the Franciscans",Werl,Paderbornensis,Paderborn,Germany,1953-10-16,1911,,high,"Basilica Minor elevation; attests 'Iuvat quoque memorare egregium hoc Simulacrum anno MDCCCCXI, magna adstante populi multitudine, aureo diademate esse redimitum'. The 13th-c. carved image was formerly venerated at Soest ('Susatium', Aedes « Sanctae Mariae ad pratum ») and translated to Werl in 1661. Country Germany explicit from the mention of Konrad Adenauer, head of the West German government. Act begins on printed page 479 (verified against page markers)."
AAS,46,1954,481,I,Epistula (Legate deputation),Pius PP. XII,"AAS 46 (1954), p. 481",https://www.vatican.va/archive/aas/documents/AAS-46-1954-ocr.pdf,papal_legate_deputation,"AD EMUM P. D. VALERIUM TIT. S. SILVESTRI IN CAPITE S. R. E. PRESB. CARDINALEM VALERI, PRAEFECTUM S. CONGREGATIONIS DE RELIGIOSIS, QUEM LEGATUM MITTIT AD CONVENTUM MARIALEM E TOTA CANADENSI REGIONE AD SANCTUARIUM B. MARIAE V. INDICTUM, « CAP-DE-LA-MADELEINE » NUNCUPATUM, IN TRIFLUVIANENSI DIOECESI.","Permagnus profecto exstat amor in catholica Canadensium natione studiumque vehemens divinae religionis, quam maiores eorum primum et maxime ex Gallia, tum ex Hibernia, mox denique aliunde auspicato advecti sunt","perinsigne Virginis simulacrum, Nostrae Dominae de Cap",Notre-Dame du Cap,Blessed Virgin Mary,"Sanctuarium Nostrae Dominae de Cap, « Cap-de-la-Madeleine »",Cap-de-la-Madeleine,Trifluvianensis,Trois-Rivières,Canada,1954-07-02,1954,"Valerius Cardinalis Valeri, Praefectus S. Congregationis de Religiosis",high,"Explicit mandate: 'ut in sanctuario Nostrae Dominae de Cap, in Trifluvianensi dioecesi de Canada sito, perinsigne Virginis simulacrum nomine Nostro Nostraque auctoritate aurea corona exornes'. The crowning was to take place at the Canadian national Marian Congress in August 1954 ('proximo mense Augusto ... et simulacrum Mariae Virginis, quod in eo religiosissime colitur, sollemni ritu coronabitur' — OCR 'coronantur'). Vernacular form 'Notre-Dame du Cap' rendered from the Latin 'Nostrae Dominae de Cap'. This same letter also appears at the end of passage AAS-46-1954-ocr#479."
AAS,46,1954,524,I,Epistula (Legate deputation),Pius PP. XII,"AAS 46 (1954), p. 524",https://www.vatican.va/archive/aas/documents/AAS-46-1954-ocr.pdf,retrospective_attestation,"AD EMUM P. D. ADEODATUM IOANNEM EPISCOPUM SABINEN. ET MANDELEN. S. R. E. CARDINALEM PIAZZA, SACRAE CONGREGATIONIS CONSISTORIALIS A SECRETIS, QUEM LEGATUM MITTIT AD CONVENTUM MARIALEM E TOTA BRASILIA IN URBE SANCTI PAULI INDICTUM.","Quarto volvente saeculo a nobilissima Sancti Pauli in Brasilia civitate condita, consilium initum est pro collatis beneficiis sollemnes Deo reddendi gratiarum actiones","augustum simulacrum Nostrae Dominae « da Conceiçâo Aparecida », Brasiliae Patronae",Nossa Senhora da Conceição Aparecida,Blessed Virgin Mary,,,,,Brazil,1954-07-30,1904,,medium,"Legate letter for the Brazilian national Marian Congress at São Paulo; the Legate (Card. Piazza) is deputed to preside at the Congress, not to crown, so this is a retrospective attestation: 'simulque quinquaginta implentur anni, ex quo augustum simulacrum aurea corona redimitum est Nostrae Dominae « da Conceiçâo Aparecida », Brasiliae Patronae'. Coronation year 1904 computed from 'quinquaginta implentur anni' relative to the act year 1954; not stated verbatim. The shrine's own locality/diocese is not named — only that the cult had its cradle in the Archdiocese of São Paulo. OCR 'Conceiçâo' for 'Conceição'."
AAS,46,1954,528,III,Epistula,Pius PP. XII,"AAS 46 (1954), p. 528",https://www.vatican.va/archive/aas/documents/AAS-46-1954-ocr.pdf,retrospective_attestation,"AD EMUM P. D. CAIETANUM TIT. SANCTAE CAECILIAE S. R. E. PRESB. CARDINALEM CICOGNANI, S. CONGREGATIONIS SACRORUM RITUUM PRAEFECTUM, AB INITO SACERDOTIO QUINQUAGESIMUM ANNUM IMPLENTEM.","Celebranti feliciter tibi, quattuor abhinc annos, quinque ab inito episcopatu lustra, existimationem ac benevolentiam Nostram palam significavimus, praecipua tua erga Ecclesiam merita",insigne Virginis simulacrum de Copacabana,Nuestra Señora de Copacabana,Blessed Virgin Mary,sanctuary overlooking Lake Titicaca (« cuius sanctuarium lacui Incarum imminet »),Copacabana,,,Bolivia,1954-09-18,,"Caietanus S. R. E. Cardinalis Cicognani (then Nuncio in Bolivia, acting as Legatus extraordinarius)",medium,"Jubilee letter to Card. Gaetano Cicognani; the coronation is mentioned only retrospectively on printed p. 528: « In Bolivia autem, ubi Nuntius nominatus fuisti, dum saeculum celebrabatur, ex quo res publica in libertatem vindicata erat, Sanctae Sedis Legatum extraordinarium egisti et insigni Virginis simulacro de Copacabana ... auream coronam imposuisti ». The year is not stated; the act places it during the centenary of Bolivian independence (i.e. 1925) — left null rather than computed. Locality 'Copacabana' is taken from the image's title and the description of the lakeside sanctuary; vernacular title is a normalisation. Country is explicit ('In Bolivia')."
AAS,46,1954,575,I,Litterae Apostolicae,Pius PP. XII,"AAS 46 (1954), p. 575",https://www.vatican.va/archive/aas/documents/AAS-46-1954-ocr.pdf,papal_coronation_act,BEATA MARIA V. « A PRAESENTATIONE » URBIS ET ARCHIDIOECESIS NATALENSIS PRAECIPUA PATRONA CONFIRMATUR.,"Quae mortalibus, huius iactatis saeculi fluctibus, constituta est amplissimum praesidium, Beatam Mariam Virginem, ad Templum deductam, sacrorum administri et Christifideles",simulacrum Beatae Mariae Virginis a Praesentatione,Nossa Senhora da Apresentação,Blessed Virgin Mary,,Natal,Natalensis,Natal,Brazil,1953-11-17,,"Marcolinus de Souza Dantas, Archbishop of Natal (commissioned to impose the crown in the Pope's name)",high,"Patron-confirmation act that also grants the coronation: « ... confirmaremus simulque simulacrum Deiparae aureo sineremus diademate redimiri », and then « Natalensi Archiepiscopo, quem diximus, eas partes committimus ut, die per se ipsum statuendo, memoratae imagini ... auream coronam, Nostro nomine atque auctoritate, imponat ». The date of the crowning is left to the Archbishop, hence coronation_date null. The wooden image is said to have been found by fishermen about two hundred years earlier. Vernacular title is a rendering of 'a Praesentatione'; country inferred from the archdiocese of Natal — verify."
AAS,46,1954,625,,Litterae Encyclicae,Pius PP. XII,"AAS 46 (1954), p. 625",https://www.vatican.va/archive/aas/documents/AAS-46-1954-ocr.pdf,retrospective_attestation,"AD VENERABILES FRATRES PATRIARCHAS, ARCHIEPISCOPOS, EPISCOPOS ALIOSQUE LOCORUM ORDINARIOS PACEM ET COMMUNIONEM CUM APOSTOLICA SEDE HABENTES: DE REGALI BEATAE MARIAE VIRGINIS DIGNITATE EIUSQUE FESTO INSTITUENDO.","Ad Caeli Reginam, inde a primis Catholicae Ecclesiae saeculis, supplices preces ac laudis pietatisque cantus christianus populus adhibuit","prodigialis Mariae Virginis imago, quae Fatimae colitur",,Blessed Virgin Mary,,Fátima,,,Portugal,1954-10-11,1946,,medium,"Encyclical 'Ad caeli Reginam'. The act opens on printed p. 625; the coronation clause falls on p. 627, so aas_page is the act's start page (which here also equals the passage's printed_page). Clause: '...radiophonicum nuntium, quem ad Lusitanorum populum transmisimus, cum prodigialis Mariae Virginis imago, quae Fatimae colitur, aureo diademate redimita fuit' (OCR renders 'colitur' as 'eolito'). Footnote 3 cites A.A.S. 38 (1946) p. 264 — the radio message accompanying the 1946 crowning at Fátima — but this passage states no date, so coronation_date is null. Country inferred from 'ad Lusitanorum populum' + 'Fatimae'; no diocese or sanctuary named."
AAS,46,1954,662,II,Allocutio,Pius PP. XII,"AAS 46 (1954), p. 662",https://www.vatican.va/archive/aas/documents/AAS-46-1954-ocr.pdf,papal_personal_coronation,"Summus Pontifex, die primo Novembris mensis a. MCMLIV in Basilica Vaticana, adstantibus Emis Patribus Cardinalibus atque plurimis Excmis PP. Sacrorum Antistitibus, coram christifidelium multitudine, antequam imaginem B. M. V., quae « Salus Populi Romani » appellatur, aurea corona redimiret, sollemniter proclamans novum festum liturgicum Beatae Mariae Virginis Caeli terraeque Reginae, haec verba fecit:","Le testimonianze di omaggio e di devozione verso la Madre di Dio, che l'Universo cattolico ha moltiplicate nei mesi trascorsi",imago B. M. V. quae « Salus Populi Romani » appellatur,,Blessed Virgin Mary,,Rome (ceremony in the Vatican Basilica),Romana,Rome,Italy,,1954-11-01,,high,"Pius XII crowned the icon 'Salus Populi Romani' with a golden crown himself, in the Vatican Basilica, on 1 November 1954, immediately after proclaiming the new feast of the BVM Queen of heaven and earth. The heading, printed as an editorial rubric in italics, is the source of all details; the body of the address is in Italian, so incipit_latin is in fact Italian. The passage does not say where the image is normally kept (S. Maria Maggiore), so church_or_sanctuary is left null. OCR 'MGMLIV'/'Etfhis' corrected to 'MCMLIV'/'Emis'. Filed under ALLOCUTIONES, item II."
AAS,46,1954,708,VII,Epistula,Pius PP. XII,"AAS 46 (1954), p. 708",https://www.vatican.va/archive/aas/documents/AAS-46-1954-ocr.pdf,papal_personal_coronation,"AD EMUM P. D. CLEMENTEM S. R. E. CARDINALEM MICARA, EPISCOPUM VELITERNUM EUNDEMQUE SUMMI PONTIFICIS IN URBE VICARIUM: OB FELICEM AC SALUTAREM EXITUM ANNI MARIALIS.","Cum Marialis Annus proxime exeat, quem Encyclicis datis Litteris indiximus (« Fulgens Corona » ; A. A. S. 1953 pag. 577 sq.)","prisca Deiparae Virginis imago, quae « salus populi Romani » dicitur",Salus Populi Romani,Blessed Virgin Mary,Basilica Liberiana (S. Mariae Maioris),Roma,Romana,Rome,Italy,1954-11-28,1954,,high,"Pius XII states he himself crowned the image: « cum priscam Deiparae Virginis imaginem, quae ‹salus populi Romani› dicitur ... Nobis licuit aurea redimire corona ». The coronation clause falls on printed page 709; the act (Epistula VII to Card. Micara) begins on printed page 708, which is cited here as aas_page. The church is not named in the coronation clause itself but the same letter twice names the Basilica Liberiana as the site of the Marian Year opening/closing."
AAS,46,1954,718,I,Nuntius radiophonicus,Pius PP. XII,"AAS 46 (1954), p. 718",https://www.vatican.va/archive/aas/documents/AAS-46-1954-ocr.pdf,retrospective_attestation,CHRISTIFIDELIBUS INSULARUM PHILIPPINARUM OB CONVENTUM MARIALEM IN MANILENSI URBE COADUNATIS.,"Venerables Hermanos y amados hijos que, en la ciudad de Manila, clausuráis el II Congreso Mariano Nacional de las Islas Filipinas",,Nuestra Señora de Caysasay,Blessed Virgin Mary,,,,,Philippines,1954-12-05,1954-12-08,,medium,"Papal radio message to the Philippine national Marian congress: « esa preciosa corona, que ceñiréis a sus sienes en el mismo día centenario de la Definición dogmática » — i.e. 8 Dec 1954, the centenary of Ineffabilis Deus. OCR reads « Nuestra Señora de Oaysasay »; best reading is Caysasay. The message does not state that the coronation was granted by papal authority, so evidence_type is a passing attestation only. Coronation clause on printed page 721; the radio message begins on printed page 718, cited here as aas_page. Date is from the footnote « Datus die 5 Decembris mensis a. 1954 »."
AAS,46,1954,758,,Litterae Apostolicae,Pius PP. XII,"AAS 46 (1954), p. 758",https://www.vatican.va/archive/aas/documents/AAS-46-1954-ocr.pdf,retrospective_attestation,"BEATA MARIA V., « DE PONTE » APPELLATA, PATRONA CAELESTIS AEQUE PRINCIPALIS CUM S. IUVENALE CIVITATIS AC DIOECESIS NARNIENSIS DECLARATUR.","Viam vitae insistentes Christifideles tot inter pericula et acerbitates, recto haud labuntur itinere et ad locum petitum, sempiternam dicimus beatitatem, feliciter perveniunt",Simulacrum Almae Deiparae de Ponte,Madonna del Ponte,Blessed Virgin Mary,"Aedes ad viam Flaminiam iuxta veterem pontem Augusti (built in imitation of the Holy House of Loreto), served by the Salvatorians",Narni,Narniensis (Interamnensis et Narniensis),Narni (Terni-Narni),Italy,1954-09-12,1754,,high,"Patron declaration; attests 'Simulacrum Almae Deiparae de Ponte ... a Carolo Maria Cardinali Sacripante, anno millesimo septingentesimo quinquagesimo quarto, auctoritate Petriani Canonicorum Collegii, est aureo diademate inter acclamantis populi vota redimitum' — crowned in 1754 by Cardinal Carlo Maria Sacripante on the authority of the Vatican Chapter. A commemorative liturgical feast on 5 May was afterwards instituted with the approval of Pius IX. The image (BVM holding the Divine Child) was found in 1714. Vernacular form 'Madonna del Ponte' rendered from the Latin 'de Ponte'. Act begins on printed page 758 (passage indexed at 759)."
AAS,46,1954,760,I,Epistula,Pius PP. XII,"AAS 46 (1954), p. 760",https://www.vatican.va/archive/aas/documents/AAS-46-1954-ocr.pdf,retrospective_attestation,"AD REVMUM P. MC CABE PATRITIUM, MISSIONALIUM A SS. CORDE IESU SUPREMUM MODERATOREM, OB VERTENS SAECULUM AB EADEM CONGREGATIONE CONDITA.","Cum percepimus te sodalesque tuos in eo esse, ut fauste primum explendum saeculum, ex quo religiosum Institutum Missionalium a SS. Corde Iesu conditum fuit, celebraretis",icon Deiparae Dominae a SS. Corde Iesu,Nostra Signora del Sacro Cuore,Blessed Virgin Mary,urbana aedes sacra Deiparae Dominae a SS. Corde Iesu,Roma,Romana,Rome,Italy,1954-11-14,,,medium,"Clause: « ex augusto religionis ritu, quo in urbana aede sacra Deiparae Dominae a SS. Corde Iesu eiusdem iconi aureum imposituri estis sertum » — an imminent, not yet performed, crowning. « Urbana aedes » is taken as the Roman church of the Missionaries of the Sacred Heart (the letter says « cum Romae vos festum coetum agetis »); the church is not named outright, hence confidence medium. No papal grant of the coronation is stated in this letter."
AAS,47,1955,210,II,Litterae Apostolicae,Pius PP. XII,"AAS 47 (1955), p. 210",https://www.vatican.va/archive/aas/documents/AAS-47-1955-ocr.pdf,retrospective_attestation,"ECCLESIA PRINCIPALIS B. MARIAE V. A SACRATISSIMO ROSARIO, IN LOCO FATIMA LEIRIENSIS DIOECESIS POSITA, BASILICAE MINORIS TITULO HONORIBUSQUE DECORATUR.","Luce superna caliginosum saeculum illustranti, Beatae Mariae Virgini sacra est augusta Aedes Fatimae, in Lusitanorum finibus, ubi eadem Deipara, e Rosarii nomine nuncupata, olim se dedit conspiciendam.",Beata Maria Virgo a Sacratissimo Rosario (Imago Deiparae a Fatima),,Blessed Virgin Mary,Ecclesia principalis B. Mariae V. a Sacratissimo Rosario (Basilica of Our Lady of the Rosary),Fatima,Leiriensis,Leiria,Portugal,1953-11-12,1946,,high,"Basilica Minor elevation act; states in passing 'sive cum Imago Deiparae aureo diademate, Nostro nomine et auctoritate, anno scilicet MCMXLVI, redimiretur' - crowned 1946 in the Pope's name and by his authority; the crowning Legate is not named in the act. Country explicit ('in Lusitanorum finibus'). The act rubric and body begin on printed page 210."
AAS,47,1955,380,I,Litterae Apostolicae,Pius PP. XII,"AAS 47 (1955), p. 380",https://www.vatican.va/archive/aas/documents/AAS-47-1955-ocr.pdf,retrospective_attestation,"BEATA MARIA V. « DOMINA NOSTRA A GRATIIS IN FOLGARIA » PRAECIPUA CAELESTIS PATRONA ELIGITUR OMNIUM SOLEIS OBLONGIS PER NIVES PROLABENTIUM EX ITALIA, QUI « SCIATORI » VULGO APPELLANTUR.","Quae « abiit in montana » (Cf. Luc. I, 39), castis visceribus portans Divinum Redemptorem, Beatae Mariae Virginis honori recte constituta sunt editis in iugis vel alpinis camporum spatiis domicilia religionis",Domina Nostra a gratiis in Folgaria,,Blessed Virgin Mary,Aedes B. Mariae Virgini opiferae sacra (church entrusted to the Friars Minor Capuchin),Folgaria,Tridentina (archidioecesis),Trento,Italy,1955-01-07,1954,"Angelus Iosephus S. R. E. Presb. Cardinalis Roncalli, Venetiarum Patriarcha",medium,"Patron-declaration act; attests 'Mariano, qui proxime praeteriit, Anno; quo vertente Deiparae Imago eo in Templo exculta, auctoritate Petriani Canonicorum Collegii, per ... Cardinalem Roncalli, Venetiarum Patriarcham, aurea est diademate redimita.' Crowning was by authority of the Vatican Chapter (not a papal legation), executed by Card. Roncalli during the Marian Year that had just ended (Dec 1953 - Dec 1954); coronation year given as 1954 by inference from 'Anno Mariano qui proxime praeteriit' - verify exact date. Rubric OCR reads 'POLGARIA' (= Folgaria). Act begins on printed page 379."
AAS,47,1955,488,I,Litterae Apostolicae,Pius PP. XII,"AAS 47 (1955), p. 488",https://www.vatican.va/archive/aas/documents/AAS-47-1955-ocr.pdf,retrospective_attestation,BEATA MARIA V. « A REMEDIO » TOTIUS ARCHIDIOECESIS ARBORENSIS PATRONA AEQUE PRINCIPALIS CUM S. ARCHELAO MARTYRE INSTITUITUR.,"Ex quo Beatissima Virgo Maria, a remedio vulgo appellata et Arboreae pie exculta, aurea fuit corona redimita, pietas erga eandem hanc Dei hominumque Matrem",Beatissima Virgo Maria a Remedio,Nostra Signora del Rimedio,Blessed Virgin Mary,Deiparae Templum (Arboreae),,Arborensis,Oristano (Arborea),Italy,1954-05-31,,,medium,"Patronage act opens by recalling « aurea fuit corona redimita »; no year and no crowning authority stated. Sardinia is named in the act (« non solum e Sardinia insula sed e continente etiam terra »), so the country is secure; the exact locality of the sanctuary is not given."
AAS,47,1955,600,IV,Epistula,Pius PP. XII,"AAS 47 (1955), p. 600",https://www.vatican.va/archive/aas/documents/AAS-47-1955-ocr.pdf,papal_legate_deputation,"AD EMUM P. D. PAULUM AEMILIUM TIT. SANCTAE MARIAE ANGELORUM S. R. E. PRESB. CARDINALEM LÉGER, ARCHIEPISCOPUM MARIANOPOLITANUM QUEM LEGATUM DELIGIT AD CORONAM AUREAM IMPONENDAM SIMULACRO S. IOSEPH, SPONSI B. M. V.","Praeterito quidem anno, praeclarum templum Sancto Ioseph dicatum, quod in nobilissima exstat sede Marianopolitana, tuis precibus libenter indulgentes, ad Basilicae Minoris honorem ac dignitatem evehere benigne decrevimus.","Simulacrum Sancti Ioseph, Sponsi B. M. V.",,St Joseph,"Oratorium Sancti Ioseph (Saint Joseph's Oratory), templum sodalibus a Sancta Cruce concreditum",Montreal,Marianopolitana (archidioecesis),Montréal,Canada,1955-07-21,,"Paulus Aemilius S. R. E. Presb. Cardinalis Léger, Archiepiscopus Marianopolitanus",high,"Papal letter deputing Card. Léger as Legate to impose the golden diadem 'Nostris veluti manibus'; occasioned by the 50th anniversary of the church's foundation. Coronation date not stated in the act. The same act is indexed at AAS 47 (1955) 600 in passages AAS-47-1955-ocr#874 and #906 (index entries, not separately recorded)."
AAS,47,1955,810,I,Litterae Apostolicae,Pius PP. XII,"AAS 47 (1955), p. 810",https://www.vatican.va/archive/aas/documents/AAS-47-1955-ocr.pdf,retrospective_attestation,TEMPLUM DEO IN HONOREM B. MARIAE V. IMMACULATAE GENEVAE CONSECRATUM HONORIBUS BASILICAE MINORIS INSIGNITUR.,"Nominis Catholici in urbe Geneva revigescentis signum perhibetur esse Templum, quod paulo post sollemniter pronunciatum dogma Immaculati Beatae Mariae Virginis Conceptus exstructum fuit",statua Immaculatae Deiparae,Notre-Dame de Genève,Blessed Virgin Mary,Templum B. Mariae V. Immaculatae Genevae (Basilica Minor),Geneva,"Lausannensis, Genevensis et Friburgensis","Lausanne, Genève et Fribourg",Switzerland,1954-08-04,1937,,high,"Clause: « Quod Simulacrum ... anno millesimo nongentesimo trigesimo septimo, Episcoporum, Sacerdotum e prioribus, populi fidelis astante corona, auro diademate, Nostro nomine et auctoritate, fuit redimitum ». The statue is the one Pius IX kept in his apartment and donated to this church. « Nostro nomine et auctoritate » is written by Pius XII of a 1937 event (reigning pope then Pius XI): read as ‘in the name and by the authority of this Apostolic See’."
AAS,48,1956,69,I,Litterae Apostolicae,Pius PP. XII,"AAS 48 (1956), p. 69",https://www.vatican.va/archive/aas/documents/AAS-48-1956-ocr.pdf,retrospective_attestation,"AD TITULUM ET DIGNITATEM BASILICAE MINORIS EVEHITUR ECCLESIA B. MARIAE V. DE RUPE, SEU « DE LAS LAJAS » INTRA FINES DIOECESIS PASTOPOLITANAE.","Templum perdecorum loci amoenitate atque structurae genere conspicuum, in quo Imago Beatae Virginis in saxo depicta, ideoque « de Rupe » appellata, pie excolitur",Beata Maria Virgo de Rupe,de Las Lajas,Blessed Virgin Mary,Templum B. Mariae V. de Rupe (sanctuary of Las Lajas),Las Lajas,Pastopolitana,Pasto,Colombia,1954-08-30,1952,,high,"Basilica Minor elevation; attests 'praeclara Eius Imago, anno millesimo nongentesimo quinquagesimo secundo ... auctoritate Petriani Canonicorum Collegii, aureo diademate fuit redimita' - crowned 1952 by authority of the Vatican Chapter. Country explicit ('Reipublicae Columbianae'). The act rubric and opening are on printed page 68 (per the volume index); passage page marker is 69."
AAS,48,1956,120,I,Litterae Apostolicae,Pius PP. XII,"AAS 48 (1956), p. 120",https://www.vatican.va/archive/aas/documents/AAS-48-1956-ocr.pdf,retrospective_attestation,"BEATA MARIA V. A SACRATISSIMO ROSARIO IN PRAECIPUAM CAELESTEM PATRONAM CIVITATIS ET DIOECESIS ROSARIENSIS, IN REPUBLICA ARGENTINA, ELIGITUR.","Quae nobis rettulit Dilectus Filius Noster Antonius S. R. E. Presbyter Cardinalis Caggiano, Episcopus Rosariensis, in Republica Argentina, maximo Nos gaudio affecerunt.",Beata Maria Virgo a Sacratissimo Rosario,Virgen Fundadora,Blessed Virgin Mary,prima paroecia / ecclesia paroecialis B. Mariae V. a Ssmo Rosario (the 1731 parish church of Rosario),Rosario,Rosariensis,Rosario,Argentina,1954-09-02,,,medium,"Patron-declaration act; attests 'anno MCMXLI Ven. Canonicorum Collegium Patriarchalis Basilicae Nostrae S. Petri in Vaticano ... sacram Imaginem ... aureo gemmisque ornato diademate redimiendam decreverit' - i.e. the Vatican Chapter DECREED the crowning in 1941; the date of the crowning itself is not given, so coronation_date left null. The image venerated is the 1773 replacement of the older statue. Country explicit ('in Republica Argentina'). Act begins on printed page 119."
AAS,48,1956,252,I,Litterae Apostolicae,Pius PP. XII,"AAS 48 (1956), p. 252",https://www.vatican.va/archive/aas/documents/AAS-48-1956-ocr.pdf,papal_coronation_act,"TEMPLUM B. MARIAE V. DE MONTE, IN SUBURBIO BOMBAYENSIS URBIS EXSTANS, BASILICIS MINORIBUS ACCENSETUR, AC INSUPER BOMBAYENSI EMO ORDINARIO FACULTAS COMMITTITUR CORONANDI IMAGINEM B. MARIAE V. IN EODEM ASSERVATAM.","Perfugium salutis et quasi propugnaculum Fidei perhibetur esse Templum Deiparae sacrum et in amoeno colle positum, unde Bombayam urbem et maris vastissimum aequor prospicias",Imago Beatae Mariae Virginis de Monte,Our Lady of the Mount,Blessed Virgin Mary,Templum B. Mariae V. de Monte (Basilica Minor),"Bandra, Bombay",Bombayensis,Bombay (Mumbai),India,1954-10-21,,"Valerianus Gracias, S. R. E. Cardinalis, Archiepiscopus Bombayensis",high,"Reached from the back-of-volume analytic index entry « Coronatio. Imaginis B. M. V. de Monte, in suburbio Bombayensi, 252 » (index page 897); the act itself was retrieved and is cited at its own printed page 252. Grant: « ... aureo diademate, Nostro nomine et auctoritate, redimiri sineremus », with execution committed to the Archbishop of Bombay: « Bombayensi Ordinario ... eas partes committimus ut die per se ipso deligendo, Imagini Beatae Mariae Virginis de Monte ... auream coronam, Nostro nomine et auctoritate, imponat ». The Archbishop is deputed as executor, not formally styled Legatus; date of crowning left to him."
AAS,48,1956,254,II,Litterae Apostolicae,Pius PP. XII,"AAS 48 (1956), p. 254",https://www.vatican.va/archive/aas/documents/AAS-48-1956-ocr.pdf,retrospective_attestation,"TEMPLUM B. MARIAE V., PLACENTINA IN URBE, « SANTA MARIA DI CAMPAGNA » APPELLATUM, BASILICAE MINORIS TITULO AC PRIVILEGIIS COHONESTATUR.","Placentia, urbs ampla, non uno commendatur Templo artificiosis operibus nobili populique concursibus celebrato",signum Beatae Mariae Virginis (in templo « Santa Maria di Campagna »),,Blessed Virgin Mary,Santa Maria di Campagna,Piacenza,Placentina,Piacenza,Italy,1954-11-03,1954,Franciscus S. R. E. Cardinalis Borgongini-Duca,medium,"Basilica Minor elevation; attests the image was crowned 'anno millesimo sexcentesimo secundo, iterumque hoc vertente anno, aureo diademate a Purpurato Ecclesiae Patre Francisco Borgongini-Duca, quem nuper defunctum deflevimus, Nostro nomine et auctoritate'. Two crownings: 1602 (authority not specified) and a re-crowning in the current year, i.e. 1954, by Card. Borgongini-Duca in the Pope's name (he died 4 Aug 1954, so before that date). Act dated 3 Nov 1954 (Datum line taken from the full volume text, beyond the passage excerpt; confirmed by the volume index). Diocese name 'Placentina' supplied from 'Placentina in urbe'/'Piacentini Archiepiscopi-Episcopi Adiutor'; country Italy inferred - hence medium confidence."
AAS,48,1956,292,,Nuntius radiophonicus,Pius PP. XII,"AAS 48 (1956), p. 292",https://www.vatican.va/archive/aas/documents/AAS-48-1956-ocr.pdf,retrospective_attestation,"CHRISTIFIDELIBUS AEQUATORIS NATIONIS, OB SOLEMNEM CORONAE INDUCTIONEM SIMULACRO B. MARIAE VIRGINIS PERDOLENTIS, IN URBE QUITENSI COADUNATIS.","Amadísimos hijos, — católicos ecuatorianos y, más en especial, católicos quiteños — que con suma devoción y entusiasmo colocáis hoy una corona sobre las sienes de vuestra « Dolorosa del Colegio »",simulacrum B. Mariae Virginis Perdolentis,Dolorosa del Colegio,Blessed Virgin Mary,,Quito,Quitensis,Quito,Ecuador,1956-04-22,1956-04-22,,high,"Papal radio message delivered on the day of the crowning (« colocáis hoy una corona sobre las sienes »); footnote « Datus die 22 Aprilis mensis a. 1956 ». The rubric itself records the solemn imposition of the crown. Cross-listed in the volume's analytic index s.v. « Coronatio ... B. M. V. Perdolentis, in urbe Quitensi, 292 » (p. 897). The message does not name the church or state a papal grant."
AAS,48,1956,365,I,Litterae Apostolicae,Pius PP. XII,"AAS 48 (1956), p. 365",https://www.vatican.va/archive/aas/documents/AAS-48-1956-ocr.pdf,retrospective_attestation,"BEATA VIRGO MARIA « A BONO IESU », VULGO « MADONNA DEL BUON GESÙ » APPELLATA, UNA CUM S. IOANNE BAPTISTA, PRAECURSORE DOMINI ET MARTYRE, PATRONA CAELESTIS CIVITATIS ET DIOECESIS FABRIANENSIS CONSTITUITUR.","Magno afficimur gaudio cum fere quotidie Nobis compertum sit vota, quae in indicendo Anno Mariano primo exeunte saeculo a definito dogmate Immaculatae Conceptionis",Beatissima Virgo Maria a Bono Iesu,Madonna del Buon Gesù,Blessed Virgin Mary,,Fabriano,Fabrianensis et Matelicensis,Fabriano-Matelica,Italy,1954-09-08,1898-09-08,,high,"Clause: « Capitulum Vaticanum ... aureis coronis tam Divini Infantis quam eius Sanctissimae Matris capita redimiri sua auctoritate decreverit : quod die VIII Septembris, anno MDCCCXCVIII feliciter factum est ». Both the Infant Jesus and the Virgin were crowned in the one rite. The image is a painting kept « in suo parvo sed ornatissimo sacello », not named. Coronation clause on printed page 366; the act begins on printed page 365, cited here as aas_page."
AAS,48,1956,445,III,Litterae Apostolicae,Pius PP. XII,"AAS 48 (1956), p. 445",https://www.vatican.va/archive/aas/documents/AAS-48-1956-ocr.pdf,retrospective_attestation,"BASILICAE MINORIS HONORIBUS AC PRIVILEGIIS CUMULATUR ECCLESIA PAROECIALIS ET COLLEGIALIS B. MARIAE V. IMMACULATAE IN OPPIDO « SEMINARA », MILETENSIS DIOECESIS.","Quamquam labentibus annis multa cadunt in ruinas pietatis civilisque cultus monumenta, attamen constans est christiana traditio unaque fides.",Mater Pauperum (Tabula Beatae Mariae Virginis ab Oriente translata),,Blessed Virgin Mary,Ecclesia paroecialis et collegialis B. Mariae V. Immaculatae,Seminara,Miletensis,Mileto,Italy,1955-05-30,,,medium,"Basilica Minor elevation; attests the ancient panel image 'ante quinquaginta annos auctoritate Petriani Canonicorum Collegii aureo diademate redimita' - crowned by authority of the Vatican Chapter about fifty years before the 1955 act, i.e. c. 1905; no explicit year given, so coronation_date left null. Country Italy inferred from 'Bruttiorum urbe' / Miletensis dioecesis; act begins on printed page 444."
AAS,48,1956,491,I,Litterae Apostolicae,Pius PP. XII,"AAS 48 (1956), p. 491",https://www.vatican.va/archive/aas/documents/AAS-48-1956-ocr.pdf,retrospective_attestation,"ECCLESIA B. MARIAE V. «DE GUADALUPE», INTRA FINES TOLETANAE ARCHIDIOECESIS EXSTANS, TITULO BASILICAE MINORIS EXORNATUR.","Augusta Virgo Deipara, quam « de Guadalupe » vulgo appellant, religiosissima est, ut omnes norunt, apud Hispaniae gentes",Beata Maria Virgo de Guadalupe,Nuestra Señora de Guadalupe (Extremadura),Blessed Virgin Mary,Templum B. Mariae Virginis de Guadalupe (Monasterium),Guadalupe (Extremadura),Toletana,Toledo,Spain,1955-06-17,1928,,high,"Basilica Minor act stating in passing that the Apostolic See 'anno MDCCCCXXVIII eius Imaginem aureo diademate, augusto Ecclesiae ritu, siverit redimiri'. The coronation clause falls on printed p. 492; the act opens on printed p. 491, which is used as aas_page. This is the Spanish Guadalupe in Extremadura (archdiocese of Toledo), not the Mexican one."
AAS,49,1957,725,VI,Litterae Apostolicae,Pius PP. XII,"AAS 49 (1957), p. 725",https://www.vatican.va/archive/aas/documents/AAS-49-1957-ocr.pdf,retrospective_attestation,"AD TITULUM ET DIGNITATEM BASILICAE MINORIS EVEHITUR ECCLESIA PAROECIALIS S. CRUCIS IN OPPIDO, VULGO « TORRE DEL GRECO » APPELLATO, EXSTANS, NEAPOLITANAE ARCHIDIOECESIS.","Salutiferae Crucis nomine insigne Templum curiale oppidi, quod, intra fines archidioecesis Neapolitanae, ad radices Vesuvii montis « pampineis viridis umbris » positum, « Torre del Greco » vulgo dicitur, non modicis laudibus praedicatur.",Imago Beatae Mariae Virginis primae labis expertis,,Blessed Virgin Mary,Ecclesia paroecialis S. Crucis (Santa Croce),Torre del Greco,Neapolitana (archidioecesis),Naples,Italy,1957-02-22,,,medium,"Basilica Minor elevation; attests 'Imaginem Beatae Mariae Virginis primae labis expertis, quae, auctoritate Petriani Canonicorum Collegii aureo diademate redimita, ibidem asservatur' - crowned by authority of the Vatican Chapter, no year given. Country Italy inferred (Vesuvius / Neapolitan archdiocese named); act begins on printed page 724."
AAS,49,1957,896,IV,Litterae Apostolicae,Pius PP. XII,"AAS 49 (1957), p. 896",https://www.vatican.va/archive/aas/documents/AAS-49-1957-ocr.pdf,retrospective_attestation,"BEATA MARIA V. SUB NOMINE « NUESTRA SEÑORA DE LA MISERICORDIA » IN ECCLESIA PAROECIALI LOCI « CANET DE MAR » VENERATA, PATRONA CAELESTIS DECLARATUR UNIVERSAE REGIONIS, QUAE « COMARCA DEL MARESMA » APPELLATUR, INTRA FINES GERUNDENSIS DIOECESIS.","Quae a Christianis « Mater Misericordiae » fidenti animo est appellata, numquam eorum fefellit spem, sed potius materni Cordis sui thesauros quam maxime ostendit.",Beata Maria semper Virgo a Misericordia,Nuestra Señora de la Misericordia,Blessed Virgin Mary,Sanctuarium B. Mariae semper Virginis a Misericordia / ecclesia paroecialis loci « Canet de Mar »,Canet de Mar,Gerundensis,Girona,Spain,1957-02-16,1907,,high,"Patron-declaration act; attests 'aureo diademate, quod, sacrae Imagini anno MCMVII impositum, illius honori, eodem peracto bello, est reiectum' (crown imposed 1907, restored after the civil war), and mentions the 'quinquagesimi a peracta Marialis Iconis coronatione anniversarii' - the 1957 act marks the 50th anniversary of the coronation. Authority of the 1907 coronation is not stated in the act. Rubric OCR 'LICI' repaired to 'LOCI'; OCR 'Marialis leonis' read as 'Marialis Iconis'. Country explicit ('in Hispania')."
AAS,49,1957,952,II,Litterae Apostolicae,Pius PP. XII,"AAS 49 (1957), p. 952",https://www.vatican.va/archive/aas/documents/AAS-49-1957-ocr.pdf,retrospective_attestation,"TITULO AC PRIVILEGIIS BASILICAE MINORIS DITATUR SANCTUARIUM B. MARIAE V. DE OROPA, INTRA FINES BUGELLENSIS DIOECESIS.","Reginam ac Dominam montis Oropae totiusque continentis vallis in Pedemontana regione Deiparam Virginem Mariam ab omnibus haberi, nemo est qui ignoret",Imago (Simulacrum) B. Mariae V. de Oropa,,Blessed Virgin Mary,Sanctuarium B. Mariae V. de Oropa (prima sacra Aedes / Mariale Sacellum),Oropa (Biella),Bugellensis,Biella,Italy,1957-03-29,,,medium,"Basilica Minor elevation; the coronation is attested only indirectly, through the papal grant recorded here: Pius IX on 11 July 1857 granted a proper Mass and Office 'in die anniversaria Coronationis Imaginis B. M. V. de Oropa'. The year and authority of the crowning itself are not stated - needs human check. Country Italy inferred from 'in Pedemontana regione'; act begins on printed page 951."
AAS,49,1957,1002,III,Litterae Apostolicae,Pius PP. XII,"AAS 49 (1957), p. 1002",https://www.vatican.va/archive/aas/documents/AAS-49-1957-ocr.pdf,retrospective_attestation,"B. MARIAE V. IN URBE SANCTAE FIDEI DE GUANAJUATO, INTRA DIOECESIS LEONENSIS FINES, BASILICAE MINORIS TITULO AC DIGNITATE AFFICITUR.","Eximiis laudibus praedicatur Templum paroeciale, Almae Deiparae sacrum, quo urbi Mexicanae, quae Sancta Fides de Guanajuato appellatur, non modicum accrescit decoris atque ornamenti.",Simulacrum Beatae Mariae Virginis primae labis nesciae,Nuestra Señora de Guanajuato,Blessed Virgin Mary,Ecclesia paroecialis B. Mariae Virginis (Templum dedicated 1671),Santa Fe de Guanajuato,Leonensis,León,Mexico,1957-03-29,,,high,"Basilica Minor elevation; attests 'Sanctus Pius PP. X, Decessor Noster, imm. me., concessit ut Simulacrum aurea corona redimiretur' - a coronation granted by St Pius X (1903-1914), with no year given, in the same act by which he named the Virgin, together with St Ignatius Loyola, principal Patron of the city. Country explicit ('urbi Mexicanae'). Act begins on printed page 1002."
AAS,50,1958,147,II,Litterae Apostolicae,Pius PP. XII,"AAS 50 (1958), p. 147",https://www.vatican.va/archive/aas/documents/AAS-50-1958-ocr.pdf,retrospective_attestation,"BASILICAE MINORIS HONORIBUS AC PRIVILEGIIS DECORATUR ECCLESIA BEATAE MARIAE VIRGINI « A REMEDIO » DICATA, ARBORENSIS ARCHIDIOECESIS.","Templa Dei, quae, magno pietatis studio circumfusa, amplitudinis non minus quam artis operibus ditata, singulari Christifidelium frequentia celebrantur",Beata Maria Virgo « a remedio »,,Blessed Virgin Mary,Ecclesia (Sanctuarium) Beatae Mariae Virginis « a remedio »,Oristano (prope urbem « Oristano »),Arborensis,Oristano (Arborea),Italy,1957-04-26,,"Fridericus S. R. E. Cardinalis Tedeschini, Episcopus Tusculanus, Patriarchalis Basilicae Petrianae Archipresbyter",high,"Basilica Minor act mentions the crowning in passing: « Simulacrum, aurea corona, per Nosmet benedicta, a Venerabili Fratre Nostro Friderico S. R. E. Cardinali Tedescumi ... sollemniter redimitum ». Crown blessed by Pius XII himself, imposed by the Cardinal. OCR gives the surname as « Tedescumi » (= Tedeschini) and the act number as « n » (= II). Coronation date not stated; the act notes the image was declared principal Patron of the archdiocese in the Marian Year 1954. Sardinia named explicitly."
AAS,50,1958,302,I,Litterae Apostolicae,Pius PP. XII,"AAS 50 (1958), p. 302",https://www.vatican.va/archive/aas/documents/AAS-50-1958-ocr.pdf,retrospective_attestation,"BEATA MARIA VIRGO IMMACULATA, SUB TITULO « DE SAN JUAN DE LOS LAGOS » PRAECIPUA CAELESTIS PATRONA TOTIUS ARCHIDIOECESIS GUADALAIARENSIS, IN MEXICANA NATIONE, CONSTITUITUR.",Ad peculiari studio conspiciendam Christifidelium maximam devotionem summumque amorem in Genitricem Dei Nos impellit flagrans religio,"Beata Maria Virgo Immaculata, sub titulo « de San Juan de los Lagos »",Nuestra Señora de San Juan de los Lagos,Blessed Virgin Mary,"Templum B. M. V. « de San Juan de los Lagos » (collegiate church, raised to Basilica Minor 1 May 1947)",San Juan de los Lagos,Guadalaiarensis,Guadalajara,Mexico,1957-07-05,,,high,"Patron-declaration act states in passing: « quos inter Sanctus Pius X pontificiam Iconi coronae impositionem benigne concessit. Simulacri caput tribus fuit redimitum coronis, quarum prima pluribus fulget adamantibus ». Year of the crowning not stated. aas_page = 302, where the act (rubric + incipit) begins; the batch passage is paginated 303. Text as printed says the collegiate title was obtained « anno MCCCCXXIII » from Pius XI — an obvious OCR/print error for 1923."
AAS,50,1958,354,I,Litterae Apostolicae,Pius PP. XII,"AAS 50 (1958), p. 354",https://www.vatican.va/archive/aas/documents/AAS-50-1958-ocr.pdf,retrospective_attestation,"BASILICAE MINORIS HONORIBUS AC PRIVILEGIIS AFFICITUR ECCLESIA PAROECIALIS B. M. V. IN CAELUM ASSUMPTAE IN OPPIDO V. « SANTA MARIA IN VICO », ACERRARUM DIOECESIS.","Haud raro accidit ut sacrum quoddam Simulacrum, praesertim si vetustum, si ex oriente adductum, novae pietatis initium fiat atque religionis",Beatae Mariae Virginis Simulacrum (B. M. V. in Caelum Assumpta),,Blessed Virgin Mary,Ecclesia paroecialis B. M. V. in Caelum Assumptae (sacellum with the wooden Byzantine-style 12th-cent. statue),Santa Maria a Vico,Acerrarum,Acerra,Italy,1957-08-30,1913,,high,"« laudatum Mariale Simulacrum, aurea corona anno MCMXHI [MCMXIII] Sancti Pii Pp. X nomine et auctoritate sollemniter redimitum ». OCR of the year reads MCMXHI = MCMXIII (1913). Town spelled « Santa Maria in Vico » in the rubric, « Santa Maria a Vico » in the body."
AAS,50,1958,444,II,Litterae Apostolicae,Pius PP. XII,"AAS 50 (1958), p. 444",https://www.vatican.va/archive/aas/documents/AAS-50-1958-ocr.pdf,papal_personal_coronation,"BASILICAE MINORIS HONORIBUS AC PRIVILEGIIS CUMULATUR CATHEDRALIS ECCLESIA VOLATERRANA, B. MARIAE V. IN CAELUM ASSUMPTAE CONSECRATA.","Volaterrae, urbs Etruriae, cum rerum gestarum memoria obscuraeque antiquitatis vestigiis insignes sunt tum Templo principe, Deiparae sideribus receptae sacro, nobilitantur",Simulacrum Beatae Mariae Virginis,,Blessed Virgin Mary,Cathedralis Ecclesia Volaterrana (B. M. V. in Caelum Assumptae),Volterra,Volaterrana,Volterra,Italy,1957-11-30,,,high,"Recorded inside a Basilica Minor act: « simulacrum Beatae Mariae Virginis ... quod Pius PP. IX ... aureo diademate redimivit », and again « ob revolutum saeculum ab Imagine illa Beatae Mariae Virginis per Pium PP. IX aurea corona honestata Volaterris indicta sunt ». Pius IX crowned it personally. Exact year not given; since the centenary celebrations were being announced in an act dated 30 Nov 1957, the crowning was c. 1857 — not stated in the text, so left null."
AAS,50,1958,464,I,Litterae Apostolicae,Pius PP. XII,"AAS 50 (1958), p. 464",https://www.vatican.va/archive/aas/documents/AAS-50-1958-ocr.pdf,papal_coronation_act,"BEATA MARIA VIRGO, VULGO APPELLATA « NUESTRA SEÑORA DE AGUA SANTA DE BAÑOS », PRAECIPUA PATRONA SACRARUM MISSIONUM AD ETHNICOS REGIONUM ORIENTALIUM REIPUBLICAE AEQUATORIANAE ELIGITUR EIUSQUE SIMULACRUM CORONA REDIMITUR.","Salutari fonti Alma Deipara non perperam comparatur, quippe quae, submisse invocata, ex inexhausto misericordiae suae penu munera in mortales, aerumnis pressos, dilargiatur",Beata Maria Virgo « Nuestra Señora de Agua Santa de Baños »,Nuestra Señora de Agua Santa de Baños,Blessed Virgin Mary,Templum B. M. V. « Nuestra Señora de Agua Santa de Baños » (served by the Dominicans),Baños (« Baños de Tungurahua »),,,Ecuador,1957-03-03,,"Carolus Maria S. R. E. Cardinalis de la Torre, Archiepiscopus Quitensis (in person or through a bishop delegated by him)",high,"Grant of coronation: « eidem Purpurato Patri, Quitensi Archiepiscopo, eas partes committimus, ut Imagini ... auream coronam ipse vel per sacrorum Antistitem a se ad hoc delegatum, Nostro nomine et auctoritate imponat ». Act date and page confirmed by the volume's chronological index (incipit « Salutari fonti », 1957 Mart. 3, p. 464 — same batch, AAS-50-1958-ocr#1035). The diocese of the shrine is not named (only the Archbishop of Quito as petitioner/executor). The crowning was actually carried out on 13 Dec 1959 — see AAS 52 (1960) 52."
AAS,50,1958,558,III,Litterae Apostolicae,Pius PP. XII,"AAS 50 (1958), p. 558",https://www.vatican.va/archive/aas/documents/AAS-50-1958-ocr.pdf,retrospective_attestation,"ECCLESIA COLLEGIALIS « NOSTRAE DOMINAE DE OCOTLAN » APUD TLAXCALLENSEM CIVITATEM, INTRA ANGELORUM ARCHIDIOECESIS FINES IN MEXICO, TITULO BASILICAE MINORIS ORNATUR.","Quo Christifidelium pietatem impensius exacueret et amplificaret, Romanus Pontifex excultoribus Templis magisque religiosis ac frequentioribus decus addere solebat",Beata Maria Virgo « de Ocotlan »,Nuestra Señora de Ocotlán,Blessed Virgin Mary,Ecclesia collegialis B. M. V. « de Ocotlan »,"Ocotlán, near Tlaxcala",Angelorum,Puebla de los Ángeles,Mexico,1957-11-22,,,medium,"Only an indirect mention: « Quinquagesimi vero anni a Canonicorum Collegio constituto nec non a peracta ipsius Marialis Imaginis coronatione faustam nactus occasionem ». The act is dated 22 Nov 1957, so the crowning fell c. 1907, but no year, authority or minister is stated in the text. aas_page = 558, where the act begins (the batch passage is paginated 559); confirmed by the volume index."
AAS,50,1958,673,V,Litterae Apostolicae,Pius PP. XII,"AAS 50 (1958), p. 673",https://www.vatican.va/archive/aas/documents/AAS-50-1958-ocr.pdf,retrospective_attestation,"BEATA MARIA V., VULGO « DE LA ENCINA » APPELLATA, PRAECIPUA PATRONA CAELESTIS RENUNTIATUR OPPIDI « PONFERRADA » ET TOTIUS REGIONIS « EL BIERZO », IN ASTURICENSI DIOECESI.","Haud aliter ac multae in Hispania regiones, illa quoque « El Bierzo » vulgo nuncupata atque intra Asturicensis dioecesis fines posita, suum celebre religioneque frequens Mariale possidet Sanctuarium",Beata Maria Virgo « de la Encina »,Nuestra Señora de la Encina,Blessed Virgin Mary,Ecclesia paroecialis (Sanctuarium) B. M. V. « de la Encina »,Ponferrada (region « El Bierzo »),Asturicensis,Astorga,Spain,1958-03-05,1908,,high,"« Anno insuper MCMVIII, quo Marialis ipsa Imago aurea fuit redimita corona, idem Patrocinium supra totam Bergidensem regionem ab omnibus vel publice est renuntiatum »; the act was occasioned by the 50th anniversary of that solemn rite. Rubric prints « PONPERRADA » (OCR/print error for Ponferrada). Crowning authority/minister not named."
AAS,50,1958,719,I,Litterae Apostolicae,Pius PP. XII,"AAS 50 (1958), p. 719",https://www.vatican.va/archive/aas/documents/AAS-50-1958-ocr.pdf,retrospective_attestation,"BEATA MARIA V. SUB TITULO « AUXILIUM CHRISTIANORUM » IN INSULA S. GEORGII, VENETIARUM PATRIARCHATUS, VENERATA, EIUSDEM INSULAE PATRONA CAELESTIS PROCLAMATUR.","Marianae pietatis ac disciplinae monasticae sedes pervetus et admodum insignis in Venetiarum insula exstare perhibetur, quae a Sancto Georgio nomen accepit",Beata Maria Virgo « Auxilium Christianorum »,Maria Ausiliatrice (Madonna del soccorso dei Cristiani),Blessed Virgin Mary,"Templum coenobii Sancti Georgii Maioris (San Giorgio Maggiore), O.S.B.","Isola di San Giorgio Maggiore, Venice",Venetiarum (Patriarchatus),Venice,Italy,1958-03-18,1893,,high,"« ... atque, quod diximus, simulacrum anno MDCCCLXXXXIII aureo diademate sollemni ritu esse decoratum » = 1893. Crowning authority/minister not named. The statue was placed in the church on the 25th anniversary of Lepanto. Vernacular title is my rendering of the Latin « Auxilium Christianorum »; not given in the text."
AAS,50,1958,850,III,Litterae Apostolicae,Pius PP. XII,"AAS 50 (1958), p. 850",https://www.vatican.va/archive/aas/documents/AAS-50-1958-ocr.pdf,retrospective_attestation,ECCLESIA SANCTISSIMAE TRINITATIS IN URBE ET ARCHIDIOECESI CRACOVIENSI TITULO BASILICAE MINORIS EXORNATUR.,"Sanctorum terra vere appellanda videtur Polonia, Petrianae Cathedrae addictissima atque contra ethnicos et Crucis inimicos firmissimum munimentum",Antiqua Effigies Beatae Mariae Virginis a Rosario (Imagini Mariae sanctae Nivalis Romae asservatae similis),Matka Boża Różańcowa,Blessed Virgin Mary,"Ecclesia Sanctissimae Trinitatis, Ordinis Fratrum Praedicatorum (Rosary chapel)",Kraków,Cracoviensis,Kraków,Poland,1957-07-26,1921,,high,"« Decursu temporis ipsa Virginis Effigies pluries aurea fuit redimita corona: novissime autem, anno MCMXXI, astantibus Poloniae Primate nec non Archiepiscopis, Episcopis et Abbatibus fidelibusque prudentibus, bo. me. Adamus Stephanus Sapieha, tunc temporis Archiepiscopus Cracoviensis ac postea a Nobis inter Purpuratos Patres ascitus, eam pretioso diademate sollemni ritu coronavit. » Crowned more than once; the 1921 rite was performed by Abp (later Cardinal) Adam Stefan Sapieha. Papal authority is not expressly stated for the 1921 rite. Polish vernacular title supplied by me, not in the text."
AAS,50,1958,928,II,Constitutio Apostolica (Leonensis),Pius PP. XII,"AAS 50 (1958), p. 928",https://www.vatican.va/archive/aas/documents/AAS-50-1958-ocr.pdf,retrospective_attestation,"LEONENSIS. PAROECIALE TEMPLUM DOMINAE NOSTRAE DE GUANAJUATO, IN CIVITATE LEONENSI, AD GRADUM ET DIGNITATEM COLLEGIALIS AEDIS EVEHITUR.","Cum venerabilis Frater Emmanuel Martin del Campo et Padilla, dioecesis Leonensis Episcopus, ab hac Apostolica Sede enixe poposcerit ut paroeciale templum Dominae Nostrae de Guanajuato",Sacra Imago Dominae Nostrae de Guanajuato,Nuestra Señora de Guanajuato,Blessed Virgin Mary,"templum Dominae Nostrae de Guanajuato (Basilica Minor, now Collegiata)",León,Leonensis,León,Mexico,1958-03-25,,,medium,"The act assigns a choral feast « die uno et tricesimo mensis Maii, incidente die anniversario Coronationis Sacrae Imaginis Dominae Nostrae de Guanajuato », thus attesting the image was crowned on a 31 May; the year and the crowning authority are not stated. Country from « Apostolicum in Mexicana Ditione Delegatum » in the same act. Coronation clause on printed page 929; the constitution begins on printed page 928, cited here as aas_page."
AAS,50,1958,937,VI,Litterae Apostolicae,Pius PP. XII,"AAS 50 (1958), p. 937",https://www.vatican.va/archive/aas/documents/AAS-50-1958-ocr.pdf,retrospective_attestation,AD DIGNITATEM ET HONOREM BASILICAE MINORIS EVEHITUR ECCLESIA SANCTAE MARIAE A CRUCE DIOECESIS CREMENSIS.,"Sedes religionis Marialis praecipua dioecesis Cremensis perhibetur esse templum Sanctae Mariae a Cruce, multiplici sane laude commendatum",Simulacrum Beatae Mariae Virginis (Sancta Maria a Cruce),Santa Maria della Croce,Blessed Virgin Mary,Templum Sanctae Mariae a Cruce,,Cremensis,Crema,Italy,1958-04-18,,,medium,"Generic retrospective mention: « Suis etiam muneribus Romani Pontifices hoc pietatis domicilium auxerunt, simulacrum Beatae Mariae Virginis aurea corona redimiri sinentes, peculiares illi tribuentes Indulgentias ... ». No date, pope or minister given. The text names only the diocese (« intra fines Cremensis dioecesis »), not the town, so locality left null; Italy is explicit (« publicis Italiae monumentis annumeraretur »). Vernacular title is the Italian form of the Latin dedication."
AAS,51,1959,33,II,Litterae Apostolicae,Pius PP. XII,"AAS 51 (1959), p. 33",https://www.vatican.va/archive/aas/documents/AAS-51-1959-ocr.pdf,retrospective_attestation,"PAROECIALIS ECCLESIA DEO IN HONOREM BEATAE MARIAE VIRGINIS IN CAELUM ASSUMPTAE CONSECRATA IN URBE « MORELLA », DERTOSENSIS DIOECESIS, BASILICAE MINORIS TITULO HONORIBUSQUE AUGETUR.","Pietatis monumentum singularis opusque factum arte eximia templum esse perhibetur Augustae Deiparae sideribus receptae sacrum, quo urbs « Morella », intra fines posita Dertosensis dioecesis, insignitur",Imago Deiparae quae vulgo a « Vallivana » appellatur,Virgen de Vallivana,Blessed Virgin Mary,"Ecclesia paroecialis B. M. V. in Caelum Assumptae, Morella (« Santa María la Mayor »)",Morella,Dertosensis,Tortosa,Spain,1958-07-19,,,low,"Only: « Eodem in templo piissime excolitur, praesertim statis temporibus, imago miraculis illustris ac diademate redimita Deiparae, quae vulgo a 'Vallivana' appellatur. » The text says the image is crowned but does NOT state papal authority, date or minister — needs human verification before being counted as a papal coronation. Spain is explicit (« in publicis monumentis nationis Hispanicae »)."
AAS,51,1959,34,III,Litterae Apostolicae,Pius PP. XII,"AAS 51 (1959), p. 34",https://www.vatican.va/archive/aas/documents/AAS-51-1959-ocr.pdf,retrospective_attestation,"BASILICAE MINORIS HONORIBUS PRIVILEGIISQUE AFFICITUR ECCLESIA, QUAE VULGO « GESÙ VECCHIO » APPELLATUR, NEAPOLI EXSTANS.","Parthenopen urbem praeclaram augusta Virgo, singulari ducta studio amoris, elegisse videtur, ubi non solum unum, sed plura constitueret domicilia pietatis",Signum Beatae Mariae Virginis a prima labe immunis,Immacolata (Immacolata di Placido Baccher),Blessed Virgin Mary,"Ecclesia Sanctissimi Nominis Iesu, vulgo « Gesù Vecchio »",Naples,Neapolitana,Naples,Italy,1958-07-20,1826,,high,"« Iuvat quoque memorare id anno MDCCCXXVI, auctoritate Vaticani Canonicorum Collegii, aurea corona esse redimitum » — crowned 1826 by authority of the Vatican Chapter. The act adds that Pius IX celebrated before the image at Naples on 9 Sept 1849. Statue set up for public veneration by Ven. Placido Baccher. aas_page = 34, where the act begins (batch passage paginated 35). This act also appears at the end of passage AAS-51-1959-ocr#33."
AAS,51,1959,413,I,Litterae Apostolicae,Ioannes PP. XXIII,"AAS 51 (1959), p. 413",https://www.vatican.va/archive/aas/documents/AAS-51-1959-ocr.pdf,papal_personal_coronation,"BASILICAE MINORIS HONORIBUS AC PRIVILEGIIS AFFICITUR ECCLESIA BEATAE MARIAE VIRGINIS NEMORENSIS, SEU V. « MADONNA DEL BOSCO », IN OPPIDO « IMBERSAGO », MEDIOLANENSIS ARCHIDIOECESIS.","Fortiter suaviterque ad ineundas religionis semitas immo et sacerdotii Divinam Misericordiam Nos a teneris annis impulisse, iuvat nunc grato animo meminisse",Durateum Beatae Mariae Virginis Nemorensis simulacrum,Madonna del Bosco,Blessed Virgin Mary,"Sanctuarium B. M. V. Nemorensis, « Madonna del Bosco »",Imbersago,Mediolanensis,Milan,Italy,1958-12-10,1954,,high,"« quod Nosmet Ipsi, inter Patres Cardinales asciti ac Venetiarum Patriarcham agentes, anno MCMLIV, pro desideratissimo Hildefonso Alfredo S. R. E. Presbytero Cardinali Schuster, tunc Archiepiscopo Mediolanensi, graviter infirmo, aurea corona sollemni ritu coronavimus. » John XXIII crowned it himself, but in 1954, as Cardinal Patriarch of Venice, standing in for the ailing Card. Schuster — i.e. before his election, so classify with care."
AAS,51,1959,532,I,Litterae Apostolicae,Ioannes PP. XXIII,"AAS 51 (1959), p. 532",https://www.vatican.va/archive/aas/documents/AAS-51-1959-ocr.pdf,retrospective_attestation,"TITULUS AC PRIVILEGIA BASILICAE MINORIS CONFERUNTUR ECCLESIAE PAROECIALI BEATAE MARIAE VIRGINIS DE GAUDIO (« NOTRE DAME DE JOIE »), IN PAGO « PONTIVY » DIOECESIS VENETENSIS.",Gaudii nuntia in hac lacrimarum valle ob vitae suae mysteria Beatissima Virgo Maria ab Ecclesia ac toto populo christiano semper habita est,Pervetusta Beatae Mariae Virginis de Gaudio Icon,Notre-Dame de Joie,Blessed Virgin Mary,Ecclesia paroecialis B. M. V. de Gaudio (Notre-Dame de Joie),Pontivy,Venetensis,Vannes,France,1959-01-10,1951,,high,"« ante pervetustam Beatae Mariae Virginis de Gaudio Iconem, auctoritate Decessoris Nostri Pii PP. XII, fel. rec., anno MCMLI, aurea redimitam corona ». Crowned 1951 by the authority of Pius XII; minister not named. Brittany/France explicit (« in Britannia Minori », « Gallici pagi »)."
AAS,51,1959,694,III,Litterae Apostolicae,Ioannes PP. XXIII,"AAS 51 (1959), p. 694",https://www.vatican.va/archive/aas/documents/AAS-51-1959-ocr.pdf,retrospective_attestation,"BASILICAE MINORIS TITULO AC DIGNITATE DECORATUR ECCLESIA B. MARIAE V. « DEL QUINCHE » IN PAGO VULGO APPELLATO « DEL QUINCHE », ARCHIDIOECESIS QUITENSIS.","Mariani cultus sedes eximia esse perhibetur templum, quod in pago « Del Quinche », uti appellant, intra Quitensis archidioecesis fines est positum",Imago Beatae Mariae Virginis « Del Quinche »,Nuestra Señora del Quinche,Blessed Virgin Mary,Templum B. M. V. « Del Quinche » (Congregation of the Oblates of the Most Holy Hearts of Jesus and Mary),El Quinche,Quitensis,Quito,Ecuador,1959-05-02,1933,,high,"« praeclara imagine eiusdem Deiparae Virginis, quae, auctoritate Petriani Canonicorum Collegii, anno MDCCCCXXXIII aureo diademate est redimita » — crowned 1933 by authority of the Vatican Chapter. Act date and page confirmed by the volume's chronological index (incipit « Mariani cultus », 1959 Maii 2, p. 694 — same batch, AAS-51-1959-ocr#940)."
AAS,51,1959,805,I,Litterae Apostolicae,Ioannes PP. XXIII,"AAS 51 (1959), p. 805",https://www.vatican.va/archive/aas/documents/AAS-51-1959-ocr.pdf,papal_coronation_act,BEATA MARIA VIRGO VULGO APPELLATA « NUESTRA SEÑORA DE EL SOTO » IN PRAECIPUAM PATRONAM REGIONIS « DE TORANZO » ELIGITUR ET EIUSDEM IMAGO CORONA REDIMITUR.,"Potiora inter pietatis domicilia dioecesis Santanderiensis locum obtinet templum Beatae Mariae Virgini, Dominae Nostrae a nemore, sacrum","Beata Maria Virgo a nemore, seu « Nuestra Señora de El Soto »",Nuestra Señora de El Soto,Blessed Virgin Mary,"Templum (cum coenobio) B. M. V. « Nuestra Señora de El Soto », Carmelitis Discalceatis creditum",Iruz (Valle de Toranzo),Santanderiensis,Santander,Spain,1959-05-23,,"Iosephus Eguino Trecu, Episcopus Santanderiensis (Santanderiensis Ordinarius)",high,"Coronation grant: « Santanderiensi Ordinario ... eas partes committimus, ut die suo arbitrio deligendo, post Missarum sollemnia, iuxta ritum formulamque praescriptam, imagini eiusdem Deiparae Virginis ... auream coronam, Nostro nomine et auctoritate imponat. » Date of the coronation itself left to the Ordinary, so not stated. Rubric prints the vernacular title twice inconsistently (« de El Soto » / « del El Soto »). Act date and page confirmed by the volume index (incipit « Potiora inter », 1959 Maii 23, p. 805 — same batch, AAS-51-1959-ocr#940)."
AAS,52,1960,52,II,Nuntius radiophonicus,Ioannes PP. XXIII,"AAS 52 (1960), p. 52",https://www.vatican.va/archive/aas/documents/AAS-52-1960-ocr.pdf,retrospective_attestation,"CHRISTIFIDELIBUS AEQUATORIANAE REIPUBLICAE, B. MARIA VIRG. A ROSARIO V. « DE AGUA SANTA DE BAÑOS » CORONA REDIMITA ET MISSIONUM IN ORIENTALI AEQUATORIANI TERRITORII PLAGA REGINA RENUNTIATA.","Como el niño al regazo de su madre, así habéis acudido, amadísimos fieles del Ecuador, a las plantas de Nuestra Señora del Rosario de Agua Santa de Baños","Beata Maria Virgo a Rosario, vulgo « de Agua Santa de Baños »",Nuestra Señora del Rosario de Agua Santa de Baños,Blessed Virgin Mary,Santuario de Agua Santa (entrusted to the Dominicans),Baños,,,Ecuador,1959-12-13,1959-12-13,unnamed « Cardenal Legado » (« Nuestro amadísimo Cardenal Legado »),high,"Papal radio message delivered on the day of the crowning itself (footnote « Die 13 Decembris mensis a. 1959 »; listed in the volume index under NUNTII RADIOPHONICI, 1959 Dec. 13, p. 52). Text in Spanish: « habéis subido hoy a su trono para poner en las sienes de María Santísima una corona real ». Executes the grant of Pius XII, Litt. Ap. « Salutari fonti » of 3 March 1957, AAS 50 (1958) 464. The Cardinal Legate is not named in the message; the 1957 grant had committed the crowning to Card. Carlos María de la Torre, Abp of Quito. OCR of the incipit reads « al ragazo » for « al regazo » — silently repaired."
AAS,52,1960,77,II,Litterae Apostolicae,Ioannes PP. XXIII,"AAS 52 (1960), p. 77",https://www.vatican.va/archive/aas/documents/AAS-52-1960-ocr.pdf,retrospective_attestation,"BASILICAE MINORIS HONORIBUS PRIVILEGIISQUE DECORATUR ECCLESIA B. MARIAE V. PERDOLENTIS, VULGO « NUESTRA SEÑORA DE LA SOLEDAD » APPELLATAE, IN URBE ET ARCHIDIOECESI ANTEQUERENSI EXSTANS.","Religionis domicilium praeclarum esse perhibetur templum Beatae Mariae Virgini « a Solitudine », quae dicitur, sacrum in urbe et archidioecesi Antequerensi",imago Almae Deiparae a Solitudine,Nuestra Señora de la Soledad,Blessed Virgin Mary,templum B. Mariae V. Perdolentis (Basilica Minor),Antequera (Oaxaca),Antequerensis,Antequera (Oaxaca),Mexico,1959-07-17,1909-01-18,,high,"Clause: « Sanctus Pius PP. X, Decessor Noster imm. mem., concessit, ut idem simulacrum suo nomine et auctoritate aurea redimiretur corona; quod sollemne die xviii mensis Ianuarii, anno MDCCCCIX, inter plaudentis populi vota, sacrorum Antistitum e Mexicana dicione astante coetu, peractum est »."
AAS,52,1960,383,II,Litterae Apostolicae,Ioannes PP. XXIII,"AAS 52 (1960), p. 383",https://www.vatican.va/archive/aas/documents/AAS-52-1960-ocr.pdf,retrospective_attestation,"BEATA MARIA V., « DE LA CABEZA » VULGO APPELLATA, PRAECIPUA APUD DEUM PATRONA UNA CUM S. EUPHRASIO, EP. ET CONF., UNIVERSAE DIOECESIS GIENNENSIS CONSTITUITUR.","Studium et cultus Beatae Mariae Virginis, quae « de la Cabeza » Hispanico appellatur sermone, a multo iam tempore animos tenent Illiturgitanorum",Beata Maria Virgo « de la Cabeza »,Nuestra Señora de la Cabeza,Blessed Virgin Mary,montanum sacrarium on the mount called « la Cabeza »,Illiturgis (Andújar),Giennensis,Jaén,Spain,1959-11-27,,,high,"Patron declaration that recalls in passing that the Chapter of St Peter's ('Petrianae Basilicae Canonicorum Collegium'), at the request of Bishop Juan Manuel Laguarda Fenollera and in the time of St Pius X, granted 'ut ... Mariale simulacrum aurea corona redimiretur'; no coronation year given. The image, found in 1227 ('anno MCCXXVII') on the mountain, lost its diadem in the Spanish Civil War and a more precious crown was prepared to replace it. Act begins on printed page 383 (passage page-marker is 384). Datum reads 'die XXVII mensis Novembris, anno MDCCCCLVHII' — read as MDCCCCLVIIII = 1959, confirmed by 'Pontificatus Nostri secundo'. Locality Illiturgis = Andújar (identification supplied)."
AAS,52,1960,450,II,Litterae Apostolicae,Ioannes PP. XXIII,"AAS 52 (1960), p. 450",https://www.vatican.va/archive/aas/documents/AAS-52-1960-ocr.pdf,retrospective_attestation,CATHEDRALIS ECCLESIA PREMISLIENSIS LATINORUM BASILICAE MINORIS TITULO HONORIBUSQUE AUGETUR.,"Romanorum Pontificum beneficio solet templis, quae religione, structurae genere, artificiosis operibus valde commendantur, peculiaris honor adiungi.","signum Dei Genetricis (Beata Maria Virgo, Regina Poloniae)",,Blessed Virgin Mary,"cathedralis ecclesia Premisliensis Latinorum, S. Ioanni Baptistae ac B. Mariae Virgini Reginae Poloniae sacra",Przemyśl,Premisliensis Latinorum,Przemyśl (Latin rite),Poland,1960-01-09,1766,,medium,"Basilica Minor elevation stating 'signum Dei Genetricis, aureo diademate anno MDCCLXVI ornatum'. Crowning authority not named. Country Poland inferred from the see name Premisliensis Latinorum (Przemyśl) and the title 'Regina Poloniae'."
AAS,52,1960,885,III,Litterae Apostolicae,Ioannes PP. XXIII,"AAS 52 (1960), p. 885",https://www.vatican.va/archive/aas/documents/AAS-52-1960-ocr.pdf,retrospective_attestation,BASILICAE MINORIS TITULO EXORNATUR CATHEDRALIS ECCLESIA VALENTINA IN VENEZUELA.,"Urbi Valentiae in Venetiolae finibus, non modicum perhibetur decus accrescere principe templo, Opiferae Matri caelesti dicato, quippe quod antiquitate sit religiosum",imago Beatae Mariae Virginis de Succursu,Nuestra Señora del Socorro,Blessed Virgin Mary,cathedralis ecclesia Valentina,Valentia (Valencia),Valentina in Venezuela,Valencia (Venezuela),Venezuela,1960-02-12,1910,,high,"Basilica Minor elevation stating 'quae anno MCMX, auctoritate Sancti Pii PP. X, Decessoris Nostri, aureo diademate est redimita'. Act begins on printed page 885 (passage page-marker is 886). Vernacular title 'Nuestra Señora del Socorro' supplied as the standard rendering of 'de Succursu'."
AAS,53,1961,25,III,Litterae Apostolicae,Ioannes PP. XXIII,"AAS 53 (1961), p. 25",https://www.vatican.va/archive/aas/documents/AAS-53-1961-ocr.pdf,retrospective_attestation,Beata Maria Virgo de Monte Carmelo praecipua Patrona dioecesis Papantlensis eligitur.,"Peculiari studio pietatis excoli perhibetur a Christifidelibus dioecesis Papantlensis Beata Maria Virgo de Monte Carmelo, cuius praeclara imago, in ipsa episcopali sede proposita",Beata Maria Virgo de Monte Carmelo,Nuestra Señora del Carmen,Blessed Virgin Mary,the episcopal see church of Papantla ('in ipsa episcopali sede proposita'),Papantla,Papantlensis,Papantla,Mexico,1960-05-20,1948,,medium,"Patron declaration stating 'Quod simulacrum ... anno MDCCCCXXXXVIII, auctoritate Pii PP. XII, Decessoris Nostri imm. mem., aureo diademate fuit redimitum' (MDCCCCXXXXVIII = 1948). Country Mexico inferred from the see name Papantlensis; not stated in the passage. Vernacular title supplied as the usual rendering of 'de Monte Carmelo'."
AAS,53,1961,34,I,Allocutio,Ioannes PP. XXIII,"AAS 53 (1961), p. 34",https://www.vatican.va/archive/aas/documents/AAS-53-1961-ocr.pdf,papal_personal_coronation,"In Basilica Liberiana habita christifidelibus Urbis, in festo Immaculatae Conceptionis Beatae Mariae Virginis.",,,L'Immacolata Concezione (mosaic in the Cappella del Coro),Blessed Virgin Mary,"Basilica of St Peter in the Vatican, Cappella del Coro (on the site of Sixtus IV's chapel of the Immaculate Conception)",Vatican City / Rome,,,Vatican City,1960-12-08,1869-12-08,,medium,"John XXIII recalls that Pius IX himself crowned this mosaic image ('il Pontefice Pio IX, con incomparabile solennità, incoronò l'8 dicembre 1869') at the opening of Vatican Council I, and that Pius X renewed the act with a richer crown on 8 December 1904, which the future John XXIII witnessed as a young priest. Act is an allocution delivered in the Liberian Basilica (St Mary Major) on 8 Dec 1960 but the crowned image described is the St Peter's Cappella del Coro mosaic. Act begins on printed page 30; attestation on p. 34. Body in Italian, no Latin incipit."
AAS,53,1961,214,II,Litterae Apostolicae,Ioannes PP. XXIII,"AAS 53 (1961), p. 214",https://www.vatican.va/archive/aas/documents/AAS-53-1961-ocr.pdf,retrospective_attestation,Titulus ac privilegia Basilicae Minoris ecclesiae cathedrali Caesenatensi conferuntur.,"Merito praedicatur templum princeps Caesenas, quod saeculo xiv Romanico, uti appellant, architectandi genere exstructum, amplitudine molis commendatur et cultu multiplici.","imago Beatae Mariae Virginis, eodem in templo exculta",,Blessed Virgin Mary,cathedralis ecclesia Caesenatensis,Caesena (Cesena),Caesenatensis,Cesena,Italy,1960-07-01,,,medium,"Basilica Minor elevation stating that Pius VI, on his return from Vienna, personally crowned the image: 'quorum priorem, Vindobona reducem, imaginem Beatae Mariae Virginis, eodem in templo excultam, aureo diademate redimivisse'. No year given (Pius VI's return from Vienna was 1782, not stated in the text). This is therefore a retrospective attestation of a personal papal coronation. Country Italy inferred from Caesena/Cesena; not stated."
AAS,53,1961,356,VI,Litterae Apostolicae,Ioannes PP. XXIII,"AAS 53 (1961), p. 356",https://www.vatican.va/archive/aas/documents/AAS-53-1961-ocr.pdf,retrospective_attestation,Beata Maria Virgo « Afrorum Domina » praecipua Patrona totius archidioecesis Algeriensis declaratur.,Praefervidum erga intaminatam Dei Genetricem amorem etiam in repositis terris inter omnes constat vigere. Iam inde antiquitus in regione Algeriensi,"statua Beatae Mariae Virginis, « Afrorum Domina »",Notre-Dame d'Afrique,Blessed Virgin Mary,"the basilica of Notre-Dame d'Afrique (sanctuarium Mariale Icosii, raised to Basilica Minor by Pius IX in 1876)",Icosium (Algiers),Algeriensis,Algiers,Algeria,1960-11-23,1876,,high,"Patron declaration stating 'Anno MDCCCLXXVI Decessor Noster ven. mem. Pius Pp. IX ecclesiam ... ad Basilicae Minoris honorem et dignitatem evexit, et statuam Beatae Mariae Virginis aurea corona, suo nomine et auctoritate, redimiri iussit'. OCR renders the year as 'm d c c c l x x v ï' = MDCCCLXXVI (1876). The bronze statue was given by the Children of Mary of Lyons and blessed by the first bishop of Algiers in 1840 ('anno MDCCCXXXX'). Pius XII/John XXIII text also records that John XXIII himself visited the shrine on 19 March 1950."
AAS,53,1961,671,IV,Litterae Apostolicae,Ioannes PP. XXIII,"AAS 53 (1961), p. 671",https://www.vatican.va/archive/aas/documents/AAS-53-1961-ocr.pdf,retrospective_attestation,"Beata Maria Virgo, vulgo « de Izamal » appellata, praecipua caelestis Patrona archidioecesis Yucatanensis declaratur.","Luce collustrans superna saeculum caliginosum, Beata Maria Virgo, Dei Parens augusta, gloria generis humani, utpote primae et alius cuiusvis labis immunis",Imago Beatae Mariae Virginis de Izamal,Nuestra Señora de Izamal,Blessed Virgin Mary,,Izamal,Yucatanensis,Yucatán,Mexico,1960-12-22,1949,,high,"Clause: « Idcirco Pius Pp. XII, Decessor Noster fel. rec., concessit, ut praeclara eius Imago sua auctoritate, anno MCMXLIX, redimiretur diademate aureo ». Country confirmed within the act (« in tota dicione Mexicana », Apostolic Delegate in Mexico)."
AAS,53,1961,672,V,Litterae Apostolicae,Ioannes PP. XXIII,"AAS 53 (1961), p. 672",https://www.vatican.va/archive/aas/documents/AAS-53-1961-ocr.pdf,retrospective_attestation,Basilicae Minoris honoribus decoratur ecclesia Beatae Mariae Virginis a Gratiis Brixiae consecrata.,"Meritis celebratur praeconiis Brixianum templum Beatae Mariae Virginis a Gratiis, quod antiquitate, mole, structurae genere artificiosisque operibus est admodum insigne","Imago Almae Deiparae, Beata Maria Virgo a Gratiis",Madonna delle Grazie,Blessed Virgin Mary,ecclesia Beatae Mariae Virginis a Gratiis (Santa Maria delle Grazie),Brixia (Brescia),Brixiensis,Brescia,Italy,1961-03-17,1886,,medium,"Basilica Minor elevation stating 'Hoc Simulacrum, aureo diademate anno MDCCCLXXXVI auctoritate Petriani Canonicorum Collegii redimitum'. Country Italy inferred from Brixia/Brescia and 'Insubris regionis'; not stated. Vernacular title supplied as the usual rendering of 'a Gratiis'."
AAS,53,1961,674,VI,Litterae Apostolicae,Ioannes PP. XXIII,"AAS 53 (1961), p. 674",https://www.vatican.va/archive/aas/documents/AAS-53-1961-ocr.pdf,retrospective_attestation,"Beata Maria Virgo a Gratiis, vulgo « Madonna delle Grazie » nuncupata, una cum S. Aemygdio, urbis ac dioecesis Asculanae in Piceno praecipua Patrona renuntiatur.","Ex quo, anno scilicet proxime praeterito, praeclara Imago Beatae Mariae Virginis a Gratiis, quae in sacrario apud Basilicam cathedralem Asculanam in Piceno asservatur",Beata Maria Virgo a Gratiis,Madonna delle Grazie,Blessed Virgin Mary,sacrarium apud Basilicam cathedralem Asculanam in Piceno,Asculum in Piceno (Ascoli Piceno),Asculana in Piceno,Ascoli Piceno,Italy,1961-04-28,1960,,medium,"Patron declaration opening 'Ex quo, anno scilicet proxime praeterito, praeclara Imago ... auctoritate Petriani Canonicorum Collegii, aureo diademate fuit redimita'. Coronation year 1960 derived from 'anno proxime praeterito' relative to the act date. The Datum line is OCR'd 'die XXVIII mensis Aprilis, anno m c m x x i' — MCMXXI is an OCR corruption of MCMLXI (1961), confirmed by 'Pontificatus Nostri tertio' and the volume year. Country Italy inferred from Asculum in Piceno; not stated."
AAS,54,1962,87,III,Litterae Apostolicae,Ioannes PP. XXIII,"AAS 54 (1962), p. 87",https://www.vatican.va/archive/aas/documents/AAS-54-1962-ocr.pdf,retrospective_attestation,"Ecclesia Beatae Mariae V. de Guadalupe, loci « La Ceiba de Guadalupe », in archidioecesi et urbe S. Salvatoris in America, privilegiis Basilicae Minoris honestatur.","Guadalupana Virgo praeclaram habet sedem constitutam in Sancti Salvatoris in America archidioecesi, ecclesiam dicimus loci, vulgari sermone « La Ceiba de Guadalupe » vocitati.",imago Beatae Mariae Virginis de Guadalupe,Nuestra Señora de Guadalupe,Blessed Virgin Mary,"ecclesia seu sacrarium Beatae Mariae Virginis de Guadalupe, « La Ceiba de Guadalupe »","La Ceiba de Guadalupe, San Salvador",Sancti Salvatoris in America,San Salvador,El Salvador,1960-07-25,1953,,high,Basilica Minor elevation stating 'anno MCMLIII Petriani Canonicorum Collegii concessu et auctoritate aureo diademate redimita'. Act begins on printed page 87 (passage page-marker is 88). Shrine served by the Clerics Regular of Somascha.
AAS,54,1962,91,VI,Litterae Apostolicae,Ioannes PP. XXIII,"AAS 54 (1962), p. 91",https://www.vatican.va/archive/aas/documents/AAS-54-1962-ocr.pdf,retrospective_attestation,"Titulo ac privilegiis Basilicae Minoris Sanctuarium B. Mariae Virg. ab Elevatione, dioecesis Ambatensis, exornatur.","Fide invicta administri sacrorum populusque regionis, quae Ambatensi nunc dioecesi continetur, sacrarium Beatae Mariae Virgini ab Elevatione dicatum aedificarunt",Imago Almae Deiparae ab Elevatione,,Blessed Virgin Mary,Sanctuarium Beatae Mariae Virginis ab Elevatione,,Ambatensis,Ambato,Ecuador,,1954,,medium,"Basilica Minor elevation stating that the image, after the Virgin was made patroness of the diocese by Pius XII in 1952 ('anno MCMLII'), was crowned 'auctoritate Petriani Canonicorum Collegii, duobus annis post' — i.e. 1954. The Datum line is OCR'd 'die xxvim mensis Aprilis, anno MCMLXI'; the day is illegible (most likely XXVIII = 28 April 1961), so act_date left null. Country Ecuador explicit ('Apostolici in Aequatoriana Republica Nuntii'; Archbishop of Quito). Previous church collapsed in the 1949 earthquake ('anno MCMXLIX')."
AAS,54,1962,150,I,Litterae Apostolicae,Ioannes PP. XXIII,"AAS 54 (1962), p. 150",https://www.vatican.va/archive/aas/documents/AAS-54-1962-ocr.pdf,retrospective_attestation,"Titulo ac privilegiis Basilicae Minoris ecclesia dicata Beatae Mariae Virgini, Omnium Gratiarum Conciliatrici, Sultanae Africae, in oppido « Lodonga », Aruaensis dioecesis, condecoratur.",Beatissimam Virginem Mariam cunctas haereses interemisse in universo mundo iure meritoque canit Ecclesia: quod quidem iis omnibus qui ad Regnum Christi in dissitas regiones dilatandum forti animo decertant,"ligneum Mariale simulacrum, Beata Maria Virgo Omnium Gratiarum Conciliatrix, « Sultana » seu « Domina Africae »","Our Lady Queen of Africa, Lodonga",Blessed Virgin Mary,"ecclesia oppidi « Lodonga », consecrated 1954 and dedicated to B.M.V. Omnium Gratiarum Conciliatrix","Lodonga, West Nile",Aruaensis,Arua,Uganda,1961-05-26,,,medium,"Basilica Minor elevation stating 'cuius simulacrum aurea corona, a Pio Pp. XII, fel. rec., proximo Decessore Nostro, pie lustrata, fuit redimitum' — the golden crown was blessed by Pius XII; the year of the crowning is not given (the church was consecrated 'anno MCMLIV'). Church served by the Comboni Missionaries ('Congregatio Filiorum S. Cordis Iesu'). Vernacular title is a rendering of 'Sultana seu Domina Africae'; verify local usage."
AAS,54,1962,426,II,Litterae Apostolicae,Ioannes PP. XXIII,"AAS 54 (1962), p. 426",https://www.vatican.va/archive/aas/documents/AAS-54-1962-ocr.pdf,retrospective_attestation,"Beata Maria Virgo, vulgo « dei Rocciamelone » nuncupata, una cum Sancto Iusto Martyre, aeque principalis totius Segusiensis dioecesis caelestis Patrona eligitur.","In Alpium Cottiarum concava valle, impendentibus undique montibus, urbs exstat Segusium, cui multae frequentesque negotiationes",Beata Maria Virgo dei Rocciamelone,Madonna del Rocciamelone,Blessed Virgin Mary,sacellum in vertice montis Rocciamelone,Susa (Segusium) / Monte Rocciamelone,Segusiensis,Susa,Italy,1961-11-21,,,medium,"Clause: « Quae verba laetum omen ac signum iudicamus aurei diadematis quo, Apostolicae Sedis auctoritate, Coeli Regina est redimita ». No year given; the context is the bronze statue set up on the summit of Rocciamelone at the end of the 19th century. Coronation clause on printed page 427; the act begins on printed page 426, cited here as aas_page."
AAS,54,1962,770,I,Litterae Apostolicae,Ioannes PP. XXIII,"AAS 54 (1962), p. 770",https://www.vatican.va/archive/aas/documents/AAS-54-1962-ocr.pdf,retrospective_attestation,"Beata Maria Virgo « a Miraculis » praecipua caelestis Patrona oppidi v. « Morbio Inferiore », Luganensis dioecesis, declaratur.","Deiparam Virginem Mariam maternum auxilium suis fidelibus saepenumero ostendisse, omnibus constat.",Beata Maria Virgo « a Miraculis »,,Blessed Virgin Mary,"Marialis aedicula adjoining the parish church of Morbio Inferiore (ancient fresco, 'vetustam Beatae Mariae Virginis udo illitam effigiem')",Morbio Inferiore,Luganensis,Lugano,Switzerland,1961-08-15,1927,,medium,"Patronage act; the coronation is mentioned in passing: the faithful had a golden crown made 'quae postea amplissimi Petriani Canonicorum Collegii Decreto, anno MCMXXVII, Mariae Virginis capiti fuit sollemniter imposita' — i.e. crowned by decree of the Vatican Chapter in 1927. The coronation clause falls on printed page 771; the act opens on page 770, which is cited here as aas_page. Country (Switzerland) inferred from the diocese of Lugano; not stated in the text. Vernacular title not given in the passage."
AAS,54,1962,850,III,Epistula,Ioannes PP. XXIII,"AAS 54 (1962), p. 850",https://www.vatican.va/archive/aas/documents/AAS-54-1962-ocr.pdf,papal_personal_coronation,"E.mo P. D. Ioanni Baptistae S. R. E. Cardinali Montini, Archiepiscopo Mediolanensi, qui in oppido v. « Imbersago » interfuit sollemnibus, quibus statua aenea Ioanni Pp. XXIII posita est in sacra Aede B. Mariae Virg. v. « Madonna del Bosco » appellatae.","Con soave pensiero l'animo si volge al Santuario della Madonna del Bosco, che soffuse su la Nostra infanzia un ineffabile sorriso di cielo",,Madonna del Bosco,Blessed Virgin Mary,Santuario della Madonna del Bosco,Imbersago,Mediolanensis,Milan,Italy,1962-10-28,1954-08-29,,medium,"Letter in Italian to Card. Montini. John XXIII recalls: 'il 29 agosto 1954, con la cerimonia della solenne incoronazione della sacra effigie, ivi venerata, che Ci fu dato di compiere in nome e per procura del Cardinale Arcivescovo Schuster'. IMPORTANT for a checker: the writer (then Patriarch of Venice, not yet Pope) performed the crowning as proxy for Cardinal Schuster, Archbishop of Milan; the text does NOT state papal or Vatican Chapter authority for the coronation, so 'papal_personal_coronation' is used only in the literal sense that the reigning Pope personally performed it. Rubric OCR reads « Imfoersago » — repaired to « Imbersago ». Diocese (Milan) inferred from the addressee and from Card. Schuster; country inferred from Brianza/Lombardy. The letter opens on printed page 850; the coronation clause falls on page 851."
AAS,54,1962,851,III,Epistula,Ioannes PP. XXIII,"AAS 54 (1962), p. 851",https://www.vatican.va/archive/aas/documents/AAS-54-1962-ocr.pdf,retrospective_attestation,"E.mo P. D. Ioanni Baptistae S. R. E. Cardinali Montini, Archiepiscopo Mediolanensi, qui in oppido v. « Imbersago » interfuit sollemnibus, quibus statua aenea Ioanni Pp. XXIII posita est in sacra Aede B. Mariae Virg. v. « Madonna del Bosco » appellatae.",,B. Mariae Virg. v. « Madonna del Bosco » appellatae,Madonna del Bosco,Blessed Virgin Mary,Santuario della Madonna del Bosco,Imbersago (Brianza),Mediolanensis,Milan,Italy,1962-10-28,1954-08-29,,high,"The Pope recalls 'la cerimonia della solenne incoronazione della sacra effigie, ivi venerata, che Ci fu dato di compiere in nome e per procura del Cardinale Arcivescovo Schuster' on 29 August 1954 — i.e. the crowning was performed by Angelo Roncalli (then Patriarch of Venice, not yet Pope) as proxy for Cardinal Ildefonso Schuster, Archbishop of Milan, the day before Schuster's death. Hence retrospective_attestation, not papal_personal_coronation. OCR of the rubric reads 'Imfoersago'; read as 'Imbersago'. Act begins on printed page 850; passage page 851. Body in Italian, no Latin incipit."
AAS,55,1963,29,III,Litterae Apostolicae,Ioannes PP. XXIII,"AAS 55 (1963), p. 29",https://www.vatican.va/archive/aas/documents/AAS-55-1963-ocr.pdf,retrospective_attestation,"Beata Maria Virgo « a Quercu » principalis caelestis Patrona declaratur convallis « Nure » vulgo appellatae, intra fines Placentinae dioecesis.","Amicum sidus in huius saeculi fluctibus exasperato mari omnibus lucet, augusta videlicet Maria: hanc si mortales intuentur, a recto cursu nequaquam aberrant",Beata Maria Virgo a Quercu,Madonna della Quercia,Blessed Virgin Mary,sanctuary of the Madonna della Quercia in the town of Bettola (Val Nure),Bettola,Placentina,Piacenza,Italy,1962-06-12,1920,,medium,"Patron declaration stating 'Petrianum vero Canonicorum Collegium die XX mensis Februarii anno MCMXX indulsit, ut eiusdem Caelestis Virginis imago ibidem asservata aureo diademate sollemni ritu redimiretur'. 1920-02-20 is the date of the Vatican Chapter's indult, not necessarily of the ceremony, so only the year is recorded here. Country Italy inferred from the diocese of Piacenza / Val Nure; not stated. Vernacular title supplied as the usual rendering of 'a Quercu'."
AAS,55,1963,87,IV,Litterae Apostolicae,Ioannes PP. XXIII,"AAS 55 (1963), p. 87",https://www.vatican.va/archive/aas/documents/AAS-55-1963-ocr.pdf,retrospective_attestation,"Titulus ac privilegia Basilicae Minoris paroeciali ecclesiae Beatae Mariae Virginis a Mercede, in urbe Guayaquilensi, conferuntur.","Guayaquilensis incolae urbis, quae portus praecipuus est Aequatorianae Dicionis, ad templum Beatae Mariae Virginis de Mercede veluti ad portum salutis ac perfugium animarum solent confluere",imago Dei Genetricis Mercedoniae,Nuestra Señora de la Merced,Blessed Virgin Mary,ecclesia paroecialis Beatae Mariae Virginis a Mercede,Guayaquil,Guayaquilensis,Guayaquil,Ecuador,1962-05-04,1947-09-08,,high,"Basilica Minor elevation stating 'Pius Pp. XII, Decessor Noster rec. mem., eandem imaginem sua auctoritate aureo diademate redimiri, datis Apostolicis sub anulo Piscatoris Litteris die VIII mensis Septembris anno MCMXLVII, concessit'. The date 1947-09-08 is that of the Apostolic Letters granting the coronation, not necessarily of the ceremony. Act begins on printed page 87 (passage page-marker is 88). Church served by the Mercedarians."
AAS,55,1963,225,IV,Litterae Apostolicae,Ioannes PP. XXIII,"AAS 55 (1963), p. 225",https://www.vatican.va/archive/aas/documents/AAS-55-1963-ocr.pdf,retrospective_attestation,Ecclesia paroecialis urbis v. d. « Piekary » ad dignitatem Basilicae Minoris evehitur.,"Augustissimis Poloniae templis iure meritoque videtur esse accensenda ecclesia paroecialis, quae in urbe v. Piekary, intra Silesiae fines, exsurgit",mirifica Beatissimae Mariae Virginis imago,,Blessed Virgin Mary,ecclesia paroecialis urbis Piekary (built 1846),"Piekary, Silesia",Katovicensis,Katowice,Poland,1962-12-01,,,medium,"Basilica Minor elevation stating 'Nostra demum aetate, Pii Pp. XI permissu ... imago, quam diximus, aureo diademate est redimita'. No year given; only that it was by permission of Pius XI (1922-1939). The act also recalls King John Sobieski praying before the image on his way to Vienna."
AAS,55,1963,320,V,Litterae Apostolicae,Ioannes PP. XXIII,"AAS 55 (1963), p. 320",https://www.vatican.va/archive/aas/documents/AAS-55-1963-ocr.pdf,retrospective_attestation,"Titulo ac privilegiis Basilicae Minoris honestatur paroecialis ecclesia B. Mariae Virg. a Nazareth in urbe v. « Sestri Levante » appellata, dioecesis Clavarensis.","Communi consensu celebratur urbs Segesta Tigulliorum, quam, « Sestri Levante » vulgo nuncupatam et amoeno in litore positam, Ligustinum alluit mare",imago Christi Cruci affixi,,other (Christ Crucified — a crucifix),paroecialis ecclesia Beatae Mariae Virginis a Nazareth,Sestri Levante,Clavarensis,Chiavari,Italy,1962-06-22,1903,,medium,"Basilica Minor elevation stating 'Leo Pp. XIII, Decessor Noster, inditam eam effigiem, anno MCMIII, per Legatum aurea corona ritu sollemni redimivit' (OCR 'inditam' = 'inclitam'). The crowned image is a crucifix, not a Marian image; the Legate is not named. Act begins on printed page 320 (passage page-marker is 321). Country Italy inferred from Sestri Levante / Chiavari; not stated."
AAS,55,1963,323,VII,Litterae Apostolicae,Ioannes PP. XXIII,"AAS 55 (1963), p. 323",https://www.vatican.va/archive/aas/documents/AAS-55-1963-ocr.pdf,retrospective_attestation,"Titulus ac privilegia Basilicae Minoris Sanctuario B. Mariae Virg. « de Lluch », in Maioricensis dioecesis finibus, conferuntur.","Gloria et praesidium Balearum Insularum merito praedicatur Beata Maria Virgo « de Lluch », cuius venusta imago in Maioricensi templo, saeculo XIII eius honori exstructo, perpetuis impensisque obsequiis colitur.",Beata Maria Virgo « de Lluch »,,Blessed Virgin Mary,Sanctuarium (Collegium Sanctae Mariae) Beatae Mariae Virginis « de Lluch »,Lluc,Maioricensis,Mallorca (Majorca),Spain,1962-06-30,,,medium,"Basilica Minor act; the coronation is mentioned in passing: 'Leo Pp. XIII, qui inditam imaginem illam per Legatum aureo diademate redimivit' (OCR 'redimi vit'; 'inditam' probably for 'inclitam'). No coronation year and no Legate name given; Leo XIII reigned 1878-1903. Locality 'Lluc' taken from the sanctuary's own epithet; country inferred from 'Balearum Insularum' / dioecesis Maioricensis, not stated in the act. Vernacular form of the title not given beyond « de Lluch »."
AAS,55,1963,324,VIII,Litterae Apostolicae,Ioannes PP. XXIII,"AAS 55 (1963), p. 324",https://www.vatican.va/archive/aas/documents/AAS-55-1963-ocr.pdf,retrospective_attestation,Titulus ac privilegia Basilicae Minoris cathedrali ecclesiae Materanensi tribuuntur.,"Mateola, antiqua regum sedes, urbs rerum gestarum memoria illustris, praeclarior vero religione, quam priscis acceptam temporibus per hominum aetates impigre coluit, egregium pietatis domicilium merito praedicatur","imago Beatae Mariae Virginis, cui olim appellatio « a Matera » vel « ab episcopio » adiciebatur",Madonna della Bruna,Blessed Virgin Mary,"Cathedralis (metropolitana) ecclesia Materanensis, Beatae Mariae Virgini et Sancto Eustachio sacra",Matera,Materanensis,Matera,Italy,1962-07-02,1843,,medium,"Basilica Minor act. Coronation stated: 'anno MDCCCXLIII, auctoritate Petriani Canonicorum Collegii, aureo diademate fuit redimita' (Vatican Chapter, 1843). The act begins on printed p. 324 (rubric and incipit visible in the adjoining passage AAS-55-1963-ocr#323); the coronation sentence itself is on p. 326, which is the passage's printed_page. Incipit taken verbatim from p. 324 ('Mateola' OCR 'Mateola/Mateóla'). Country inferred from the see of Matera, not stated in the act."
AAS,55,1963,442,I,Litterae Apostolicae,Ioannes PP. XXIII,"AAS 55 (1963), p. 442",https://www.vatican.va/archive/aas/documents/AAS-55-1963-ocr.pdf,retrospective_attestation,Titulus ac privilegia Basilicae Minoris cathedrali ecclesiae Moronensi conferuntur.,"Terrena in peregrinatione constituti cives Moronenses honori Beatae Mariae Virginis, a prima labe immunis, quam a « felici itinere » vulgo appellant ac ducem habent ad caelestem, quo contendimus, patriam, monumentum praeclarum atque spectabile in urbe sua erexerunt",vetusta Imago almae Deiparae a « felici itinere » (Immaculata Conceptio Beatae Mariae Virginis),Nuestra Señora del Buen Viaje,Blessed Virgin Mary,Cathedralis ecclesia Moronensis (Immaculatae Conceptioni B. M. V. « del Buen Viaje » sacra),Morón,Moronensis,Morón,Argentina,1962-12-01,,,medium,"Basilica Minor act recording John XXIII's own earlier grant: 'id simulacrum aureo diademate sivimus, Nostra auctoritate, redimiri, Apostolicis Litteris die xix mensis Decembris anno MCMLX sub Piscatoris anulo datis' — i.e. the faculty was granted by Apostolic Letters of 1960-12-19; the date of the coronation ceremony itself is not stated, so coronation_date left null. Country not stated in the act; inferred from the see of Morón (Bishop Michael/Miguel Raspanti) - please verify."
AAS,55,1963,911,II,Litterae Apostolicae,Paulus PP. VI,"AAS 55 (1963), p. 911",https://www.vatican.va/archive/aas/documents/AAS-55-1963-ocr.pdf,retrospective_attestation,"Titulo ac privilegiis Basilicae Minoris honestatur ecclesia Beatae Mariae Virgini in Caelum Assumptae sacra, vulgo « Madonna del Monte » seu « Conadomini » appellata et in urbe Calatayeronio posita.","Praesidium decusque urbis Calatayeronii esse perhibetur templum Beatae Mariae Virginis in Caelum Assumptae sacrum, quod a Monte, cui est impositum, vulgo solet vocari",simulacrum Beatae Mariae Virginis quod « Conadomini » appellant,Madonna di Conadomini (Madonna del Monte),Blessed Virgin Mary,"Ecclesia Beatae Mariae Virginis in Caelum Assumptae, vulgo « Madonna del Monte » seu « Conadomini »",Caltagirone,Calatayeronensis,Caltagirone,Italy,1963-06-27,,,medium,"Basilica Minor act. Coronation mentioned only as an anniversary: 'Revoluto vero quinquagesimo anno ex quo simulacrum Almae Deiparae, cui nomen « Conadomini », aureo diademate fuit redimitum' — the 50th year since the crowning, which with an act of 1963 implies c. 1913, but no year is stated, so coronation_date left null. No crowning authority named. Diocese spelled 'Calatayeronensis' in the OCR (for Calatagironensis/Caltagirone); bishop named 'Franciscus Fasola'. Act begins on printed p. 911; the coronation sentence is on p. 912 (the passage's printed_page). Country inferred, not stated."
AAS,55,1963,913,III,Litterae Apostolicae,Paulus PP. VI,"AAS 55 (1963), p. 913",https://www.vatican.va/archive/aas/documents/AAS-55-1963-ocr.pdf,retrospective_attestation,Titulus ac privilegia Basilicae Minoris ecclesiae paroeciali Sancti Andreae Apostoli in urbe « Viareggio » conferuntur.,"Quae hodie quasi ocellus Tyrrhenae orae vulgo praedicatur, urbs « Viareggio » fuit antea propugnaculum barbarorum incursionibus oppositum, ac vicus quem humiles incolebant piscatores.",simulacrum Virginis Perdolentis,,Blessed Virgin Mary,Ecclesia paroecialis Sancti Andreae Apostoli (Ordo Servorum Mariae),Viareggio,Lucensis,Lucca,Italy,1963-06-27,,,medium,"Basilica Minor act. Coronation stated: 'Virginis simulacrum, Petriani Canonicorum collegii auctoritate coronatum' (Vatican Chapter), with no year given. Diocese taken from 'attenta commendatione Ordinarii Lucensis'. The act begins on printed p. 913 (the coronation sentence is on p. 914); passage printed_page is 912. Country inferred, not stated."
AAS,55,1963,946,II,Litterae Apostolicae,Ioannes PP. XXIII,"AAS 55 (1963), p. 946",https://www.vatican.va/archive/aas/documents/AAS-55-1963-ocr.pdf,retrospective_attestation,"Beata Maria Virgo, « la Virgen de los Treinta y Tres » vulgo appellata, principalis Patrona eligitur Reipublicae Uruquarianae.","Nobilis Uruquarianorum terra, pratorum viriditate collibusque molliter sinuatis peramoena, de antiqua gloriatur marianae sede pietatis","parvum Beatae Mariae Virginis simulacrum, ex ligno exsculptum, Floridensis Virgo",la Virgen de los Treinta y Tres,Blessed Virgin Mary,Templum princeps (cathedralis ecclesia) urbis Floridensis,Florida,Floridensis,Florida,Uruguay,1962-11-21,,,high,"Act declaring the image Patron of Uruguay; it attests the papal coronation grant in passing: 'utpote qui, facta anno superiore licentia idem simulacrum aurea corona redimiendi' — the faculty was given 'the previous year', i.e. 1961 relative to this 1962 act; no explicit date, so coronation_date left null. Rubric and act start (p. 946) confirmed from the volume text."
AAS,55,1963,956,IX,Litterae Apostolicae,Ioannes PP. XXIII,"AAS 55 (1963), p. 956",https://www.vatican.va/archive/aas/documents/AAS-55-1963-ocr.pdf,retrospective_attestation,Titulo ac privilegiis Basilicae Minoris cathedralis ecclesia Floridensis honestatur.,"Floridense templum princeps sedes pietatis praedicatur totius dioecesis incolarum, quin etiam Uruquarianae nationis, siquidem ibi asservatur atque excolitur imago Beatae Mariae Virginis, a « Triginta Tribus viris » appellatae",imago Beatae Mariae Virginis a « Triginta Tribus viris » appellatae,la Virgen de los Treinta y Tres,Blessed Virgin Mary,Cathedralis ecclesia Floridensis,Florida,Floridensis,Florida,Uruguay,1963-04-01,,,high,"Basilica Minor act. Coronation attested: 'hoc non ita pridem, Nostra auctoritate, fuit aureo diademate redimitum' (by John XXIII's authority, 'not long ago' - no date given). Same image as the 1962 patronage act at AAS 55 (1963) 946. Act begins on printed p. 956; passage printed_page is 957."
AAS,56,1964,417,I,Litterae Apostolicae,Paulus PP. VI,"AAS 56 (1964), p. 417",https://www.vatican.va/archive/aas/documents/AAS-56-1964-ocr.pdf,retrospective_attestation,"Beata Maria Virgo, vulgo a « Fontenova » appellata, principalis caelestis Patrona dioecesis Pisciensis eligitur.","Novus veluti fons in huius saeculi desertis spatiis exiit, cum aerumnoso humano generi data est, summo Dei miserentis beneficio, pientissima Mater ac certissimum salutis perfugium, Beata Virgo Maria.",Alma Deipara a « Fontenova » appellata,Madonna di Fontenuova,Blessed Virgin Mary,Templum paroeciale oppidi « Monsummano Terme »,Monsummano Terme,Pisciensis,Pescia,Italy,1963-06-28,1782,,medium,"Patronage act attesting the crowning: '... et anno MDCCiixxxn aureo diademate est redimita'. The OCR form 'MDCCiixxxn' resolves to MDCCLXXXII = 1782 on the pattern used elsewhere in this OCR ('MDCCCiiXXXViin' = MDCCCLXXXVIII); a checker should confirm the year against the printed page. No crowning authority named. Act date OCR 'MCMLÍXIII' = MCMLXIII (1963), Pontificatus Nostri primo. Country inferred, not stated."
AAS,56,1964,516,V,Litterae Apostolicae,Paulus PP. VI,"AAS 56 (1964), p. 516",https://www.vatican.va/archive/aas/documents/AAS-56-1964-ocr.pdf,retrospective_attestation,Titulo ac privilegiis Basilicae Minoris cathedralis ecclesia Marianensis decoratur.,"Erga almam Deiparam pietatis sedes inclita esse perhibetur cathedralis ecclesia Marianensis, quippe ubi vetus nobilisque imago eius, quae est « decor Carmeli », impensis populi excolatur obsequiis.","vetus nobilisque imago Beatae Mariae Virginis, quae est « decor Carmeli »",,Blessed Virgin Mary,"Cathedralis (metropolitana) ecclesia Marianensis, B. M. V. in caelum Assumptae consecrata",Mariana (Minas Gerais),Marianensis,Mariana,Brazil,1963-11-27,,,medium,"Basilica Minor act. Coronation attested: 'ac paulo post effigies ipsa, nomine et auctoritate eiusdem Summi Pontificis [Ioannis Pp. XXIII], inter potestatum, cleri, fidelium vota et plausus, aureo diademate redimita' — crowned in the name and by the authority of John XXIII, shortly after he declared her Patron of the city; no date and no Legate named. Vernacular title not given (Latin only, « decor Carmeli »). Country inferred from 'Civitatis, cui nomen « Minas Gerais »', not stated."
AAS,56,1964,517,VI,Litterae Apostolicae,Paulus PP. VI,"AAS 56 (1964), p. 517",https://www.vatican.va/archive/aas/documents/AAS-56-1964-ocr.pdf,retrospective_attestation,"Beata Maria Virgo, « Scala Paradisi » appellata, principalis Patrona, et S. Conradus Confalonieri, Confessor, Patronus aeque principalis totius Netensis dioecesis constituuntur.","Scandere caelum datur hominibus, qui Beatae Mariae Virgini se devovent eiusque ductu vitam degunt cum virtute.","imago Beatae Mariae Virginis a « Scala Paradisi » nuncupatae, vetusta, in rupe depicta",Madonna della Scala (Scala Paradisi),Blessed Virgin Mary,Sanctuarium Beatae Mariae Virginis « Scala Paradisi » prope urbem Netum,Noto,Netensis,Noto,Italy,1963-11-27,1931,,medium,"Patronage act attesting the crowning: 'imago illa, auctoritate Petriani Collegii Canonicorum, anno MCMXXXI, aureo diademate fuit redimita' (Vatican Chapter, 1931). Act date OCR 'MCMUXIII' = MCMLXIII. Country inferred, not stated. Vernacular form of the title supplied from the Latin epithet - verify."
AAS,56,1964,555,I,Litterae Apostolicae,Paulus PP. VI,"AAS 56 (1964), p. 555",https://www.vatican.va/archive/aas/documents/AAS-56-1964-ocr.pdf,retrospective_attestation,"Beata Maria Virgo, a Septem Doloribus appellata, totius regionis Ciminiae principalis Patrona renuntiatur.","Quae regio monte silva ac lacu distinguitur, Ciminia commune quoddam marialis religionis domicilium habet constitutum sacris illis iurisdictionibus quae circa sunt.",effigies Beatae Mariae Virginis a Septem Doloribus (Mater Dolorosa),,Blessed Virgin Mary,Pervetustum coenobium (ecclesia abbatialis) Sancti Martini ad Montem Ciminum,San Martino al Cimino (Monti Cimini),Abbatia nullius Sancti Martini ad Montem Ciminum (Viterbiensis et Tuscanensis),San Martino al Cimino abbey nullius / Viterbo,Italy,1963-09-24,1938,,medium,"Patronage act attesting the crowning: 'Siquidem anno MCMXXXVIII effigies illa fuit aureo diademate redimita', and 'quinto et vicesimo exeunte anno postquam praedicta imago est coronata' (25th anniversary, consistent with 1938 + 25 = 1963). No crowning authority named. Country inferred from the sees named (Viterbo, Civita Castellana, Nepi/Sutri), not stated."
AAS,56,1964,598,II,Nuntius scripto datus,Paulus PP. VI,"AAS 56 (1964), p. 598",https://www.vatican.va/archive/aas/documents/AAS-56-1964-ocr.pdf,retrospective_attestation,"Ad E.mum P. D. Iosephum Mariam Sanctae Romanae Ecclesiae Presb. Cardinalem Bueno Monreal, Archiepiscopum Hispalensem, cum effigies B. Mariae Virg., vulgo « de Nuestra Señora de la Esperanza Macarena », ea in urbe aureo diademate fuit redimita.",,"effigies B. Mariae Virg., vulgo « de Nuestra Señora de la Esperanza Macarena »",Nuestra Señora de la Esperanza Macarena,Blessed Virgin Mary,"Basílica de la Macarena (the temple recently built for her, per the text)",Seville (Hispalis),Hispalensis,Seville,Spain,1964-05-31,1964-05-31,,high,"Papal written message sent for the coronation day ('Hoy fiesta de María Reina ... se adorna con corona de oro y pedrería la imagen'); rubric confirms 'aureo diademate fuit redimita'. Act begins on printed page 598; the passage's printed_page is 599. Body in Spanish, no Latin incipit."
AAS,57,1965,155,II,Litterae Apostolicae,Paulus PP. VI,"AAS 57 (1965), p. 155",https://www.vatican.va/archive/aas/documents/AAS-57-1965-ocr.pdf,retrospective_attestation,"Beata Maria Virgo a gratiis constituitur Patrona principalis dioecesis Thelesinae seu Cerretanae, una cum Sancto Antonio de Padua, Confessore et Ecclesiae Doctore.","« Quaeramus gratiam, et per Mariam quaeramus », ait Sanctus Bernardus, suavissimus vitae spiritualis praeceptor ac Deiparae Virginis praeco eximius",imago almae Deiparae a gratiis nuncupatae,Madonna delle Grazie,Blessed Virgin Mary,Sacrarium Beatae Mariae Virginis a gratiis in urbe episcopali dioecesis Thelesinae seu Cerretanae (templum saeculo XVI excitatum),,Thelesina seu Cerretana,Telese - Cerreto Sannita,Italy,1964-05-23,1893,,medium,"Patronage act attesting the crowning: 'Quod simulacrum, anno MDCCCXCIII aureo diademate sollemni ritu redimitum' (1893); no crowning authority named. The sanctuary is located only as 'urbis episcopalis praeclarum ornamentum' — i.e. in the episcopal city of the see of Telese/Cerreto Sannita — so locality left null rather than inferred. Vernacular title supplied from the Latin 'a gratiis'. Country inferred, not stated."
AAS,57,1965,224,VI,Litterae Apostolicae,Paulus PP. VI,"AAS 57 (1965), p. 224",https://www.vatican.va/archive/aas/documents/AAS-57-1965-ocr.pdf,retrospective_attestation,Titulus ac privilegia Basilicae Minoris cathedrali ecclesiae dioecesis Sancti Ioannis a Rege tribuuntur.,"Religione almae Deiparae Virginis teneri perhibentur cives urbis Sancti Ioannis a Rege, quae episcopalis sedis honore a Ioanne PP. XXIII, Decessore Nostro rec. mem., anno MCMLX est donata.",imago Beatae Mariae Virginis a Columna,Nossa Senhora do Pilar,Blessed Virgin Mary,"Cathedralis ecclesia dioecesis Sancti Ioannis a Rege, B. M. V. a Columna consecrata",São João del-Rei,Sancti Ioannis a Rege,São João del-Rei,Brazil,1964-09-24,,,medium,"Basilica Minor act. Coronation attested: '... nomine et auctoritate Pii PP. XII, item Decessoris Nostri, est aureo diademate redimita' — crowned in the name and by the authority of Pius XII (r. 1939-1958); no date and no Legate named. Country and the Portuguese form of the title inferred (bishop Delphinus Ribeiro Guedes, see of São João del-Rei, Minas Gerais); not stated in the act."
AAS,57,1965,457,IV,Litterae Apostolicae,Paulus PP. VI,"AAS 57 (1965), p. 457",https://www.vatican.va/archive/aas/documents/AAS-57-1965-ocr.pdf,retrospective_attestation,"Titulo ac privilegiis Basilicae Minoris ecclesia Beatae Mariae Virginis Septem Dolorum in oppido v. « Sastin », intra Tyrnaviensis Administrationis Apostolicae fines, decoratur.","Quam pulchra, immortalis, frugifera ac triumphis assuefacta Fides, a Christo Domino nobis indita, sit, per varie tentatos ac vexatos populos clare comprobatur.",pervetustum Beatae Mariae Virginis Dolorosae simulacrum (Virgo Perdolens seu a septem Doloribus),Sedembolestná Panna Mária (Šaštín),Blessed Virgin Mary,Sanctuarium Beatissimae Virginis Mariae Septem Dolorum in oppido « Sassinio »,Šaštín-Stráže,Administratio Apostolica Tyrnaviensis,Trnava,Slovakia,1964-11-23,1864,,medium,"Basilica Minor act. Coronation grant attested: 'Anno praesertim MDCCCLXIV, trecentesimo ab ipsa condita ecclesia, Servus Dei Pius Pp. IX, Decessor Noster, praeter nonnullas Indulgentias, Marialis simulacri coronationem concessit et largitus est' — Pius IX granted the coronation in 1864 (the year the grant was made; the ceremony's date is not given). OCR forms: 'MDCCCLX i v' = MDCCCLXIV; place 'Sassinii'/'Sassinio', vulgo 'Sastinkse Straze' = Šaštínske Stráže (Šaštín-Stráže). Incipit OCR 'triumphis assuefa Fides' repaired to 'assuefacta'. Act begins on printed p. 457; passage printed_page is 458. Country explicit ('Slovachiae'); vernacular title supplied, verify."
AAS,57,1965,485,IV,Constitutio Apostolica,Paulus PP. VI,"AAS 57 (1965), p. 485",https://www.vatican.va/archive/aas/documents/AAS-57-1965-ocr.pdf,retrospective_attestation,URBIS. Templum Ss.mi Cordis Iesu ad Castrum Praetorium diaconia fit,"Almae Urbis templa, quae vel antiquitate excellerent artisque praestantia vel illustrium sanctorumque virorum memoria, consueverunt Romani Pontifices singularibus privilegiis atque honoribus afficere.",effigies Beatae Mariae Virginis Auxiliatricis,Maria Ausiliatrice,Blessed Virgin Mary,Templum Ss.mi Cordis Iesu ad Castrum Praetorium,Roma,Urbis (Romana),Rome,Italy,1965-02-05,,,medium,"Apostolic Constitution erecting the church as a cardinalitial deaconry; it attests in passing: 'in eaque, exstans ibique venerata effigies Beatae Mariae Virginis Auxiliatricis rite a Canonicis patriarchalis Basilicae S. Petri aurea corona redimita est' (crowned by the canons of the Vatican Basilica), with no date given. Act begins on printed p. 485; the coronation sentence runs onto p. 486 (the passage's printed_page). Vernacular title supplied from the Latin."
AAS,57,1965,500,I,Epistula,Paulus PP. VI,"AAS 57 (1965), p. 500",https://www.vatican.va/archive/aas/documents/AAS-57-1965-ocr.pdf,papal_legate_deputation,"Ad Em.mum P. D. Hildebrandum tit. S. Sebastiani ad Catacumbas S. R. E. Presb. Cardinalem Antoniutti, Sacri Consilii Religiosis Ordinibus Sodalitatibusque praepositi Praefectum, quem Legatum mittit, ut Caebuae celebritatibus praesideat, quarto saeculo volvente ex quo Evangelium in Insulis Philippinis primum est annuntiatum.","Aurora, praenuntia felicis successus, ante quattuor saecula Ecclesiae in Insulis Philippinis illuxit, cum Evangelium ibi primum est annuntiatum.",statua Iesu Infantis,,Infant Jesus,,Cebu,Caebuana,Cebu,Philippines,1965-03-25,1965,"Hildebrandus Antoniutti, S.R.E. Cardinalis, Praefectus Sacri Consilii Religiosis Ordinibus Sodalitatibusque praepositi",medium,"The letter lists among the fourth-centenary celebrations at Cebu 'Eucharisticus e tota Natione Conventus et coronatio statuae Iesu Infantis, in anteriore quadam expeditione eum in locum allatae', and deputes Card. Antoniutti as Legate 'ut Nostram veluti gerens personam, piis coetibus aliisque caerimoniis praesideas'. The text does NOT explicitly commission him to perform the coronation — he is sent to preside over the celebrations of which it forms part; a checker should verify. Coronation year 1965 taken from the celebration year (letter dated 25 March 1965); no date is given in the text. Sanctuary not named (the Augustinian church at Cebu is implied by 'sacram aedem, quasi matricem ceterarum'). Archbishop of Cebu named: Iulius Rosales. Vernacular title (Santo Niño) not in the text."
AAS,57,1965,714,III,Litterae Apostolicae,Paulus PP. VI,"AAS 57 (1965), p. 714",https://www.vatican.va/archive/aas/documents/AAS-57-1965-ocr.pdf,retrospective_attestation,Titulus ac privilegia Basilicae Minoris ecclesiae metropolitanae Rosariensi tribuuntur.,"Marialis nomine ac pietate merito praedicatur urbs perfrequens et industria, utpote quae, « Rosarium » appellata, Beatam Mariam Virginem a Rosario conditricem suam habeat atque patronam.",imago Beatae Mariae Virginis a Sacratissimo Rosario,Nuestra Señora del Rosario,Blessed Virgin Mary,"Metropolitana (cathedralis) ecclesia Rosariensis, B. M. V. a Sacratissimo Rosario consecrata",Rosario,Rosariensis,Rosario,Argentina,1964-11-23,1941,,medium,"Basilica Minor act. Coronation attested of the second (substitute) image: 'Pro qua effigie post aliquid temporis altera fuit substituta, quae, magis in dies fidelium obsequiis ornata, anno MCMXLI aureo diademate est redimita' (1941); no crowning authority named. Country inferred (the act mentions the image was originally brought 'ex urbe Sanctae Fidei' = Santa Fe, and Pius XII declared her Patron of city and diocese in 1954); not stated. Vernacular title supplied from the Latin."
AAS,58,1966,42,II,Litterae Apostolicae,Paulus PP. VI,"AAS 58 (1966), p. 42",https://www.vatican.va/archive/aas/documents/AAS-58-1966-ocr.pdf,retrospective_attestation,"Titulus ac privilegia Basilicae Minoris tribuuntur ecclesiae Beatae Mariae Virginis a Rosario (v. « Notre-Dame-du-Cap »), in Trifluvianensi dioecesi in Canadia.","Evangelicum illud effatum « Oportet semper orare » (Lc. 18, 1) a Sancto Dominico etiam Mariali Rosario aptatum esse videtur",Simulacrum Beatae Mariae Virginis a Rosario,Notre-Dame-du-Cap,Blessed Virgin Mary,Sanctuarium/ecclesia « Notre-Dame-du-Cap » apud oppidum « Cap-de-la-Madeleine »,Cap-de-la-Madeleine,Trifluvianensis,Trois-Rivières,Canada,1964-08-15,1904,Valerius S. R. E. Presbyter Cardinalis Valeri (Valerio Valeri) — for the 1954 coronation only,high,"Basilica Minor act attesting TWO coronations of the same image: 'Duabus insuper praedicti Simulacri coronationibus, anno MCMIV, quinquagesimo ab edicto dogmate, nec non, per manus desideratissimi Dilecti Filii Nostri Valerii S. R. E. Presbyteri Cardinalis Valeri, anno MCMLIV, centesimo eiusdem promulgati mysterii, rite peractis' — 1904 (50th anniversary of the definition of the Immaculate Conception) and 1954 (centenary), the latter performed by Cardinal Valerio Valeri. coronation_date holds the first (1904); the second (1954) is recorded here in the notes and in the legate field. Church entrusted to the Missionary Oblates of Mary Immaculate. Country explicit ('in dicione Canadensi')."
AAS,58,1966,45,IV,Litterae Apostolicae,Paulus PP. VI,"AAS 58 (1966), p. 45",https://www.vatican.va/archive/aas/documents/AAS-58-1966-ocr.pdf,retrospective_attestation,"Beata Maria Virgo, « Nuestra Señora del Rosario de las Lajas » vulgo appellata, principalis Patrona dioecesis Ipialensis eligitur.","Tutela caelestis virtutis sacras iuvat diciones firmari, quae quasi arbores novellae in feraci catholicae Ecclesiae agro conseruntur.","Nostra Domina SS. Rosarii, « de las Lajas » seu a rupe appellata",Nuestra Señora del Rosario de las Lajas,Blessed Virgin Mary,,Ipiales,Ipialensis,Ipiales,Colombia,1965-04-26,1952,,high,"Patronage act; coronation attested in passing: 'ut enim praeclara imago anno MCMLII, auctoritate Petriani Canonicorum Collegii, pretioso diademate est redimita, ita duos post annos aedes ipsa ad dignitatem Basilicae Minoris ... est evecta'. The image is painted on rock ('marialis imago in saxo depicta'); the church is not named in the act. Country explicit ('intra fines Columbianae Civitatis')."
AAS,58,1966,475,III,Litterae Apostolicae,Paulus PP. VI,"AAS 58 (1966), p. 475",https://www.vatican.va/archive/aas/documents/AAS-58-1966-ocr.pdf,retrospective_attestation,"Rosa Aurea Basilicae Beatae Mariae Virginis a Guadalupe, intra fines archidioecesis Mexicanae positae, tribuitur asservanda.","Flores edens et spargens, sive olim, uti ferunt, cum prodigialem praesentiam suam testatam voluit, sive continenter, cum caelestia munera ... supplicibus dilargitur",Beata Maria Virgo Guadalupensis,Nuestra Señora de Guadalupe,Blessed Virgin Mary,Basilica Beatae Mariae Virginis a Guadalupe (Tepeyac),"Tepeyac, Mexico City",Mexicana,Mexico City,Mexico,1966-03-20,,,high,"Golden Rose act; coronation attested in passing: 'Leonem Pp. XIII concessisse, ut venusta imago, qua Deipara, appellatione illa insignis, exprimitur, suo nomine et auctoritate aureo diademate redimiretur'. Year of the coronation not given here (see AAS 62 (1970) 681, 75th anniversary in 1970). Address form: 'Venerabili Fratri Michaeli Dario Miranda et Gómez, Archiepiscopo Mexicano'; the Golden Rose was to be delivered by Card. Carlo Confalonieri (bearer, not a coronation legate)."
AAS,58,1966,566,I,Litterae Apostolicae,Paulus PP. VI,"AAS 58 (1966), p. 566",https://www.vatican.va/archive/aas/documents/AAS-58-1966-ocr.pdf,retrospective_attestation,"Titulus ac privilegia Basilicae Minoris Sanctuario Mariali, quod a « Sacro Monte di Viggiano » appellatur et intra Potentinae-Marsicensis dioecesis fines est situm, deferuntur.","Lucanae genti universae carissimum constat esse sacrarium, quod in finibus Potentinae et Marsicensis dioecesis exsurgit",Beatissima Dei Genetrix a « Sacro Monte di Viggiano »,Sacro Monte di Viggiano,Blessed Virgin Mary,Sanctuarium Mariale « Sacro Monte di Viggiano »,Viggiano,Potentina-Marsicensis,Potenza-Marsico Nuovo,Italy,1965-12-11,,,medium,"Basilica Minor act. Coronation attested in passing: 'hunc ipsum in annum, quindecim revolutis lustris, coronati Leonis Pp. XIII auctoritate simulacri memoria incidet sollemniterque agetur' — the image was crowned by the authority of Leo XIII, and the 75th anniversary (quindecim lustra) falls in the year of the act. No explicit coronation year is given; c. 1890-1891 is implied by the arithmetic (act dated Dec 1965, anniversary 'hunc ipsum in annum') — left null deliberately, a checker should confirm. The image is a statue of the Virgin holding the Infant Jesus ('simulacrum Augustae Virginis Puerum Iesum sustinentis'). Country inferred from Lucania/Basilicata; not stated. The act opens on printed page 566; the coronation clause falls on page 567."
AAS,58,1966,628,II,Litterae Apostolicae,Paulus PP. VI,"AAS 58 (1966), p. 628",https://www.vatican.va/archive/aas/documents/AAS-58-1966-ocr.pdf,retrospective_attestation,"Titulus ac privilegia Basilicae Minoris templo oppidi Iaroslaviae, Beatae Mariae Virgini Dolorosae sacro, attribuuntur.","Clarissimum dederunt nomen Iaroslaviae, quod est oppidum Polonorum in finibus dioecesis Premisliensis, effigies et ecclesia",Beata Maria Virgo Dolorosa,,Blessed Virgin Mary,Dominican shrine church of B. Maria Virgo Dolorosa at Jarosław (Ordo Praedicatorum),Jarosław,Premisliensis Latinorum,Przemyśl,Poland,1966-03-12,,,medium,"Basilica Minor act. Coronation attested in passing: 'Eadem iam praeterita aetate a sacrorum Antistite perpulchro pretiosoque diademate fuit redimita: cuius rei memoria, duobus exactis saeculis, magna coram multitudine nuper est celebrata'. CHECKER NOTE: the text says the image was crowned by 'a sacrorum Antistite' (the bishop) and does NOT state papal or Vatican Chapter authority; included because it documents a solemnly crowned sacred image whose bicentenary of coronation had recently been celebrated (hence c. 1755-1766 — left null as not explicitly stated). Latin toponym 'Iaroslavia' = Jarosław; the text explicitly calls it 'oppidum Polonorum'."
AAS,58,1966,629,III,Litterae Apostolicae,Paulus PP. VI,"AAS 58 (1966), p. 629",https://www.vatican.va/archive/aas/documents/AAS-58-1966-ocr.pdf,retrospective_attestation,"Titulo ac privilegiis Basilicae Minoris ecclesia Beatae Mariae Virginis « a Catena » in oppido Lauriniano, intra Cosentinae archidioecesis fines, decoratur.","Praeclara sedes pietatis marianae perhibetur esse sacrarium Beatae Mariae Virginis « a Catena », qua oppidum Laurinianum, archidioecesis Cosentina, quin etiam tota Bruttiorum regio ... aluntur ac nobilitantur",Beata Maria Virgo « a Catena »,,Blessed Virgin Mary,"sacrarium Beatae Mariae Virginis « a Catena » (new church begun 1929, entrusted to the Clerici excalceati Ss. Crucis et Passionis)",Laurignano,Cosentina,Cosenza,Italy,1966-03-21,,,medium,"Basilica Minor act; coronation attested in passing: 'imago, auctoritate Canonicorum Collegii Petrianae Basilicae Vaticanae, sollemniter aureo diademate redimita', no year given. Image dated to 1301, showing the Virgin with the Divine Infant holding a chain. 'oppidum Laurinianum' read as Laurignano (Calabria) - verify; country from 'tota Bruttiorum regio, quam Calabriam vulgo appellant'. Vernacular title (Madonna della Catena) not given in the act, so left null."
AAS,58,1966,794,III,Litterae Apostolicae,Paulus PP. VI,"AAS 58 (1966), p. 794",https://www.vatican.va/archive/aas/documents/AAS-58-1966-ocr.pdf,retrospective_attestation,"Beata Maria Virgo « Peña de Francia » vulgo appellata, principalis caelestis Patrona civilis provinciae Salmantinae eligitur.","Singulari pietate excoli perhibetur Beata Maria Virgo, cuius, adiecto vulgari nomine « Peña de Francia » appellatae, sedes praecipua finibus dioecesis Salmantinae continetur.",Beata Maria Virgo « Peña de Francia »,Nuestra Señora de la Peña de Francia,Blessed Virgin Mary,sacra aedes seu sanctuarium Beatae Mariae Virginis « Peña de Francia » (entrusted to the Order of Preachers),,Salmantina,Salamanca,Spain,1966-05-14,1952,,high,"Patronage act; coronation attested in passing: 'Effigies denique, Pio Pp. XII Catholicam Ecclesiam regente, aureo diademate fuit, anno MCMLII, sollemniter redimita'. aas_page set to 794 (the rubric stands before the running head '795' in the passage; the passage was indexed as printed_page 795). No town named - only that the shrine lies within the diocese of Salamanca. Country explicit (Hispania)."
AAS,58,1966,796,IV,Litterae Apostolicae,Paulus PP. VI,"AAS 58 (1966), p. 796",https://www.vatican.va/archive/aas/documents/AAS-58-1966-ocr.pdf,retrospective_attestation,"Titulo ac privilegiis Basilicae Minoris paroecialis ecclesia Beatae Mariae Virginis « de Mongui », dioecesis Duitamensis, decoratur.","Sedes religionis ínclita et illustris praedicatur paroeciale templum augustae Virgini Deiparae sacrum, quod in oppidi « Mongui » vulgo appellati ac dioecesis Duitamensis non modicum vertit ornamentum.",Beata Maria Virgo « de Mongui »,Nuestra Señora de Monguí,Blessed Virgin Mary,paroeciale templum Beatae Mariae Virginis « de Mongui » (completed 1760),Monguí,Duitamensis,Duitama,Colombia,1966-06-04,1929,,high,"Basilica Minor act; coronation attested in passing: 'simulacrum illud, anno MCMXXIX, aureo diademate redimiretur', and the Virgin was made diocesan patron in 1955. The image is said to have been given by Philip II of Spain. Country explicit ('e tota Columbiana Dicione'). The same act's opening also appears in passage AAS-58-1966-ocr#795."
AAS,59,1967,466,,Adhortatio Apostolica (Signum magnum),Paulus PP. VI,"AAS 59 (1967), p. 466",https://www.vatican.va/archive/aas/documents/AAS-59-1967-ocr.pdf,retrospective_attestation,"Ad universos Episcopos pacem et communionem cum Apostolica Sede habentes: de Beata Virgine Maria, Matre Ecclesiae omniumque virtutum exemplari, veneranda atque imitanda.","SIGNUM MAGNUM, quod sanctus Ioannes Apostolus in caelo suspexit, Mulierem videlicet amictam sole, non immerito de beatissima Maria Virgine ... interpretatur",Beata Maria Virgo Fatimensis,,Blessed Virgin Mary,templum B. Mariae Fatimensis,Fátima,,,Portugal,1967-05-13,1946-05-13,,medium,"Not an act about a coronation: the attestation is in footnote 6 of the Apostolic Exhortation Signum magnum - 'Nuntius Radiophonicus a Pio XII, die 13 mensis Maii anno 1946, Lusitaniae christifidelibus datus, sollemnia celebrantibus ad templum B. Mariae Fatimensis, aurea corona nomine Summi Pontificis redimitae: A. A. S. 38 (1946) p. 264'. Coronation date taken as the day of those solemnities (13 May 1946) - verify. The exhortation begins on p. 465 (rubric and incipit taken from there); the footnote is on p. 466. Locality 'Fátima' inferred from 'Fatimensis'; country explicit (Lusitania)."
AAS,59,1967,605,III,Litterae Apostolicae,Paulus PP. VI,"AAS 59 (1967), p. 605",https://www.vatican.va/archive/aas/documents/AAS-59-1967-ocr.pdf,retrospective_attestation,Beata Maria Virgo Domina Nostra a Pace seu « Nuestra Señora de la Paz » principalis Patrona totius Salvatorianae Reipublicae eligitur.,"Pacis sequestra, Beatissima Virgo Maria, nobilem sedem constitutam habere cognoscitur in maximo templo Sancti Michaelis, intra Reipublicae Salvatorianae fines.",Domina Nostra a Pace,Nuestra Señora de la Paz,Blessed Virgin Mary,maximum templum Sancti Michaelis,San Miguel,Sancti Michaelis,San Miguel,El Salvador,1966-10-10,1920,,high,"Patronage act; coronation attested in passing: 'Benedictus Papa XV ... anno MCMXX per Sacram Rituum Congregationem concessit, ut Mater Dei, cui « Reginae Pacis » nomen adiectum, urbis et dioecesis Sancti Michaelis caelestis renuntiaretur Patrona; eodemque anno est largitus, ut imago illa aureo diademate redimeretur.' 1920 is the year of the grant; the date of the crowning itself is not stated. Country explicit (Respublica Salvatoriana)."
AAS,59,1967,610,VII,Litterae Apostolicae,Paulus PP. VI,"AAS 59 (1967), p. 610",https://www.vatican.va/archive/aas/documents/AAS-59-1967-ocr.pdf,retrospective_attestation,Beata Maria Virgo Lauretana totius dioecesis Tigiuanaënsis Patrona principalis renuntiatur.,"Lauretanae Virgini prope singulariter consecrata, ob impensum in eam studium fidelium, videtur esse terra Tigiuanaënsis, in qua Nosmetipsi ... Vicariatum Apostolicum ad gradum dignitatemque dioecesis proveximus",Beata Maria Virgo Lauretana,,Blessed Virgin Mary,,Loreto,Tigiuanaënsis,Tijuana,Mexico,1967-03-04,,,medium,Patronage act; coronation attested in passing: 'a Decessore Nostro imm. rec. Pio Pp. XII facultatem eiusdem imaginis coronandae libenter esse datam ... novimus etiam miro spectaculo fidei sollemnia id temporis in honorem Reginae Lauretanae esse peracta' - no date given for either grant or crowning. The image is kept in a village called Loreto within the then diocese of Tijuana. Country inferred from Tijuana / 'utraque California' - not stated in the act.
AAS,59,1967,769,,Litterae Apostolicae,Paulus PP. VI,"AAS 59 (1967), p. 769",https://www.vatican.va/archive/aas/documents/AAS-59-1967-ocr.pdf,retrospective_attestation,"Rosa aurea Apparitiopolitanae Basilicae B. Mariae Virg. Immaculatae, quae vulgo « Aparecida » vocatur, tribuitur.","Celsissima Virgo Maria, quemadmodum pluribus locis per orbem terrarum evenisse cognoscitur, in amplissima quoque regione Brasiliensi veluti posuit pedem, ut singularis pietatis excitaret sedem","Beata Maria Virgo Immaculata, vulgo « Aparecida »",Aparecida,Blessed Virgin Mary,"Basilica Apparitiopolitana (church dedicated 1888, made Basilica Minor by St Pius X)",Aparecida,Apparitionopolitana,Aparecida,Brazil,1967-03-05,,,high,"Golden Rose act addressed to Card. Carlos de Vasconcellos Motta; coronation attested in passing: after mentioning the Basilica Minor title granted by St Pius X, 'Eiusdem vero Summi Pontificis auctoritate effigies illa paulo ante aureo diademate erat redimita' - year not stated. The small terracotta statue was found in the Paraíba river in 1717. Country explicit (regio Brasiliensis)."
AAS,59,1967,1038,III,Litterae Apostolicae,Paulus PP. VI,"AAS 59 (1967), p. 1038",https://www.vatican.va/archive/aas/documents/AAS-59-1967-ocr.pdf,retrospective_attestation,"Beata Maria Virgo « della Porta » appellata principalis Patrona urbis episcopalis et totius dioecesis Guastallensis, una cum Sancto Francisco Assisiensi, Patrono aeque principali, constituitur.","Porta caeli ab Ecclesia merito praedicatur Beata Maria Virgo: hanc enim si sequuntur in cursu vitae terrenae, homines metam feliciter contingunt",Beata Maria Virgo a porta,della Porta,Blessed Virgin Mary,templum Beatae Mariae Virginis « della Porta » in Guastalla,Guastalla,Guastallensis,Guastalla,Italy,1967-05-26,,,medium,"Patronage act; coronation attested in passing: 'Sanctus Pius Pp. X, Decessor Noster, concessit, ut imago aurea corona, suo nomine et auctoritate, redimiretur' - no year. The image, originally on a city gate, began to work wonders on 7 February 1693. OCR prints 'delia Porta' for 'della Porta' throughout (repaired here). Country inferred from Guastalla and the Italian vernacular title - not stated in the act."
AAS,59,1967,1119,III,Litterae Apostolicae,Paulus PP. VI,"AAS 59 (1967), p. 1119",https://www.vatican.va/archive/aas/documents/AAS-59-1967-ocr.pdf,retrospective_attestation,"Titulus ac privilegia Basilicae Minoris ecclesiae conventuali, B. Mariae Virgini de Monte Carmelo in urbe Xeretio dicatae, attribuuntur.","Actuosae pietatis domicilium sane licet appellari Carmelitarum Fratrum templum, quod in urbe Xeretio, intra Hispalensis archidioecesis fines, exsurgit",Beata Maria Virgo de Monte Carmelo,Nuestra Señora del Carmen,Blessed Virgin Mary,ecclesia conventualis Carmelitarum Antiquae Observantiae (church of El Carmen),Jerez de la Frontera,Hispalensis,Seville,Spain,1967-06-28,1925,,medium,"Basilica Minor act; coronation attested in passing: 'Marialis enim imago summae est omnibus venerationi, eademque anno MCMXXV, Patriarchalis Vaticani Canonicorum Collegii auctoritate, sollemni ritu coronata est'. Vernacular title 'Nuestra Señora del Carmen' is verbatim in the text. Locality: Latin 'urbs Xeretium', identified as Jerez de la Frontera (Carmelite friary in the archdiocese of Seville, Baetican province) — inference. Country inferred. The act opens on printed page 1119; the coronation clause falls on page 1120."
AAS,60,1968,245,I,Litterae Apostolicae,Paulus PP. VI,"AAS 60 (1968), p. 245",https://www.vatican.va/archive/aas/documents/AAS-60-1968-ocr.pdf,retrospective_attestation,"Titulo ac privilegiis Basilicae Minoris Sanctuarium B. Mariae Virg. vulgo « dei Suffragio » in oppido vulgo « Grotte di Castro », dioecesis Faliscodunensis, sacrum, decoratur.","Christifidelium concursibus frequentato templum Beatae Mariae Virginis, vulgo « dei Suffragio » nuncupatae, quod in oppido « Grotte di Castro », uti appellant, intra Faliscodunensis dioecesis fines est positum.",Beata Maria Virgo vulgo « dei Suffragio »,Madonna del Suffragio,Blessed Virgin Mary,Sanctuarium Beatae Mariae Virginis « dei Suffragio »,Grotte di Castro,Faliscodunensis,Montefiascone,Italy,1967-06-09,1728,,high,"Basilica Minor act; coronation attested in passing: 'simulacrum hoc mariale anno MDCCXXVIII, auctoritate Petriani Collegii Canonicorum, aureo diademate est redimitum' (OCR 'redimitimi'), the anniversary being kept every sixteenth year. Incipit reproduces OCR 'frequentato' (probably 'frequentatur'). 'Faliscodunensis' identified as Montefiascone (the same volumes pair it with Cornetana and Aquipendiensis); today part of the diocese of Viterbo - verify. Rubric spells the town 'Grotte di Castro', the dispositive clause 'Grotte del Castro'."
AAS,61,1969,161,III,Litterae Apostolicae,Paulus PP. VI,"AAS 61 (1969), p. 161",https://www.vatican.va/archive/aas/documents/AAS-61-1969-ocr.pdf,retrospective_attestation,"Beata Maria Virgo, « Nuestra Señora de Copacabana » vulgo appellata, principalis Patrona totius Bolivianae Classis declaratur.","Maria, mater Ecclesiae sollemni more in Concilio Oecumenico Vaticano II pronuntiata est, quippe quae ad gignendam augendamque vitam divinam in singulis hominum animis, materno opere continuo intendit",Beata Maria Virgo de Copacabana,Nuestra Señora de Copacabana,Blessed Virgin Mary,"templum Beatae Mariae Virginis de Copacabana (17th cent., entrusted to the Friars Minor; made Basilica Minor by Pius XII)",Copacabana,Pacensis,La Paz,Bolivia,1968-11-04,,,high,Patronage act (patron of the Bolivian Navy); coronation attested in passing: 'iam Praedecessores Nostri Pius XI effigiem ipsam aureo diademate redimiri et Pius XII templum titulo ac dignitate Basilicae Minoris decorari censuerunt' - no year for the crowning. Country explicit ('intra fines Bolivianae ditionis').
AAS,62,1970,496,I,Litterae Apostolicae,Paulus PP. VI,"AAS 62 (1970), p. 496",https://www.vatican.va/archive/aas/documents/AAS-62-1970-ocr.pdf,retrospective_attestation,Titulo ac privilegiis Basilicae Minoris templum S. Dominici in civitate Guatimalensi decoratur.,"Rosarii preces, veluti mystica serta in honorem Christi Matris contexta eidemque Deiparae acceptissima, ad caelestia impetranda dona efficacissimae semper fuerunt.",Beata Maria Virgo a Rosario (Nostra Domina a Rosario),Nuestra Señora del Rosario,Blessed Virgin Mary,"templum S. Dominici, henceforth titled Nostrae Dominae a Rosario",Guatemala City,Guatimalensis,Guatemala,Guatemala,1969-10-28,1934,,high,"Basilica Minor act; coronation attested in passing: 'Postquam autem anno millesimo nongentesimo trigesimo quarto, praeclara imago, pretioso diademate redimita est et Beata Virgo Regina ac Patrona totius Guatimalensis dicionis declarata ...'. OCR prints 'Bosarii'/'Eosarii' for 'Rosarii' and 'Eegina' for 'Regina' (repaired here). Country explicit ('natio Guatimalensis')."
AAS,62,1970,681,,Nuntius radiotelevisificus,Paulus PP. VI,"AAS 62 (1970), p. 681",https://www.vatican.va/archive/aas/documents/AAS-62-1970-ocr.pdf,retrospective_attestation,"Universis Mexicanae Nationis christifidelibus, septuagesimo quinto exacto anno ex quo imago B. Mariae Virginis a Guadalupe aureo diademate redimita est.",,Beata Maria Virgo a Guadalupe,Nuestra Señora de Guadalupe,Blessed Virgin Mary,,,,,Mexico,1970-10-12,1895,,medium,"Radio-television message of Paul VI for the 75th anniversary of the crowning of Our Lady of Guadalupe; the message body is in Spanish ('En el setenta y cinco aniversario de la Coronación de Nuestra Señora de Guadalupe...'), hence incipit_latin is null. Coronation year 1895 computed from the rubric ('septuagesimo quinto exacto anno') and the message date 12 October 1970 - not stated as such in the text; verify. The same event is listed in the volume indexes at pp. 876-877 and 911."
AAS,63,1971,204,II,Litterae Apostolicae,Paulus PP. VI,"AAS 63 (1971), p. 204",https://www.vatican.va/archive/aas/documents/AAS-63-1971-ocr.pdf,retrospective_attestation,"Templum Beatae Mariae Virginis Reginae mundi in civitate Arcismonfina, in dioecesi Calvensi et Theanensi, titulo Basilicae Minoris decoratur.","Quanto studio quantoque amore christianae aetates fuerint erga sanctissimam Christi Matrem, auxilium atque praesidium tutissimum populi christiani, id luculentissime ostendunt tum templa augusta ubique gentium structa",Beata Maria Virgo Regina Mundi,,Blessed Virgin Mary,templum Beatae Mariae Virginis Reginae Mundi,Roccamonfina,Calvensis et Theanensis,Calvi e Teano,Italy,1970-03-14,,,low,"Basilica Minor act. The only coronation evidence is descriptive: 'atque imaginem sanctam e petra beatissimae Matris, aurea redimita corona, quae ibi est, turbae frequentissimae petunt' - a stone image already wearing a golden crown; no crowning authority, decree or date is stated, so papal authorship of the coronation is NOT established by this passage. 'civitas Arcismonfina' read as Roccamonfina (Caserta) - verify; country inferred from the diocese of Calvi e Teano. aas_page set to 204, where the rubric and act begin (the crowned-image sentence falls on p. 205, the indexed printed_page)."
AAS,64,1972,280,V,Litterae Apostolicae,Paulus PP. VI,"AAS 64 (1972), p. 280",https://www.vatican.va/archive/aas/documents/AAS-64-1972-ocr.pdf,retrospective_attestation,Templum Beatae Mariae Virginis Matris Consolationis ad dignitatem Basilicae Minoris attollitur.,"Rhegium urbs, quam pulcherrimum prope alluit mare generosaque tellus incolarum multorum industria nobilitat, tam est inter omnes ob divi Pauli praesertim memoriam ... celebrata",Beata Maria Virgo Mater Consolationis,,Blessed Virgin Mary,"templum Beatae Mariae Virginis Matris Consolationis (16th cent., served by the Friars Minor Capuchin)",Reggio Calabria,Rheginensis,Reggio Calabria,Italy,1971-11-28,,,medium,"Basilica Minor act; coronation attested only in passing and without authority or date: 'sacram illam Beatissimae Virginis effigiem, pretioso diademate iterum iterumque cinctam, egregium iam a saeculo xvi templum contegit' - the image has been crowned more than once. Act date from 'die duo de tricesimo mensis Novembris' = 28 November 1971. Country inferred from Rhegium/Reggio Calabria. OCR prints 'nobilitai' for 'nobilitat' (repaired)."
AAS,65,1973,276,IV,Normae (Sacra Congregatio pro Cultu Divino),Paulus PP. VI,"AAS 65 (1973), p. 276",https://www.vatican.va/archive/aas/documents/AAS-65-1973-ocr.pdf,norms,NORMAE CIRCA PATRONOS CONSTITUENDOS ET IMAGINES B. M. VIRGINIS CORONANDAS — II. De Coronatione Imaginis Beatae Mariae Virginis,"Pluries decursu temporis factum est ut populus christianus, filiali devotione permotus, ardenter peteret et obtineret coronationem alicuius Imaginis B. Mariae Virginis.",,,,,,,,,1973-03-25,,,high,"General legislation, not a specific image. Issued by the Sacra Congregatio pro Cultu Divino 'de mandato Summi Pontificis' (Paul VI reigning); signed Arturus Card. Tabera, Praefectus, and H. Bugnini, a Secretis. The document heading is on printed page 276; Part I (De Patronis constituendis) runs 276-279 and is dated 19 March 1973; Part II (De Coronatione Imaginis Beatae Mariae Virginis) runs 280-281 and is dated 25 March 1973 — that is the act_date given here. Key provisions: only images of the BVM (painted or sculpted) may be crowned; if Christ is shown with her, both must be crowned; the rite is normally performed by the local Bishop per the Pontificale Romanum; coronation 'nomine et auctoritate Summi Pontificis' by a Pontifical Delegate requires that the image be of real importance to the Church, nation or region, and 'facultas coronandi conceditur per Decretum praedictae Congregationis ac per Litteras Apostolicas in forma Brevis expediendas'. Passages AAS-65-1973-ocr#738 and #739 are back-of-volume index entries pointing to this same act at page 276 and were not emitted separately. Document spans pp. 276-280+."
AAS,66,1974,319,I,Litterae Apostolicae,Paulus PP. VI,"AAS 66 (1974), p. 319",https://www.vatican.va/archive/aas/documents/AAS-66-1974-ocr.pdf,papal_coronation_act,"Imago B. M. Virginis, in Sandomiriensi dioecesi exculta, pretioso diademate redimiri sinitur.","Perantiquum paroeciale templum, quod Blotnicae in Sandomiriensis dioecesis finibus, in Polonia, exstat, artis quidem maiestate merito prae aliis haud paucis excellit",Imago B. M. Virginis quae in sacra aede loci vulgo Blotnica colitur,,Blessed Virgin Mary,Perantiquum paroeciale templum loci Blotnica,Blotnica (Bloetnica),Sandomiriensis,Sandomierz,Poland,1973-12-04,,"Petrus Golebiowski, Episcopus titulo Panitanus, Administrator Apostolicus dioecesis Sandomiriensis (deputed to impose the crown 'Nostro nomine et auctoritate')",high,"'in Polonia' explicit in the text. Coronation day left to the deputed bishop's choice ('die suo arbitrio eligendo'), so no coronation date. Datum reads 'anno MCMIJXXIII' in the OCR = MCMLXXIII (1973); the volume's chronological index (p. 757) confirms 4 Dec. 1973. Latin locality 'Blotnicae' = Blotnica (modern Polish Blotnica / Stara Blotnica)."
AAS,66,1974,322,IV,Litterae Apostolicae,Paulus PP. VI,"AAS 66 (1974), p. 322",https://www.vatican.va/archive/aas/documents/AAS-66-1974-ocr.pdf,papal_coronation_act,"Facultas conceditur diademate cingendi excultam Mostae, in Melitensi insula, imaginem Virginis Mariae in caelum Assumptae.","Paroeciale templum, quod Mostae, in Melitensi insula, exstat, venerabile quidem ob antiquitatem artisque maiestatem merito habetur",Beatae Mariae Virginis in caelum Assumptae imago,,Blessed Virgin Mary,Paroeciale templum Mostae,Mosta,Melitensis,Malta,Malta,1973-12-12,,"Michael Gonzi, Archiepiscopus Melitensis (deputed to impose the crown 'Nostro nomine et auctoritate')",high,Coronation day left to the archbishop's choice. Confirmed in the volume's chronological index (p. 757) under 12 Dec. 1973.
AAS,66,1974,327,IX,Litterae Apostolicae,Paulus PP. VI,"AAS 66 (1974), p. 327",https://www.vatican.va/archive/aas/documents/AAS-66-1974-ocr.pdf,papal_coronation_act,"Simulacrum B. M. Virginis vulgo « de los Remedios » in templo Naucalpanensi, in Mexico, excultum, pretioso diademate cingi sinitur.","Quo sanctius atque Christi fidelibus utilius imago illa Beatae Mariae Virginis coleretur, quae in sacra aede Naucalpanensis civitatis servatur",Imago Beatae Mariae Virginis quae in sacra aede Naucalpanensis civitatis servatur,Nuestra Señora de los Remedios,Blessed Virgin Mary,Sacra aedes civitatis Naucalpanensis,Naucalpan,Tlalnepantlana,Tlalnepantla,Mexico,1974-03-06,,"Philippus a Iesu Cueto, Episcopus Tlalnepantlanus (deputed to impose the crown 'Nostro nomine et auctoritate')",high,'in Mexico' explicit in the rubric. The act notes the tenth anniversary of the erection of the diocese of Tlalnepantla as the occasion; coronation day left to the bishop's choice.
AAS,66,1974,380,VII,Litterae Apostolicae,Paulus PP. VI,"AAS 66 (1974), p. 380",https://www.vatican.va/archive/aas/documents/AAS-66-1974-ocr.pdf,papal_coronation_act,Imago Deiparae Virginis Immaculatae in sacello loci qui dicitur vulgo « Przasnysz » dioecesis Plocensis aureo redimitur serto.,"Quo sanctius atque utilius a Christifidelibus excoleretur imago Deiparae Virginis Mariae Immaculatae, quae in sacello curae concredito Sodalium Religiosorum a Passione Iesu Christi conservatur religioseque observatur",Imago Deiparae Virginis Mariae Immaculatae,,Blessed Virgin Mary,Sacellum / sanctuarium Patrum Passionistarum (Congregation of the Passion),Przasnysz,Plocensis,Plock,Poland,1974-05-18,,"Deusdedit Marianus Vincentius Sikorski, Episcopus Plocensis (deputed to impose the crown 'Nostro nomine et auctoritate')",high,"The batch passage is the volume's chronological index (printed p. 757), which lists this act; the full act was read at printed p. 380 of txt/AAS-66-1974-ocr.txt, and aas_page is set to 380 accordingly. The image is a painting ('perantiqua pictura'). 'in oppido Poloniae Przasnysz dicto' explicit. Occasion: the approaching 900th anniversary of the diocese of Plock. Also listed in the analytic index at p. 792. The bishop's Latin forename 'Deusdedit' renders the Polish Bogdan (Bogdan Marian Sikorski)."
AAS,66,1974,479,V,Litterae Apostolicae,Paulus PP. VI,"AAS 66 (1974), p. 479",https://www.vatican.va/archive/aas/documents/AAS-66-1974-ocr.pdf,papal_coronation_act,"Simulacrum B. M. Virginis a Caritate, in urbe vulgo Huatlanta, pretioso diademate coronari sinitur.","Quandoquidem beatissima Virgo Maria Christi mater est, Filii Dei adorandi et caelestis populi christiani patrona",Imago Beatae Mariae Virginis a Caritate,Nuestra Señora de la Caridad,Blessed Virgin Mary,,Huamantla,Tlaxcalensis,Tlaxcala,Mexico,1974-07-25,,"Marius Pius Gaspari, Archiepiscopus titulo Numidensis, in Mexico Apostolicus Delegatus (deputed to crown 'nomine et auctoritate Nostra')",medium,"Locality printed/OCR'd as 'Huatlanta'; best reading is Huamantla, the town of the diocese of Tlaxcala where 'Nuestra Señora de la Caridad' is venerated - verify. Text gives the vernacular title as 'de la Caridad'. Datum reads 'anno MDCCCCLXXXIV' (= 1984), which is impossible: 'Pontificatus Nostri decimo secundo' and the volume's chronological index (p. 757, under 1974 Iul. 25) fix the date as 25 July 1974; an extra X in the printed/OCR'd numeral. Country secure from 'in Mexico Apostolico Delegato'. No church named. Coronation day left to the Delegate's choice."
AAS,66,1974,485,II,Epistula,Paulus PP. VI,"AAS 66 (1974), p. 485",https://www.vatican.va/archive/aas/documents/AAS-66-1974-ocr.pdf,retrospective_attestation,"Ad E.mum P. D. Marium S. R. E. Cardinalem Nasalli Rocca di Corneliano, quem Missum Extraordinarium eligit ut celebritatibus praesideat in aede sacra B. M. V. ab Arcu appellatae apud urbem Neapolim, primo volvente saeculo ex quo eadem Deiparae imago aureo diademate redimita fuit.","Quemadmodum accepimus, die VIII mensis Septembris hoc anno, quo saeculum implebitur ex quo Beatae Mariae Virginis imago, quae in aede, eidem Deiparae ab Arcu appellatae apud urbem Neapolim sacra, piis obsequiis colitur, aureo diademate fuit redimita, peculiaria sollemnia ibidem agentur.",Beatae Mariae Virginis imago ab Arcu appellata,Madonna dell'Arco,Blessed Virgin Mary,Aedes sacra B. M. V. ab Arcu appellatae (sanctuary served by the Fratres Praedicatores),near Naples (apud urbem Neapolim),,,Italy,1974-08-28,1874,"Marius S. R. E. Cardinalis Nasalli Rocca di Corneliano, Missus Extraordinarius",medium,"Not a coronation act: the Pope sends a Missus Extraordinarius to preside at the centenary of the image's golden crowning. Coronation year derived from 'primo volvente saeculo' with the celebration on 8 September 1974, so the crowning was in 1874 (very likely 8 September 1874) - verify the exact day. Country Italy inferred from 'apud urbem Neapolim' (Naples); no diocese named in the act. Vernacular title rendered from the Latin 'ab Arcu appellatae'. The act also recalls that Pius IX visited the sanctuary and venerated the image. Confirmed by the volume indices at pp. 759, 788, 792."
AAS,66,1974,727,,Nuntius televisificus,Paulus PP. VI,"AAS 66 (1974), p. 727",https://www.vatican.va/archive/aas/documents/AAS-66-1974-ocr.pdf,papal_personal_coronation,"NUNTIUS TELEVISIFICAS. Episcopis et christifidelibus Cilensis Nationis datus occasione dedicationis templi nationalis votivi B. M. V. a Carmelo, loco vulgo Maipu, exeunte Anno Sancto in locali Ecclesia celebrato.",,B. M. V. a Carmelo,Virgen del Carmen de Maipú,Blessed Virgin Mary,Templo Votivo Nacional dedicated to the Virgen del Carmen (templum nationale votivum B. M. V. a Carmelo),Maipú,,,Chile,1974-11-28,,,medium,"Televised message of Paul VI to Chile for the dedication of the national votive temple of Our Lady of Mount Carmel at Maipú. The source never says 'image': it names the devotion/title and says the Pope gave it a mantle and a crown — 'Depositamos estos votos nuestros ante la Virgen del Carmen de Maipú, a la que hemos querido también rendir nuestro homenaje con la donación de un manto y una corona, símbolos de confianza filial en su poderosa protección.' This is a papal DONATION of a crown, not a liturgical coronation rite, and the Pope was not present in person (message sent from Rome); classified papal_personal_coronation per the gap-spec rule for papal gifts of a crown, but a checker should verify whether a coronation ceremony followed. No coronation date is given. Act begins on printed page 727 (rubric there); the passage window is anchored at 729, where the crown sentence stands. Act date from the footnote '* Die 28 mensis novembris a. 1974.' Rubric printed 'NUNTIUS TELEVISIFICAS' (OCR/typo for TELEVISIFICUS). Body is in Spanish, so no Latin incipit."
AAS,71,1979,158,,Homilia (Iter Apostolicum in Mexicum),Ioannes Paulus PP. II,"AAS 71 (1979), p. 158",https://www.vatican.va/archive/aas/documents/AAS-71-1979-ocr.pdf,papal_personal_coronation,"Nulla deinceps intermissa mora, Missam una cum omnibus Reipublicae Dominicanae Episcopis celebravit in Platea, quae ab Independentia nuncupatur, fidelium populo refertissima; postque lectum Evangelium hanc Summus Pontifex homiliam habuit",,,Nuestra Señora de la Altagracia,Blessed Virgin Mary,,Santo Domingo,,,Dominican Republic,1979-01-25,1979-01-25,,high,"THE RECORD THIS GAP PASS EXISTS FOR. Homily of John Paul II at the Mass in the Plaza de la Independencia, Santo Domingo, 25 January 1979, first stop of the Iter Apostolicum in Mexicum (AAS 71, 149 ff.; the day is headed 'Die 25 m. Ianuarii', p. 150). Spanish sentence, verbatim: 'Amad a Cristo, amad al hombre por El y vivid la devoción a nuestra querida Madre del cielo, a quien invocáis con el hermoso nombre de Nuestra Señora de la Altagracia, a la que el Papa quiere dejar como homenaje de devoción una diadema.' No word for image appears anywhere near it — the devotion is named by its title only, which is why the mechanical filter dropped it. What the source states is that the Pope wishes to LEAVE a diadem as a homage of devotion; it is not described as a formal liturgical coronation. The homily begins on printed page 155 ('postque lectum Evangelium hanc Summus Pontifex homiliam habuit'); page set to 158, where the diadem sentence stands, as cited by the coordinator. AAS does not name the sanctuary of Higüey; earlier the same day, in the cathedral of Santo Domingo, the Pope prayed 'por intercesión de Nuestra Señora de la Altagracia, cuya imagen está aquí presente' (p. 155) — the only mention of an image. Locality 'Santo Domingo' is the place of the homily, not necessarily the home of the image. Body is in Spanish, so no Latin incipit; rubric_latin is the Latin editorial narrative introducing the homily on p. 155."
AAS,71,1979,177,,Homilia (Iter Apostolicum in Mexicum),Ioannes Paulus PP. II,"AAS 71 (1979), p. 177",https://www.vatican.va/archive/aas/documents/AAS-71-1979-ocr.pdf,papal_personal_coronation,"Mane diei 27 m. ianuarii, Polonorum civium coloniam in Mexico degentium coram admisit, antequam e Delegationis Apostolicae aedibus templum B. M. V. a Guadalupe peteret. ... Inde profectus, ad sacram aedem pervenit, sacris litaturus atque Plenario Coetui Episcoporum Latinorum Americanorum, intercedente Beatissima Dei Genetrice, initium daturus. Quae inter sacra, hanc homiliam habuit",,B. M. V. a Guadalupe,Nuestra Señora de Guadalupe,Blessed Virgin Mary,Santuario (Basilica) de Nuestra Señora de Guadalupe,Mexico City,,,Mexico,1979-01-27,1979-01-27,,medium,"Found by extending the search over the surrounding pages of the same journey, as instructed; this page is NOT one of the 26 passages of batch G07 (the id follows the batch id convention for AAS-71-1979-ocr, page 177). Homily/prayer of John Paul II at the shrine of Guadalupe, 27 January 1979, at the Mass opening the III General Conference of the Latin American Episcopate. Spanish sentence, verbatim: 'Finalmente, oh Madre, recordando y confirmando el gesto de mis Predecesores Benedicto XIV y Pío X, quienes Te proclamaron Patrona de México y de toda la América Latina, Te presento una diadema en nombre de todos tus hijos mexicanos y latinoamericanos, para que los conserves bajo tu protección, guardes su concordia en la fe y su fidelidad a Cristo, Tu Hijo.' Same pattern as the Altagracia passage: the Pope presents a diadem to a devotion named by title; no formal coronation rite is described, and the words are addressed to the Virgin, not to an image (the image is mentioned separately on p. 175: 'Tu imagen en el Santuario de Guadalupe'). The homily begins on printed page 171; the diadem sentence is on p. 177. Locality 'Mexico City' is inferred — AAS names only the 'Santuario de Guadalupe' / 'templum B. M. V. a Guadalupe' in Mexico (Tepeyac is named on p. 173) — hence medium confidence. Body is in Spanish, so no Latin incipit; rubric_latin is the Latin editorial narrative of p. 171 (ellipsis marks omitted text)."
AAS,71,1979,840,,Allocutio (Iter apostolicum in Poloniam),Ioannes Paulus PP. II,"AAS 71 (1979), p. 840",https://www.vatican.va/archive/aas/documents/AAS-71-1979-ocr.pdf,retrospective_attestation,"Ex urbe Cracovia, mane, Summus Pontifex sacram aedem adiit B. M. V., quae per vulgus « Kalwaria Zebrzydowska » appellatur, et hanc allocutionem ante templum fecit",,,Obraz Matki Bożej Kalwaryjskiej (Our Lady of Kalwaria),Blessed Virgin Mary,Bernardine sanctuary of Kalwaria Zebrzydowska (raised to minor basilica in this same allocution),Kalwaria Zebrzydowska,,Kraków,Poland,1979-06-07,1887-08-15,,high,"'obraz Matki Bożej Kalwaryjskiej, ukoronowany 15 sierpnia 1887 r. przez kard. Albina Dunajewskiego, biskupa krakowskiego, koronami papieża Leona XIII' — crowned 15 Aug 1887 by Cardinal Albin Dunajewski, Bishop of Kraków, with crowns of Pope Leo XIII. In the same allocution John Paul II grants the sanctuary the title of minor basilica. Act begins on printed page 839; attestation on p. 840. Body in Polish, no Latin incipit."
AAS,71,1979,975,V,Litterae Apostolicae,Ioannes Paulus PP. II,"AAS 71 (1979), p. 975",https://www.vatican.va/archive/aas/documents/AAS-71-1979-ocr.pdf,retrospective_attestation,"Sacra aedes in dioecesi S. Marci Argentanensis Beatae Mariae Virginis Nativitati dicata, quae vulgari sermone « Maria Santissima del Pettoruto » cognominatur, ad gradum et dignitatem Basilicae Minoris evehitur.",Innumera fere sunt templa a populo Christiano toto terrarum orbe per labentem saeculorum cursum ad praecelsae Dei Genetricis honorem dicata.,sacrum eiusdem Beatissimae Virginis simulacrum,Maria Santissima del Pettoruto,Blessed Virgin Mary,"Sanctuarium/templum Nativitati B.M.V. dicatum, vulgo « Maria Santissima del Pettoruto »","S. Sosti (San Sosti), Calabria",S. Marci Argentanensis,San Marco Argentano,Italy,1979-08-17,1903,,high,"Basilica Minor elevation act that states in passing the image was crowned in 1903 'de Petriani Canonicorum Collegii sententia, praestanti est diademate redimitum'. Passage printed_page is 976 but the act begins on p. 975 (rubric V there); aas_page set to the act's start page. Country from 'regionis Calabriae' in the text."
AAS,72,1980,384,III,Litterae Apostolicae,Ioannes Paulus PP. II,"AAS 72 (1980), p. 384",https://www.vatican.va/archive/aas/documents/AAS-72-1980-ocr.pdf,papal_coronation_act,"Episcopo Plocensi conceditur ut possit imaginem B. M. V. coronare pretioso diademate, in loco Sierpe, in finibus suae ipsius dioecesis veneratam.","Beatam ac semper Virginem Mariam, Christi Matrem sanctissimam, eandemque hominum decus ac praesidium, ab omnibus honorari, coli, atque laude praedicari",Sacra imago Beatae Virginis Mariae quae in templo loci vulgo Sierpe colitur,,Blessed Virgin Mary,Templum loci Sierpe,Sierpc,Plocensis,Plock,Poland,1980-04-25,,"Bogdanus Sikorski, Episcopus Plocensis (granted the faculty to crown 'nomine Nostro')",medium,Locality given twice as 'Sierpe' in rubric and body; best reading is Sierpc in the diocese of Plock - verify. Country from 'Polono populo' in the body. Day and hour of the coronation left to the bishop's choice. Confirmed in the volume's chronological index (p. 1286) under 25 Apr. 1980.
AAS,72,1980,805,VII,Litterae Apostolicae,Ioannes Paulus PP. II,"AAS 72 (1980), p. 805",https://www.vatican.va/archive/aas/documents/AAS-72-1980-ocr.pdf,papal_coronation_act,"Imago Beatae Mariae Virginis vulgo « Nuestra Señora de la Asunción » appellatae, in paroecia S. Mariae Magdalenae urbis « Monimbò » archidioecesis Managuensis exstans, pretioso sinitur diademate redimiri.",In paroecia S. Mariae Magdalenae urbis « Monimbò » intra fines Ecclesiae Managuensis praeclara exstat Beatae Mariae Virginis imago,Imago Beatae Mariae Virginis sub titulo « Nuestra Señora de la Asunción »,Nuestra Señora de la Asunción,Blessed Virgin Mary,Paroecia S. Mariae Magdalenae,Monimbó,Managuensis,Managua,Nicaragua,1980-07-30,,"Managuensis Ordinarius (Michael Obando Bravo, Archiepiscopus Managuensis, was the petitioner and is charged to impose the crown 'Nostro nomine et auctoritate')",medium,"Country not stated in the act; inferred from the archdiocese of Managua (Nicaragua). Monimbó is an indigenous quarter of Masaya, not named as such in the act. Coronation day left to the Ordinary's choice. Confirmed in the volume indices at pp. 1287 and 1312."
AAS,73,1981,291,II,Litterae Apostolicae,Ioannes Paulus PP. II,"AAS 73 (1981), p. 291",https://www.vatican.va/archive/aas/documents/AAS-73-1981-ocr.pdf,papal_coronation_act,"Sinitur pretioso diademate redimiri imago Beatae Mariae Virginis vulgo Iconavetere nuncupata, quae in cathedrali templo metropolitanae Ecclesiae Fodianae exstat.","Cum ducentesimus et quinquagesimus feliciter recurreret annus impletus ex quo fideles Fodiani mariali, ut fertur, prodigio sunt ditati",Imago Beatae Mariae Virginis vulgo « Iconavetere » nuncupata,Iconavetere,Blessed Virgin Mary,Templum cathedrale metropolitanae Ecclesiae Fodianae,Foggia,Fodiana,Foggia,Italy,1981-01-21,,"Fodianus Ordinarius (Iosephus Lenotti, Archiepiscopus Fodianus, was the petitioner and is charged to impose the crown 'Nostro nomine et auctoritate')",medium,"Opens 'Ad futuram rei memoriam' (not 'Ad perpetuam'). The act itself attests an EARLIER coronation of the same image: 'secundum etiam revolveretur saeculum postquam imago Beatae Mariae Virginis vulgo Iconavetere appellata a Petriano Canonicorum Collegio coronata est' - i.e. the second centenary of a crowning by the Vatican Chapter, so c. 1781; the exact year is not given. Occasion also the 250th year since the Marian prodigy at Foggia. Country Italy inferred from the see of Foggia (Fodiana); not stated in the act. Coronation day left to the Ordinary's choice. Confirmed in the volume indices at pp. 757 and 776."
AAS,73,1981,449,I,Litterae Apostolicae,Ioannes Paulus PP. II,"AAS 73 (1981), p. 449",https://www.vatican.va/archive/aas/documents/AAS-73-1981-ocr.pdf,papal_coronation_act,"Sinitur Episcopus Ipialensis Imaginem B.M.V. a Visitatione coronare, quae est in urbe Ancuya, in Columbia.","Tanta est Nostra erga beatissimam Virginem Mariam pietas et religio (est enim eadem Christi, Filii Dei adorandi mater; et patrona christianorum sollicita; et exemplar omnium virtutum in quod intueamur)",Imago Beatae Mariae Virginis Dominae Nostrae a Visitatione,Nuestra Señora de la Visitación,Blessed Virgin Mary,,Ancuya,Ipialensis,Ipiales,Colombia,1981-01-29,,"Alonsus Arteaga Yepes, Episcopus Ipialensis (granted the faculty to crown 'nomine atque auctoritate Nostra')",high,"'in Columbia' explicit in the rubric. No church named, only the town of Ancuya. Datum reads 'anno MDCCCCLXXXI' = 1981; the volume's chronological index (p. 757) confirms 29 Jan. 1981. Coronation day left to the bishop's choice."
AAS,74,1982,11,III,Litterae Apostolicae,Ioannes Paulus PP. II,"AAS 74 (1982), p. 11",https://www.vatican.va/archive/aas/documents/AAS-74-1982-ocr.pdf,papal_coronation_act,Sinitur Episcopus Siedlcensis imaginem Beatae Mariae Virginis redimire quam Polonus populus in templo « Wola Gulowska » in dioecesi Siedlcensi veneratur.,"Quo amore quaque veneratione in Deiparam Virginem Mariam filii feramur, sub cuius tutelam non modo primaevum sacerdotium",imago veneranda beatae Mariae Virginis,Matka Boża of Wola Gułowska,Blessed Virgin Mary,templum Ordinis Fratrum Beatae Mariae Virginis de Monte Carmelo « Wola Gulowska »,Wola Gulowska,Siedlcensis,Siedlce,Poland,1981-11-09,,,high,"Faculty granted to Bp Ioannes Mazur of Siedlce (or his delegate) to crown the image in the Pope's name; day of coronation left to him. Country explicit ('Polonus populus', 'Poloni fideles'). Modern place-name Wola Gułowska."
AAS,74,1982,678,IV,Litterae Apostolicae,Ioannes Paulus PP. II,"AAS 74 (1982), p. 678",https://www.vatican.va/archive/aas/documents/AAS-74-1982-ocr.pdf,papal_coronation_act,"Imago Beatae Mariae Virginis quae in paroeciali templo loci « Brdów » dioecesis Vladislaviensis exstat, pretioso sinitur diademate redimiri « nomine et auctoritate Summi Pontificis ».",Probe novimus in templo paroeciali loci « Brdów » intra fines Ecclesiae Vladislaviensis Beatae Mariae Virginis imaginem ab antiquis temporibus devotissime excoli,Beata Maria Virgo « Victrix »,Matka Boża Zwycięska of Brdów,Blessed Virgin Mary,templum paroeciale loci « Brdów »,Brdów,Vladislaviensis,Włocławek,Poland,1982-03-25,,,high,"Retrieved from txt for the index entry 'Probe novimus ... 678' in the AAS 74 index passage. Country inferred (Polish diocese and place; act does not name Poland). Bishop: Ioannes Zaręba. The same image was crowned by John Paul II himself at Częstochowa on 19 June 1983 (see AAS 75, p. 935)."
AAS,74,1982,679,V,Litterae Apostolicae,Ioannes Paulus PP. II,"AAS 74 (1982), p. 679",https://www.vatican.va/archive/aas/documents/AAS-74-1982-ocr.pdf,papal_coronation_act,"Imago Beatae Mariae Virginis, quae in Ecclesia paroeciali vulgo dicta « Ostrowąs » observatur, « nomine et auctoritate Summi Pontificis » pretioso diademate redimitur.",Quo in honore Beatissima Virgo Maria sit habita per saeculorum decursum et qua veneratione exculta a populo Polonico,Domina Cuiaviensis,Matka Boża Kujawska (Ostrowąs),Blessed Virgin Mary,Ecclesia paroecialis loci « Ostrowąs »,Ostrowąs,Vladislaviensis,Włocławek,Poland,1982-03-25,,,high,Retrieved from txt for the index entry 'Quo in honore ... 679'. OCR of the place name in the index reads 'Ostrowgs'/'Ostrowas'; the act body reads « Ostrowas » (i.e. Ostrowąs). Bishop: Ioannes Zaręba.
AAS,74,1982,764,I,Litterae Apostolicae,Ioannes Paulus PP. II,"AAS 74 (1982), p. 764",https://www.vatican.va/archive/aas/documents/AAS-74-1982-ocr.pdf,papal_coronation_act,"Archiepiscopo Cracoviensi conceditur ut possit imaginem B. M. V. coronare pretioso diademate, in loco Ploki, in finibus propriae archidioecesis honoratam.","Beatam ac semper Virginem Mariam, Christi Matrem sanctissimam eandemque hominum decorem ac praesidium, ab omnibus honorari et coli laudeque praedicari",sacra imago Beatae Virginis Mariae,Matka Boża of Płoki,Blessed Virgin Mary,,Ploki,Cracoviensis,Kraków,Poland,1982-04-07,,,high,"Faculty granted to Card. Franciscus Macharski, Archbishop of Kraków, to crown the image in the Pope's name during Mass. Country explicit ('Polono populo')."
AAS,74,1982,1211,IV,Litterae Apostolicae,Ioannes Paulus PP. II,"AAS 74 (1982), p. 1211",https://www.vatican.va/archive/aas/documents/AAS-74-1982-ocr.pdf,papal_coronation_act,"Imago B. M. V. a Rosario, quae ab Ecclesia Verae Crucis colitur et in paroeciali sacello loci vulgo « Alvarado » asservatur, pretioso diademate redimitur.","Memoriae plane proditum est praeclarum B. M. V. a Rosario simulacrum, quod in paroeciali sacra aede loci « Alvarado » vulgo dicti pie asservatur",Beata Maria Virgo a Rosario,Nuestra Señora del Rosario (Alvarado),Blessed Virgin Mary,paroeciale sacellum loci « Alvarado »,Alvarado,Verae Crucis,Veracruz,Mexico,1982-09-15,,,high,"Faculty granted to Bp Iosephus Guadalupe Padilla Lozano of Veracruz to impose the crown in the Pope's name. Act says the image has been venerated since the 17th century. Country supported by 'ceteris Mexicanis Praesulibus'; vernacular title is the obvious rendering of 'B. M. V. a Rosario', not given verbatim."
AAS,74,1982,1212,V,Litterae Apostolicae,Ioannes Paulus PP. II,"AAS 74 (1982), p. 1212",https://www.vatican.va/archive/aas/documents/AAS-74-1982-ocr.pdf,papal_coronation_act,"Effigies B. M. Virginis a Rosario, quae in cathedrali templo Altensi servatur, pretioso diademate redimitur.",Quo in honore Beatissima Virgo Maria sit per horum annorum decursum inter communitatem Altensem habita semper quantaque veneratione pariter exculta,Beata Maria Virgo a Rosario,,Blessed Virgin Mary,templum cathedrale dioecesis Altensis,,Altensis,Los Altos (Quetzaltenango–Totonicapán),Guatemala,1982-09-20,,"Marius S. R. E. Cardinalis Casariego, archiepiscopus Guatimalensis",medium,"Act begins on printed p. 1212 (running head in context); passage indexed at p. 1211. The crowning is entrusted not to the local Ordinary (Bp 'Ansgarius García Urízar', Praesul Altensis — first name as OCR'd) but to Card. Mario Casariego, Archbishop of Guatemala, acting in the Pope's name. Diocese/country not named in the act: identified as Dioecesis Altensis = Los Altos, Quetzaltenango–Totonicapán, Guatemala, from other AAS acts (AAS 20 [1928] and AAS 43 [1951] erecting and delimiting it). Locality not stated (cathedral of the diocese)."
AAS,75,1983,18,IV,Litterae Apostolicae,Ioannes Paulus PP. II,"AAS 75 (1983), p. 18",https://www.vatican.va/archive/aas/documents/AAS-75-1983-I-ocr.pdf,papal_coronation_act,"Imago B. Mariae Virginis Nivalis, quae in monte « Iglizna », intra fines archidioecesis Vratislaviensis, custoditur, pretioso diademate coronatur.","Quanta Beatae Virginis Nivalis imago colatur pietate, quae in monte « Iglizna » seu Acuum custoditur",Beata Maria Virgo Nivalis,Maria Śnieżna (Iglizna),Blessed Virgin Mary,"ecclesia in monte « Iglizna » seu Acuum, intra paroeciae Sancti Ioseph Miedzygórze fines",Iglizna (Miedzygórze),Vratislaviensis,Wrocław,Poland,1982-10-28,,,medium,"Faculty granted to Abp Henricus Gulbinowicz of Wrocław to impose the crown in the Pope's name. Act notes the church there was dedicated to the Virgin in 1782. Country inferred from archidioecesis Vratislaviensis / Miedzygórze (Międzygórze); not named in the act. Vernacular title supplied as the standard rendering of 'B. M. V. Nivalis', not verbatim."
AAS,75,1983,479,I,Litterae Apostolicae,Ioannes Paulus PP. II,"AAS 75 (1983), p. 479",https://www.vatican.va/archive/aas/documents/AAS-75-1983-I-ocr.pdf,retrospective_attestation,"Templum Visitationis Beatae Mariae Virginis, in dioecesi Varmiensi situm, ad dignitatem Basilicae Minoris evehitur.",Satis constat quanta pietate Polonica gens prosecuta sit praeteritis temporibus et adhuc prosequatur Beatam Mariam Virginem,imago Beatae Virginis in Sacra Tilia culta,,Blessed Virgin Mary,ecclesia Visitationis Beatae Mariae Virginis in Sacra Tilia,Sacra Tilia,Varmiensis,Warmia,Poland,1983-02-24,,,medium,"Basilica Minor act; states in passing that the image venerated there had recently been crowned ('etiam imaginem Beatae Virginis ibi cultam recenter esse diademate coronatam'), which was one motive for the elevation. No coronation date given. Act begins on printed p. 479 (running head '480 Acta Apostolicae Sedis' follows the opening); passage indexed at p. 480; volume index also cites p. 479. 'Sacra Tilia' is Święta Lipka (identification not in the text). Country from 'Polonica gens' + dioecesis Varmiensis."
AAS,75,1983,606,II,Litterae Apostolicae,Ioannes Paulus PP. II,"AAS 75 (1983), p. 606",https://www.vatican.va/archive/aas/documents/AAS-75-1983-I-ocr.pdf,papal_coronation_act,"Imago « Dominae nostrae ab Assumptione », in dioecesi de Aguas Calientes, sacro diademate coronatur.",Quanta demum pietate ac fide quantoque honore ac studio universa ecclesialis communitas de Aguas Calientes in Mexico amplectatur,Domina Nostra ab Assumptione,Nuestra Señora de la Asunción,Blessed Virgin Mary,templum cathedrale de Aguas Calientes (Basilica Minor),Aguascalientes,de Aguas Calientes,Aguascalientes,Mexico,1983-03-18,,,high,Faculty granted to Bp Salvator Quezada Limón to crown the image in the Pope's name in his cathedral. Country explicit ('de Aguas Calientes in Mexico'). Act recalls that Pius XII raised the cathedral to Basilica Minor and that the same title is the diocese's patroness.
AAS,75,1983,607,III,Litterae Apostolicae,Ioannes Paulus PP. II,"AAS 75 (1983), p. 607",https://www.vatican.va/archive/aas/documents/AAS-75-1983-I-ocr.pdf,papal_coronation_act,"Sinitur Imago B. M. V. vulgo « Nuestra Señora de la Esperanza » in aede S. Annae de Triana dioecesis Hispalensis, redimiri.","Qui semper castissimam Virginem Mariam, Christi Matrem amabilem, toto corde dileximus, aequo semper animo ea coepta aut inimus aut ineunda probamus",sacra Imago B. M. V. « Nuestra Señora de la Esperanza »,Nuestra Señora de la Esperanza (Esperanza de Triana),Blessed Virgin Mary,aedes S. Annae de Triana,Sevilla (Triana),Hispalensis,Sevilla,Spain,1983-04-07,,"Iosephus M. S. R. E. Cardinalis Bueno Monreal, olim Archiepiscopus Hispalensis",medium,"Act begins on printed p. 607 (running head in context); passage indexed at p. 606. Petition by Abp Carolus Amigo Vallejo of Seville that the crowning be performed, in the Pope's name and authority, by Card. Bueno Monreal, emeritus archbishop. Country inferred from 'in urbe Hispali' (Seville); not named in the act."
AAS,75,1983,608,IV,Litterae Apostolicae,Ioannes Paulus PP. II,"AAS 75 (1983), p. 608",https://www.vatican.va/archive/aas/documents/AAS-75-1983-I-ocr.pdf,papal_coronation_act,"Sinitur Imago B. M. V. quae est in pago Krypno, archidioecesis Vilnensis in Białystok, coronari.","Mariam Virginem, castissimam Christi Matrem atque florem convallium pulcherrimum, fuisse ubique tot per saecula summa religione veneratam",antiquissima beatae Matris effigies,,Blessed Virgin Mary,,Krypno,archidioecesis Vilnensis in Białystok,"Białystok (Vilnius archdiocese, Białystok portion)",Poland,1983-04-09,,,high,"Act begins on printed p. 608 (running head in context); passage indexed at p. 606. Faculty granted to Bp Eduardus Kisiel, titular of Limata and Apostolic Administrator, or his delegate. Country explicit ('in Polonia'). Painted image ('in illo imagine picta')."
AAS,75,1983,679,I,Litterae Apostolicae,Ioannes Paulus PP. II,"AAS 75 (1983), p. 679",https://www.vatican.va/archive/aas/documents/AAS-75-1983-I-ocr.pdf,papal_coronation_act,"Conceditur facultas coronandi Imaginis B. M. V. quae colitur in cathedrali templo Opoliensi, in Polonia.","Quanta religione et amore Polonus populus, ducibus Episcopis, Mariam, Christi Matrem castissimam, per aetates prosecutus sit ac prosequatur",picta Imago beatissimae Dei Matris Opoliensis,,Blessed Virgin Mary,templum cathedrale Opoliense,Opole,Opoliensis,Opole,Poland,1983-04-27,,,high,Petition of Bp Alfonsus Nossol of Opole; the image is to be crowned in the Pope's name and authority. Country explicit (rubric 'in Polonia'). Datum line gives no pontifical year but 'Sanctissimae Redemptionis Nostrae Iubilaeo'.
AAS,75,1983,680,II,Litterae Apostolicae,Ioannes Paulus PP. II,"AAS 75 (1983), p. 680",https://www.vatican.va/archive/aas/documents/AAS-75-1983-I-ocr.pdf,papal_coronation_act,"Imago Beatae Mariae Virginis, quam populus titulo « Santa Maria della Purità » nuncupat, in templo monasterii Carmelitarum episcopalis urbis Nucerinae Paganorum observata, pretioso diademate redimiri sinitur « nomine et auctoritate Summi Pontificis ».",Christifideles Nucerini Paganorum ac praesertim sodales saecularis Instituti cui nomen vulgo « Pia Unione Ammalati Cristo Salvezza » peculiari cultu venerantur imaginem,Beata Maria Virgo « Santa Maria della Purità »,Santa Maria della Purità,Blessed Virgin Mary,templum monasterii Carmelitarum (urbs episcopalis Nucerina Paganorum),Nocera (Nuceria Paganorum),Nucerinus Paganorum,Nocera Inferiore-Sarno,Italy,1983-05-02,,"Iosephus S. R. E. Cardinalis Casoria, Praefectus Sacrae Congregationis pro Sacramentis et Cultu Divino",medium,"Act begins on printed p. 680 (running head in context); passage indexed at p. 679. DATE DISCREPANCY: the act body reads 'die II mensis Maii', while the volume index (p. 1107) lists this act (incipit 'Christifideles Nucerini') under 11 May 1983 — possible OCR/typographical loss of an 'X'; verify. Petition of Bp Iolandus Nuzzi, letter of 16 April 1983; tercentenary celebrations that year; image given to the Carmelite nuns in the 17th century at the request of Ven. Seraphina a Deo. Country inferred from the Italian title and the see of Nocera; not named in the act."
AAS,75,1983,809,III,Litterae Apostolicae,Ioannes Paulus PP. II,"AAS 75 (1983), p. 809",https://www.vatican.va/archive/aas/documents/AAS-75-1983-I-ocr.pdf,papal_legate_deputation,Fit potestas Romani Pontificis nomine auctoritateque redimiendi serto pretioso signum Beatae Virginis Mariae a Rosario sive a Flagello in Sancti Dominici sanctuario apud « Soriano Calabro » dioecesis Miletensis.,Quod ipsum sacellum Decessores iam nonnulli Nostri benevolentia antehac sua magnaque munificentia exornaverunt — videlicet Sancti Dominici,Simulacrum Dominae Nostrae a Rosario sive a Flagello,Madonna del Rosario (detta del Flagello),Blessed Virgin Mary,Sanctuarium Sancti Dominici,Soriano Calabro,Miletensis,Mileto,Italy,1983-06-03,,"Marius Aloisius S. R. E. Cardinalis Ciappi, O.P.",medium,"Rubric uses 'sertum' ('redimiendi serto pretioso'), the body 'pretioso diademate redimiat'. Faculty granted to Card. Mario Luigi Ciappi to crown the image 'Nostro nomine et auctoritate'. Country inferred from 'Soriano Calabro'/'regione Vibonensi'/'dioecesis Miletensis' (unambiguous but not stated), hence medium per spec rule 1. Vernacular title is a rendering of the Latin, not quoted in the text."
AAS,75,1983,879,VI,Litterae Apostolicae,Ioannes Paulus PP. II,"AAS 75 (1983), p. 879",https://www.vatican.va/archive/aas/documents/AAS-75-1983-I-ocr.pdf,papal_coronation_act,"Sinitur Archiepiscopus Messanensis nomine atque auctoritate Summi Pontificis imaginem B. M. V. a divina Providentia coronare, quae in urbe Montalbano Elicona, in eadem archidioecesi, colitur.","Qui singulari semper amore beatissimam Virginem Mariam, Christi Matrem, hominum decus caelique florem, prosecuti sumus et prosequimur",imago B. M. V. a divina Providentia,Maria Santissima della Divina Provvidenza,Blessed Virgin Mary,sacra aedes urbis Montalbano Elicona,Montalbano Elicona,Messanensis,Messina,Italy,1983-08-18,,,high,Rubric OCR reads 'B. M. W.'; repaired to 'B. M. V.'. Archbishop: Ignazio Cannavò. Country inferred from the Sicilian place/see (act does not name Italy).
AAS,75,1983,935,,Allocutio (Iter apostolicum in Poloniam),Ioannes Paulus PP. II,"AAS 75 (1983), p. 935",https://www.vatican.va/archive/aas/documents/AAS-75-1983-I-ocr.pdf,papal_personal_coronation,"Cestochoviae, occasione oblata coronationis quattuor Imaginum Beatae Mariae Virginis.",,,Obraz Matki Bożej z Brdowa (Our Lady of Brdów),Blessed Virgin Mary,sanktuarium w Brdowie (sanctuary of Brdów),Brdów,,Włocławek,Poland,1983-06-19,1983-06-19,,high,"One of four images crowned personally by John Paul II at Jasna Góra, Częstochowa, on 19 June 1983 ('obrazie z Brdowa w Diecezji Włocławskiej'). Bishop Jan Zaręba of Włocławek is greeted. Latin diocesan name not given in the (Polish) text. Image detail on printed page 938; act begins on p. 935."
AAS,75,1983,935,,Allocutio (Iter apostolicum in Poloniam),Ioannes Paulus PP. II,"AAS 75 (1983), p. 935",https://www.vatican.va/archive/aas/documents/AAS-75-1983-I-ocr.pdf,papal_personal_coronation,"Cestochoviae, occasione oblata coronationis quattuor Imaginum Beatae Mariae Virginis.",,,"Obraz Matki Bożej z Lubaczowa (Matka Boża Łaskawa, image of the vows of King John Casimir)",Blessed Virgin Mary,co-cathedral / church at Lubaczów (Apostolic Administration of Lubaczów),Lubaczów,,Lubaczów (Apostolic Administration; remnant of the archdiocese of Lviv of the Latins),Poland,1983-06-19,1983-06-19,,high,"One of four images crowned personally by John Paul II at Jasna Góra, Częstochowa, on 19 June 1983 ('Mam włożyć papieskie korony na skronie Jezusa i Maryi w obrazie z Lubaczowa'). Described as the image that witnessed the vows of John Casimir in the Lviv cathedral in 1656 and before which the Mother of God was first called Queen of the Polish Crown. Bishop Marian Rechowicz, Apostolic Administrator in Lubaczów, is greeted. Image detail on printed page 938; act begins on p. 935. Body in Polish, no Latin incipit."
AAS,75,1983,935,,Allocutio (Iter apostolicum in Poloniam),Ioannes Paulus PP. II,"AAS 75 (1983), p. 935",https://www.vatican.va/archive/aas/documents/AAS-75-1983-I-ocr.pdf,papal_personal_coronation,"Cestochoviae, occasione oblata coronationis quattuor Imaginum Beatae Mariae Virginis.",,,Obraz Matki Bożej z Zielenic (zieleniecki obraz Bogarodzicy),Blessed Virgin Mary,sanktuarium w Zielenicach (sanctuary of Zielenice),Zielenice,,Kielce,Poland,1983-06-19,1983-06-19,,high,"One of four images crowned personally by John Paul II at Jasna Góra, Częstochowa, on 19 June 1983 ('obrazie z sanktuarium w Zielenicach, Diecezji Kieleckiej'), tied to the centenary of the diocese of Kielce. Bishop Stanisław Szymecki of Kielce is greeted. Image detail on printed pages 939-940; act begins on p. 935."
AAS,75,1983,935,,Allocutio (Iter apostolicum in Poloniam),Ioannes Paulus PP. II,"AAS 75 (1983), p. 935",https://www.vatican.va/archive/aas/documents/AAS-75-1983-I-ocr.pdf,papal_personal_coronation,"Cestochoviae, occasione oblata coronationis quattuor Imaginum Beatae Mariae Virginis.",,,Obraz Matki Bożej ze Stoczka Warmińskiego (Matka Pokoju / Mother of Peace),Blessed Virgin Mary,sanktuarium w Stoczku Warmińskim (sanctuary of Stoczek Warmiński),Stoczek Warmiński,,Warmia,Poland,1983-06-19,1983-06-19,,high,"One of four images crowned personally by John Paul II at Jasna Góra, Częstochowa, on 19 June 1983 ('obrazie z sanktuarium w Stoczku, Diecezji Warmińskiej'). The Pope gives thanks to 'Matka Pokoju' (Mother of Peace) for over three hundred years of protection over Warmia, and recalls that Stoczek was the place of Cardinal Wyszyński's internment 1953-1954. Bishop Jan Obłąk of Warmia is greeted. Image detail on printed pages 938-939; act begins on p. 935."
AAS,75,1983,979,,Allocutio (Iter apostolicum in Poloniam),Ioannes Paulus PP. II,"AAS 75 (1983), p. 979",https://www.vatican.va/archive/aas/documents/AAS-75-1983-I-ocr.pdf,papal_personal_coronation,In templo Sanctuario S. Annae apud Opolium habita.,,,Obraz Matki Bożej z katedry opolskiej (Our Lady of Opole),Blessed Virgin Mary,cathedral of Opole (image); coronation performed at the sanctuary of St Anne on Góra Świętej Anny,Opole (coronation at Góra Świętej Anny),,Opole,Poland,1983-06-21,1983-06-21,,high,"'Na pamiątkę mej obecności na tej ziemi pragnę za chwilę dokonać koronacji czcigodnego obrazu Matki Bożej z katedry opolskiej' — the Pope announces he is about to crown the venerable image of the Mother of God from the Opole cathedral, during the allocution at the sanctuary of St Anne (Góra Świętej Anny), 21 June 1983. Bishop Alfons Nossol of Opole is greeted. Act begins on printed page 974; announcement on p. 979. Body in Polish, no Latin incipit."
AAS,75,1983,1076,VI,Decretum super virtutibus heroicis (Sacra Congregatio pro Causis Sanctorum),,"AAS 75 (1983), p. 1076",https://www.vatican.va/archive/aas/documents/AAS-75-1983-I-ocr.pdf,retrospective_attestation,"LEODIEN. Beatificationis et Canonizationis Servae Dei Eugeniae Joubert, Congregationis Sororum a S. Familia Ss. Cordis Iesu. SUPER DUBIO",,simulacrum B. M. V. Lapurdi,Notre-Dame de Lourdes,Blessed Virgin Mary,,Lourdes,,Tarbes-et-Lourdes,France,,,,low,"Passing mention only: 'Die 11 Februarii a. 1876, anniversaria manifestationis B. M. V. Lapurdi et coronationis eiusdem simulacri auctoritate Pii PP. IX factae'. Attests that the Lourdes image was crowned by authority of Pius IX, but gives no coronation date (11 February is given as the anniversary date, which a checker should verify). Country/diocese inferred from 'Lapurdi'. Not a papal act; decree of the Congregation for the Causes of Saints, hence pope=null."
AAS,76,1984,75,,Litterae Apostolicae,Ioannes Paulus PP. II,"AAS 76 (1984), p. 75",https://www.vatican.va/archive/aas/documents/AAS-76-1984-ocr.pdf,papal_coronation_act,"Sinitur Episcopus S. Rosae de Osos, in Columbia, Imaginem B. M. V. a Misericordiis, nomine atque auctoritate Summi Pontificis coronare.","Qui divino consilio et voluntate iam in id universo christianorum populo praepositi sumus, ut patris amore per huius procellosi maris undas",Imago B. M. V. a Misericordiis,Nuestra Señora de las Misericordias,Blessed Virgin Mary,,Santa Rosa de Osos,S. Rosae de Osos,Santa Rosa de Osos,Colombia,1983-08-18,,,high,Bishop: Joaquín García Ordóñez. Country explicit ('in Columbia').
AAS,76,1984,557,V,Litterae Apostolicae,Ioannes Paulus PP. II,"AAS 76 (1984), p. 557",https://www.vatican.va/archive/aas/documents/AAS-76-1984-ocr.pdf,papal_coronation_act,"Imago Sacrae Familiae, in basilica Assumptionis intra fines dioecesis Vladislaviensis sita, pretioso diademate coronatur.","Surreptis misere nuper impieque pretiosis corollis, quibus videlicet Sacrae Familiae Nazarethanae enitebat simulacrum in Basilica ipsa Assumptionis",simulacrum Sacrae Familiae Nazarethanae,,Holy Family,"Basilica Assumptionis Beatae Mariae Virginis, « Kalisz »",Kalisz,Vladislaviensis,Włocławek,Poland,1984-03-02,,,medium,"Re-crowning: the previous precious crowns had just been stolen ('sacrilegum furtum'), and Bp Ioannes Zareba obtained the faculty to impose new ones in the Pope's name. DATE DISCREPANCY: body reads 'die II mensis Martii', volume index (p. 1111) lists the act (incipit 'Surreptis misere') under 11 March 1984 — verify. Country inferred from Kalisz / dioecesis Vladislaviensis; not named in the act."
AAS,76,1984,768,II,Litterae Apostolicae,Ioannes Paulus PP. II,"AAS 76 (1984), p. 768",https://www.vatican.va/archive/aas/documents/AAS-76-1984-ocr.pdf,papal_coronation_act,"Conceditur Episcopo Tarnoviensi facultas coronandi imaginem B. M. V. Nivalis et Divini Infantis, quae in Abbatia de Ciricio exstat.",Polonus populus per saeculorum decursum Beatissimam Virginem Dei genetricem summo excoluit honore summaque veneratione,Beata Maria Virgo Nivalis et Divinus Infans,,Blessed Virgin Mary,Abbatia de Ciricio,Ciricium (Szczyrzyc),Tarnoviensis,Tarnów,Poland,1984-04-16,,,medium,"Faculty granted to Bp Georgius Ablewicz of Tarnów to impose the crown in the Pope's name; the act recalls that John Paul II blessed the image during his visit to Poland. DATE DISCREPANCY: body reads 'die xvi mensis Aprilis', volume index (p. 1111) lists the act (incipit 'Polonus populus') under 26 April 1984 — verify. Odd phrase in the operative clause: 'quae in Ciricio et Lezajsk colitur' (so in the text; Leżajsk is not in Tarnów diocese) — verify against the printed page. 'Abbatia de Ciricio' = the Cistercian abbey of Szczyrzyc (identification not in the text). Country explicit ('Polonus populus', 'Polona terra')."
AAS,77,1985,285,VI,Litterae Apostolicae,Ioannes Paulus PP. II,"AAS 77 (1985), p. 285",https://www.vatican.va/archive/aas/documents/AAS-77-1985-ocr.pdf,papal_coronation_act,Summi Pontificis nomine auctoritateque ut imagini B. M. V. a Rosario « Nuestra Señora del Rosario de Iles » diadema imponat Episcopo permittitur Ipialensi.,"Quantum praeteriti spatium temporis repetere potest hominum memoria, ex quo videlicet tempore plus quadringentos abhinc annos nomen est Christianum ibi conditum",Imago B. M. V. a Rosario,Nuestra Señora del Rosario de Iles,Blessed Virgin Mary,sacra aedes in oppido Iles,Iles,Ipialensis,Ipiales,Colombia,1984-12-14,,,high,"Faculty to Bishop Alfonso Arteaga Yepes of Ipiales to impose 'pretiosam coronam Nostro ipsorum nomine et auctoritate'. Cedar statue ('sub cedrina ipsa forma'). Country explicit ('illius regionis Columbiae'). Also indexed in the volume's Index rerum analyticus, p. 1219."
AAS,77,1985,286,VII,Litterae Apostolicae,Ioannes Paulus PP. II,"AAS 77 (1985), p. 286",https://www.vatican.va/archive/aas/documents/AAS-77-1985-ocr.pdf,papal_coronation_act,"Sinitur Episcopus Lomzensis imaginem B. Virginis Mariae, quae in sacello paroeciae Pionka Koscielna excolitur, diademate coronare nomine et auctoritate Summi Pontificis.",Nemo ferme illis in locis invenitur quin ipse noverit non modo quantum erga Sanctisimam Iesu Christi Matrem amorem cultumque praestare consueverit,Mariale simulacrum sanctuarii paroeciae Plonka Koscielna,Matka Boża z Płonki Kościelnej,Blessed Virgin Mary,sacellum paroeciae Plonka Koscielna,Płonka Kościelna,Lomzensis,Łomża,Poland,1984-12-17,,,medium,"Second act inside the same passage; the act opens on printed p. 286 (the passage's printed_page is 285). Rubric OCR reads 'Pionka Koscielna'; the body has both 'Plonka Kascielna' and 'Plonka Koscielna' — correct form Płonka Kościelna. Faculty to Bishop Iulius (Juliusz) Paetz of Łomża. Country inferred from the diocese/place name (not stated), hence medium. Vernacular title supplied as a rendering, not quoted. Also indexed at p. 1219."
AAS,77,1985,465,III,Litterae Apostolicae,Ioannes Paulus PP. II,"AAS 77 (1985), p. 465",https://www.vatican.va/archive/aas/documents/AAS-77-1985-ocr.pdf,papal_personal_coronation,"Simulacrum B. M. V. sub titulo « la Virgen de la Candelaria » excultae, quod intra fines archidioecesis Arequipensis in sacra aede oppidi « Chapi » asservatur, pretioso diademate redimitur.","Ex historia ipsius Ecclesiae Arequipensis satis de venerationis cultu cognoscitur, quo complures quidem Peruviani fideles inde a saec. xviii simulacrum",Simulacrum B. M. V. sub titulo « la Virgen de la Candelaria »,La Virgen de la Candelaria de Chapi,Blessed Virgin Mary,sacra aedes loci « Chapi »,Chapi,Arequipensis,Arequipa,Peru,1985-02-13,1985-02-02,,high,"Assigned passage is the Index rerum analyticus (printed p. 1219): 'B. M. V. sub titulo «La virgen de la Candelaria» in sacra aede oppidi «Chapi» intra fines archidioecesis Arequipensis pretioso diademate redimitur, nomine et auctoritate S. P., 465'. Record built on the act itself at printed p. 465, used as aas_page. John Paul II crowned it in person during his pastoral visit: 'libentissime die II huius ipsius mensis Februarii pretioso diademate redimire vi et auctoritate Nostra Apostolica voluimus'. Act is numbered III in the OCR although the following act is numbered VI — numbering may be defective."
AAS,77,1985,466,VI,Litterae Apostolicae,Ioannes Paulus PP. II,"AAS 77 (1985), p. 466",https://www.vatican.va/archive/aas/documents/AAS-77-1985-ocr.pdf,papal_personal_coronation,"Memoriae proditur Summum Pontificem Ioannem Paulum II die septimo et vicesimo Ianuarii, hoc anno, coronasse imaginem B. V. M. de Coromoto, in dioecesi Guanarensi.","Sedi Nostrae beati Petri apostoli redditis, post peregrinationem in Americam Latinam, quanta subeunt, quae in tam longo itinere",Imago B. V. M. de Coromoto,Nuestra Señora de Coromoto,Blessed Virgin Mary,,Guanare,Guanarensis,Guanare,Venezuela,1985-02-13,1985-01-27,,high,"Assigned passage is the Index rerum analyticus (printed p. 1219, which OCRs the diocese as 'Guaranensi'); record built on the act itself at printed p. 466, used as aas_page. 'beatissimam Virginem Mariam de Coromoto sollemnissima caerimonia coronavimus, pretioso diademate imposito ... die septimo et vicesimo mensis Ianuarii proxime elapsi'. Bishop of Guanare then Angelus Adolfus Polachini (Ángel Adolfo Polachini). Sanctuary not named in the act."
AAS,77,1985,707,I,Litterae Apostolicae,Ioannes Paulus PP. II,"AAS 77 (1985), p. 707",https://www.vatican.va/archive/aas/documents/AAS-77-1985-ocr.pdf,papal_personal_coronation,"De coronatione Imaginis B. M. V. « dei Carmen » quae in paroeciali templo oppiduli Paucartambo, in archidioecesi Cuschensi, colitur, a Summo Pontifice facta, intexitur historia.","Per litteras, die altero Septembris, superiore anno datas, Venerabilis Frater Alcides Mendoza Castro, Archiepiscopus Cuschensis, de bono gregis",Imago B. M. V. « dei Carmen »,Nuestra Señora del Carmen (de Paucartambo),Blessed Virgin Mary,templum paroeciale oppiduli Paucartambo,Paucartambo,Cuschensis,Cusco,Peru,1985-02-13,1985-02-03,,high,"Assigned passage is the Index rerum analyticus (printed p. 1219): 'B. M. V. «dei Carmen» in oppidulo Paucartambo in archidioecesi Cuschensi, a S. P. coronatur, 707'. Record built on the act at printed p. 707, used as aas_page. The crowning itself was performed by John Paul II at Cuzco, not at Paucartambo: 'die III Februarii, hoc anno, petita gessimus, quando Cuzci ... pretiosa corona redimiimus'. Requested by Archbishop Alcides Mendoza Castro."
AAS,77,1985,708,II,Litterae Apostolicae,Ioannes Paulus PP. II,"AAS 77 (1985), p. 708",https://www.vatican.va/archive/aas/documents/AAS-77-1985-ocr.pdf,papal_coronation_act,"Sinitur Episcopus Lublinensis imaginem B. M. V. titulo « Amabilis », seu « a Rosario », in loco Janów Lubelski veneratam, diademate redimire nomine atque auctoritate Summi Pontificis.","Libenti semper animo id agere consuevimus, quod in beatissimae Virginis Mariae honorem cedit : praeterquam quod enim est Illa Redemptoris Nostri Mater amabilis",Imago B. M. V. titulo « Amabilis » seu « a Rosario »,Matka Boża Łaskawa z Janowa Lubelskiego,Blessed Virgin Mary,templum paroeciale loci Janów Lubelski,Janów Lubelski,Lublinensis,Lublin,Poland,1985-02-19,,,medium,"Assigned passage is the Index rerum analyticus (printed p. 1219): 'B. M. V. titulo «Amabilis». Episcopo Lublinensi fit facultas coronandi eiusdem imaginem, 708'. Record built on the act at printed p. 708, used as aas_page. Faculty to Bishop Boleslaus (Bolesław) Pylak to impose the diadem 'sive per se sive per alium'. Country inferred from the diocese/place name (not stated in the act), hence medium; vernacular title is a rendering, not quoted in the text — a checker should verify it."
AAS,77,1985,828,,Allocutio (Iter apostolicum in Americam Latinam),Ioannes Paulus PP. II,"AAS 77 (1985), p. 828",https://www.vatican.va/archive/aas/documents/AAS-77-1985-ocr.pdf,papal_personal_coronation,"Caracae, ad Christifideles congregatos habita.",,,Nuestra Señora de Coromoto,Blessed Virgin Mary,"sanctuary of Our Lady of Coromoto, Guanare (the image 'será venerada en su nueva Basílica'); coronation performed on the explanada de Montalbán, Caracas",Caracas (coronation site); Guanare (shrine),,,Venezuela,1985-01-27,1985-01-27,,high,"'Hoy el Papa, Obispo de Roma, rodeado de sus hermanos los Obispos de Venezuela, va a llevar a cabo la coronación canónica de la imagen de Nuestra Señora de Coromoto, que será venerada en su nueva Basílica' (p. 832); the same act announces 'el acto solemne de coronación de la venerada imagen de Nuestra Señora de Coromoto, Patrona de todos los venezolanos' (p. 830, passage AAS-77-1985-ocr#v830). Act begins on printed page 828. Note this is a second coronation, the image having already been crowned at Guanare in 1952 (AAS 44, p. 739). Body in Spanish, no Latin incipit."
AAS,77,1985,940,V,Litterae Apostolicae,Ioannes Paulus PP. II,"AAS 77 (1985), p. 940",https://www.vatican.va/archive/aas/documents/AAS-77-1985-ocr.pdf,papal_coronation_act,"Imago B. Mariae Virginis in templo loci vulgo dicti « Paco » archidioecesis Manilensis servata, pretioso diademate coronatur.","Qua veneratione Beatissima Virgo Maria a Philippino populo observetur luculenter patefaciunt sacrae imagines hic atque illic collocatae, sive in templis sive in viis",Imago B. Mariae Virginis « Our Lady of Peñafrancia »,Our Lady of Peñafrancia,Blessed Virgin Mary,parish church of Paco,"Paco, Manila",Manilensis,Manila,Philippines,1985-03-22,,,high,"The Pope commits to Jaime L. Card. Sin, Archbishop of Manila, the task of imposing the crown in his name ('partes committimus ... pretiosam coronam Nostro nomine imponendi'); no coronation date given. OCR of the vernacular title is damaged ('Our Lady of Penafrañcia', 'Penaf rancia'). Country explicit ('a Philippino populo', 'in Insulis Philippinis')."
AAS,78,1986,143,IV,Litterae Apostolicae,Ioannes Paulus PP. II,"AAS 78 (1986), p. 143",https://www.vatican.va/archive/aas/documents/AAS-78-1986-ocr.pdf,papal_coronation_act,"Sinitur Episcopus Lublinensis imaginem B. M. V. coronare, quae in loco Kazimierz, in finibus Poloniae, pie a fidelibus colitur.","Quotiescumque de gloria atque laude beatae Mariae Virginis agitur hic in terris augenda, aequissimo semper animo ac serenissimo gaudio",imago B. M. V. « Casimiriensis »,Matka Boża Kazimierska,Blessed Virgin Mary,templum Ordinis Fratrum Minorum Reformatorum,Kazimierz (Kazimierz Dolny),Lublinensis,Lublin,Poland,1985-10-30,,,high,Source passage is the AAS 78 chronological index (p. 1334); the act was retrieved from txt and is cited at its own page 143 (index OCR of the place reads 'Kasimierz'). Bishop: Bolesław Pylak.
AAS,78,1986,408,II,Litterae Apostolicae,Ioannes Paulus PP. II,"AAS 78 (1986), p. 408",https://www.vatican.va/archive/aas/documents/AAS-78-1986-ocr.pdf,papal_coronation_act,"Statua B. M. V. de Fatima, quae Stettini in paroeciali asservatur templo Immaculato Cordi Mariae dedicato, pretioso diademate redimitur.",Cum in Ecclesia Sedinensi-Caminensi recens condita nullum adhuc ex sententia Sanctae Sedis sit simulacrum aliqua corona redimitum,simulacrum B. M. V. de Fatima,Matka Boża Fatimska (Szczecin),Blessed Virgin Mary,templum paroeciale Immaculati Cordis Mariae,Szczecin (Stettin),Sedinensis-Caminensis,Szczecin-Kamień,Poland,1986-01-17,,,high,Retrieved from txt for the index entry 'Cum in ... 408'. Bishop: Kazimierz Majdański. Country inferred from the see and place name (act does not name Poland).
AAS,78,1986,977,VI,Litterae Apostolicae,Ioannes Paulus PP. II,"AAS 78 (1986), p. 977",https://www.vatican.va/archive/aas/documents/AAS-78-1986-ocr.pdf,papal_coronation_act,"Imago B. Mariae Virginis Perdolentis, quae in loco dioecesis Coslinensis-Colubregani v. d. Skrzatusz veneratur, pretioso diademate coronatur.","Polonus populus, sicut omnes noverunt, Beatissimam Virginem Mariam per saeculorum decursum peculiari veneratione est prosecutus",Imago B. Mariae Virginis Perdolentis,Matka Boża Bolesna of Skrzatusz,Blessed Virgin Mary,Ecclesia-sanctuarium loci « Skrzatusz »,Skrzatusz,Coslinensis-Colubregana,Koszalin-Kołobrzeg,Poland,1986-06-02,,,high,Retrieved from txt for the index entry 'Polonus populus ... 977'. Bishop: Ignacy Jeż.
AAS,79,1987,12,III,Litterae Apostolicae,Ioannes Paulus PP. II,"AAS 79 (1987), p. 12",https://www.vatican.va/archive/aas/documents/AAS-79-1987-ocr.pdf,papal_coronation_act,Sinitur Episcopus Garagoënsis Imaginem B. M. V. « del Amparo de Chinavita » pretioso diademate coronare.,"Semper quidem, ab usque Ecclesiae primordiis, consuevit populus christianus, suorum ductu Pastorum, sanctos caelites honorare et invocare",Imago B. M. V. « del Amparo de Chinavita »,del Amparo de Chinavita,Blessed Virgin Mary,,Chinavita,Garagoënsis,Garagoa,Colombia,1986-06-21,,,high,"Faculty granted to Ioannes Mojica Oliveros, Bishop of Garagoa, to crown the image in the Pope's name on a day of his choosing, in person or through a delegate in ecclesiastical dignity; no coronation date given. Country explicit ('in finibus Columbiae'). Church/sanctuary not named. Datum 'anno MDCCCCLXXXVI' = 1986."
AAS,79,1987,13,IV,Litterae Apostolicae,Ioannes Paulus PP. II,"AAS 79 (1987), p. 13",https://www.vatican.va/archive/aas/documents/AAS-79-1987-ocr.pdf,papal_coronation_act,"Imago B. M. V., quae in dioecesi Pinskensi pie colitur necnon in paroeciali templo loci vulgo « Ostrozany » asservatur, pretioso diademate redimitur.","Ex historia loci « Ostrozany », qui dioecesis Pinskensis est paroecia, certo cognoscitur clarum templum illic anno MCCCCL primum effectum esse",Imago B. M. V. Ostrozanensis,,Blessed Virgin Mary,"parish church of Ostrożany (B. M. V. and Sts Peter, Paul and Martin)",Ostrożany,Pinskensis,"Pinsk (Polish part, administered from Drohiczyn)",Poland,1986-07-24,,,medium,"Act begins on printed page 13 (passage printed_page is 12). Faculty granted at the petition of Ladislaus Jedruszuk, titular Bishop of Clysma and Apostolic Administrator of Pinsk, with the Polish Bishops' Conference concurring; no coronation date given. Country not stated: inferred from the reference to the former province of Podlachia and the 'Plenaria Episcoporum Poloniae Conferentia' - Ostrożany lies in Poland. Image dates from the 17th cent."
AAS,79,1987,15,VI,Litterae Apostolicae,Ioannes Paulus PP. II,"AAS 79 (1987), p. 15",https://www.vatican.va/archive/aas/documents/AAS-79-1987-ocr.pdf,papal_personal_coronation,"Beatissimus Pater imaginem B. M. V. a Mercede, in archidioecesi Calí, quae est in Columbia, veneratam Ipse coronat.","Quanta animi inclinatione feramur in Virginem Mariam, omnes quidem noverunt, cum per occasionem publice privatim, iterum iterumque ostendamus",Imago B. M. Virginis de Mercede,Nuestra Señora de las Mercedes,Blessed Virgin Mary,,Cali,Caliensis,Cali,Colombia,1986-08-20,1986-07-04,,high,"The Pope crowned the image himself on 4 July 1986 during his journey to Colombia ('rem die quarto mensis Iulii, hoc hanno, sollemnissime gessimus'). Petitioner: Petrus Rubiano Sáenz, Archbishop of Cali. Church/sanctuary not named. Datum 'anno MDCCCCLXXXVI' = 1986."
AAS,79,1987,16,VII,Litterae Apostolicae,Ioannes Paulus PP. II,"AAS 79 (1987), p. 16",https://www.vatican.va/archive/aas/documents/AAS-79-1987-ocr.pdf,papal_personal_coronation,"Summus Pontifex imaginem Beatae Mariae Virginis, sub titulo « Nuestra Señora de la Candelaria » in sanctuario « La Popa » veneratam, Ipse coronat.","Quantum Beatissima Virgo Maria universo populo catholico cara sit qualique ab eo pietate colatur nemini ignotum, maxime cum Christi Mater et nostra alicuius gentis historiam suis interventibus manifesto signat",Imago Beatae Mariae Virginis sub nomine « Nuestra Señora de la Candelaria »,Nuestra Señora de la Candelaria,Blessed Virgin Mary,sanctuarium « La Popa »,Cartagena,Carthaginiensis in Columbia,Cartagena,Colombia,1986-08-20,1986-07-06,,high,"Act begins on printed page 16 (passage printed_page is 15). The Pope crowned the image with his own hands on 6 July 1986 ('imaginem illam die sexto mensis Iulii hoc anno Nostris manibus sollemniter pretioso diademate redimiimus'). Petitioner: Carolus Iosephus Ruiseco, Archbishop of Cartagena."
AAS,79,1987,17,VIII,Litterae Apostolicae,Ioannes Paulus PP. II,"AAS 79 (1987), p. 17",https://www.vatican.va/archive/aas/documents/AAS-79-1987-ocr.pdf,papal_coronation_act,"Beatae Mariae Virginis Immaculatae imago, quae in ecclesia paroeciali in oppido Malabon colitur, in Insularum Philippinarum finibus, diademate redimiri sinitur.","Cum Nos sollicito studio Ipsi Beatissimam Virginem Mariam prosequimur, tum etiam, quotiescumque de gloria atque eiusdem laude agitur apud Christifideles augenda, operam esse dandam arbitramur",Imago Beatae Mariae Virginis Immaculatae vulgo « Visita » nuncupata,Visita,Blessed Virgin Mary,parish church of Malabon,Malabon,Manilensis,Manila,Philippines,1986-09-16,,,high,"Act begins on printed page 17 (passage printed_page is 15). The Pope commits to Jaime L. Card. Sin, Archbishop of Manila, the task of imposing the crown in his name, in person or through another; no coronation date given. Petition dated 25 June 1986, supported by Ricardo Card. Vidal of Cebu. Country explicit ('in Insularum Philippinarum finibus')."
AAS,79,1987,101,,Allocutio,Ioannes Paulus PP. II,"AAS 79 (1987), p. 101",https://www.vatican.va/archive/aas/documents/AAS-79-1987-ocr.pdf,papal_personal_coronation,"Cartagenae, V expleto saeculo ab Evangelio D. N. Iesu Christi in Columbia nuntiato habita.",,,Virgen de la Candelaria (Nuestra Señora de la Candelaria del Cerro de la Popa),Blessed Virgin Mary,Santuario del Cerro de la Popa,Cartagena de Indias,Carthaginensis in Columbia,Cartagena,Colombia,,,,medium,"Spanish-language papal address, 6 July 1986 (footnote 'Die 6 m. Iulii a. 1986'): 'la Virgen de la Candelaria, cuya venerada imagen vamos a coronar solemnemente'. The crowning is announced as imminent but no date is stated for it, hence coronation_date null; it presumably took place at that celebration. Diocese name supplied in Latin form as 'Carthaginensis in Columbia' - a checker should verify."
AAS,79,1987,247,II,Litterae Apostolicae,Ioannes Paulus PP. II,"AAS 79 (1987), p. 247",https://www.vatican.va/archive/aas/documents/AAS-79-1987-ocr.pdf,retrospective_attestation,"Sanctuarium vulgo nuncupatum « Madonna Consolatrice del Carpinelle », quod in oppido « Visciano » intra fines Ecclesiae Nolanae exstat, ad Basilicae Minoris dignitatem evehitur.",Intra fines Nolanae dioecesis in oppido « Visciano » Sanctuarium clarum exstat vulgo nuncupatum « Madonna Consolatrice del Carpinello »,byzantina imago Beatae Mariae Virginis cum Iesu Infante,Madonna Consolatrice del Carpinello,Blessed Virgin Mary,Sanctuarium « Madonna Consolatrice del Carpinello »,Visciano,Nolana,Nola,Italy,1986-12-11,1886-04-20,,high,"Basilica Minor elevation act stating 'quam Vaticanum Capitulum die xx mensis Aprilis anno MDCCCLXXXVI sollemni ritu coronavit'. The rubric spells 'Carpinelle', the body 'Carpinello'. Country inferred from Nola/Visciano."
AAS,79,1987,513,II,Litterae Apostolicae,Ioannes Paulus PP. II,"AAS 79 (1987), p. 513",https://www.vatican.va/archive/aas/documents/AAS-79-1987-ocr.pdf,papal_coronation_act,"B. M. V. de Consolatione imago quae in ecclesia paroeciali vulgo « Wlodawa-Orchówek », in Poloniae finibus, colitur, diademate « nomine et auctoritate Summi Pontificis » redimitur.","Saepe Nos memoria repetentes innumera beneficia in catholicam Ecclesiam indesinenter a B. V. Maria collata, pietatem nimirum erga tantam tamque munificam fidelium omnium matrem patronamque confirmari",B. M. V. de Consolatione imago,,Blessed Virgin Mary,parish church of Włodawa-Orchówek,Włodawa-Orchówek,Siedlcensis,Siedlce,Poland,1987-03-26,,,high,"Faculty granted to Ioannes Mazur, Bishop of Siedlce, to crown the image in the Pope's name on a feast day, in person or through another; no coronation date given. Country explicit in the rubric ('in Poloniae finibus'). No vernacular title in the act; the Latin has 'B. M. V. de Consolatione'."
AAS,79,1987,514,III,Litterae Apostolicae,Ioannes Paulus PP. II,"AAS 79 (1987), p. 514",https://www.vatican.va/archive/aas/documents/AAS-79-1987-ocr.pdf,papal_coronation_act,"Imago B. M. V. quae in ecclesia Sanctissimae Trinitatis in oppido « Gliwice » asservatur, pretioso diademate redimiri sinitur.",Nostri Pontificatus ab initio Virginis Mariae cultum atque amorem continenter in universo christiano populo excitare et augere satagimus,Imago Beatae Mariae Virginis de « Lysiec »,,Blessed Virgin Mary,"church of the Most Holy Trinity, Gliwice",Gliwice,Opoliensis,Opole,Poland,1987-03-26,,,medium,"Act begins on printed page 514 (passage printed_page is 513); the volume index also cites it at p. 514. The task of crowning is committed to Iosephus Card. Glemp, Archbishop of Gniezno-Warsaw and President of the Polish Bishops' Conference, or a delegate; petition dated 16 Feb. 1987; no coronation date given. Country not named directly: inferred from 'Coetus Episcoporum Poloniae' and Gliwice/Opole. This act was re-printed at AAS 79 (1987) 833. No vernacular title in the act; the image is named from the place 'Lysiec' (Łysiec)."
AAS,79,1987,833,,Litterae Apostolicae,Ioannes Paulus PP. II,"AAS 79 (1987), p. 833",https://www.vatican.va/archive/aas/documents/AAS-79-1987-ocr.pdf,papal_coronation_act,"Imago B. M. V. quae in ecclesia Sanctissimae Trinitatis in oppido « Gliwice » asservatur, pretioso diademate redimiri sinitur.",Nostri Pontificatus ab initio Virginis Mariae cultum atque amorem continenter in universo christiano populo excitare et augere satagimus,Imago Beatae Mariae Virginis de « Lysiec »,,Blessed Virgin Mary,"church of the Most Holy Trinity, Gliwice",Gliwice,Opoliensis,Opole,Poland,1987-03-26,,,medium,"Second printing of the same act already published at AAS 79 (1987) 514: it opens fasc. N. 7 (8 July 1987) under the heading LITTERAE APOSTOLICAE with no act number, and spells the date 'die sexto et vigesimo mensis Martii' where p. 514 has 'die xxvi mensis Martii'. Duplicate of the record for p. 514. Country inferred as above. No vernacular title in the act; the image is named from the place 'Lysiec' (Łysiec)."
AAS,79,1987,1377,III,Litterae Apostolicae,Ioannes Paulus PP. II,"AAS 79 (1987), p. 1377",https://www.vatican.va/archive/aas/documents/AAS-79-1987-ocr.pdf,retrospective_attestation,"Templum vulgo nuncupatum « Notre-Dame de Hanswijk », in archiepiscopali urbe Mechliniensi extans, ad Basilicae Minoris dignitatem evehitur.","Mechliniae, in Belgarum clarissima urbe, insigne exstat templum vulgo nuncupatum « Notre-Dame de Hanswijk »",imago perantiqua Beatae Mariae Virginis,Onze-Lieve-Vrouw van Hanswijk / Notre-Dame de Hanswijk,Blessed Virgin Mary,templum « Notre-Dame de Hanswijk »,Mechelen (Malines),Mechliniensis-Bruxellensis,Mechelen-Brussels,Belgium,1987-08-03,1876-07-30,,high,"Basilica Minor elevation act stating the image was solemnly crowned by Cardinal Victor-Auguste Dechamps, Archbishop of Mechelen, on 30 July 1876 'nomine et auctoritate Pii PP. IX'. OCR 'tempulm' repaired to 'templum' in the incipit."
AAS,79,1987,1446,IV,Litterae Apostolicae,Ioannes Paulus PP. II,"AAS 79 (1987), p. 1446",https://www.vatican.va/archive/aas/documents/AAS-79-1987-ocr.pdf,papal_coronation_act,"Sinitur Archiepiscopus Caracensis Imaginem Beatae Mariae Virginis « de la Soledad », quae in urbe Caracis colitur, coronare.","Quandoquidem beata Maria Virgo est Christi Mater castissima, e qua per Filium salus nostra manavit; et exemplar et imago ipsa virtutum",Imago Beatae Mariae Virginis « Nuestra Señora de la Soledad »,Nuestra Señora de la Soledad,Blessed Virgin Mary,"church of St Francis of Assisi, Caracas",Caracas,Caracensis,Caracas,Venezuela,1987-11-05,,,medium,"Faculty granted to Iosephus Ali Card. Lebrun Moratinos, Archbishop of Caracas, or a man delegated by him, to crown the image in the Pope's name during Mass on a day of his choosing; no coronation date given. Country not named in the act: inferred from Caracas / archdiocese Caracensis. Datum 'anno MDCCCCLXXXVII' = 1987."
AAS,79,1987,1447,V,Litterae Apostolicae,Ioannes Paulus PP. II,"AAS 79 (1987), p. 1447",https://www.vatican.va/archive/aas/documents/AAS-79-1987-ocr.pdf,papal_coronation_act,"Beatae Mariae Virginis Scapularis seu de Monte Carmelo imago quae in oppido « Czerna » colitur, in archidioecesis Cracoviensis finibus, sacro diademate redimitur.","Dei Matris dilectionem et cultum quotiens profecto licet excitare in fidelium communitatibus et augere, Nos ardenti sane studio ac magna quadam laetitia perfundimur",Imago Beatae Mariae Virginis Scapularis seu de Monte Carmelo,,Blessed Virgin Mary,,Czerna,Cracoviensis,Kraków,Poland,1987-11-07,,,medium,"Act begins on printed page 1447 (passage printed_page is 1446); confirmed by the volume index. Faculty granted to Franciscus Card. Macharski, Archbishop of Kraków, petition dated 22 Aug. 1987, to crown the image in the Pope's name in person or through another; no coronation date given. The rubric spells 'Scapularia', the body 'Scapularis'. Church not named (Carmelite shrine at Czerna). Country not named: inferred from Czerna / archdiocese of Kraków. No vernacular title in the act; the Latin has 'B. M. V. Scapularis seu de Monte Carmelo'."
AAS,80,1988,366,III,Litterae Apostolicae,Ioannes Paulus PP. II,"AAS 80 (1988), p. 366",https://www.vatican.va/archive/aas/documents/AAS-80-1988-ocr.pdf,papal_coronation_act,"B. M. V. imago populari sermone « Virgen de los desamparados » appellata, quae in Sanctuario loci v. d. « El Saliente » asservatur, sacro diademate redimitur.",Ministerii Nostri pontificalis ab initio Virginis Mariae cultum apud Dei plebem excitandum atque adeo augendum curavimus,Imago Beatae Mariae Virginis « Virgen de los desamparados »,Virgen de los Desamparados,Blessed Virgin Mary,Sanctuary of El Saliente,El Saliente,Almeriensis,Almería,Spain,1987-11-24,,,medium,"Act begins on printed page 366 (passage printed_page is 365). Faculty granted to Emmanuel O. Hervás, Bishop of Almería (petition dated 8 Oct.), or a delegate, to crown the image in the Pope's name; no coronation date given. Country not named in the act: inferred from the diocese of Almería. OCR reads 'EI Saliente' for 'El Saliente'."
AAS,80,1988,965,III,Litterae Apostolicae,Ioannes Paulus PP. II,"AAS 80 (1988), p. 965",https://www.vatican.va/archive/aas/documents/AAS-80-1988-ocr.pdf,papal_coronation_act,"Fit facultas Episcopo Gorzoviensi sacram coronandi imaginem B. M. V. « Dominae patientis auditionis », quae in paroecia Rokitno eiusdem dioecesis pie colitur.","Quam iucunda omnino cum animi recordatione, quam suavi simul cum pietatis adiectione ad locum simulacrum cultum revolvimur hodie",imago B. M. V. « Dominae patientis exauditionis »,Matka Boża Rokitniańska (Cierpliwie Słuchająca),Blessed Virgin Mary,paroecia Rokitno,Rokitno,Gorzoviensis,Gorzów (Zielona Góra-Gorzów),Poland,1988-01-22,,,high,"Retrieved from txt for the AAS 80 index entry 'Dominae patientis auditionis ... 965'. The rubric reads 'patientis auditionis', the body 'patientis exauditionis'. Bishop: Józef Michalik."
AAS,80,1988,966,IV,Litterae Apostolicae,Ioannes Paulus PP. II,"AAS 80 (1988), p. 966",https://www.vatican.va/archive/aas/documents/AAS-80-1988-ocr.pdf,papal_coronation_act,"Sinitur Episcopus Lublinensis coronandi simulacrum B. M. V. « Dominae Nostrae Plorantis », quae pie servatur in cathedrali aede S. Ioannis.","Complura inter sacella illa ac monumenta Marialia, quibus et merito Nostra patria Polonia catholica gloriatur",simulacrum B. M. V. « Dominae Nostrae Plorantis »,Matka Boża Płacząca (Lublin),Blessed Virgin Mary,cathedralis aedes Sancti Ioannis,Lublin,Lublinensis,Lublin,Poland,1988-01-28,,,high,"Passage printed_page is 967 but the act begins on p. 966 (rubric IV there, confirmed in txt and in the AAS 80 index); aas_page set to the act's start page. Bishop: Bolesław Pylak."
AAS,80,1988,1101,IV,Litterae Apostolicae,Ioannes Paulus PP. II,"AAS 80 (1988), p. 1101",https://www.vatican.va/archive/aas/documents/AAS-80-1988-ocr.pdf,papal_coronation_act,"Imago Beatae Mariae Victricis, quae Vratislaviae in Poloniae urbe pie colitur ibique in templo B.M.V. « in Arena » dedicato asservatur, pretioso diademate redimitur.",Magno quidem honore dignissima existimanda videtur imago Beatae Mariae Victricis a saeculo XVI repetita,imago Beatae Mariae Victricis,"Matka Boża Zwycięska (Mariampolska), Wrocław",Blessed Virgin Mary,"templum B.M.V. « in Arena » (Wrocław, NMP na Piasku)",Wrocław (Vratislavia),Vratislaviensis,Wrocław,Poland,1988-03-30,,,high,Retrieved from txt for the AAS 80 index entry 'B.M.V. Victricis ... 1101'. Petitioner: Card. Henryk Gulbinowicz.
AAS,80,1988,1398,V,Litterae Apostolicae,Ioannes Paulus PP. II,"AAS 80 (1988), p. 1398",https://www.vatican.va/archive/aas/documents/AAS-80-1988-ocr.pdf,papal_coronation_act,"Pretioso diademate imago B. M. V. Deiparae redimitur, quae intra fines dioecesis Kaisiadorensis asservatur in paroeciali aede sacra loci « Pivasiünai » pieque excolitur.","Ut Ecclesiae Kaisiadorensis memoriae proditum est, satis de peculiari venerationis cultu cognoscitur",imago B. M. V. Deiparae,Pivašiūnų Dievo Motina,Blessed Virgin Mary,paroecialis aedes sacra loci Pivašiūnai,Pivašiūnai,Kaisiadorensis,Kaišiadorys,Lithuania,1988-04-26,,,high,Retrieved from txt for the AAS 80 index entry 'Pivasiünai ... 1398'. Apostolic Administrator: Vincentas Sladkevičius. Country explicit ('e regionibus Lituaniae').
AAS,80,1988,1739,I,Litterae Apostolicae,Ioannes Paulus PP. II,"AAS 80 (1988), p. 1739",https://www.vatican.va/archive/aas/documents/AAS-80-1988-ocr.pdf,papal_personal_coronation,B. M. V. signum quod in ecclesia paroeciali loci v. d. Zakopane-Krzeptówki colitur ab Ipso Summo Pontifice pretioso diademate redimitur.,Nemini quidem latet quanta dilectione quantoque filiali amore Nos ab ineunte aetate Beatam Mariam Virginem colamus,B. M. V. signum,"Matka Boża Fatimska, Zakopane-Krzeptówki",Blessed Virgin Mary,ecclesia paroecialis Zakopane-Krzeptówki,Zakopane-Krzeptówki,Cracoviensis,Kraków,Poland,1987-10-11,1987-10-11,,medium,"Retrieved from txt for the AAS 80 index entry 'Ab ipso S. P. coronatur quae in loco Zakopane-Krzeptówki colitur, 1739'. The Pope crowned it himself in St Peter's Square: 'in Foro Petriano ... hoc ipso die, pridie IX anniversarii diei ab initio Pontificatus Nostri, simulacrum ... pretioso diademate coronavimus'. Coronation date taken as the Datum date (11 Oct 1987); the phrase 'pridie IX anniversarii' does not fit 11 October and should be checked. The image is a Fatima statue given by the Bishop of Leiria-Fátima to Card. Wyszyński. Petitioner: Card. Franciszek Macharski; country/diocese inferred from the Cracow archdiocese."
AAS,80,1988,1742,IV,Litterae Apostolicae,Ioannes Paulus PP. II,"AAS 80 (1988), p. 1742",https://www.vatican.va/archive/aas/documents/AAS-80-1988-ocr.pdf,papal_coronation_act,"Simulacrum B. M. V. in caelum Assumptae, quod intra fines dioecesis Sonsonensis-Rivi Nigri pie colitur ibique in templo oppidi « Marinilla » asservatur, diademate redimitur pretioso.","Ut memoriae proditum est, haud licet de praecipuo venerationis cultu dubitare, quo intra fines Ecclesiae Sonsonensis-Rivi Nigri",imago B. V. Mariae in caelum Assumptae,Nuestra Señora de la Asunción (Marinilla),Blessed Virgin Mary,templum paroeciale loci « Marinilla »,Marinilla,Sonsonensis-Rivi Nigri,Sonsón-Rionegro,Colombia,1988-06-11,,,medium,Retrieved from txt for the AAS 80 index entry 'Marinilla ... 1742'. Bishop: Alfonso Uribe Jaramillo. Country inferred from the see of Sonsón-Rionegro (act does not name Colombia).
AAS,81,1989,824,VII,Litterae Apostolicae,Ioannes Paulus PP. II,"AAS 81 (1989), p. 824",https://www.vatican.va/archive/aas/documents/AAS-81-1989-ocr.pdf,papal_coronation_act,"Beatae Mariae Virginis vulgo « La Virgen del Viejo » appellatae simulacrum, quod intra fines dioecesis Leonensis in Nicaragua excolitur, pretioso diademate redimitur.","Quod est Ecclesiae Leonensis in Nicaragua memoriae proditum certisque comprobatur Curiae documentis, de peculiari venerationis cultu dubitari nequit",,La Virgen del Viejo (Nuestra Señora de El Viejo),Blessed Virgin Mary,Sanctuarium eiusdem imaginis,El Viejo,Leonensis in Nicaragua,León (Nicaragua),Nicaragua,1988-12-28,,,high,"Source passage is the AAS 81 analytical index (p. 1429, s.v. 'Imagines B.M.V.'); act retrieved from txt and cited at its own page 824. Bishop: Julián Luis Barni."
AAS,81,1989,825,VIII,Litterae Apostolicae,Ioannes Paulus PP. II,"AAS 81 (1989), p. 825",https://www.vatican.va/archive/aas/documents/AAS-81-1989-ocr.pdf,papal_coronation_act,B.M.V. imago quae in oppido colitur Tecomán Colimensis dioecesis quamque vocant atque indigenae usurpant « Virgen de la Candelaria » Summi Pontificis nomine pretioso diademate redimitur.,"Principis Apostolorum obtinentes locum, erga Virginem Mariam cultum et filialem dilectionem in universo christiano populo excitare confirmareque nunquam destitimus",,Virgen de la Candelaria,Blessed Virgin Mary,Sanctuarium oppidi Tecomán,Tecomán,Colimensis,Colima,Mexico,1988-12-29,,,medium,"Act begins on printed p. 825 (passage printed_page is 824). Country Mexico inferred from the see of Colima and the town of Tecomán; not named in the act. Bishop José Fernández Arteaga of Colima, or his delegate, is commissioned to crown in the Pope's name."
AAS,81,1989,827,X,Litterae Apostolicae,Ioannes Paulus PP. II,"AAS 81 (1989), p. 827",https://www.vatican.va/archive/aas/documents/AAS-81-1989-ocr.pdf,papal_personal_coronation,Memoriae proditur Summum Pontificem Ioannem Paulum II die undevicesimo mensis Iunii anno 1983 imaginem coronasse Beatae Mariae Virginis « Matris Pacis » in dioecesi Varmiensi.,Maxima afficimur laetitia quotiescumque facultas Nobis contingit signum aliquod dandi Nostrae in Beatissimam Virginem Mariam pietatis,Imago B. M. V. « Matris Pacis »,"Matka Boża Królowa Pokoju, Stoczek Warmiński",Blessed Virgin Mary,,Stoczek Warmiński,Varmiensis,Warmia,Poland,1989-02-23,1983-06-19,,high,"Retrieved from txt for the AAS 81 index entry 'Matris Pacis, in dioec. Varmiensi, 827'. The Pope crowned the image at Jasna Góra, Częstochowa, on 19 June 1983 (one of the four images of the Częstochowa coronation address, AAS 75 p. 935). Bishop: Jan Obłąk."
AAS,82,1990,1512,,Litterae Apostolicae,Ioannes Paulus PP. II,"AAS 82 (1990), p. 1512",https://www.vatican.va/archive/aas/documents/AAS-82-1990-ocr.pdf,papal_personal_coronation,"Memoriae proditur Summum Pontificem Ioannem Paulum II die decimo mensis Maii anno MCMXC in urbe Monterreyensi imaginem coronavisse Immaculatae Conceptionis Mariae, « Virgen Chiquita » appellatam.",Imo ex pectore laetamur cum occasio Nobis datur ad Nostram pietatem in Beatissimam Virginem Mariam significandam,Immaculata Conceptio Mariae,Virgen Chiquita,Blessed Virgin Mary,parish church raised to Basilica Minor by the Brief « Romanorum Pontificum » of 4 March 1989 (name not given in the act; the coronation itself took place « in Rivo Sancta Catharina urbis Monterreyensis »),Monterrey,Monterreyensis,Monterrey,Mexico,1990-07-12,1990-05-10,,high,"The candidate passage is the volume's chronological index (printed page 1658), which points to the act at page 1512; per spec rule 5 the act's START page 1512 is used as aas_page. Full act text verified in txt/AAS-82-1990-ocr.txt at [[PDFPAGE 1512]]-1513: « ... aureo diademate, benedictione sacrato, sollemni redimiimus ritu ». No section roman numeral precedes the heading LITTERAE APOSTOLICAE, so act_number is null. Church name not stated in the act."
AAS,83,1991,19,VI,Litterae Apostolicae,Ioannes Paulus PP. II,"AAS 83 (1991), p. 19",https://www.vatican.va/archive/aas/documents/AAS-83-1991-ocr.pdf,papal_personal_coronation,"Beata Maria Virgo titulo « Nuestra Señora de la Evangelización » invocata, Patrona apud Deum archidioecesis Limanae confirmatur.","Antiquissimus sane et impensus ac praeclarissimus est quidem cultus quo Peruviani Christifideles, praesertim incolae Limani, prosequuntur Deiparam Virginem Mariam",,Nuestra Señora de la Evangelización,Blessed Virgin Mary,,Lima,Limana,Lima,Peru,1990-10-06,,,high,"Patron-declaration act stating in passing that the Pope himself crowned the image: 'cuius veneratam imaginem - quinto decimo saeculo ab Imperatore Carolo V dono datam - Nos ipsi per primum Apostolicum Iter in eam Civitatem sollemni ritu coronavimus'. No coronation date given (the first papal visit to Peru was in Feb 1985), hence coronation_date null."
AAS,83,1991,383,I,Litterae Apostolicae,Ioannes Paulus PP. II,"AAS 83 (1991), p. 383",https://www.vatican.va/archive/aas/documents/AAS-83-1991-ocr.pdf,papal_coronation_act,B. M. V. imago quam incolae « Our Lady of the abandoned » quamque in ecclesia Manilensi Sanctae Annae veneramur Summi Pontificis nomine coronatur.,"Abhinc complures annos catholica fides in Philippinas insulas feliciter est invecta, quae tempore progrediente succrevit et ubere effloruit",,Our Lady of the Abandoned,Blessed Virgin Mary,ecclesia Sanctae Annae,Manila (Santa Ana),Manilensis,Manila,Philippines,1990-12-10,,,high,"Located via the chronological index of AAS 83 (1991) at printed p. 1102; full text of the act read in the volume at p. 383. Card. Jaime Sin, Abp of Manila, or his delegate, is given the faculty of crowning the image."
AAS,83,1991,878,III,Litterae Apostolicae,Ioannes Paulus PP. II,"AAS 83 (1991), p. 878",https://www.vatican.va/archive/aas/documents/AAS-83-1991-ocr.pdf,papal_coronation_act,"« Our lady of Mt. Carmel » imago quae in paroeciali basilica Manilensi Sancti Sebastiani servatur, sacro diademate coronatur.","Philippinis in Insulis magno sane cum gaudio Beatam Virginem valde coli percipimus, quae autem res ad fidem confirmandam multum iuvat",,Our Lady of Mt. Carmel,Blessed Virgin Mary,basilica paroecialis Sancti Sebastiani,Manila,Manilensis,Manila,Philippines,1991-05-08,,,high,"Card. Jaime Sin, Abp of Manila, or his delegate, is commissioned to crown the image in the Pope's name. The act notes the statue was brought to the Philippines from abroad."
AAS,83,1991,925,VI,Litterae Apostolicae,Ioannes Paulus PP. II,"AAS 83 (1991), p. 925",https://www.vatican.va/archive/aas/documents/AAS-83-1991-ocr.pdf,retrospective_attestation,"Sanctuarium Beatae Mariae Virginis titulo « Maria SS.ma del Soccorso », quod in urbe Thermis Selinuntiis, vulgo « Sciacca » nuncupata, intra dioecesis Agrigentinae fines exstat, ad Basilicae Minoris gradum dignitatemque evehitur.","In antiqua et praeclara quidem Siciliae urbe Thermis Selinuntiis, vulgo « Sciacca » nuncupata, intra Agrigentinae dioecesis fines posita, eminere novimus Sanctuarium",simulacrum Deiparae Virginis titulo « Maria SS.ma del Soccorso »,Maria Santissima del Soccorso,Blessed Virgin Mary,Sanctuarium « Maria SS.ma del Soccorso »,Sciacca (Thermae Selinuntinae),Agrigentina,Agrigento,Italy,1991-07-09,1907-08-15,,high,Basilica Minor elevation act stating 'quod die XV mensis Augusti anno MCMVII sollemni ritu coronavit Vaticanum Capitulum'. Bishop: Carmelo Ferraro. Country inferred from 'Siciliae urbe'.
AAS,83,1991,1018,IV,Litterae Apostolicae,Ioannes Paulus PP. II,"AAS 83 (1991), p. 1018",https://www.vatican.va/archive/aas/documents/AAS-83-1991-ocr.pdf,papal_coronation_act,"Imago Beatae Mariae Virginis titulo « Mirowskiej » invocatae quae in templo Ordinis Fratrum Minorum loci « Pinczow » intra fines Kielcensis dioecesis pie colitur, pretioso diademate redimiri sinitur « nomine et auctoritate Summi Pontificis ».",Constat intra fines Kielcensis dioecesis in templo Ordinis Fratrum Minorum loci « Pinczow » inde a xvi saeculo Christifideles peculiari pietate venerari claram imaginem,,Matka Boża Mirowska,Blessed Virgin Mary,templum Ordinis Fratrum Minorum,Pińczów,Kielcensis,Kielce,Poland,1991-08-06,,,high,Title given in the Latin text as « Mirowskiej » (Polish oblique form); vernacular nominative supplied. The image is a copy of Salus Populi Romani. Bishop Stanisław Szymecki of Kielce is empowered to crown in the Pope's name. The AAS 83 index (p. 1103) wrongly summarises this act as a basilica minor elevation.
AAS,84,1992,570,IV,Litterae Apostolicae,Ioannes Paulus PP. II,"AAS 84 (1992), p. 570",https://www.vatican.va/archive/aas/documents/AAS-84-1992-ocr.pdf,papal_coronation_act,"Imago Beatae Mariae Virginis titulo « Nuestra Señora del Carmen » invocatae, quae pie servatur in Sanctuario eidem dicato in Mexicana urbe « Catemaco », pretioso diademate redimiri sinitur « nomine et auctoritate Summi Pontificis ».",Christifideles Mexicani dioecesis Sancti Andreae de Tuxtla finitimarumque Ecclesiarum singulari pietate colunt decoram imaginem Beatae Mariae Virginis,,Nuestra Señora del Carmen,Blessed Virgin Mary,Sanctuarium B.M.V. del Carmen,Catemaco,Sancti Andreae de Tuxtla,San Andrés Tuxtla,Mexico,1992-02-17,,,high,Bishop Guillermo Ranzahuer González (OCR 'Villelmus Ranzhauer González') of San Andrés Tuxtla is commissioned to crown in the Pope's name; his petition is dated 22 November 1991.
AAS,84,1992,838,V,Litterae Apostolicae,Ioannes Paulus PP. II,"AAS 84 (1992), p. 838",https://www.vatican.va/archive/aas/documents/AAS-84-1992-ocr.pdf,papal_coronation_act,"Imago Deiparae Virginis de Fatima, quae pie servatur in templo paroeciali Beatae Mariae Virgini, Reginae Poloniae, dicato intra fines urbis Cracoviae regionis « Nowa Huta Bienczyce » appellatae, pretioso diademate redimiri sinitur « nomine et auctoritate Summi Pontificis ».","Obversatur saepe ante Nostros oculos Deipara Virgo de Fatima, quam Christifideles urbis Cracoviae regionis « Nowa Huta Bienczyce » appellatae",Deipara Virgo de Fatima,Matka Boża Fatimska,Blessed Virgin Mary,templum paroeciale B.M.V. Reginae Poloniae,"Kraków, Nowa Huta-Bieńczyce",Cracoviensis,Kraków,Poland,1992-03-30,,,high,The Pope recalls having consecrated this parish church himself on 15 May 1977 as Archbishop of Kraków. Card. Franciszek Macharski is empowered to crown in the Pope's name; his petition is dated 20 February 1992.
AAS,84,1992,1056,I,Litterae Apostolicae,Ioannes Paulus PP. II,"AAS 84 (1992), p. 1056",https://www.vatican.va/archive/aas/documents/AAS-84-1992-ocr.pdf,papal_personal_coronation,Beatae Mariae Virginis de Fatima simulacrum quod in templo servatur S. Petri Apostoli in urbe quam Wadowice vocant diademate redimitur.,"Cum Nos sollicito quidem studio Beatissimam Virginem Mariam usque prosequimur, tum etiam, quotiescumque de eiusdem gloria cultuque agitur apud fideles augendis",Beata Maria Virgo de Fatima,Matka Boża Fatimska,Blessed Virgin Mary,templum S. Petri Apostoli,Wadowice,Cracoviensis,Kraków,Poland,1992-03-30,,,high,"The Pope states he crowned the statue himself ('sacro diademate Nos sollemniter coronavimus Ipsi') while at Wadowice during an apostolic journey to Poland; the act gives no date for the crowning, so coronation_date is null. Requested by Card. Franciszek Macharski. OCR runs words together in the incipit ('sollicitoquidem', 'Viginem'), silently repaired."
AAS,85,1993,17,VII,Litterae Apostolicae,Ioannes Paulus PP. II,"AAS 85 (1993), p. 17",https://www.vatican.va/archive/aas/documents/AAS-85-1993-ocr.pdf,papal_coronation_act,"Simulacrum Beatae Mariae Virginis, quae in dioecesi Onubensi pie sub titulo « Nuestra Señora de la Cinta » excolitur, merito diademate redimitur.","Satis compertum habetur Christifideles Onubenses iam dudum certo venerationis cultu Beatam Mariam Virginem, vulgo « Nuestra Señora de la Cinta » appellatam, prosequi consuevisse",,Nuestra Señora de la Cinta,Blessed Virgin Mary,,Huelva,Onubensis,Huelva,Spain,1992-07-08,,,medium,Country Spain inferred from the see of Huelva (Onubensis); not named in the act. The act recalls that Paul VI declared her Patroness of the city of Huelva by the Letters « Praeclara Dei Genetrix » of 30 June 1964. Bishop Rafael González Moralejo is empowered to crown in the Pope's name. No church or sanctuary is named.
AAS,85,1993,20,X,Litterae Apostolicae,Ioannes Paulus PP. II,"AAS 85 (1993), p. 20",https://www.vatican.va/archive/aas/documents/AAS-85-1993-ocr.pdf,papal_coronation_act,"Imago Beatae Mariae Virginis titulo « a Consolatione » invocatae, quae in ecclesia paroeciali pagi vulgo Pasierbiec appellati colitur, pretioso diademate redimiri sinitur nomine et auctoritate Summi Pontificis.",Notum est Christifideles Polonici dioecesis Tarnoviensis ac propinquarum Ecclesiarum multa cum pietate colere imaginem Beatae Virginis Mariae,Beata Maria Virgo a Consolatione,Matka Boża Pocieszenia,Blessed Virgin Mary,ecclesia paroecialis,Pasierbiec,Tarnoviensis,Tarnów,Poland,1992-08-04,,,high,Bishop Józef Życiński of Tarnów is permitted to impose the crown in the Pope's name; his petition is dated 7 May 1992. Polish vernacular title supplied as the usual rendering of 'a Consolatione' - the act itself gives no vernacular form.
AAS,85,1993,22,XII,Litterae Apostolicae,Ioannes Paulus PP. II,"AAS 85 (1993), p. 22",https://www.vatican.va/archive/aas/documents/AAS-85-1993-ocr.pdf,papal_coronation_act,"Imago Beatae Mariae Virginis titulo « Nuestra Señora de Guadalupe de El Carrizal » invocatae, Patronae caelestis Corensis dioecesis, pretioso diademate redimiri sinitur « nomine et auctoritate Summi Pontificis ».",Novimus clerum populumque Corensis dioecesis singulari colere pietate decoram imaginem Beatae Mariae Virginis titulo « Nuestra Señora de Guadalupe de El Carrizal » invocatae,,Nuestra Señora de Guadalupe de El Carrizal,Blessed Virgin Mary,,El Carrizal,Corensis,Coro,Venezuela,1992-10-08,,,high,"The act records that she was made heavenly Patroness of the diocese of Coro in 1928. Bishop Roberto Ovidio Pérez Morales (OCR 'Raimundus Ovidius') is commissioned to crown the image on a day of his choosing, in the Pope's name; his petition is dated 13 May 1992. Venezuela named indirectly ('tam dilectis Venetiolanis filiis'). No church named."
AAS,85,1993,129,VI,Litterae Apostolicae,Ioannes Paulus PP. II,"AAS 85 (1993), p. 129",https://www.vatican.va/archive/aas/documents/AAS-85-1993-ocr.pdf,papal_coronation_act,"Imago Matris Dei Dolorosae, quae pie servatur in paroeciali templo loci « Halcnów » intra fines Bielscensis-Zyviecensis dioecesis in Polonia, pretioso diademate sinitur redimiri « nomine et auctoritate Summi Pontificis ».",Probe novimus in dilecta Polonica Natione Christifideles Bielscensis-Zyviecensis dioecesis finitimarumque regionum singulari pietate venerari antiquam et gratiosam imaginem Matris Dei Dolorosae,Mater Dei Dolorosa,Matka Boża Bolesna,Blessed Virgin Mary,paroeciale templum loci « Halcnów »,Hałcnów (Bielsko-Biała),Bielscensis-Zyviecensis,Bielsko-Żywiec,Poland,1992-11-17,,,high,"Bishop Tadeusz Rakoczy is commissioned to crown the image on a day of his choosing, in the Pope's name; his petition is dated 5 August 1992. The act notes both Polish and German faithful venerate the image. Polish vernacular title supplied as the standard rendering of 'Mater Dei Dolorosa'; not given in the act."
AAS,85,1993,405,III,Litterae Apostolicae,Ioannes Paulus PP. II,"AAS 85 (1993), p. 405",https://www.vatican.va/archive/aas/documents/AAS-85-1993-ocr.pdf,retrospective_attestation,"Templum paroeciale Sancti Ioseph et Dominae Nostrae a Sacro Corde Iesu, quod in urbe Mexicopoli exstat, ad Basilicae Minoris gradum dignitatemque evehitur.","Mexicopoli, in celebri atque amplissima urbe, exstat templum paroeciale Sancti Ioseph et Dominae Nostrae a Sacro Corde Iesu miris artis operibus clarum",Domina Nostra a Sacro Corde Iesu,,Blessed Virgin Mary,templum paroeciale Sancti Ioseph et Dominae Nostrae a Sacro Corde Iesu,Mexico City,Mexicanus,Mexico City,Mexico,1993-01-15,1948-09-26,,high,Coronation attested in passing in a Basilica Minor elevation: the image 'die xxvi mensis Septembris anno MCMXLVIII nomine et auctoritate Summi Pontificis Pii Pp. XII ... aureo diademate coronata est'. The crowning was therefore under Pius XII; the act here is by John Paul II. No vernacular title is given in the text.
AAS,85,1993,557,V,Litterae Apostolicae,Ioannes Paulus PP. II,"AAS 85 (1993), p. 557",https://www.vatican.va/archive/aas/documents/AAS-85-1993-ocr.pdf,papal_coronation_act,"Imago Beatae Mariae Virginis titulo « Mater Misericordiae » invocatae, quae pie servatur in sacello cathedralis templi Bialostocensis, pretioso diademate redimiri sinitur « nomine et auctoritate Summi Pontificis ».",Christifideles Bialostocenses singulari pietate colunt gratiosam imaginem Beatae Mariae Virginis titulo « Mater Misericordiae » invocatae,Mater Misericordiae,Matka Miłosierdzia,Blessed Virgin Mary,sacellum cathedralis templi Bialostocensis,Białystok,Bialostocensis,Białystok,Poland,1993-04-16,,,medium,"Country Poland inferred from Białystok; not named in the act. The image is a copy of Our Lady of Vilnius (Ostra Brama); the Pope recalls consecrating the Białystok cathedral himself on 27 November 1977 as Archbishop of Kraków. The Archbishop of Białystok is commissioned to crown it on a day of his choosing, in the Pope's name; his petition is dated 12 December 1992. The act does not name him. Polish vernacular title supplied."
AAS,86,1994,28,VII,Litterae Apostolicae,Ioannes Paulus PP. II,"AAS 86 (1994), p. 28",https://www.vatican.va/archive/aas/documents/AAS-86-1994-ocr.pdf,papal_personal_coronation,"Memoriae proditur Summum Pontificem Ioannem Paulum Pp. II per Apostolicam visitationem in Hispania die XIV mensis Iunii anno MCMXCIII pretioso diademate coronavisse imaginem beatae Mariae Virginis titulo « Nuestra Señora de los Milagros », quae in franciscali monasterio « de la Rábida » nuncupato pie colitur.",Inter Apostolicam Nostram Visitationem in Hispania hoc anno die xiv huiusce mensis Iunii perquam libenter excipientes preces,Beata Maria Virgo titulo « Nuestra Señora de los Milagros »,Nuestra Señora de los Milagros,Blessed Virgin Mary,Monasterium franciscale « de la Rábida »,Palos de la Frontera,Onubensis,Huelva,Spain,1993-06-18,1993-06-14,,high,"John Paul II crowned the image himself during his apostolic visit to Spain; the act is the commemorative record. Petition of Bishop Rafael González Moralejo of Huelva, letters of 11 Jan. 1991."
AAS,86,1994,135,XVI,Litterae Apostolicae,Ioannes Paulus PP. II,"AAS 86 (1994), p. 135",https://www.vatican.va/archive/aas/documents/AAS-86-1994-ocr.pdf,papal_coronation_act,"Imago Beatae Mariae Virginis titulo « Nuestra Señora de la Fuensanta » invocatae, quae pie colitur in Hispaniae urbe Cordium, pretioso diademate redimiri sinitur « nomine et auctoritate Summi Pontificis ».","Cordubae, in antiqua et insigni Hispaniae urbe, iam a saeculo xv a fidelibus loci totiusque dioecesis peculiari veneratione colitur decora imago",Beata Maria Virgo titulo « Nuestra Señora de la Fuensanta »,Nuestra Señora de la Fuensanta,Blessed Virgin Mary,,Córdoba,Cordubensis,Córdoba,Spain,1993-10-18,,,high,"Rubric as printed reads « in Hispaniae urbe Cordium »; the volume index and the body of the act read Corduba/Cordubae. Petition of Bishop José Antonio Infantes Florido, letters of 23 July 1993. Coronation to be performed in the Pope's name; no shrine church named in the passage."
AAS,86,1994,570,V,Litterae Apostolicae,Ioannes Paulus PP. II,"AAS 86 (1994), p. 570",https://www.vatican.va/archive/aas/documents/AAS-86-1994-ocr.pdf,papal_coronation_act,"Imago Beatae Mariae Virginis Scapularis, quae pie servatur in ecclesia paroeciali Annuntiationis B.M.V., loco Tomaszów Lubelski in dioecesi Zamosciensi-Lubaczoviensi, pretioso diademate redimiri sinitur « nomine et auctoritate Summi Pontificis ».","Imago illa Beatae Mariae Virginis Scapularis, quae exornat ecclesiam paroecialem Annuntiationis B.M.V, loco vulgo Tomaszów Lubelski",Imago Beatae Mariae Virginis Scapularis,Matka Boża Szkaplerzna,Blessed Virgin Mary,Ecclesia paroecialis Annuntiationis B.M.V.,Tomaszów Lubelski,Zamosciensis-Lubaczoviensis,Zamość-Lubaczów,Poland,1994-02-02,,,high,Act names the region as Polish (« illius Polonicae regionis »). Bishop Jan Śrutwa deputed to impose the crown in the Pope's name.
AAS,86,1994,713,I,Litterae Apostolicae,Ioannes Paulus PP. II,"AAS 86 (1994), p. 713",https://www.vatican.va/archive/aas/documents/AAS-86-1994-ocr.pdf,papal_coronation_act,"Imago Beatae Mariae Virginis Auxiliatricis, quae pie servatur in ecclesia Sanctuarii B.M.V., loco Twardogóra in dioecesi Calissiensi, pretioso diademate redimiri sinitur « nomine et auctoritate Summi Pontificis ».",In ecclesia sanctuario loci vulgo dicti Twardogóra gratiosa colitur imago B. Mariae Virginis Auxiliatricis.,Imago Beatae Mariae Virginis Auxiliatricis,Matka Boża Wspomożycielka,Blessed Virgin Mary,Ecclesia sanctuarii B.M.V.,Twardogóra,Calissiensis,Kalisz,Poland,1994-05-05,,,medium,Country Poland inferred from the diocese of Kalisz and the place name; not stated in the act. Bishop Stanisław Napierała deputed to impose the crown.
AAS,86,1994,714,II,Litterae Apostolicae,Ioannes Paulus PP. II,"AAS 86 (1994), p. 714",https://www.vatican.va/archive/aas/documents/AAS-86-1994-ocr.pdf,papal_coronation_act,"Beatae Mariae Virginis divinae Gratiae imago, quae in templo paroeciali S. Caroli Borromaei asservatur, in urbe Wratislaviensi, nomine et auctoritate Summi Pontificis coronatur.","Saeculorum quidem decursu omnium ordinum fideles ad Virginem Mariam fidenti animo decurrerunt, pro comperto habentes superna se beneficia indulgenter accepturos.",Beata Maria Virgo divinae Gratiae,Matka Boża Łaskawa,Blessed Virgin Mary,Templum paroeciale S. Caroli Borromaei,Wrocław,Wratislaviensis,Wrocław,Poland,1994-05-14,,,medium,"Country Poland inferred from the see of Wrocław; not stated in the act. Petition of Cardinal Henryk Roman Gulbinowicz, Archbishop of Wrocław."
AAS,86,1994,715,III,Litterae Apostolicae,Ioannes Paulus PP. II,"AAS 86 (1994), p. 715",https://www.vatican.va/archive/aas/documents/AAS-86-1994-ocr.pdf,papal_coronation_act,"Imago Beatae Mariae Virginis Gratiarum, quae in ecclesia S. Francisci Assisiensis oppidi v.d. Wieliczka colitur, pretioso diademate redimitur.","Merito invocatur a populo fideli Beata Virgo Maria, quae « mater nobis in ordine gratiae exstitit » (Lumen gentium, 61).",Imago Beatae Mariae Virginis Gratiarum,Matka Boża Łaskawa,Blessed Virgin Mary,Templum paroeciale sancto Francisco Assisiensi dicatum,Wieliczka,Cracoviensis,Kraków,Poland,1994-05-14,,,medium,"Country Poland inferred from Wieliczka and the archdiocese of Kraków; not stated in the act. Petition of Cardinal Franciszek Macharski, letters of 15 Dec. 1993. The act notes the Pope himself had formerly venerated the image."
AAS,86,1994,791,III,Litterae Apostolicae,Ioannes Paulus PP. II,"AAS 86 (1994), p. 791",https://www.vatican.va/archive/aas/documents/AAS-86-1994-ocr.pdf,papal_coronation_act,"Imago Beatae Mariae Virginis de Perpetuo Succursu, pie servata in ecclesia paroeciali Sanctissimo Redemptori dicata, loco Podgórze, Cracoviae in regione, pretioso diademate redimiri sinitur « nomine et auctoritate Summi Pontificis ».","Sacra illa paroecialis aedes Sanctissimo Redemptori dicata loco Podgórze, Cracoviae in regione, gratiosam imaginem Beatae Mariae Virginis de Perpetuo Succursu servat",Imago Beatae Mariae Virginis de Perpetuo Succursu,Matka Boża Nieustającej Pomocy,Blessed Virgin Mary,Ecclesia paroecialis Sanctissimo Redemptori dicata,Kraków-Podgórze,Cracoviensis,Kraków,Poland,1994-05-14,,,medium,Country Poland inferred from Kraków; not stated in the act. Cardinal Franciszek Macharski deputed to impose the crown in the Pope's name.
AAS,86,1994,861,II,Litterae Apostolicae,Ioannes Paulus PP. II,"AAS 86 (1994), p. 861",https://www.vatican.va/archive/aas/documents/AAS-86-1994-ocr.pdf,papal_coronation_act,"Imago Beatae Mariae Virginis, quae sub titulo « Nuestra Señora de Monserrate » in sacrario eiusdem nominis pie colitur, pretioso diademate redimitur.","Omnibus manifestum est a primordiis evangelizationis Americae Beatam Virginem Mariam vehementer ibi auxiliari, qua de causa a populo fideli prolixe colitur.",Imago Beatae Mariae Virginis sub titulo « Nuestra Señora de Monserrate »,Nuestra Señora de Monserrate,Blessed Virgin Mary,Sacrarium « Nuestra Señora de Monserrate »,Hormigueros,Maiaguezensis,Mayagüez,Puerto Rico,1994-07-18,,,medium,"Retrieved from the act itself; the batch passage is the back-of-volume 'Index rerum analyticus' (p. 1071) which points here. Petitioner: Ulixes Aurelius Casiano Vargas, Episcopus Maiaguezensis. Country explicit ('totius Portus Divitis Nationis'). Locality NOT given in the act — 'Hormigueros' is supplied from outside knowledge of this shrine and should be verified or dropped."
AAS,86,1994,942,IV,Litterae Apostolicae,Ioannes Paulus PP. II,"AAS 86 (1994), p. 942",https://www.vatican.va/archive/aas/documents/AAS-86-1994-ocr.pdf,papal_coronation_act,"Beatae Mariae Virginis « de Guadalupe » imago, quae paroeciali in templo urbis « Puerto de Manzanillo » asservatur, nomine et auctoritate Summi Pontificis coronatur.","Progredientibus quidem temporibus omnium ordinum fideles ad Virginem Mariam fidenti animo decurrerunt, pro comperto habentes superna se beneficia indulgenter accepturos.",Beata Maria Virgo « de Guadalupe »,Nuestra Señora de Guadalupe,Blessed Virgin Mary,Templum paroeciale eiusdem tituli (parish church of Our Lady of Guadalupe),Manzanillo,Colimensis,Colima,Mexico,1994-09-15,,,high,"The act speaks of the devotion « apud Mexicanas gentes »; petition of Bishop Gilberto Valbuena Sánchez of Colima. The volume's alphabetical index cites p. 943, the chronological index and the act itself p. 942."
AAS,87,1995,127,IV,Litterae Apostolicae,Ioannes Paulus PP. II,"AAS 87 (1995), p. 127",https://www.vatican.va/archive/aas/documents/AAS-87-1995-ocr.pdf,papal_coronation_act,"Imago Beatae Mariae Virginis, quae pie servatur in ecclesia paroeciali B.M.V. a Sancto Rosario et Sancti Stanislai, episcopi et martyris, loco Myszków-Mrzyglód in archidioecesi Czestochoviensi, pretioso diademate redimiri sinitur « nomine et auctoritate Summi Pontificis ».","Imago illa Beatae Mariae Virginis « Assumptae in Caelum Reginae Sancti Rosarii », quae exornat ecclesiam paroecialem Beatae Mariae Virgini a Sancto Rosario et Sancto Stanislao",Beata Maria Virgo « Assumpta in Caelum Regina Sancti Rosarii »,,Blessed Virgin Mary,"Ecclesia paroecialis B.M.V. a Sancto Rosario et Sancti Stanislai, episcopi et martyris",Myszków-Mrzygłód,Czestochoviensis,Częstochowa,Poland,1994-10-24,,,medium,Country Poland inferred from the archdiocese of Częstochowa; not stated in the act. OCR renders the place as « Myszkòw-Mrzyglòd ». Archbishop Stanisław Nowak deputed to impose the crown.
AAS,87,1995,552,VI,Litterae Apostolicae,Ioannes Paulus PP. II,"AAS 87 (1995), p. 552",https://www.vatican.va/archive/aas/documents/AAS-87-1995-ocr.pdf,papal_coronation_act,"Imago Beatae Mariae Virginis sub titulo « Sanctissimi Rosarii », pie servata in ecclesia loco vulgo dicto Ubanon in dioecesi Calbayogana, pretioso diademate redimiri sinitur « nomine et auctoritate Summi Pontificis »","Sacra illa aedes quae loco vulgo dicto Ubanon in dioecesi Calbayogana exstat, gratiosam imaginem Beatae Mariae Virginis sub titulo « Sanctissimi Rosarii » servat",Beata Maria Virgo sub titulo « Sanctissimi Rosarii »,Our Lady of the Most Holy Rosary,Blessed Virgin Mary,,Ubanon,Calbayogana,Calbayog,Philippines,1995-02-07,,,medium,Country Philippines inferred from the diocese of Calbayog (Samar); not stated in the act. Place name « Ubanon » as printed (possibly Obando/Ubanon — verify). Bishop Maximino T. Cruz deputed to impose the crown.
AAS,87,1995,555,IX,Litterae Apostolicae,Ioannes Paulus PP. II,"AAS 87 (1995), p. 555",https://www.vatican.va/archive/aas/documents/AAS-87-1995-ocr.pdf,papal_coronation_act,"Imago Beatae Virginis sub titulo « Sancta Maria, Populorum Regina » servata in ecclesia loco vulgo dicto Preval in archidioecesi Goritiensi, pretioso diademate redimiri sinitur « nomine et auctoritate Summi Pontificis »","Sacra illa aedes, quae loco vulgo dicto Preval in archidioecesi Goritiensi exstat, gratiosam imaginem Beatae Virginis sub titulo « Sancta Maria, Populorum Regina » servat","Beata Virgo sub titulo « Sancta Maria, Populorum Regina »",Santa Maria Regina dei Popoli (Madonna di Preval),Blessed Virgin Mary,,Preval,Goritiensis,Gorizia,Italy,1995-03-01,,,medium,Country Italy inferred from the archdiocese of Gorizia; not stated in the act. The act notes veneration by faithful of various nations for five hundred years. Archbishop Antonio Vitale Bommarco deputed to impose the crown.
AAS,87,1995,682,I,Litterae Apostolicae,Ioannes Paulus PP. II,"AAS 87 (1995), p. 682",https://www.vatican.va/archive/aas/documents/AAS-87-1995-ocr.pdf,papal_coronation_act,"Beatae Mariae Virginis imago, quae in Sanctuario mariali loci « Zarosice » intra fines Brunensis dioecesis pie colitur, pretioso diademate redimiri sinitur « nomine et auctoritate Summi Pontificis ».",Constat Christifideles Moraviae et propinquae Slovachiae Nationis necnon finitimarum Austriae regionum peculiari veneratione colere decoram imaginem beatae Mariae Virginis,,Panna Maria Žarošická,Blessed Virgin Mary,Sanctuarium mariale loci Žarošice,Žarošice,Brunensis,Brno,Czech Republic,1995-03-28,,,medium,"OCR renders the place as « Zarosice »/« áíarosice » (Žarošice). Country inferred from Moravia and the diocese of Brno (the act names Moravia but not the state). Image venerated there since the 14th century; petition of Bishop Vojtěch Cikrle, letters of 26 Feb. 1995."
AAS,87,1995,832,IV,Litterae Apostolicae,Ioannes Paulus PP. II,"AAS 87 (1995), p. 832",https://www.vatican.va/archive/aas/documents/AAS-87-1995-ocr.pdf,papal_coronation_act,"Imago Beatae Virginis servata in ecclesia Exaltationi Sanctae Crucis dicata loco vulgo dicto Brzesc in dioecesi Pinskensi Latinorum, pretioso diademate redimiri sinitur nomine et auctoritate Summi Pontificis.","Beata Virgo Maria divinae maternitatis dono et munere, quo cum Filio Redemptore unitur, suisque singularibus gratiis et muneribus, etiam cum Ecclesia intime coniungitur",,,Blessed Virgin Mary,Ecclesia Exaltationi Sanctae Crucis dicata,Brest (Brześć),Pinskensis Latinorum,Pinsk,Belarus,1995-06-07,,,medium,"Country Belarus inferred from the Latin diocese of Pinsk and the place Brzesc (Brest); not stated in the act. Cardinal Kazimierz Świątek, Apostolic Administrator of Pinsk, deputed to impose the crown. No title given for the image."
AAS,87,1995,833,V,Litterae Apostolicae,Ioannes Paulus PP. II,"AAS 87 (1995), p. 833",https://www.vatican.va/archive/aas/documents/AAS-87-1995-ocr.pdf,papal_coronation_act,"Imago Mariae Sanctissimae quae in ecclesia oppidi v.d. Budslaw colitur, pretioso diademate redimitur.","Purissima Virgo Maria « imago Ecclesiae est, forma et anticipatio humani generis gratia renovati, exemplar spesque certa iis omnibus qui caelestem ad Hierosolymitanam civitatem procedunt » (Orientale lumen, 6).",,Matka Boża Budsławska,Blessed Virgin Mary,Ecclesia Beatae Mariae Virgini in caelum assumptae,Budslaw (Budsłaŭ),Minscensis Latinorum-Mohiloviensis Latinorum,Minsk-Mohilev,Belarus,1995-06-07,,,medium,"Country Belarus inferred from the archdiocese of Minsk-Mohilev; not stated in the act. Cardinal Kazimierz Świątek (OCR: « &wiatek ») deputed to impose the crown solemnly. Cf. AAS 88 (1996) 695, which states the crowning took place in 1995."
AAS,87,1995,1091,II,Litterae Apostolicae,Ioannes Paulus PP. II,"AAS 87 (1995), p. 1091",https://www.vatican.va/archive/aas/documents/AAS-87-1995-ocr.pdf,papal_coronation_act,"Imago Mariae Sanctissimae quae in ecclesia paroeciali Sanctorum Apostolorum Petri et Pauli oppidi v. d. Lahiszyn colitur, pretioso diademate redimitur.","Spei signum inter nova rerum adiuncta apparet Immaculata Virgo Maria, « spiritalis Mater quae pro Christi discipulis intercedit et pro cuncta humanitate » (Ut unum sint, 79)",,Matka Boża Łahiszyńska,Blessed Virgin Mary,Ecclesia paroecialis Sanctorum Apostolorum Petri et Pauli,Lahiszyn (Logishin),Pinskensis Latinorum,Pinsk,Belarus,1995-07-19,,,medium,"Country Belarus inferred from the Latin diocese of Pinsk; not stated in the act. Cardinal Kazimierz Świątek, Apostolic Administrator of Pinsk, deputed to impose the crown; his letters of 29 April 1995."
AAS,88,1996,103,XI,Litterae Apostolicae,Ioannes Paulus PP. II,"AAS 88 (1996), p. 103",https://www.vatican.va/archive/aas/documents/AAS-88-1996-ocr.pdf,papal_coronation_act,"Imago Beatae Mariae Virginis sub titulo « Porta Misericordiae », quae in templo Transfigurationis Domini Iaroslaviae colitur, pretioso diademate redimitur.","Dei Genetrix Maria « ea quidem est quae divinae misericordiae interius percipit mysterium » (Dives in misericordia, 9)",Beata Maria Virgo sub titulo « Porta Misericordiae »,Brama Miłosierdzia / Vrata Myloserdia,Blessed Virgin Mary,Templum Transfigurationis Domini,Jarosław,Premisliensis ritus Byzantini Ucraini,Przemyśl (Ukrainian Byzantine rite),Poland,1995-10-11,,,medium,Country Poland inferred from Jarosław and the Ukrainian Byzantine-rite eparchy of Przemyśl; not stated in the act. Bishop Ioannes (Jan) Martyniak permitted to crown the image in the Pope's name; his letters of 28 Nov. 1994.
AAS,88,1996,146,II,Litterae Apostolicae,Ioannes Paulus PP. II,"AAS 88 (1996), p. 146",https://www.vatican.va/archive/aas/documents/AAS-88-1996-ocr.pdf,papal_personal_coronation,"Memoriae proditur Summum Pontificem Ioannem Paulum II per Apostolicam Visitationem in Republica Cecha die XXI mensis Maii anno MCMXCV coronavisse imaginem Beatae Mariae Virginis, quae pie colitur in Sanctuario mariali loci « Zarosice » intra fines Brunensis dioecesis.","Inter Apostolicam Nostram Visitationem in dilecta Cecha Republica hoc anno, die xxi mensis Maii, in Sanctuario « Svaty Kopecek » prope urbem Olomocium perquam libenter excipientes preces...",Antiqua Mater Dei-Thaumaturga Moraviae,Panna Maria Žarošická,Blessed Virgin Mary,Sanctuarium mariale loci « Zarosice » (Žarošice),Žarošice,Brunensis,Brno,Czech Republic,1995-11-21,1995-05-21,,high,"Identified from the chronological index on p. 999-1001; rubric, incipit and date taken from the act itself at p. 146. The Pope himself crowned the image of the Virgin with the Child Jesus (kept by the Canons Regular of the Holy Cross with the Red Star) during his visit, at the Svatý Kopeček sanctuary near Olomouc; requested by Bp Vojtěch (Adalbertus) Cikrle of Brno. Country not stated in the act; inferred from the Latin diocese/place name."
AAS,88,1996,239,III,Litterae Apostolicae,Ioannes Paulus PP. II,"AAS 88 (1996), p. 239",https://www.vatican.va/archive/aas/documents/AAS-88-1996-ocr.pdf,retrospective_attestation,"Sanctuarium nationale Nicaraguanum, quod beatae Mariae Virgini immaculate Conceptae dicatum, in urbe « El Viejo » intra fines dioecesis Leonensis in Nicaragua exstat, ad Basilicae Minoris gradum dignitatemque evehitur.","Inter insignes sacras aedes dilectae Nicaraguanae Nationis merito recensetur templum beatae Mariae Virgini immaculate Conceptae dicatum, quod in urbe « El Viejo »...",Imago Deiparae Virginis titulo Immaculatae Conceptionis,La Inmaculada Concepción de El Viejo,Blessed Virgin Mary,Sanctuarium nationale Nicaraguanum (El Viejo),El Viejo,Leonensis in Nicaragua,León (Nicaragua),Nicaragua,1995-12-20,1747,,medium,"Basilica Minor elevation which states in passing that the image, brought in 1565, was solemnly crowned in 1747 ('volvente anno MDCCXLVII inter iubilantes cives sollemni ritu coronata est'). The act does NOT say by whose authority the 1747 crowning was done. Vernacular title supplied from the Latin."
AAS,88,1996,627,VI,Litterae Apostolicae,Ioannes Paulus PP. II,"AAS 88 (1996), p. 627",https://www.vatican.va/archive/aas/documents/AAS-88-1996-ocr.pdf,papal_coronation_act,"Imago beatae Mariae Virginis titulo « Mare de Déu de Paret-Delgada », quae pie colitur in Sanctuario eiusdem nominis in civitate « La Selva del Camp » intra fines Tarraconensis archidioecesis, pretioso diademate redimiri sinitur « nomine et auctoritate Summi Pontificis ».",Antiqua quidem et singulari pietate colitur imago beatae Mariae Virginis titulo « Mare de Déu de Paret-Delgada » invocatae,Beata Maria Virgo titulo « Mare de Déu de Paret-Delgada »,Mare de Déu de Paret Delgada,Blessed Virgin Mary,Sanctuarium « Mare de Déu de Paret-Delgada »,La Selva del Camp,Tarraconensis,Tarragona,Spain,1996-03-04,,,high,"The act addresses « istis dilectis Hispaniae filiis ». Petition of Archbishop Ramón Torrella Cascante, letters of 9 Feb. 1996."
AAS,88,1996,628,VII,Litterae Apostolicae,Ioannes Paulus PP. II,"AAS 88 (1996), p. 628",https://www.vatican.va/archive/aas/documents/AAS-88-1996-ocr.pdf,papal_coronation_act,"Imago Beatae Mariae Virginis Dolorosae quae in ecclesia oppidi v.d. Skulsk colitur, pretioso diademate redimitur « nomine et auctoritate Summi Pontificis ».","In dolorosae Christi Matris vitam « permultae et vehementes passiones confluxerunt in talem nexum et colligationem, ut non solum fidem eius inconcussam comprobarent »",Sanctissima Maria Virgo Mater Dolorosa,Matka Boża Bolesna,Blessed Virgin Mary,Ecclesia paroecialis oppidi Skulsk,Skulsk,Vladislaviensis,Włocławek,Poland,1996-03-23,,,medium,"Country Poland inferred from the diocese of Włocławek and the place Skulsk; not stated in the act. OCR of the quotation reads « eolli-gationem » (colligationem). Bishop Bronisław Dembowski, letters of 2 Feb. 1996."
AAS,88,1996,629,VIII,Litterae Apostolicae,Ioannes Paulus PP. II,"AAS 88 (1996), p. 629",https://www.vatican.va/archive/aas/documents/AAS-88-1996-ocr.pdf,papal_coronation_act,"Imago beatae Mariae Virginis « Matris Adorantis », quae in cathedrali templo metropolitanae Sedis Vratislaviensis pie colitur, pretioso diademate redimiri sinitur « nomine et auctoritate Summi Pontificis ».",Probe novimus Christifideles Vratislaviae civitatis totiusque archidioecesis singulari pietate colere imaginem beatae Mariae Virginis « Matris Adorantis »,Beata Maria Virgo « Mater Adorans »,Matka Boża Adorująca (Matka Boża Sobieska),Blessed Virgin Mary,Templum cathedrale Sancto Ioanni Baptistae dicatum,Wrocław,Vratislaviensis,Wrocław,Poland,1996-03-23,,,high,"The act addresses « istis dilectis Polonicis filiis ». The image is said to have been given by Clement XI to Alexander Sobieski, son of King John III. Petition of Cardinal Henryk Roman Gulbinowicz, letters of 10 Feb. 1996."
AAS,88,1996,631,X,Litterae Apostolicae,Ioannes Paulus PP. II,"AAS 88 (1996), p. 631",https://www.vatican.va/archive/aas/documents/AAS-88-1996-ocr.pdf,papal_personal_coronation,"Memoriae proditur Summum Pontificem Ioannem Paulum II die uno et vicesimo mensis Maii anno MCMXCV, occasione data visitationis Apostolicae in urbe Olomucensi, imaginem coronavisse Beatae Mariae Virginis, quae sub titulo Matris Dei in sacra aede Visitationis loco vulgo dicto « Svaty Kopecek » archidioecesis Olomucensis veneratur.",Gaudio exsultamus cum occasio Nobis datur ut Nostram pietatem in Beatissimam Virginem Mariam significemus,Beata Maria Virgo sub titulo Matris Dei,Panna Maria Svatokopecká,Blessed Virgin Mary,Sacra aedes Visitationis B.M.V. (basilica of the Visitation),Svatý Kopeček (Olomouc),Olomucensis,Olomouc,Czech Republic,1996-03-27,1995-05-21,,medium,"Country Czech Republic inferred from Olomouc; not stated in the act. John Paul II crowned the image himself during his apostolic visit of 21 May 1995, at the request of Archbishop Jan Graubner; the act is the commemorative record. The same act also appears at the end of passage AAS-88-1996-ocr#627."
AAS,88,1996,695,VI,Litterae Apostolicae,Ioannes Paulus PP. II,"AAS 88 (1996), p. 695",https://www.vatican.va/archive/aas/documents/AAS-88-1996-ocr.pdf,retrospective_attestation,"Sancta Dei Genetrix Maria, cuius imago recolitur in pago Budslaw, Patrona caelestis archidioecesis Minscensis Latinorum-Mohiloviensis Latinorum confirmatur.","Sanctam Dei Matrem, cuius gratiosa imago servata in sanctuario Budslaviensi superiore anno Nostro nomine et auctoritate pretioso diademate est redimita",,Matka Boża Budsławska,Blessed Virgin Mary,Sanctuarium Budslaviense; ecclesia Beatae Mariae Virgini in caelum assumptae,Budslaw (Budsłaŭ),Minscensis Latinorum-Mohiloviensis Latinorum,Minsk-Mohilev,Belarus,1996-06-11,1995,,medium,"Patron-confirmation act that states in passing that the Budslaw image was crowned « superiore anno » in the Pope's name and authority, i.e. in 1995 (the concession is AAS 87 [1995] 833, dated 7 June 1995). Country Belarus inferred from the archdiocese; not stated in the act."
AAS,88,1996,742,III,Litterae Apostolicae,Ioannes Paulus PP. II,"AAS 88 (1996), p. 742",https://www.vatican.va/archive/aas/documents/AAS-88-1996-ocr.pdf,papal_coronation_act,"Imago Beatae Mariae Virginis Gratiarum, quae sub titulo « Matki Bozej Laskawej » in sanctuario loci v.d. Krzeszów pie colitur, pretioso diademate redimiri sinitur « nomine et auctoritate Summi Pontificis ».","Silesiae antiquissima Deiparae Virginis suavis imago, quae a multis iam saeculis in ecclesia loci v.d. Krzeszów custoditur, populi renovata devotione volumus cumuletur.",Beata Maria Virgo Gratiarum,Matka Boża Łaskawa (Matki Bozej Laskawej),Blessed Virgin Mary,Sanctuarium loci v.d. Krzeszów,Krzeszów,Legnicensis,Legnica,Poland,1996-07-05,,,high,"Granted at the request of Bp Thaddaeus (Tadeusz) Rybak of Legnica, whose letters are dated 12 Feb 1996. OCR splits the title as « Matki Bozej Laska-wej ». Country not stated in the act; inferred from the Latin diocese/place name."
AAS,88,1996,840,VI,Litterae Apostolicae,Ioannes Paulus PP. II,"AAS 88 (1996), p. 840",https://www.vatican.va/archive/aas/documents/AAS-88-1996-ocr.pdf,papal_coronation_act,"Imago Beatae Mariae Virginis Immaculatae, quae sub titulo « Nuestra Señora de Monterrey » in ecclesia cathedrali Monterreyensi pie colitur, pretioso diademate redimitur.","Primi Americae continentis evangelizatores Beatae Virginis Mariae cultum ubique propagaverunt, pro certo habentes sane caelestem Reginam sibi auxilium praebituram.",Beata Maria Virgo Immaculata,Nuestra Señora de Monterrey,Blessed Virgin Mary,Ecclesia cathedralis Monterreyensis,Monterrey,Monterreyensis,Monterrey,Mexico,1996-06-11,,,high,"Requested by Adolfo Antonio Card. Suárez Rivera, Archbishop of Monterrey (letters of 14 March 1996); the image is said to have been venerated there for 400 years. Country not stated in the act; inferred from the Latin diocese/place name."
AAS,88,1996,910,II,Litterae Apostolicae,Ioannes Paulus PP. II,"AAS 88 (1996), p. 910",https://www.vatican.va/archive/aas/documents/AAS-88-1996-ocr.pdf,papal_coronation_act,"Imago Beatae Mariae Virginis, quae sub titulo « Consolatrix Afflictorum » in ecclesia paroeciali loci v. d. Miedzna in dioecesi Drohiczinensi pie colitur, pretioso diademate redimitur.","Lucis Matrem fecundam et Virginem purissimam omnis populus christianus firmiter confitetur Reginam caelestem, ad quam sane constanter in omnibus necessitatibus confugit.",Consolatrix Afflictorum,"Pocieszycielka Strapionych (Matka Boża Pocieszenia), Miedzna",Blessed Virgin Mary,Ecclesia paroecialis loci Miedzna,Miedzna,Drohiczinensis,Drohiczyn,Poland,1996-09-05,,,high,"These Letters commemorate a faculty already granted on 27 July 1996 ('concessimus die xxvii superioris mensis Iulii') at the request of Bp Antoni Pacyfik Dydycz, and the solemn coronation that followed; the exact coronation date is not given. Country not stated in the act; inferred from the Latin diocese/place name."
AAS,88,1996,912,IV,Litterae Apostolicae,Ioannes Paulus PP. II,"AAS 88 (1996), p. 912",https://www.vatican.va/archive/aas/documents/AAS-88-1996-ocr.pdf,papal_coronation_act,"Imago Beatae Mariae Virginis de Fatima, quae in ecclesia paroeciali oppidi v.d. Trzebinia in archidioecesi Cracoviensi colitur, pretioso diademate redimitur.","« Mater pulchrae dilectionis, christianis tertii millennii in magnum Iubilaeum procedentibus quoddam erit Sidus, quod firmiter gressus Domino obviam moderabitur » (Tertio millennio adveniente, 59).",Beata Maria Virgo de Fatima,"Matka Boża Fatimska, Trzebinia",Blessed Virgin Mary,Ecclesia paroecialis Sacratissimi Cordis Iesu,Trzebinia,Cracoviensis,Kraków,Poland,1996-09-09,,,high,"Requested by Franciszek Card. Macharski, Archbishop of Kraków (letters of 17 June 1996). The same act is also visible at the end of passage AAS-88-1996-ocr#910. Country not stated in the act; inferred from the Latin diocese/place name."
AAS,89,1997,17,VII,Litterae Apostolicae,Ioannes Paulus PP. II,"AAS 89 (1997), p. 17",https://www.vatican.va/archive/aas/documents/AAS-89-1997-ocr.pdf,papal_coronation_act,"Imago Nostrae Dominae « de Indejo » quae in ecclesia oppidi v.d. Las Fraguas colitur, pretioso diademate redimitur.","« Dominus natus est ex Maria, humani generis in se peccata suscipiens, remissionem tribuit omnium delictorum » (S. Ambrosius, Expositio ev. sec. Lucam, VIII, 23).",Nostra Domina « de Indejo »,Nuestra Señora de Inodejo,Blessed Virgin Mary,Ecclesia oppidi Las Fraguas,Las Fraguas (Soria),Oxomensis-Sorianus,Osma-Soria,Spain,1996-09-30,,,medium,"Both the act and the volume index print the title as « de Indejo »; the shrine at Las Fraguas (Soria) is normally called Nuestra Señora de Inodejo, so the printed form is probably a misreading — verify. Bp Francisco Pérez González is deputed to impose the crown in the Pope's name (letters of 2 July 1996); the act mentions the 14th centenary of the diocese. Country not stated in the act; inferred from the Latin diocese/place name."
AAS,89,1997,89,II,Litterae Apostolicae,Ioannes Paulus PP. II,"AAS 89 (1997), p. 89",https://www.vatican.va/archive/aas/documents/AAS-89-1997-ocr.pdf,papal_coronation_act,"Imago Beatae Mariae Virginis sub titulo « Matris Consolationis », pie servata Gnesnae in ecclesia dicata Beatae Mariae Virgini in caelum Assumptae, pretioso diademate redimiri sinitur « nomine et auctoritate Summi Pontificis ».","Mater Iesu, in historiam salutis intime ingressa, maxima fidei placita in se quodammodo unit et reverberat, dum praedicatur et colitur.",Mater Consolationis,"Matka Boża Pocieszenia, Gniezno",Blessed Virgin Mary,"Ecclesia B.M.V. in caelum Assumptae, Gnesnae",Gniezno,Gnesnensis,Gniezno,Poland,1996-11-20,,,high,Abp Henryk Muszyński of Gniezno is deputed to impose the crown in the Pope's name. Country not stated in the act; inferred from the Latin diocese/place name.
AAS,89,1997,444,III,Litterae Apostolicae,Ioannes Paulus PP. II,"AAS 89 (1997), p. 444",https://www.vatican.va/archive/aas/documents/AAS-89-1997-ocr.pdf,papal_personal_coronation,"Memoriae proditur Summum Pontificem Ioannem Paulum PP. II occasione data pastoralis visitationis archidioecesis Brundusinae-Ostunensis die XXVI mensis Octobris anno MCMXCVI coronavisse imaginem Beatae Mariae Virginis sub titulo « Nicopeia », quae religiose colitur in ecclesia paroeciali Sanctae Mariae a Victoria in oppido v.d. « San Vito dei Normanni ».","Ubi victoria de malo subest et de peccato ipsaque de morte ea quidem est tribuenda Christi sacrificio, qui homo est factus.",Beata Maria Virgo « Nicopeia »,"Madonna Nicopeja (Santa Maria della Vittoria), San Vito dei Normanni",Blessed Virgin Mary,Ecclesia paroecialis Sanctae Mariae a Victoria,San Vito dei Normanni,Brundusina-Ostunensis,Brindisi-Ostuni,Italy,1997-01-07,1996-10-26,,high,"The Pope crowned the image himself during Mass on his pastoral visit, at the request of Abp Settimio Todisco. Letters signed 'De speciali mandato Sanctissimi' by Abp Giovanni Battista Re, Substitute. Country not stated in the act; inferred from the Latin diocese/place name."
AAS,89,1997,530,IV,Litterae Apostolicae,Ioannes Paulus PP. II,"AAS 89 (1997), p. 530",https://www.vatican.va/archive/aas/documents/AAS-89-1997-ocr.pdf,papal_coronation_act,"Imago Beatae Mariae Virginis Gratiarum, quae sub titulo « Matris Consolationis » in ecclesia paroeciali loci v.d. Lubiszewo, in dioecesi Pelplinensi, pie colitur, pretioso diademate redimitur.","« Vivens est Maria verbum consolationis ipsi Ecclesiae in proelio contra mortem » (Evangelium vitae, 105).","Beata Maria Virgo Gratiarum, « Mater Consolationis »","Matka Boża Pocieszenia, Lubiszewo",Blessed Virgin Mary,Ecclesia paroecialis loci Lubiszewo,Lubiszewo,Pelplinensis,Pelplin,Poland,1997-03-06,,,high,Requested by Bp Jan Bernard Szlaga of Pelplin (letters of 25 Sept 1996). Country not stated in the act; inferred from the Latin diocese/place name.
AAS,89,1997,532,VI,Litterae Apostolicae,Ioannes Paulus PP. II,"AAS 89 (1997), p. 532",https://www.vatican.va/archive/aas/documents/AAS-89-1997-ocr.pdf,papal_coronation_act,"Imago Beatae Mariae Virginis pie servata in Sanctuario loci v. d. « Berdicev », ipsi Beatae Mariae Virgini de Monte Carmelo dicato, dioecesi in Zytomeriensi, pretioso diademate redimiri sinitur « nomine et auctoritate Summi Pontificis ».","Deipara Virgo, in historiam salutis ingressa, maxima fidei placita in se quodammodo unit et reverberat dum praedicatur et colitur.",Beata Maria Virgo de Monte Carmelo,Matka Boża Berdyczowska (Berdychiv),Blessed Virgin Mary,"Sanctuarium B.M.V. de Monte Carmelo, « Berdicev »",Berdychiv (Berdyczów),Zytomeriensis,Zhytomyr,Ukraine,1997-03-10,,,high,Bp Jan Purwiński of Zhytomyr is deputed to impose the crown in the Pope's name. The same act also appears at the end of passage AAS-89-1997-ocr#530. Country not stated in the act; inferred from the Latin diocese/place name.
AAS,90,1998,94,III,Litterae Apostolicae,Ioannes Paulus PP. II,"AAS 90 (1998), p. 94",https://www.vatican.va/archive/aas/documents/AAS-90-1998-ocr.pdf,papal_coronation_act,"Beatae Mariae Virginis « Reginae Familiarum » imago, quae paroeciali in templo oppidi « Koscierzyna » asservatur, nomine et auctoritate Summi Pontificis coronatur.","Ab antiquis iam temporibus omnium ordinum fideles ad Virginem Mariam fidenti animo decurrerunt, pro comperto habentes superna se beneficia indulgenter accepturos.",Beata Maria Virgo Regina Familiarum,"Matka Boża Królowa Rodzin, Kościerzyna",Blessed Virgin Mary,Templum paroeciale oppidi Kościerzyna,Kościerzyna,Pelplinensis,Pelplin,Poland,1998-01-02,,,high,"Requested by Bp Jan Szlaga of Pelplin. The diocese is not named in the rubric but is identified from the petitioner ('Episcopi Pelplinensis'). OCR interleaves this act with the preceding one (Basilica of St Lambert, Hengelo) because of the two-column scan. Country not stated in the act; inferred from the Latin diocese/place name."
AAS,90,1998,251,III,Litterae Apostolicae,Ioannes Paulus PP. II,"AAS 90 (1998), p. 251",https://www.vatican.va/archive/aas/documents/AAS-90-1998-ocr.pdf,papal_coronation_act,"Imago Beatae Mariae Virginis, quae pie servatur in ecclesia paroeciali loco v.d. « Powsin » in archidioecesi Varsaviensi, pretioso diademate redimiri sinitur « nomine et auctoritate Summi Pontificis ».","Christifideles incolentes locum v.d. « Powsin » ipsique proximi archidioecesi Varsaviensi, sacram imaginem Beatae Mariae Virginis sub titulo « Matka Boza Teskniaca » tribus abhinc saeculis peculiari veneratione prosequuntur.",,"Matka Boża Tęskniąca (Matka Boza Teskniaca), Powsin",Blessed Virgin Mary,Ecclesia paroecialis loci Powsin,Powsin (Warszawa),Varsaviensis,Warszawa (Warsaw),Poland,1998-02-05,,,high,"Józef Card. Glemp, Archbishop of Warsaw, is deputed to impose the crown in the Pope's name. Country not stated in the act; inferred from the Latin diocese/place name."
AAS,90,1998,252,IV,Litterae Apostolicae,Ioannes Paulus PP. II,"AAS 90 (1998), p. 252",https://www.vatican.va/archive/aas/documents/AAS-90-1998-ocr.pdf,papal_coronation_act,"Imago Beatae Mariae Virginis, quae pie servatur in ecclesia paroeciali loco v.d. « Skrzynsko » in dioecesi Radomensi, pretioso diademate redimiri sinitur « nomine et auctoritate Summi Pontificis ».","Omnium Christifidelium spiritale curantes bonum, Beatae Mariae Virginis propagare volumus cultum, quae eminenter et singulariter tum virginis tum matris exemplar praebet.",,"Matka Boża Staroskrzyńska (« Staroskrzynska »), Skrzynno",Blessed Virgin Mary,Sanctuarium-ecclesia paroecialis loci Skrzynsko,Skrzynno / Skrzynsko,Radomensis,Radom,Poland,1998-02-23,,,high,Image of the Virgin with the Infant Jesus ('imaginem Virginis cum Iesu Infante'). Bp Edward Materski of Radom is deputed to impose the crown. The place is printed « Skrzynsko » here and « Skrzyiisko » in the volume index (p. 1055). Country not stated in the act; inferred from the Latin diocese/place name.
AAS,90,1998,253,V,Litterae Apostolicae,Ioannes Paulus PP. II,"AAS 90 (1998), p. 253",https://www.vatican.va/archive/aas/documents/AAS-90-1998-ocr.pdf,papal_coronation_act,"Imago Beatae Mariae Virginis, quae pie servatur in sanctuario loci v.d. « Czarna » in dioecesi Radomensi, pretioso diademate redimiri sinitur « nomine et auctoritate Summi Pontificis ».","Vitae christianae incrementum varia ratione foventes, magnopere curamus ut pietatem erga Beatam Mariam Virginem, quae praecellit inter humiles et pauperes Domini, incitemus.",Educatrix,"Matka Boża Wychowawczyni (« Educatricis »), Czarna",Blessed Virgin Mary,Sanctuarium loci Czarna,Czarna,Radomensis,Radom,Poland,1998-02-23,,,high,Bp Edward Materski of Radom is deputed to impose the crown in the Pope's name. Vernacular title is a rendering of the Latin « Educatricis » — verify. Country not stated in the act; inferred from the Latin diocese/place name.
AAS,90,1998,385,III,Litterae Apostolicae,Ioannes Paulus PP. II,"AAS 90 (1998), p. 385",https://www.vatican.va/archive/aas/documents/AAS-90-1998-ocr.pdf,papal_coronation_act,"Imago Beatae Mariae Virginis sub titulo « Nuestra Señora del Remedio », quae in Lucentina ecclesia concathedrali pie colitur, pretioso diademate redimitur.",Praeclarum confert donum christifidelibus diligens Deiparae cultus.,,Nuestra Señora del Remedio,Blessed Virgin Mary,"Ecclesia concathedralis S. Nicolai, Alicante",Alicante (Lucentum),Oriolensis-Lucentinus,Orihuela-Alicante,Spain,1998-04-04,,,high,Granted to Bp Victorio Oliver Domingo of Orihuela-Alicante (letters of 23 Feb 1998). The volume index (p. 1055) prints the rubric verb as 'redimatur'. Country not stated in the act; inferred from the Latin diocese/place name.
AAS,90,1998,469,V,Litterae Apostolicae,Ioannes Paulus PP. II,"AAS 90 (1998), p. 469",https://www.vatican.va/archive/aas/documents/AAS-90-1998-ocr.pdf,retrospective_attestation,"Sanctuarium Civitatis Castelli dioecesis, quod in loco « Colle di Canoscio » est dicatum beatae Mariae Virgini titulo « Madonna del Transito » invocatae, ad Basilicae minoris gradum dignitatemque evehitur.","Inter sacras aedes Civitatis Castelli dioecesis merito celebratur sanctuarium beatae Mariae Virginis titulo « Madonna del Transito » invocatae, quod exstat in loco « Colle di Canoscio »...",Imago Dormitionis Deiparae Genetricis,Madonna del Transito,Blessed Virgin Mary,Sanctuarium « Colle di Canoscio »,Canoscio (Città di Castello),Civitatis Castelli,Città di Castello,Italy,1998-05-07,1888,,medium,"Basilica Minor elevation which attests that the painted image was solemnly crowned in 1888 by Card. Serafino Vannutelli in the name of the Vatican Chapter ('ab Eminentissimo Cardinale Seraphino Vannutelli, nomine Petriani Canonicorum Collegii, anno MDCCCLXXXVIII sollemni ritu coronatam'). Country not stated; inferred from Città di Castello."
AAS,90,1998,955,X,Litterae Apostolicae,Ioannes Paulus PP. II,"AAS 90 (1998), p. 955",https://www.vatican.va/archive/aas/documents/AAS-90-1998-ocr.pdf,retrospective_attestation,"Sanctuarium Tlalnepantlanae archidioecesis, quod est dicatum beatae Mariae Virgini titulo « Nuestra Señora de los Remedios » invocatae, ad Basilicae minoris gradum dignitatemque evehitur.","Sacras inter aedes Tlalnepantlanae archidioecesis merito celebratur sanctuarium beatae Mariae Virginis titulo « Nuestra Señora del los Remedios », cuius antiqua ac prodigialis imago ibidem servata atque anno MCMLXXIV « nomine et auctoritate Summi Pontificis » coronata.",,Nuestra Señora de los Remedios,Blessed Virgin Mary,Sanctuarium Nuestra Señora de los Remedios,Tlalnepantla,Tlalnepantlana,Tlalnepantla,Mexico,1998-08-25,1974,,high,Coronation mentioned in passing in a Basilica Minor elevation: the ancient image kept there was crowned in 1974 'nomine et auctoritate Summi Pontificis' as Queen of the diocesan clergy. The AAS act (or its OCR) prints « Nuestra Señora del los Remedios » in the body and « de los Remedios » in the rubric. Country not stated in the act; inferred from the Latin diocese/place name.
AAS,90,1998,959,XIV,Litterae Apostolicae,Ioannes Paulus PP. II,"AAS 90 (1998), p. 959",https://www.vatican.va/archive/aas/documents/AAS-90-1998-ocr.pdf,papal_coronation_act,"Beatae Mariae Virginis sub vocabulo « Nuestra Señora de la Misericordia » imago, quae in urbe Burriana colitur, nomine et auctoritate Summi Pontificis coronatur.","Procedentibus christianae salutis temporibus omnium ordinum fideles ad Virginem Mariam fidenti animo decurrerunt, probe scientes superna se beneficia indulgenter accepturos.",,"Nuestra Señora de la Misericordia (Mare de Déu de la Misericòrdia), Burriana",Blessed Virgin Mary,,Burriana (Borriana),Segobricensis-Castellionensis,Segorbe-Castellón,Spain,1998-09-07,,,high,Requested by Bp Juan Antonio Reig Pla of Segorbe-Castellón. The church/sanctuary is not named in the act. OCR of the incipit reads 'Procendentibus'; the volume index (p. 1057) has 'Procedentibus'. Country not stated in the act; inferred from the Latin diocese/place name.
AAS,91,1999,105,II,Allocutio,Ioannes Paulus PP. II,"AAS 91 (1999), p. 105",https://www.vatican.va/archive/aas/documents/AAS-91-1999-ocr.pdf,papal_personal_coronation,Ad Cubae sacros praesules.,"Me complace recibirlos en esta Audiencia, a pocos meses de mi recordado viaje a su Patria.",,Virgen de la Caridad del Cobre,Blessed Virgin Mary,,,,,Cuba,1998-06-09,1998,,high,"Allocution (in Spanish) to the bishops of Cuba on their ad limina visit, AAS 91 (1999) 105-109, dated 'Die 9 Iunii 1998'; the coronation reference stands on printed page 109, at the end of the act (printed_page of the passage is 109, but the act begins on 105). The Pope names only the devotional title, with no word for image: 'A la Virgen de la Caridad del Cobre, Madre de todos los cubanos, recordando con emocion el momento en que le ceni la corona que sus hijos le ofrecieron...' - i.e. he himself set on her the crown her children had offered. The crowning took place during his apostolic visit to Cuba (the act refers to 'mi visita a Cuba' / 'mi inolvidable Viaje' of January 1998, citing his 21 January 1998 Havana airport address, so coronation_date is given as 1998); the exact day and place (Santiago de Cuba, 24 January 1998) are NOT stated in the source and have not been supplied. Country 'Cuba' is explicit in the text ('Madre de todos los cubanos', address to the Cuban bishops). No sanctuary or diocese is named."
AAS,91,1999,345,V,Litterae Apostolicae,Ioannes Paulus PP. II,"AAS 91 (1999), p. 345",https://www.vatican.va/archive/aas/documents/AAS-91-1999-ocr.pdf,papal_coronation_act,"Imago beatae Mariae Virginis titulo « Nostra Seynora de Canòlich » invocatae, quae pie colitur in Andorrae Principatus oppido « Sant Julia de Loria » intra fines Urgellensis dioecesis posito, pretioso diademate redimiri sinitur « nomine et auctoritate Summi Pontificis ».","In antiquo oppido Andorrae Principatus « Sant Julia de Loria » intra fines dioecesis Urgellensis posito, iam a saeculo XIII a fidelibus loci finitimarumque regionum peculiari veneratione colitur decora imago beatae Mariae Virginis",imago beatae Mariae Virginis titulo « Nostra Seynora de Canòlich » invocatae,Nostra Senyora de Canòlich,Blessed Virgin Mary,paroeciale templum (parish church of Sant Julià de Lòria),Sant Julià de Lòria,Urgellensis,Urgell,Andorra,1998-12-07,,,high,"Coronation granted 'Nostro nomine et auctoritate' but no date of the crowning given. Petition of Bishop Ioannes Martí Alanis, letters of 15 October [1998]. OCR gives the vernacular title as « Nostra Seynora de Canòlich » (Catalan 'Senyora'); the oppidum is printed « Sant Julia de Loria » (Sant Julià de Lòria). Country explicit in the text ('Andorrae Principatus')."
AAS,91,1999,346,VI,Litterae Apostolicae,Ioannes Paulus PP. II,"AAS 91 (1999), p. 346",https://www.vatican.va/archive/aas/documents/AAS-91-1999-ocr.pdf,retrospective_attestation,"Templum paroeciale Sanctae Mariae a Victoria, quod in urbe « San Vito dei Normanni » intra fines archiepiscopalis sedis Brundusinae-Ostunensis exstat, ad Basilicae minoris gradum dignitatemque evehitur.",Inter sacras aedes antiquae et insignis archiepiscopalis sedis Brundusinae-Ostunensis merito celebratur paroeciale templum Sanctae Mariae a Victoria in urbe « S. Vito dei Normanni »,imago Dei Genetricis « Nicopeia » nuncupatae,,Blessed Virgin Mary,Templum paroeciale Sanctae Mariae a Victoria,San Vito dei Normanni,Brundusina-Ostunensis,Brindisi-Ostuni,Italy,1998-12-30,1996,,medium,"Basilica minor elevation act which states in passing that John Paul II himself crowned the image: 'ubi impensa pietate colitur imago Dei Genetricis « Nicopeia » nuncupatae, quam Nos Ipsi in Petriano huiusce almae Urbis foro anno MCMXCVI coronavimus'. Could equally be classed papal_personal_coronation, but the act's own object is the basilica title. Only the year (1996) of the crowning is given, in St Peter's Square. Country (Italy) inferred from San Vito dei Normanni / Brindisi-Ostuni, not stated. Act begins on printed page 346; passage printed_page was 345."
AAS,91,1999,1032,I,Litterae Apostolicae,Ioannes Paulus PP. II,"AAS 91 (1999), p. 1032",https://www.vatican.va/archive/aas/documents/AAS-91-1999-ocr.pdf,papal_personal_coronation,"Memoriae proditur Summum Pontificem Ioannem Paulum PP. II occasione Audientiae generalis in area quae respicit Basilicam Vaticanam die III mensis Iulii anno MCMXCVIII coronavisse gratiosam imaginem Beatae Mariae Virginis sub titulo Matka Niezawodnej Nadziei, quae pie colitur in oratorio loci v.d. Jamna, in dioecesi Tarnoviensi.","Firma spe restituta in pago v.d. Jamna, ubi tempore belli militum crudelitas locum fecit desolationis, nunc iuvenes una cum ferventi suo moderatore dilecto Filio Ioanne Gòra, OP",imago Beatae Virginis Mariae sub titulo Matka Niezawodnej Nadziei,Matka Niezawodnej Nadziei,Blessed Virgin Mary,oratorium loci v.d. Jamna,Jamna,Tarnoviensis,Tarnów,Poland,1999-06-25,1998-07-03,,medium,"The batch passage is the volume index (printed page 1207), which cites the act at printed page 1032; rubric, incipit and dates were read from the full act text in txt/AAS-91-1999-ocr.txt at [[PDFPAGE 1032]]. The Pope placed a golden crown ('auream imposuimus coronam') on the image at the general audience in St Peter's Square, 3 July 1998; recently painted image, at the youth prayer/formation centre founded by Fr Jan Góra OP. Requested by Bishop Wiktor Skworc of Tarnów. Country (Poland) inferred from the Tarnów diocese and the Polish title; not stated in the text."
AAS,92,2000,848,VI,Litterae Apostolicae,Ioannes Paulus PP. II,"AAS 92 (2000), p. 848",https://www.vatican.va/archive/aas/documents/AAS-92-2000-ocr.pdf,papal_personal_coronation,"Memoriae proditur Ioannem Paulum PP. II coronavisse imaginem beatae Mariae Virginis, quae titulo « Maria Santissima della Neve del Monte Sirino » invocata Lacuneruli colitur.","Oblata occasione Audientiae Generalis habitae in area ante Basilicam Vaticanam sancti Petri die xx mensis Septembris hoc anno Magni Iubilaei MM, perquam libenter excipientes preces Nobis exhibitas...",Imago beatae Mariae Virginis cum Iesu infante titulo « Maria Santissima della Neve del Monte Sirino »,Maria Santissima della Neve del Monte Sirino,Blessed Virgin Mary,Sanctuarium Montis Sirini,Lagonegro,,,Italy,2000-10-18,2000-09-20,,medium,"Retrieved from the act itself; two batch passages are volume indices (chronological index p. 904 and 'Index rerum analyticus' p. 949) which both point here. Rubric and opening on p. 848, Datum on p. 849. The act also attests an earlier coronation of the same image a century before, 'de mandato Leonis XIII' (c. 1900). Country not stated; inferred from 'Lucano agro civitatis Lacuneruli' (Lagonegro, Basilicata)."
AAS,93,2001,770,III,Allocutio,Ioannes Paulus PP. II,"AAS 93 (2001), p. 770",https://www.vatican.va/archive/aas/documents/AAS-93-2001-ocr.pdf,papal_personal_coronation,Ad Cubae sacros praesules.,,,Virgen de la Caridad del Cobre,Blessed Virgin Mary,Santuario del Cobre,El Cobre,,Santiago de Cuba,Cuba,,1998,,medium,"Address to the Cuban bishops on their ad limina visit (act opens p. 770; the coronation clause falls on p. 775 — aas_page is the act's start page as instructed). The Pope recalls in passing 'la imagen de la Virgen de la Caridad, Madre y Reina de Cuba, que tuve el gozo de coronar'. Not a coronation act; the date (during the January 1998 visit to Cuba) is inferred from the surrounding references to that journey — verify. Diocese not stated in the passage."
AAS,93,2001,844,I,Allocutio,Ioannes Paulus PP. II,"AAS 93 (2001), p. 844",https://www.vatican.va/archive/aas/documents/AAS-93-2001-ocr.pdf,papal_personal_coronation,Leopoli in beatificatione servorum Dei Iosephi Bilczewski et Sigismundi Gorazdowski.,,,"Obraz Matki Bożej Łaskawej, Pani Lwowa (Our Lady of Grace, Lady of Lviv; « Śliczna Gwiazda miasta Lwowa »)",Blessed Virgin Mary,,Lviv (Leopolis),Leopolitana,Lviv of the Latins,Ukraine,2001-06-26,2001-06-26,,high,"'Za chwilę dokonam koronacji łaskami słynącego obrazu Matki Bożej Łaskawej Pani Lwowa' (p. 850) and, earlier in the same homily, 'Maryi, Matki Bożej Łaskawej, od wieków czczonej przez was w wizerunku, który dzisiaj z radością ukoronuję ... obrazem, pamiętającym śluby króla Jana Kazimierza' (p. 849). Homily at the beatification of Józef Bilczewski and Zygmunt Gorazdowski, Lviv, 26 June 2001. Act begins on printed page 844; the passage's printed_page is 850. The text links this image to the vows of King John Casimir, as it does the Lubaczów image crowned in 1983 (AAS 75, p. 935) — a checker should verify the relation between the two. Body in Polish, no Latin incipit."
AAS,102,2010,454,IV,Litterae Apostolicae,Benedictus PP. XVI,"AAS 102 (2010), p. 454",https://www.vatican.va/archive/aas/documents/2010/agosto%202010.pdf,retrospective_attestation,Sanctuario Dominae Nostrae del Valle Catamarcensis dioecesis Rosa aurea tribuitur.,"Ab incohato iam saeculo XVII Beatam Mariam Virginem del Valle colere coeperunt fideles, cuius signum Decessor Noster Leo XIII, insignis memoriae, coronavit.",Signum Beatae Mariae Virginis del Valle,Nuestra Señora del Valle,Blessed Virgin Mary,Sanctuarium Dominae Nostrae del Valle,Catamarca,Catamarcensis,Catamarca,Argentina,2010-06-29,,,medium,Golden Rose grant ('Ad futuram rei memoriam') which attests in passing that Leo XIII crowned the image. No coronation year is given in the act — left null rather than supplied. Country not stated; inferred from the diocese of Catamarca (Argentina). The Golden Rose was to be presented by Card. Franciscus Xaverius Errázuriz Ossa.
AAS,109,2017,928,II,Nuntius televisificus,Franciscus PP.,"AAS 109 (2017), p. 928",https://www.vatican.va/archive/aas/documents/2017/acta-settembre2017.pdf,retrospective_attestation,In occasione CCC anniversariae memoriae diei quo imago Beatae Mariae Virginis Claromontanae diadema incoronata est.,,Imago Beatae Mariae Virginis Claromontanae,Matka Boża Częstochowska (Jasna Góra),Blessed Virgin Mary,Sanctuarium Iasnae Montanae (Jasna Góra),Częstochowa,Czestochoviensis,Częstochowa,Poland,2017-08-26,1717,,medium,"Video message for the 300th anniversary of the papal coronation of the Jasna Góra image: 'trecento anni fa il Papa concesse di porre le corone papali sull'immagine della Madonna di Jasna Gora'. Message is in Italian, so no Latin incipit; the rubric is the Latin heading. The 1717 coronation itself is not documented here beyond the anniversary. Two further batch passages (2017_aas-indice2017#14 and #73) are index entries pointing to this same page 928. Diocese not named in the text; inferred."
AAS,111,2019,1342,,Decretum super virtutibus (Congregatio de Causis Sanctorum),Franciscus PP.,"AAS 111 (2019), p. 1342",https://www.vatican.va/archive/aas/documents/2019/acta-agosto2019.pdf,retrospective_attestation,"VARSAVIENSIS. Beatificationis et Canonizationis Servi Dei Augusti Iosephi Hlond, e Societate S. Francisci Salesii, S.R.E. Cardinalis Archiepiscopi Gnesnensis et Varsaviensis ac Fundatoris Societatis Christi pro Emigrantibus Polonis (1881-1948). DECRETUM SUPER VIRTUTIBUS","Antiquissimam imaginem marianam, per saecula veneratam in loco Piekary in Alta Silesia, coronavit.",Antiquissima imago mariana loci Piekary,Matka Boża Piekarska,Blessed Virgin Mary,,Piekary Śląskie,,,Poland,,,,low,"WEAK / needs human check. Decree on the heroic virtues of August Hlond states that he crowned the ancient Marian image at Piekary in Upper Silesia while Apostolic Administrator. The decree opens on printed p. 1342; the coronation clause falls on p. 1343 — aas_page is the act's start page as instructed. Papal authority for the crowning is NOT stated in the passage, and no date is given (the decree's own Datum is not in the retrieved excerpt). Vernacular title and country are supplied from context ('in Polonia', Alta Silesia)."
