row,id,nation,localita,titolo,data_incoronazione,autorizza,data_verificata,incoronazione,taken,why_not,image_id,image_locality,image_title,image_dates,other_sources,date_agrees,rome_alignment,annotazioni
0,9,Città del Vaticano,Città del Vaticano,Madonna della Febbre,27-8-1631,,,,yes,,madonna-della-febbre-rome-vatican-basilica-sacri,"Rome, Vatican Basilica (sacristy)",Madonna della Febbre,1631-08-27; 1697-08-15,ACSP; Balzamo; Briccolani; Zander/Magister,yes,PICK,scheda not returned by the site API; fields from the date index only
1,101,Italia,Roma,Madonna dei Monti,3-9-1632,Conte Sforza,sì,1,yes,,santa-maria-de-monti-rome-santa-maria-ai-monti,"Rome, Santa Maria ai Monti",Santa Maria de' Monti,1632-09-03,Briccolani,yes,AUTO,ERR - Frate Anselmo: data la coronazione 9 settembre 1632.
2,115,Italia,Roma,Madonna della Vittoria,6-7-1633,Conte Sforza,sì,1,yes,,santa-maria-della-vittoria-rome-santa-maria-dell,"Rome, Santa Maria della Vittoria",Santa Maria della Vittoria,1633-07-06; 1635-07-06,Bombelli; Briccolani,yes,AUTO,ERR - Bombelli: data l'incoronazione 6 luglio 1635 nel testo e 1633 nella didascalia dell'immagine. Briccolani: data l'incoronazione 1633.
3,58,Italia,Roma,Madonna di Strada Cupa,5-4-1634,Conte Sforza,sì,1,yes,,santa-maria-col-bambino-gesu-di-via-cupa-in-sant,"Rome, Santa Maria in Trastevere",Santa Maria col Bambino Gesù di via Cupa in Santa Maria in Trastevere,1634-04-05,Bombelli; Briccolani,yes,AUTO,Bombelli: corona alla Madonna e al Bambino.
4,53,Italia,Roma,Madonna del Popolo,29-7-1634,Conte Sforza,sì,1,yes,,santa-maria-del-popolo-rome-santa-maria-del-popo,"Rome, Santa Maria del Popolo",Santa Maria del Popolo,1634-07-29,Bombelli; Briccolani,yes,AUTO,Bombelli: il Bambino fu incoronato il 6 settembre 1667. Briccolani: il Bambino fu incoronato nel 1667. ERR - Frate Anselmo: data l'incoronazione 6 settembre 1667.
5,110,Italia,Roma,Madonna della Pace,29-7-1634,Conte Sforza,sì,1,yes,,madonna-della-pace-rome-santa-maria-della-pace,"Rome, Santa Maria della Pace",Madonna della Pace,1634-07-29,Balzamo; Bombelli; Briccolani,yes,AUTO,
6,108,Italia,Roma,Madonna della Consolazione,7-9-1634,Conte Sforza,sì,1,yes,,santa-maria-della-consolazione-rome-santa-maria,"Rome, Santa Maria della Consolazione",Santa Maria della Consolazione,1634-09-07,Briccolani,yes,AUTO,
7,47,Italia,Roma,Madonna Advocata,22-8-1635,Conte Sforza,sì,1,yes,,santa-maria-della-concezione-in-s-lorenzo-e-dama,"Rome, San Lorenzo in Damaso","Santa Maria della Concezione in S. Lorenzo, e Damaso",1635-08-22; 1854-12-08,Bombelli; Briccolani,yes,AUTO,ERR - Frate Anselmo: la titola Santissima Concezione (antica confraternita a San Lorenzo in Damaso).
8,144,Italia,Roma,Madonna della SS Annunziata,30-12-1635,Conte Sforza,sì,1,yes,,santa-maria-annunziata-in-tor-de-specchi-rome-to,"Rome, Tor de' Specchi",Santa Maria Annunziata in Tor de' Specchi,1635-12-30,Bombelli; Briccolani,yes,AUTO,Frate Anselmo: la titola Santa Maria Annuziata a Tor de' Specchi.
9,55,Italia,Roma,Madonna Advocata,29-3-1636,Conte Sforza,sì,1,yes,,santa-maria-in-araceli-rome-santa-maria-in-araco,"Rome, Santa Maria in Aracoeli",Santa Maria in Araceli,1636-03-29,Bombelli; Briccolani,yes,AUTO,ERR - Frate Anselmo: la titola Santa Maria della Luce.
10,4,Città del Vaticano,Città del Vaticano,Madonna della Pietà,31-8-1637,Conte Sforza,sì,1,yes,,madonna-della-pieta-michelangelo-s-pieta-rome-va,"Rome, Vatican Basilica (Pietà)",Madonna della Pietà (Michelangelo's Pietà),1637-08-31,Bombelli; Briccolani; Zander/Magister,yes,PICK,ERR - Frate Anselmo: data l'incoronazione 31 agosto 1633.
11,72,Italia,Roma,Madonna della Strada,14-8-1638,Conte Sforza,sì,1,yes,,santa-maria-della-strada-nella-chiesa-del-gesu-r,"Rome, Chiesa del Gesù",Santa Maria della Strada nella Chiesa del Gesù,1638-08-14; 1885-06-14,Briccolani,yes,AUTO,
12,132,Italia,Roma,Madonna di Santa Teresa,16-12-1638,Conte Sforza,sì,1,yes,,santa-maria-in-santa-teresa-alle-quattro-fontane,"Rome, Santa Teresa alle Quattro Fontane",Santa Maria in Santa Teresa alle quattro Fontane,1638-09-16,Bombelli; Briccolani,yes,AUTO,ERR - Frate Anselmo: data l'incoronazione 16 settembre 1638.
13,61,Italia,Roma,Madonna del Rosario,6-12-1640,Capitolo,sì,1,yes,,santa-maria-del-rosario-nella-chiesa-di-santa-ma,"Rome, Santa Maria sopra Minerva",Santa Maria del Rosario nella Chiesa di Santa Maria,1640-12-06; 1644-08-28,Bombelli; Briccolani,yes,AUTO,Bombelli: corona al Bambino 15 dicembre 1654. ERR - Bombelli: data nell'immagine anno 1640. Briccolani: corona al Bambino anno 1654.
14,64,Italia,Roma,Madonna con il Bambino,4-3-1641,Capitolo,sì,1,yes,,santa-maria-in-s-agostino-rome-sant-agostino,"Rome, Sant'Agostino",Santa Maria in S. Agostino,1641-03-04; 1643,Balzamo; Briccolani,yes,AUTO,
15,70,Italia,Roma,Madonna Advocata,14-3-1641,Capitolo,sì,1,yes,,santa-maria-nella-chiesa-de-ss-domenico-e-sisto,"Rome, monastery of the Dominican nuns of San Sisto (Santi Domenico e Sisto, Magnanapoli)","Santa Maria nella Chiesa de' SS. Domenico, e Sisto a Monte Magnanapoli",1641-01-14,Balzamo; Bombelli; Briccolani,yes,AUTO,ERR - Frate Anselmo: la titola Santa Maria delle Grazie.
16,124,Italia,Roma,Madonna del Carmine,15-7-1641,Capitolo,sì,1,yes,,santa-maria-in-traspontina-rome-santa-maria-in-t,"Rome, Santa Maria in Traspontina",Santa Maria in Traspontina,1641-06-15; 1928-07-16,Bombelli; Briccolani,yes,AUTO,Bombelli: corona al Bambino aprile 1651. ERR - Bombelli: incoronata il 16 giugno 1641. Briccolani: corona al Bambino 1651.
17,79,Italia,Roma,Madonna con Bambino,11-8-1641,Capitolo,sì,1,yes,,santa-maria-in-s-cosimato-in-trastevere-rome-san,"Rome, San Cosimato in Trastevere",Santa Maria in S. Cosimato in Trastevere,1641-08-11,Briccolani,yes,AUTO,ERR - Briccolani: incoronazione nell'anno 1641 e del Bambino nel 1644.
18,10,Città del Vaticano,Città del Vaticano,Madonna della Febbre,31-1-1643,Capitolo,sì,1,yes,,madonna-della-febbre-rome-vatican-basilica-sacri,"Rome, Vatican Basilica (sacristy)",Madonna della Febbre,1631-08-27; 1697-08-15,ACSP; Balzamo; Briccolani; Zander/Magister,yes,PICK,
19,60,Italia,Roma,Madonna Advocata,1-2-1643,Capitolo,sì,1,yes,,santa-maria-in-via-lata-rome-santa-maria-in-via,"Rome, Santa Maria in Via Lata",Santa Maria in Via Lata,1643-02-01,Briccolani,yes,AUTO,
20,104,Italia,Roma,Madonna del Pianto,20-5-1643,Capitolo,sì,1,yes,,santa-maria-del-pianto-rome-santa-maria-del-pian,"Rome, Santa Maria del Pianto",Santa Maria del Pianto,1643-05-20,Briccolani,yes,AUTO,Briccolani: corona al Bambino anno 1651.
21,7,Città del Vaticano,Città del Vaticano,Madonna del Soccorso,17-11-1643,Capitolo,sì,1,yes,,madonna-del-soccorso-rome-vatican-basilica-cappe,"Rome, Vatican Basilica (Cappella Gregoriana)",Madonna del Soccorso,1643-11-17,Bombelli; Briccolani; Zander/Magister,yes,AUTO,Bombelli: corona al Bambino nel 1647. Briccolani: corona al Bambino nel 1647.
22,116,Italia,Roma,Madonna delle Grazie,9-6-1644,Capitolo,sì,1,yes,,santa-maria-delle-grazie-a-porta-angelica-rome-s,"Rome, Santa Maria delle Grazie a Porta Angelica",Santa Maria delle Grazie a Porta Angelica,1644-06-09; 1924-06-22,Bombelli; Briccolani,yes,AUTO,
23,76,Italia,Roma,Madonna di Loreto,12-12-1644,Capitolo,sì,1,yes,,santa-maria-di-loreto-in-s-salvator-in-lauro-rom,"Rome, San Salvatore in Lauro",Santa Maria di Loreto in S. Salvator in Lauro,1644-12-12; 1836-12-09,Bombelli; Briccolani,yes,AUTO,Bombelli: corona al Bambino due anni dopo l'incoronazione. Briccolani: corona al Bambino anno 1646.
24,80,Italia,Roma,Madonna con Bambino,5-1-1645,Capitolo,sì,1,yes,,santa-maria-in-s-cosimato-in-trastevere-rome-san,"Rome, San Cosimato in Trastevere",Santa Maria in S. Cosimato in Trastevere,1641-08-11,Briccolani,±1,PICK,
25,5,Città del Vaticano,Città del Vaticano,Madonna della Colonna,7-2-1645,Capitolo,sì,1,yes,,santa-maria-della-colonna-nella-basilica-vatican,"Rome, Vatican Basilica (Madonna della Colonna)",Santa Maria della Colonna nella Basilica Vaticana,1645-01-01,Bombelli; Briccolani; Zander/Magister,yes,PICK,Bombelli: corona al Bambino 11 ottobre 1645 con richiesta del giorno 12 giugno 1645. Briccolani: corona al Bambino anno 1645. ERR - Frate Anselmo: data l'incoronazione 1 gennaio 1645.
26,41,Italia,Roma,Santa Maria dell'Intercessione,17-6-1645,Capitolo,sì,1,yes,,santa-maria-nella-chiesa-di-s-alessio-rome-sant,"Rome, Sant'Alessio",Santa Maria nella Chiesa di S. Alessio,1645-06-17,Briccolani,yes,PICK,
27,6,Città del Vaticano,Città del Vaticano,Madonna della Colonna,11-10-1645,Capitolo,sì,1,yes,,santa-maria-della-colonna-nella-basilica-vatican,"Rome, Vatican Basilica (Madonna della Colonna)",Santa Maria della Colonna nella Basilica Vaticana,1645-01-01,Bombelli; Briccolani; Zander/Magister,yes,PICK,
28,145,Italia,Roma,Santa Maria in Santa Marta,20-11-1645,Capitolo,sì,1,yes,,santa-maria-dentro-il-monastero-di-s-marta-al-co,"Rome, Santa Marta al Collegio Romano",Santa Maria dentro il Monastero di S. Marta al Collegio Romano,1645-11-20,Bombelli; Briccolani,yes,PICK,Bombelli: corona al Bambino 1 settembre 1646. Briccolani: corona al Bambino 1646.
29,102,Italia,Roma,Madonna dei Miracoli,11-1-1646,Capitolo,sì,1,yes,,santa-maria-de-miracoli-sulla-piazza-del-popolo,"Rome, Santa Maria dei Miracoli",Santa Maria de' Miracoli sulla Piazza del Popolo,1646-01-11,Briccolani,±1,AUTO,ERR - Bombelli: data di incoronazione anno 1645 nella didascalia sotto l'immagine. Briccolani: corona al Bambino anno 1667.
30,127,Italia,Roma,Madonna del Pozzo,17-1-1646,Capitolo,sì,1,yes,,santa-maria-in-via-rome-santa-maria-in-via,"Rome, Santa Maria in Via",Santa Maria in Via,1646-01-17,Briccolani,yes,AUTO,ERR - Frate Anselmo: data l'incoronazione 2 gennaio 1646.
31,111,Italia,Roma,Madonna della Purità,16-4-1646,Capitolo,sì,1,yes,,santa-maria-della-purita-in-borgo-rome-santa-mar,"Rome, Santa Maria della Purità in Borgo",Santa Maria della Purità in Borgo,1646-04-16,Bombelli; Briccolani,yes,AUTO,Briccolani: corona al Bambino anno 1651. La data del decreto è posteriore a quella dell'incoronazione.
32,146,Italia,Roma,Santa Maria in Santa Marta,1-9-1646,Capitolo,sì,1,yes,,santa-maria-dentro-il-monastero-di-s-marta-al-co,"Rome, Santa Marta al Collegio Romano",Santa Maria dentro il Monastero di S. Marta al Collegio Romano,1645-11-20,Bombelli; Briccolani,yes,PICK,Bombelli: corona al Bambino 1 settembre 1646. Briccolani: corona al Bambino 1646.
33,114,Italia,Roma,Madonna della Scala,10-10-1646,Capitolo,sì,1,yes,,santa-maria-della-scala-in-trastevere-rome-santa,"Rome, Santa Maria della Scala (Trastevere)",Santa Maria della Scala in Trastevere,1646-10-10,Bombelli; Briccolani,yes,AUTO,Bombelli: corona alla Madonna e al Bambino.
34,77,Italia,Roma,Madonna di Loreto,#-#-1646,Capitolo,sì,1,yes,,santa-maria-di-loreto-in-s-salvator-in-lauro-rom,"Rome, San Salvatore in Lauro",Santa Maria di Loreto in S. Salvator in Lauro,1644-12-12; 1836-12-09,Bombelli; Briccolani,yes,PICK,
35,138,Italia,Roma,Santa Maria in Fonte,8-6-1647,Capitolo,sì,1,yes,,santa-maria-in-fonte-rome-san-giovanni-in-fonte,"Rome, San Giovanni in Fonte (Lateran baptistery)",Santa Maria in Fonte,1647-06-08,Bombelli; Briccolani,yes,PICK,Bombelli: corona alla Madonna e al Bambino.
36,109,Italia,Roma,Madonna delle Grazie,14-8-1647,Capitolo,sì,1,yes,,madonna-delle-grazie-rome-santa-maria-delle-graz,"Rome, Santa Maria delle Grazie al Foro Romano",Madonna delle Grazie,1647-08-14,,,PICK,Frate Anselmo: la colloca nell'Ospedale di Santa Maria della Consolazione.
37,69,Italia,Roma,Madonna delle Grotte,21-11-1647,Capitolo,sì,1,yes,,santa-maria-nel-monastero-de-ss-domenico-e-sisto,"Rome, Santi Domenico e Sisto (Magnanapoli), inner monastery","Santa Maria nel Monastero de' SS. Domenico, e Sisto",1647-11-21,Bombelli; Briccolani,yes,AUTO,ERR - Frate Anselmo: la titola Madonna della Grotta.
38,8,Città del Vaticano,Città del Vaticano,Madonna del Soccorso,#-#-1647,Capitolo,sì,1,yes,,madonna-del-soccorso-rome-vatican-basilica-cappe,"Rome, Vatican Basilica (Cappella Gregoriana)",Madonna del Soccorso,1643-11-17,Bombelli; Briccolani; Zander/Magister,yes,PICK,ERR - Frate Anselmo: data l'incoronazione 17 novembre 1643.
39,49,Italia,Roma,Madonna del Rifugio,4-1-1648,#,no,#,no,petition refused or crowning uncertain (incoronazione #),,,,,,,,Briccolani: non la cita. ERR - Frate Anselmo: riporta questa incoronazione che non esiste.
40,45,Italia,Roma,Madonna in San Giovanni dei Fiorentini,7-6-1648,Capitolo,sì,1,yes,,santa-maria-della-misericordia-in-s-giovanni-de,"Rome, San Giovanni dei Fiorentini",Santa Maria della Misericordia in S. Giovanni de Fiorentini,1648-06-07,Briccolani,yes,PICK,
41,50,Italia,Roma,Madonna della Sanità,26-7-1648,Capitolo,sì,1,yes,,santa-maria-della-salute-in-s-lorenzo-in-lucina,"Rome, San Lorenzo in Lucina",Santa Maria della Salute in S. Lorenzo in Lucina,1648-07-26,Bombelli; Briccolani,yes,AUTO,Bombelli: corona alla Madonna e al Bambino. ERR - Frate Anselmo: data l'incoronazione 3 gennaio 1648. La data del decreto è posteriore a quella dell'incoronazione.
42,140,Italia,Roma,Santa Maria in Vallicella,9-7-1649,Capitolo,sì,1,yes,,santa-maria-in-vallicella-detta-la-chiesa-nuova,"Rome, Santa Maria in Vallicella",Santa Maria in Vallicella detta la Chiesa Nuova,1649-07-09,Briccolani,yes,AUTO,
43,98,Italia,Roma,Madonna delle Catene,31-1-1650,Capitolo,sì,1,yes,,santa-maria-in-s-silvestro-a-monte-cavallo-rome,"Rome, San Silvestro al Quirinale",Santa Maria in S. Silvestro a Monte Cavallo,1650-01-31,Briccolani,yes,AUTO,
44,87,Italia,Roma,Madonna di San Giovannino,3-6-1650,Capitolo,sì,1,yes,,santa-maria-in-s-giovannino-in-campo-marzo-de-pp,"Rome, San Giovannino in Campo Marzio (Mercedarians)",Santa Maria in S. Giovannino in Campo Marzo de' PP. della Mercede,1650-06-03,Bombelli; Briccolani,yes,PICK,
45,122,Italia,Roma,Santa Maria in Portico,26-11-1650,Capitolo,sì,1,yes,,santa-maria-in-portico-in-campitelli-rome-santa,"Rome, Santa Maria in Portico in Campitelli",Santa Maria in Portico in Campitelli,1650-11-26; 1899-07-16,Briccolani,yes,PICK,Bombelli:la titola Santa Maria in Portico in Campitelli. Briccolani: la titola Santa Maria in Portico in Campitelli.
46,130,Italia,Roma,Madonna di Costantinopoli,26-1-1651,Capitolo,sì,1,yes,,santa-maria-di-costantinopoli-a-capo-le-case-rom,"Rome, Santa Maria di Costantinopoli a Capo le Case",Santa Maria di Costantinopoli a capo le Case,1651-01-26,Bombelli; Briccolani,yes,PICK,ERR - Frate Anselmo: dat al'incoronazione 5 gennaio 1651.
47,93,Italia,Roma,Madonna delle Grazie,2-7-1651,Capitolo,sì,1,yes,,santa-maria-in-s-paolino-alla-regola-rome-san-pa,"Rome, San Paolino alla Regola",Santa Maria in S. Paolino alla Regola,1651-07-02,Bombelli; Briccolani,yes,AUTO,Bombelli: corona alla Madonna e al Bambino.
48,141,Italia,Roma,Santa Maria in Campitelli,2-7-1651,Capitolo,sì,1,yes,,santa-maria-nell-oratorio-di-campitelli-rome-ora,"Rome, Oratorio di Campitelli",Santa Maria nell'Oratorio di Campitelli,1651-07-02,Briccolani,yes,PICK,Bombelli: la titola Madonna nell'Oratorio del Collegio de' PP. di Campitelli Briccolani: la titola Santa Maria nell'Oratorio in Campitelli.
49,42,Italia,Roma,Madonna della Salute,#-#-1651,Capitolo,sì,1,yes,,santa-maria-in-s-cosma-e-damiano-in-campo-vaccin,"Rome, Santi Cosma e Damiano","Santa Maria in S. Cosma, e Damiano in Campo Vaccino",1651,Briccolani,yes,AUTO,ERR - Frate Anselmo: riporta come data di incoronazione la data del decreto; titola Madonna in SS. Cosma e Damiano in Campo Vaccino. Bombelli: corona alla Madonna e al Bambino.
50,105,Italia,Roma,Madonna del Pianto,#-#-1651,Capitolo,sì,1,yes,,santa-maria-del-pianto-rome-santa-maria-del-pian,"Rome, Santa Maria del Pianto",Santa Maria del Pianto,1643-05-20,Briccolani,yes,PICK,
51,112,Italia,Roma,Madonna della Purità,#-#-1651,Capitolo,sì,1,yes,,santa-maria-della-purita-in-borgo-rome-santa-mar,"Rome, Santa Maria della Purità in Borgo",Santa Maria della Purità in Borgo,1646-04-16,Bombelli; Briccolani,yes,PICK,
52,125,Italia,Roma,Madonna del Carmine,#-#-1651,Capitolo,sì,1,yes,,santa-maria-in-traspontina-rome-santa-maria-in-t,"Rome, Santa Maria in Traspontina",Santa Maria in Traspontina,1641-06-15; 1928-07-16,Bombelli; Briccolani,yes,PICK,
53,135,Italia,Roma,Santa Maria Liberatrice,7-1-1652,Capitolo,sì,1,yes,,santa-maria-nella-chiesa-di-s-anna-alli-falegnam,"Rome, Sant'Anna dei Falegnami",Santa Maria nella Chiesa di S. Anna alli Falegnami,1652-01-07,Bombelli; Briccolani,yes,PICK,
54,186,Italia,Avigliana,Madonna dei Laghi,14-4-1652,#,no,#,no,petition refused or crowning uncertain (incoronazione #),,,,,,,,"Briccolani: non la cita. ERR - Frate Anselmo: riporta questa incoronazione, ma non fu decretata dal Capitolo Vaticano."
55,52,Italia,Roma,Madonna della Rotonda,8-9-1652,Capitolo,sì,1,yes,,santa-maria-ad-martires-detta-la-rotonda-rome-pa,"Rome, Pantheon (Santa Maria ad Martyres)","Santa Maria ad Martires, detta la Rotonda",1652-09-08,Bombelli; Briccolani,yes,AUTO,ERR - Frate Anselmo: data l'incoronazione 20 luglio 1652.
56,123,Italia,Roma,Santa Maria in Posterula,20-7-1653,Capitolo,sì,1,yes,,santa-maria-in-posterola-all-orso-rome-santa-mar,"Rome, Santa Maria in Posterula",Santa Maria in Posterola all'Orso,1653-07-20,Briccolani,yes,PICK,
57,128,Italia,Roma,Madonna Liberatrice,4-8-1653,Capitolo,sì,1,yes,,santa-maria-liberatrice-in-campo-vaccino-rome-sa,"Rome, Santa Maria Liberatrice",Santa Maria Liberatrice in Campo Vaccino,1653-08-04,Briccolani,yes,PICK,"ERR - Frate Anselmo: riporta come data di incoronazione la data del decreto; la colloca nella chiesa di Santa Maria Liberatrice in Campo Vaccino, già demolita."
58,66,Italia,Roma,Madonna nel Portico,15-8-1653,Capitolo,sì,1,yes,,santa-maria-nel-portico-di-s-apollinare-rome-san,"Rome, Sant'Apollinare (portico)",Santa Maria nel Portico di S. Apollinare,1653-08-15,Briccolani,yes,AUTO,Bombelli: corona alla Madonna e al Bambino.
59,157,Italia,Ceranesi,Santa Maria della Guardia,31-5-1654,#,no,#,no,petition refused or crowning uncertain (incoronazione #),,,,,,,,Briccolani: non la cita. Frate Anselmo: non la cita.
60,75,Italia,Roma,Madonna Ausiliatrice,21-7-1654,Capitolo,sì,1,yes,,santa-maria-nella-chiesa-della-trinita-de-pelleg,"Rome, Santissima Trinità dei Pellegrini",Santa Maria nella Chiesa della Trinità de' Pellegrini,1654-06-21,Bombelli; Briccolani,yes,AUTO,ERR - Frate Anselmo: la titola Santa Maria di Strada di Valle. ERR - Bombelli: erra la data (1954).
61,62,Italia,Roma,Madonna del Rosario,15-12-1654,Capitolo,sì,1,yes,,santa-maria-del-rosario-nella-chiesa-di-santa-ma,"Rome, Santa Maria sopra Minerva",Santa Maria del Rosario nella Chiesa di Santa Maria,1640-12-06; 1644-08-28,Bombelli; Briccolani,yes,PICK,
62,97,Italia,Roma,Madonna delle Grazie,15-12-1654,Capitolo,sì,1,yes,,santa-maria-delle-grazie-in-s-salvator-in-lauro,"Rome, San Salvatore in Lauro",Santa Maria delle Grazie in S. Salvator in Lauro,1654-12-15,Bombelli; Briccolani,yes,AUTO,
63,136,Italia,Roma,Madonna in Santo Spirito in Sassia,5-4-1655,Capitolo,sì,1,yes,,santa-maria-in-s-spirito-in-sassia-rome-santo-sp,"Rome, Santo Spirito in Sassia",Santa Maria in S. Spirito in Sassia,1655-04-05,Briccolani,yes,AUTO,
64,107,Italia,Roma,Madonna Advocata,2-7-1655,Capitolo,sì,1,yes,,santa-maria-nella-chiesa-delle-monache-di-campo,"Rome, Santa Maria in Campo Marzio (nuns)",Santa Maria nella Chiesa delle Monache di Campo Marzo,1655-07-02,Bombelli; Briccolani,yes,PICK,Frate Anselmo: la titola Madonna delle Monache.
65,63,Italia,Roma,Madonna di Santa Prassede,16-8-1655,Capitolo,sì,1,yes,,santa-maria-in-s-prasede-rome-santa-prassede,"Rome, Santa Prassede",Santa Maria in S. Prasede,1655-08-16,Bombelli; Briccolani,yes,PICK,
66,120,Italia,Roma,Madonna di Monserrato,8-4-1656,Capitolo,sì,1,yes,,santa-maria-di-monserrato-rome-santa-maria-di-mo,"Rome, Santa Maria di Monserrato",Santa Maria di Monserrato,1656-04-08,Bombelli; Briccolani,yes,AUTO,Bombelli: corona alla Madonna e al Bambino.
67,118,Italia,Roma,Madonna dell'Orto,19-8-1657,Capitolo,sì,1,yes,,santa-maria-dell-orto-in-trastevere-rome-santa-m,"Rome, Santa Maria dell'Orto",Santa Maria dell'Orto in Trastevere,1657-08-19,Bombelli; Briccolani,yes,PICK,Bombelli: corona alla Madonna e al Bambino.
68,95,Italia,Roma,Mater Divinae Gratiae,21-1-1658,Capitolo,sì,1,yes,,santa-maria-nella-chiesa-di-s-rocco-a-ripetta-ro,"Rome, San Rocco a Ripetta",Santa Maria nella Chiesa di S. Rocco a Ripetta,1658-01-21,Bombelli; Briccolani,yes,AUTO,
69,88,Italia,Roma,Madonna di San Gregorio,14-9-1658,Capitolo,sì,1,yes,,santa-maria-nella-cappella-salviati-in-s-gregori,"Rome, San Gregorio al Celio (Cappella Salviati)",Santa Maria nella Cappella Salviati in S. Gregorio al Monte Celio,1658-09-14,Bombelli; Briccolani,yes,AUTO,
70,147,Italia,Roma,Madonna del Sole,7-12-1658,Capitolo,sì,1,yes,,santa-maria-nell-oratorio-di-s-marcello-rome-ora,"Rome, Oratorio del Crocifisso di San Marcello",Santa Maria nell'Oratorio di S. Marcello,1658-12-07,Briccolani,yes,AUTO,ERR - Frate Anselmo: data l'incoronazione 16 gennaio 1658 e nell'Oratorio di San Marcello.
71,43,Italia,Roma,Madonna del Carmine,20-1-1659,Capitolo,sì,1,yes,,santa-maria-in-s-martino-a-monti-rome-san-martin,"Rome, San Martino ai Monti",Santa Maria in S. Martino a' Monti,1659-01-20,Bombelli; Briccolani,yes,AUTO,Bombelli: corona alla Madonna e al Bambino.
72,59,Italia,Roma,Madonna della Clemenza,2-11-1659,Capitolo,sì,1,yes,,santa-maria-della-clemenza-in-santa-maria-in-tra,"Rome, Santa Maria in Trastevere (Madonna della Clemenza)",Santa Maria della Clemenza in Santa Maria in Trastevere,1659-11-02,Bombelli; Briccolani,yes,PICK,
73,57,Italia,Roma,Madonna di Monte Santo,3-12-1659,Capitolo,sì,1,yes,,santa-maria-di-monte-santo-sulla-piazza-del-popo,"Rome, Santa Maria di Montesanto",Santa Maria di Monte Santo sulla piazza del Popolo,1659-12-03,Briccolani,yes,PICK,Bombelli: corona alla Madonna e al Bambino.
74,84,Italia,Roma,Madonna dei Miracoli,5-12-1659,Capitolo,sì,1,yes,,santa-maria-nella-chiesa-di-s-giacomo-degl-incur,"Rome, San Giacomo degli Incurabili",Santa Maria nella Chiesa di S. Giacomo degl'Incurabili,1659-12-05,Briccolani,yes,AUTO,Bombelli: corona alla Madonna e al Bambino. Frate Anselmo: la colloca nell'Ospedale di San Giacomo degli Incurabili; la titola Madonna di San Giacomo.
75,31,Italia,Fontanellato,Santa Maria del Rosario,18-8-1660,#,no,#,no,petition refused or crowning uncertain (incoronazione #),,,,,,,,Briccolani: non la cita. ERR - Frate Anselmo: data l'incoronazione 15 agosto 1660.
76,119,Italia,Roma,Madonna di Loreto dei Fornari,7-9-1660,Capitolo,sì,1,yes,,santa-maria-di-loreto-a-colonna-trajana-rome-san,"Rome, Santa Maria di Loreto (Colonna Traiana)",Santa Maria di Loreto a Colonna Trajana,1660-09-07,Bombelli; Briccolani,yes,AUTO,"ERR - Bombelli: nella descrizione riporta l'anno 1760, nell'immagine 1660."
77,86,Italia,Roma,Madonna della Misericordia,6-11-1661,Capitolo,sì,1,yes,,santa-maria-in-s-giovanni-decollato-rome-san-gio,"Rome, San Giovanni Decollato",Santa Maria in S. Giovanni decollato,1661-11-06,Bombelli; Briccolani,yes,AUTO,Bombelli: corona alla Madonna e al Bambino.
78,117,Italia,Roma,Madonna dell'Orazione,6-11-1661,Capitolo,sì,1,yes,,santa-maria-dell-orazione-nella-chiesa-della-mor,"Rome, Santa Maria dell'Orazione e Morte",Santa Maria dell'Orazione nella Chiesa della Morte a strada Giulia,1661-11-06,Briccolani,yes,AUTO,Bombelli: corona alla Madonna e al Bambino.
79,185,Italia,"Garessio, frazione di Valsorda",Madonna delle Grazie,29-5-1662,#,no,#,no,petition refused or crowning uncertain (incoronazione #),,,,,,,,Briccolani: non la cita. ERR - Frate Anselmo: data l'incoronazione 23 gennaio 1662.
80,51,Italia,Roma,Santa Maria Nuova,12-9-1662,Capitolo,sì,1,yes,,santa-maria-in-s-francesca-romana-in-campo-vacci,"Rome, Santa Francesca Romana",Santa Maria in S. Francesca Romana in Campo Vaccino,1662-09-12,Briccolani,yes,AUTO,
81,44,Italia,Roma,Madonna del Carmine,7-10-1662,Capitolo,sì,1,yes,,santa-maria-in-s-grisogono-in-trastevere-rome-sa,"Rome, San Crisogono",Santa Maria in S. Grisogono in Trastevere,1662-10-07,Bombelli; Briccolani,yes,AUTO,"Bombelli: Mario Maffei Decano, e Bernardino Casali fecero la consegna delle corone al P. Emilio Boino, priore del convento."
82,83,Italia,Roma,Madonna di Scossacavalli,19-3-1664,Capitolo,sì,1,yes,,santa-maria-in-s-giacomo-scosciacavalli-rome-san,"Rome, San Giacomo Scossacavalli",Santa Maria in S. Giacomo Scosciacavalli,1664-03-19,Bombelli; Briccolani,yes,AUTO,
83,85,Italia,Roma,Madonna della Lampada,19-3-1664,Capitolo,sì,1,yes,,santa-maria-in-s-giovanni-calabita-all-isola-rom,"Rome, San Giovanni Calibita",Santa Maria in S. Giovanni Calabita all'Isola,1664-03-19,Bombelli; Briccolani,yes,AUTO,ERR - Frate Anselmo: data l'incoronazione 24 gennaio 1664.
84,68,Italia,Roma,Madonna delle Grazie,17-5-1665,Capitolo,sì,1,yes,,santa-maria-in-s-celso-in-banchi-rome-santi-cels,"Rome, Santi Celso e Giuliano",Santa Maria in S. Celso in Banchi,1665-05-17,Bombelli; Briccolani,yes,AUTO,Bombelli: corona alla Madonna e al Bambino.
85,150,Italia,Roma,Madonna del Sole,18-5-1665,Capitolo,sì,1,yes,,santa-maria-del-sole-incontro-alla-bocca-della-v,"Rome, Santa Maria del Sole",Santa Maria del Sole incontro alla Bocca della Verità,1665-05-18; 1669-05-18,Bombelli; Briccolani,yes,AUTO,"Bombelli: corona alla Madonna e al Bambino. ERR - Bombelli: data l'incoronazione il 18 maggio 1669 nel testo, mentre la data nell'immagine iniziale è 1665. Frate Anselmo: la colloca incontro la Bocca della Verità."
86,106,Italia,Roma,Madonna del Suffragio,25-1-1666,Capitolo,sì,1,yes,,santa-maria-nella-chiesa-del-suffraggio-rome-san,"Rome, Santa Maria del Suffragio",Santa Maria nella Chiesa del Suffraggio,1666-01-25,Bombelli; Briccolani,yes,AUTO,Bombelli: corona alla Madonna e al Bambino.
87,99,Italia,Roma,Madonna del Gonfalone,30-4-1666,Capitolo,sì,1,yes,,santa-maria-nella-chiesa-di-s-lucia-del-confalon,"Rome, Santa Lucia del Gonfalone",Santa Maria nella Chiesa di S. Lucia del Confalone,1666-04-30,Bombelli; Briccolani,yes,PICK,Bombelli: corona alla Madonna e al Bambino.
88,54,Italia,Roma,Madonna del Popolo,6-9-1667,Capitolo,sì,1,yes,,santa-maria-del-popolo-rome-santa-maria-del-popo,"Rome, Santa Maria del Popolo",Santa Maria del Popolo,1634-07-29,Bombelli; Briccolani,yes,PICK,
89,81,Italia,Roma,Madonna del Rimedio,7-9-1667,Capitolo,sì,1,yes,,santa-maria-in-s-dionigi-alle-quattro-fontane-ro,"Rome, San Dionigi alle Quattro Fontane",Santa Maria in S. Dionigi alle quattro Fontane,1667-09-07,Bombelli; Briccolani,yes,AUTO,Bombelli: corona alla Madonna e al Bambino.
90,100,Italia,Roma,Madonna degli Angeli,21-11-1667,Capitolo,sì,1,yes,,santa-maria-in-s-lucia-della-tinta-rome-santa-lu,"Rome, Santa Lucia della Tinta",Santa Maria in S. Lucia della Tinta,1667-11-21,Bombelli; Briccolani,yes,PICK,Bombelli: non fornisce la data di incoronazione. ERR - Frate Anselmo: data l'incoronazione 23 maggio 1667.
91,103,Italia,Roma,Madonna dei Miracoli,#-#-1667,Capitolo,sì,1,yes,,santa-maria-de-miracoli-sulla-piazza-del-popolo,"Rome, Santa Maria dei Miracoli",Santa Maria de' Miracoli sulla Piazza del Popolo,1646-01-11,Briccolani,yes,PICK,
92,91,Italia,Roma,Madonna del Rosario,6-7-1668,Capitolo,sì,1,yes,,santa-maria-del-rosario-nella-chiesa-di-s-michel,"Rome, San Michele a Ripa",Santa Maria del Rosario nella Chiesa di S. Michele a Ripa,1668-07-06,Bombelli; Briccolani,yes,AUTO,
93,129,Italia,Roma,Madonna della Salute,5-11-1668,Capitolo,sì,1,yes,,santa-maria-della-salute-nella-chiesa-della-mada,"Rome, Santa Maria Maddalena",Santa Maria della Salute nella Chiesa della Madalena,1668-11-05; 1868-08-30,Bombelli; Briccolani,yes,AUTO,ERR - Frate Anselmo: data l'incoronazione 6 luglio 1668.
94,67,Italia,Roma,Santa Maria del Presepe,#-#-1669,Capitolo,no,1,no,not verified by them (data verificata: no),,,,,,,,Bombelli: non la cita. Briccolani: non la cita. ERR - Frate Anselmo: data l'incoronazione 26 gennaio 1669.
95,113,Italia,Roma,Madonna della Quercia,6-9-1670,Capitolo,sì,1,yes,,santa-maria-della-quercia-rome-santa-maria-della,"Rome, Santa Maria della Quercia",Santa Maria della Quercia,1670-09-06,Bombelli; Briccolani,yes,AUTO,
96,78,Italia,Roma,Madonna delle Grazie,31-1-1671,Capitolo,sì,1,yes,,santa-maria-in-s-biagio-della-pagnotta-rome-san,"Rome, San Biagio della Pagnotta",Santa Maria in S. Biagio della Pagnotta,1671-01-31,Bombelli; Briccolani,yes,AUTO,Bombelli: corona alla Madonna e al Bambino.
97,56,Italia,Roma,Madonna in Cosmedin,23-11-1672,Capitolo,sì,1,yes,,santa-maria-in-cosmedin-detta-la-bocca-della-ver,"Rome, Santa Maria in Cosmedin",Santa Maria in Cosmedin detta la Bocca della Verità,1672-11-23; 1920-06-20,Briccolani,yes,AUTO,Bombelli: corona alla Madonna e al Bambino.
98,30,Italia,Modena,Santa Maria Ausiliatrice del Popolo Modenese,4-4-1673,#,no,#,no,petition refused or crowning uncertain (incoronazione #),,,,,,,,Briccolani: non la cita.
99,149,Italia,Roma,Madonna della Clemenza,15-4-1673,Capitolo,sì,1,yes,,santa-maria-nella-cappella-di-s-aniceto-del-pala,"Rome, Palazzo Altemps, chapel of Sant'Aniceto",Santa Maria nella Cappella di S. Aniceto del Palazzo Altemps,1673-04-12,Balzamo; Bombelli; Briccolani,yes,AUTO,"ERR - Bombelli: riporta come anno incoronazione l'anno 2673, mentre nell'immagine è stampato 1673. ERR - Frate Anselmo: data la coronazione 15 aprile 1674."
100,32,Italia,Reggio Emilia,Santa Maria della Ghiara (Ghiaia),13-5-1674,#,no,#,no,petition refused or crowning uncertain (incoronazione #),,,,,,,,Briccolani: non la cita.
101,134,Italia,Roma,Madonna delle monache di Sant'Ambrogio,15-11-1674,Capitolo,sì,1,yes,,santa-maria-in-s-ambrogio-della-massima-a-piazza,"Rome, Sant'Ambrogio della Massima",Santa Maria in S. Ambrogio della Massima a Piazza Mattei,1674-11-15,Bombelli; Briccolani,yes,AUTO,
102,96,Italia,Roma,Madonna di San Gioacchino,7-2-1675,Capitolo,sì,1,yes,,santa-maria-in-s-salvatore-delle-cupelle-rome-sa,"Rome, San Salvatore alle Coppelle",Santa Maria in S. Salvatore delle Cupelle,1675-02-07,Bombelli; Briccolani,yes,AUTO,
103,73,Italia,Roma,Madonna alle cappellette,3-3-1676,Capitolo,sì,1,yes,,santa-maria-nelle-stanze-di-s-ignazio-al-gesu-ro,"Rome, Chiesa del Gesù (Stanze di Sant'Ignazio)",Santa Maria nelle Stanze di S. Ignazio al Gesù,1676-03-03,Bombelli; Briccolani,yes,AUTO,Bombelli: corona alla Madonna e al Bambino.
104,121,Italia,Roma,Madonna di Santa Maria in Monterone,6-5-1676,Capitolo,sì,1,yes,,santa-maria-in-monterone-rome-santa-maria-in-mon,"Rome, Santa Maria in Monterone",Santa Maria in Monterone,1676-05-06,Bombelli; Briccolani,yes,AUTO,Bombelli: corona alla Madonna e al Bambino.
105,131,Italia,Roma,Santa Maria Portae Paradisi,29-7-1676,Capitolo,sì,1,yes,,santa-maria-porta-paradisi-in-s-giacomo-degli-in,"Rome, Santa Maria Porta Paradisi",Santa Maria Porta Paradisi in S. Giacomo degli Incurabili,1676-07-29,Bombelli; Briccolani,yes,AUTO,Bombelli: corona alla Madonna e al Bambino. Frate Anselmo: la colloca in San Giacomo degli Incurabili.
106,82,Italia,Roma,Madonna della Pietà,6-2-1677,Capitolo,sì,1,yes,,santa-maria-della-pieta-nell-oratorio-del-p-cara,"Rome, Oratorio del Caravita",Santa Maria della Pietà nell'Oratorio del P. Caravita,1677-02-06,Briccolani,yes,PICK,Bombelli: corona alla Madonna e al Bambino.
107,126,Italia,Roma,Madonna con il Bambino,29-5-1677,Capitolo,sì,1,yes,,s-maria-in-trevi-detta-li-crociferi-rome-santa-m,"Rome, Santa Maria in Trivio (Crociferi)",S. Maria in Trevi detta li Crociferi,1677-05-29,Bombelli; Briccolani,yes,AUTO,
108,133,Italia,Roma,Madonna delle Grazie,1-12-1677,Capitolo,sì,1,yes,,santa-maria-in-s-adriano-in-campo-vaccino-rome-s,"Rome, Sant'Adriano al Foro",Santa Maria in S. Adriano in Campo Vaccino,1677-12-01,Bombelli; Briccolani,yes,PICK,Bombelli: corona alla Madonna e al Bambino.
109,48,Italia,Roma,Madonna del Rifugio,28-7-1678,Capitolo,sì,1,yes,,santa-maria-delle-grazie-in-s-lorenzo-in-lucina,"Rome, San Lorenzo in Lucina (Madonna delle Grazie)",Santa Maria delle Grazie in S. Lorenzo in Lucina,1678-07-28,Bombelli; Briccolani,yes,AUTO,Bombelli: corona alla Madonna e al Bambino. ERR - Frate Anselmo: la titola anche Madonna delle Grazie.
110,65,Italia,Roma,Madonna della Purità,7-12-1678,Capitolo,sì,1,yes,,santa-maria-della-purita-in-s-andrea-della-valle,"Rome, Sant'Andrea della Valle",Santa Maria della Purità in S. Andrea della Valle,1678-12-07,Briccolani,yes,AUTO,Bombelli: corona alla Madonna e al Bambino.
111,71,Italia,Roma,Madonna delle Grazie,13-3-1679,Capitolo,sì,1,yes,,santa-maria-in-s-vincenzo-ed-anastasio-a-trevi-r,"Rome, Santi Vincenzo e Anastasio a Trevi","Santa Maria in S. Vincenzo, ed Anastasio a Trevi",1679-03-13,Bombelli; Briccolani,yes,PICK,ERR - Bombelli: data l'incoronazione 13 marzo 1679. ERR - Frate Anselmo: data l'incoronazione 13 marzo 1679. La data del decreto è posteriore a quella dell'incoronazione.
112,148,Italia,Roma,Madonna delle Gioie,8-7-1679,Capitolo,sì,1,yes,,santa-maria-nell-oratorio-vicino-alla-scala-sant,"Rome, Scala Santa",Santa Maria nell'Oratorio vicino alla Scala Santa,1679-07-08,Balzamo; Bombelli; Briccolani,yes,PICK,Frate Anselmo: la titola Santa Maria.
113,205,Italia,Montepulciano,Madonna di San Biagio,12-10-1681,Capitolo,sì,1,yes,,santa-maria-in-s-biagio-di-montepulciano-montepu,"Montepulciano, San Biagio",Santa Maria in S. Biagio di Montepulciano,1681-10-12,Balzamo; Briccolani,yes,,ERR - Frate Anselmo: scambia la data di incoronazione con quella del decreto.
114,207,Italia,Siena,Madonna di Provenzano,1-11-1681,Capitolo,sì,1,yes,,santa-maria-di-provenzano-siena-provenzano,Siena (Provenzano),Santa Maria di Provenzano,1681-11-01,Briccolani,yes,,
115,152,Italia,Velletri,Madonna delle Grazie,2-5-1682,Capitolo,sì,1,yes,,santa-maria-delle-grazie-di-velletri-velletri,Velletri,Santa Maria delle Grazie di Velletri,1682-05-02,Briccolani,yes,,
116,172,Italia,Ripatransone,Madonna di San Giovanni,10-5-1682,Capitolo,sì,1,yes,,s-maria-di-ripatransone-ripatransone,Ripatransone,S. Maria di Ripatransone,1682-05-10,Briccolani,yes,,ERR - Frate Anselmo: la colloca in San Giovanni.
117,175,Italia,Camerino,Santa Maria in Via,14-6-1682,Capitolo,sì,1,yes,,santa-maria-in-via-camerino,Camerino,Santa Maria in Via,1682-06-14,,,,ERR - Frate Anselmo: data l'incoronazione 14 giugno 1684.
118,39,Italia,Genazzano,Madonna del Buon Consiglio,17-11-1682,Capitolo,sì,1,yes,,santa-maria-del-buonconsiglio-di-genazano-genazz,Genazzano,Santa Maria del Buonconsiglio di Genazano,1682-11-17; 1867-04-30,Briccolani,yes,,ERR - Frate Anselmo: data l'incoronazione 15 novembre 1682.
119,173,Italia,Fermo,Santa Maria a Mare,22-10-1683,Capitolo,sì,1,yes,,santa-maria-al-mare-fermo-diocese,Fermo (diocese),Santa Maria al Mare,1683-10-22,Briccolani,yes,,
120,158,Italia,Genova,Santa Maria della Pietà,28-11-1683,Capitolo,sì,1,yes,,santa-maria-del-soccorso-di-genova-genoa-genova,Genoa (Genova),Santa Maria del Soccorso di Genova,1683-11-28,Briccolani,yes,,
121,155,Italia,Vallerano,Santa Maria dei Ruscelli,29-1-1684,Capitolo,sì,1,yes,,santa-maria-de-ruscelli-vallerano,Vallerano,Santa Maria de Ruscelli,1684-01-29,Briccolani,yes,,
122,46,Italia,Roma,Santa Maria del Transito o del Riposo,10-8-1684,Capitolo,sì,1,yes,,santa-maria-del-transito-in-s-giovanni-laterano,"Rome, San Giovanni in Laterano",Santa Maria del Transito in S. Giovanni Laterano,1684-08-10,Bombelli; Briccolani,yes,AUTO,ERR - Frate Anselmo: data l'incoronazione 15 agosto 1684.
123,211,Italia,"Panicale, frazione di Tavernelle",Santa Maria Assunta,30-1-1685,Capitolo,sì,1,yes,,santa-maria-di-mongiovino-di-citta-della-pieve-m,"Mongiovino (Panicale), diocese of Città della Pieve",Santa Maria di Mongiovino di Città della Pieve,1685-01-30,Briccolani,yes,,ERR - Frate Anselmo: la colloca nella località Mongiovine.
124,137,Italia,Roma,Madonna della Misericordia,28-11-1686,Capitolo,sì,1,yes,,santa-maria-nella-chiesa-delle-monache-dello-spi,"Rome, Santo Spirito (nuns)",Santa Maria nella Chiesa delle Monache dello Spirito Santo,1686-11-28,Bombelli; Briccolani,yes,PICK,
125,192,Italia,Cortona,Madonna dell'Ellera,8-2-1687,Capitolo,sì,1,yes,,santa-maria-in-santa-maria-nuova-cortona,Cortona,Santa Maria in Santa Maria Nuova,1687-02-08,Briccolani,yes,,ERR - Su internet la data di incoronazione è 30 maggio 1687.
126,143,Italia,Roma,Madonna Antica,17-6-1687,Capitolo,sì,1,yes,,santa-maria-nel-monastero-di-tor-de-specchi-rome,"Rome, Tor de' Specchi (monastery)",Santa Maria nel Monastero di Tor de' Specchi,1687-06-17,Bombelli; Briccolani,yes,PICK,Bombelli: corona alla Madonna e al Bambino.
127,200,Italia,Lucca,Santa Maria del Soccorso,7-9-1687,#,no,#,no,petition refused or crowning uncertain (incoronazione #),,,,,,,,Briccolani: non la cita. Frate Anselmo: la cita. Nessun riferimento in internet.
128,29,Italia,Forlì,Santa Maria delle ferita o del fuoco,12-10-1687,Capitolo,sì,1,yes,,santa-maria-nella-cattedrale-di-forli-forli,Forlì,Santa Maria nella Cattedrale di Forlì,1687-10-12,Briccolani,±1,,"Frate Anselmo riporta una seconda data nell'appendice, che è quella riportata ora, priam c'era, mentre prima era 5 febbraio 1686. La colloca nella chieaa della Madonna del Fuoco"
129,182,Italia,Urbino,Santa Maria della Misericordia,16-10-1687,Capitolo,sì,1,yes,,santa-maria-nella-metropolitana-di-urbino-urbino,Urbino,Santa Maria nella Metropolitana di Urbino,1687-10-16,Briccolani,yes,,ERR - Frate Anselmo: data l'incoronazione 11 febbraio 1687.
130,181,Italia,Pesaro,Santa Maria delle Grazie,19-10-1687,Capitolo,sì,1,yes,,santa-maria-nella-chiesa-di-s-marco-de-serviti-d,Pesaro,Santa Maria nella Chiesa di S. Marco de' Serviti di Pesaro,1687-10-19,Briccolani,yes,,ERR - Frate Anselmo: data l'incoronazione 9 febbraio 1687.
131,142,Italia,Roma,Santa Maria della Clausura,12-9-1688,Capitolo,sì,1,yes,,santa-maria-nel-monastero-delle-monache-di-campo,"Rome, Santa Maria in Campo Marzio (monastery)",Santa Maria nel Monastero delle Monache di Campo Marzo,1688-09-12,Bombelli; Briccolani,yes,AUTO,Bombelli: data incoronazione non precisata.
132,40,Italia,Grottaferrata,Madonna di Grottaferrata,16-11-1688,Capitolo,sì,1,yes,,santa-maria-di-grotta-ferrata-grottaferrata,Grottaferrata,Santa Maria di Grotta Ferrata,1688-11-16,Briccolani,yes,,
133,201,Italia,Lucca,Santa Maria del Sasso,30-4-1690,Capitolo,sì,1,yes,,santa-maria-del-sasso-nella-chiesa-degli-agostin,Lucca,Santa Maria del Sasso nella Chiesa degli Agostiniani di Lucca,1690-04-30,Briccolani; Zander/Magister,yes,,ERR - Briccolani: data l'incoronazione anno 1689. ERR - Frate Anselmo: data la coronazione 30 aprile 1690.
134,199,Italia,Livorno,Madonna di Montenero,4-5-1690,Capitolo,sì,1,yes,,santa-maria-di-monte-nero-montenero-livorno,Montenero (Livorno),Santa Maria di Monte Nero,1690-05-04,Briccolani,yes,,
135,167,Italia,Tirano in Valtellina,Madonna di Tirano,29-9-1690,Capitolo,sì,1,yes,,madonna-di-tirano-tirano-valtellina,Tirano (Valtellina),Madonna di Tirano,1690-09-29,AAS; ACSP; Briccolani,yes,,
136,166,Italia,Milano,Santa Maria Assunta,17-2-1691,Capitolo,sì,1,yes,,santa-maria-assunta-nella-chiesa-di-santa-maria,Milan (Milano),Santa Maria Assunta nella Chiesa di Santa Maria,1691-02-17,Briccolani,yes,,ERR - Frate Anselmo: data l'incoronazione 19 febbraio 1691.
137,34,Italia,Rimini,Santa Maria della Colonnella,19-2-1693,Capitolo,sì,1,yes,,santa-maria-della-colonella-nella-chiesa-de-pp-d,Rimini,Santa Maria della Colonella nella Chiesa de PP. del Terz'Ordine di S. Francesco,1693-02-19,Briccolani,yes,,
138,92,Italia,Roma,Madonna delle Scuole Pie di San Pantaleo,25-3-1694,Capitolo,sì,1,yes,,ss-ma-madonna-e-suo-bambino-di-s-pantaleo-in-rom,"Rome, San Pantaleo",SS.ma Madonna e suo Bambino di S. Pantaleo in Roma,1694-03-25,ACSP; Bombelli; Briccolani,yes,AUTO,"Bombelli: corona consegnata a Gianfrancesco, Generale dell'Ordne di San Pietro Calasanzio, che probabilmente la incoronò."
139,35,Italia,Frosinone,Madonna della Neve,31-5-1694,Capitolo,sì,1,yes,,santa-maria-della-neve-di-frosinone-frosinone,Frosinone,Santa Maria della Neve di Frosinone,1694-05-31,Briccolani,yes,,ERR - Frate Anselmo: riporta come data di incoronazione la data del decreto.
140,90,Italia,Roma,Madonna dell'Addolorata,17-4-1695,Capitolo,sì,1,yes,,santa-maria-de-sette-dolori-in-san-marcello-rome,"Rome, San Marcello al Corso",Santa Maria de' Sette Dolori in San Marcello,1695-04-17,ACSP; Bombelli; Briccolani,yes,AUTO,
141,213,Italia,Spoleto,Madonna di Loreto,2-3-1696,Capitolo,sì,1,yes,,santa-maria-lauretana-nella-chiesa-de-chierici-r,Spoleto,Santa Maria Lauretana nella Chiesa de Chierici Regolari di S. Paolo di Spoleto,1696-03-02,Briccolani,yes,,
142,178,Italia,Macerata,Madonna delle Vergini,21-10-1696,Capitolo,sì,1,yes,,s-maria-delle-vergini-nella-chiesa-de-carmelitan,Macerata,S. Maria delle Vergini nella Chiesa de' Carmelitani di Macerata,1696-10-21,Briccolani,yes,,
143,89,Italia,Roma,Madonna della Salute,6-12-1696,Capitolo,sì,1,yes,,madonna-e-suo-bambino-nella-chiesa-di-s-lorenzo,"Rome, San Lorenzo in Borgo (Scuole Pie)",Madonna e suo Bambino nella Chiesa di S. Lorenzo nelle Scuole Pie di Borgo,1696-12-06,ACSP; Bombelli; Briccolani,yes,AUTO,Bombelli: corona alla Madonna e al Bambino.
144,11,Città del Vaticano,Città del Vaticano,Madonna della Febbre,14-8-1697,Capitolo,sì,2,yes,,madonna-della-febbre-rome-vatican-basilica-sacri,"Rome, Vatican Basilica (sacristy)",Madonna della Febbre,1631-08-27; 1697-08-15,ACSP; Balzamo; Briccolani; Zander/Magister,yes,AUTO,ERR - Frate Anselmo: non la cita.
145,74,Italia,Roma,SS. Nome di Maria,8-9-1703,Capitolo,sì,1,yes,,santa-maria-nella-chiesa-del-nome-di-maria-rome,"Rome, Santissimo Nome di Maria",Santa Maria nella Chiesa del Nome di Maria,1703-09-08; 1903-05-24,ACSP; Bombelli; Briccolani,yes,AUTO,Bombelli: corona alla Madonna e al Bambino.
146,209,Italia,Città di Castello,Madonna di Belvedere,11-11-1703,Capitolo,sì,1,yes,,santa-maria-di-belvedere-citta-di-castello,Città di Castello,Santa Maria di Belvedere,1703-11-11,ACSP; Briccolani,yes,,ERR - Frate Anselmo: riporta come data di incoronazione la data del decreto.
147,162,Italia,Calizzano,Madonna delle Grazie,#-#-1703,#,no,#,no,petition refused or crowning uncertain (incoronazione #),,,,,,,,Briccolani: non la cita. Frate Anselmo: non la cita.
148,151,Italia,Tolfa,Madonna di Cibona,1-6-1704,Capitolo,sì,1,yes,,santa-maria-di-cibbona-vicino-alla-tolfa-cibona,"Cibona / Monte Urbano (Eremo di Cibona, territory of Tolfa)",Santa Maria di Cibbona vicino alla Tolfa,1704-06-01,ACSP; Briccolani,yes,,ERR - Frate Anselmo: data l'incoronazione 6 marzo 1704.
149,208,Italia,Siena,Santa Maria del Presepe,7-6-1704,Capitolo,sì,1,yes,,santa-maria-del-presepe-delle-monache-di-tutti-i,Siena,Santa Maria del Presepe delle Monache di tutti i Santi di Siena,1704-06-07,ACSP; Briccolani,yes,,ERR - Frate Anselmo: riporta come data di incoronazione 6 marzo 1704.
150,215,Italia,Orvieto,Madonna di San Brizio,8-6-1704,Capitolo,sì,1,yes,,madonna-di-san-brizio-orvieto,Orvieto,Madonna di San Brizio,1704-06-08,ACSP; Balzamo; Briccolani,yes,,ERR - Frate Anselmo: data l'incoronazione 7 marzo 1705.
151,26,Italia,Bologna,Madonna del Carmine,10-8-1704,#,no,#,no,petition refused or crowning uncertain (incoronazione #),,,,,,,,Briccolani: non la cita. Frate Anselmo: non la cita.
152,196,Italia,San Giovanni Valdarno,Santa Maria delle Grazie,8-9-1704,Capitolo,sì,1,yes,,madonna-delle-grazie-della-terra-di-s-giovanni-v,San Giovanni (Valdarno),Madonna delle Grazie della Terra di S. Giovanni (Valdarno),1704-09-08,ACSP; Briccolani,yes,,"ERR - Frate Anselmo: data l'incoronazione 9 marzo 1705. Bonci: essendo la Madonna raccontata nel suo libro, corregge la data fornita da frate Anselmo."
153,188,Italia,Otranto,Madonna delle Grazie,7-3-1705,Capitolo,sì,1,yes,,simulacro-miracoloso-della-ss-ma-vergine-della-c,Otranto,Simulacro miracoloso della SS.ma Vergine della Cattedrale d'Otranto (eletta Padrona sotto il titolo della Natività),1705-03-07,ACSP; Briccolani; Zander/Magister,yes,,ERR - Briccolani: data l'incoronazione anno 1704.
154,28,Italia,Bertinoro,Santa Maria del Lago,9-8-1705,Capitolo,sì,1,yes,,santa-maria-del-lago-bertinoro,Bertinoro,Santa Maria del Lago,1705-08-09,ACSP; Briccolani,yes,,ERR - Briccolani: data l'incoronazione anno 1704.
155,204,Italia,Montepulciano,Madonna di San Martino,6-11-1707,Capitolo,sì,1,yes,,madonna-di-san-martino-b-ma-vergine-detta-di-s-m,Montepulciano,Madonna di San Martino (B.ma Vergine detta di S. Martino),1707-11-06,ACSP; Briccolani,yes,,ERR - Frate Anselmo: data l'incoronazione 11 marzo 1707.
156,33,Italia,Pennabilli,Santa Maria delle Grazie,15-8-1708,Capitolo,sì,1,yes,,santa-maria-nella-chiesa-di-s-cristofaro-della-p,Penna (Penna e Billi / Pennabilli),Santa Maria nella Chiesa di S. Cristofaro della Penna de' Billi,1708-08-15,ACSP; Briccolani,yes,,ERR - Frate Anselmo: data l'incoronazione 17 marzo 1708.
157,184,Italia,Carrù,Santa Maria dei Ronchi,21-9-1709,#,no,#,no,petition refused or crowning uncertain (incoronazione #),,,,,,,,"Briccolani: non la cita. ERR - Frate Anselmo: cita l'incoronazione, ma non esiste incoronazione."
158,216,Italia,Verona,Santa Maria della Ghiaia,3-11-1709,Capitolo,sì,1,yes,,beata-vergine-della-giara-madonna-di-loreto-dei,Verona,"Beata Vergine della Giara (Madonna di Loreto) dei PP. Teatini, Verona",1709-11-10,ACSP; Briccolani,yes,,
159,164,Italia,Caravaggio,Santa Maria del Fonte,30-9-1710,Capitolo,sì,1,yes,,santa-maria-fonte-de-miracoli-caravaggio,Caravaggio,Santa Maria Fonte de' Miracoli,1710-09-29,ACSP; Briccolani,yes,,
160,16,Italia,"Mercogliano, frazione di Montevergine",Santa Maria di Monte Vergine,14-5-1712,Capitolo,sì,1,yes,,santa-maria-di-montevergine-madonna-di-monte-ver,"Montevergine (Monte Vergine, near Avellino) — reading uncertain","Santa Maria di Montevergine (Madonna di Monte Vergine, anticamente detta di Costantinopoli)",1712-05-14,ACSP; Briccolani,yes,,
161,210,Italia,Foligno,Madonna del Pianto,14-5-1713,Capitolo,sì,1,yes,,santa-maria-della-pianta-in-foligno-foligno,Foligno,Santa Maria della Pianta in Foligno,1713-05-14,ACSP; Briccolani,yes,,ERR - Frate Anselmo: data l'incoronazione 18 marzo 1713.
162,27,Italia,Imola,Santa Maria del Piratello,15-8-1714,Capitolo,sì,1,yes,,santa-maria-del-peratello-imola,Imola,Santa Maria del Peratello,1714-08-15,ACSP; Briccolani,yes,,
163,38,Italia,Frascati,Madonna di Capo Croce,28-10-1714,Capitolo,sì,1,yes,,madonna-di-capocroce-b-v-detta-di-capo-croce-fra,Frascati,Madonna di Capocroce (B. V. detta di Capo croce),1713-10-28; 1714-10-28,AAS; ACSP; Briccolani,yes,,Briccolani: data l'incoronazione anno 1714.
164,174,Italia,"Appignano, contrada Forano",Santa Maria di Forano,8-9-1715,Capitolo,sì,1,yes,,santa-maria-di-forano-forano-appignano-diocese-o,"Forano (Appignano), diocese of Osimo",Santa Maria di Forano,1715-09-08,Briccolani,yes,,"ERR - Frate Anselmo: erra la città, incoronata ad Osimo e scambia data l'incoronazione con quella del decreto."
165,12,Croazia,"Fiume, sobborgo di Tersatto",Madonna di Tersato,28-10-1715,Capitolo,sì,1,yes,,madonna-di-tersatto-vera-effigie-della-madre-di,"Tersatto (Trsat), near Fiume (Rijeka) — 'Loci Tarsacti in Dalmatia'",Madonna di Tersatto (Vera Effigie della Madre di Dio dipinta da S. Luca),1715-09-08,AAS; ACSP; Briccolani,yes,,ERR - Frate Anselmo: data l'incoronazione 21 marzo 1715.
166,156,Italia,Viterbo,Madonna Liberatrice,12-11-1715,Capitolo,sì,1,yes,,santa-maria-nella-chiesa-della-ssma-trinita-di-v,Viterbo,Santa Maria nella Chiesa della SSma Trinità di Viterbo,1715-11-12,ACSP; Briccolani,yes,,ERR - Frate Anselmo: data l'incoronazione 22 marzo 1715.
167,202,Italia,Pistoia,Santa Maria dell'Umiltà,20-9-1716,Capitolo,sì,1,yes,,santa-maria-dell-umilta-di-pistoja-pistoia,Pistoia,Santa Maria dell'Umiltà di Pistoja,1716-09-20,Briccolani,yes,,
168,94,Italia,Roma,Santa Maria della Lettera,2-5-1717,Capitolo,sì,1,yes,,santa-maria-in-s-pietro-in-montorio-rome-san-pie,"Rome, San Pietro in Montorio",Santa Maria in S. Pietro in Montorio,1717-05-02,Bombelli; Briccolani,yes,AUTO,Bombelli: corona alla Madonna e al Bambino.
169,226,Slovenia,Nova Gorica,Santa Maria del Monte Santo,6-6-1717,Capitolo assenso,sì,1,yes,,santa-maria-del-monte-santo-nova-gorica,Nova Gorica,Santa Maria del Monte Santo,1717-06-06,,,,ERR - Frate Anselmo: la titola Santa Maria delle Grazie e la colloca a Gorizia. Corona commissionata dalla comunità dei fedeli.
170,195,Italia,Pieve Santo Stefano,Madonna dei Lumi,8-6-1717,#,no,#,no,petition refused or crowning uncertain (incoronazione #),,,,,,,,Briccolani: non la cita. Frate Anselmo: la cita.
171,220,Polonia,Czestochowa,Madonna Nera di Częstochowa,8-9-1717,Capitolo assenso,sì,1,yes,,santa-maria-di-chiaromonte-czestochoviensi-czest,Częstochowa (Jasna Góra),Santa Maria di Chiaromonte Czestochoviensi,1717-09-08,AAS; Briccolani; Vrabelová,yes,,Corona commissionata dalla comunità dei fedeli.
172,203,Italia,Montalcino,Santa Maria del Soccorso,8-5-1718,Capitolo,sì,1,yes,,santa-maria-del-soccorso-di-monte-alcino-montalc,Montalcino,Santa Maria del Soccorso di Monte Alcino,1718-05-08,Briccolani,yes,,ERR - Frate Anselmo: data l'incoronazione 24 marzo 1718.
173,217,Lituania,Trakai,Madre di Dio di Trakai,4-9-1718,Capitolo assenso,sì,1,yes,,traku-dievo-motina-matka-boza-trocka-trakai-trok,Trakai (Troki),Trakų Dievo Motina (Matka Boża Trocka),1718-09-04,Vrabelová,yes,,Briccolani: non la cita. Frate Anselmo: non la cita. Corona commissionata dalla comunità dei fedeli.
174,2,Austria,Brün,Santa Maria Annunziata dei PP. Agostiniani,26-3-1719,B.P.,no,#,no,petition refused or crowning uncertain (incoronazione #),,,,,,,,Briccolani: non la cita. ERR - Frate Anselmo: data l'incoronazione 26 marzo 1719 e il nome della località. La località corretta è Brno e la data di incoronazione è un'altra.
175,183,Italia,"Biella, frazione di Oropa",Santa Maria di Oropa,29-8-1720,#,no,#,no,petition refused or crowning uncertain (incoronazione #),,,,,,,,"Briccolani: non la cita. ERR - Frate Anselmo: cita l'incoronazione, ma non esiste incoronazione: fu incoronata per iniziativa della Congregazzione Amministrativa del santuario."
176,170,Italia,Osimo,Santa Maria della Misericordia,8-9-1720,Capitolo,sì,1,yes,,santa-maria-della-misericordia-d-osimo-osimo,Osimo,Santa Maria della Misericordia d'Osimo,1720-09-08,Briccolani,yes,,
177,176,Italia,Macerata,Madonna della Misericordia,25-8-1721,Capitolo,sì,1,yes,,santa-maria-della-misericordia-di-macerata-macer,Macerata,Santa Maria della Misericordia di Macerata,1721-08-25,AAS; Briccolani,yes,,ERR - Frate Anselmo: data l'incoronazione 27 marzo 1721.
178,15,Italia,Reggio Calabria,Santa Maria della Consolazione,15-9-1722,Capitolo,sì,1,yes,,santa-maria-della-consolazione-madonna-di-reggio,Reggio Calabria,Santa Maria della Consolazione (Madonna di Reggio),1722-09-15,,,,ERR - Briccolani: non la cita. ERR - Frate Anselmo: indica la data di incoronazione 25 settembre 1722.
179,187,Italia,"Castrignano del Capo, frazione di Santa Maria di Leuca",Santa Maria de Finibus Terrae,21-11-1722,Capitolo,sì,1,yes,,b-v-di-leuca-santa-maria-di-leuca-de-finibus-ter,"Santa Maria di Leuca (Finibus Terrae), diocese of Alessano","B. V. di Leuca (Santa Maria di Leuca, 'de Finibus Terrae')",1722-11-21,ACSP; Briccolani,±1,,ERR - Briccolani data l'incoronazione anno 1721. ERR - Frate Anselmo: data l'incoronazione 22 novembre 1722. Frate Anselmo: la titola Santa Maria del Capo di Santa Maria di Leuca.
180,18,Italia,Benevento,Santa Maria delle Grazie,3-4-1723,Capitolo,sì,1,yes,,santa-maria-delle-grazie-di-benevento-benevento,Benevento,Santa Maria delle Grazie di Benevento,1723-04-03,Briccolani,yes,,
181,17,Italia,Sant'Angelo a Scala,Santa Maria Incoronata,23-4-1723,Capitolo,sì,1,yes,,santa-maria-incoronata-sant-angelo-a-scala,Sant'Angelo a Scala,Santa Maria Incoronata,1723-04-23,,,,ERR - Frate Anselmo: la colloca a Benevento e data l'incoronazione 28 marzo 1723.
182,222,Polonia,Koden,Nostra Signora di Koden,15-8-1723,Capitolo,sì,1,yes,,matka-boza-kodenska-koden,Kodeń,Matka Boża Kodeńska,1723-08-15,Vrabelová,yes,,Briccolani: non la cita. Frate Anselmo: non la cita.
183,227,Ucraina,Sokal,Nostra Signora di Sokal,8-7-1724,Capitolo,sì,1,yes,,matka-boza-sokalska-sokal,Sokal,Matka Boża Sokalska,1724-09-08,Vrabelová,yes,,Briccolani: non la cita. Frate Anselmo: non la cita.
184,21,Italia,Napoli,Santa Maria della Purità,7-9-1724,Capitolo,sì,1,yes,,santa-maria-nella-chiesa-di-s-paolo-maggiore-de,Napoli,Santa Maria nella Chiesa di S. Paolo Maggiore de' Teatini di Napoli,1724-09-07,ACSP; Briccolani,yes,,
185,13,Italia,Pereto-Rocca di Botte,Santa Maria dei Bisognosi,5-11-1724,Capitolo,sì,1,yes,,santa-maria-de-bisognosi-sul-monte-cassoli-peret,"Pereto / Rocca di Botte (Monte Carsoli), diocese of the Marsi",Santa Maria de' Bisognosi sul Monte Cassoli,1724-11-05,Briccolani,yes,,Frate Anselmo: la colloca sul Monte Carsoli.
186,22,Italia,Napoli,Santa Maria delle Grazie,12-5-1726,Capitolo,sì,1,yes,,santa-maria-delle-grazie-alla-pietra-del-pesce-i,Napoli (Pietra del Pesce),Santa Maria delle Grazie alla Pietra del Pesce in Napoli,1726-05-12; 1786-07-02; 1802-09-26; 1853-11-21,Balzamo; Briccolani,no,,Briccolani: non la cita. Le corone erano pronte il 16 aprile 1726.
187,37,Italia,"Ariccia, frazione di Galloro",Madonna di Galloro,10-6-1726,Capitolo,sì,1,yes,,santa-maria-di-galloro-galloro-ariccia,Galloro (Ariccia),Santa Maria di Galloro,1726-06-10; 1818-10-20,Briccolani,yes,,
188,171,Italia,Ostra,Santa Maria della Rosa,1-9-1726,Capitolo,sì,1,yes,,santa-maria-della-rosa-madonna-della-rosa-ostra,Ostra,Santa Maria della Rosa (Madonna della Rosa),1726-09-01,,,,Briccolani: non la cita.
189,212,Italia,Perugia,Santa Maria in Fiorenzo,4-11-1726,Capitolo,sì,1,yes,,santa-maria-nella-chiesa-di-s-fiorenzo-di-perugi,Perugia,Santa Maria nella Chiesa di S. Fiorenzo di Perugia,1726-11-04,ACSP; Briccolani,yes,,ERR - Frate Anselmo: data l'incoronazione 1 aprile 1726.
190,219,Polonia,Podkamien,Santa Maria di Podkamien,15-8-1727,Capitolo assenso,sì,1,yes,,santa-maria-di-podkamien-podkamien,Podkamien,Santa Maria di Podkamien,1727-08-15,,,,Briccolani: non la cita. ERR - Frate Anselmo: riporta come data di incoronazione 30 marzo 1725 e cita la città Podscawen (non esiste). Corona commissionata dalla comunità dei fedeli.
191,154,Italia,Grotte di Castro,Madonna del Suffragio,23-5-1728,Capitolo,sì,1,yes,,santa-maria-del-suffraggio-nella-collegiata-di-s,Grotte di Castro,Santa Maria del Suffraggio nella Collegiata di S. Giovan Batista delle Grotte,1728-05-23,AAS; Briccolani,yes,,ERR - Frate Anselmo: data l'incoronazione 14 aprile 1726.
192,197,Italia,Arcidosso,Madonna delle Grazie,29-8-1728,#,no,#,no,petition refused or crowning uncertain (incoronazione #),,,,,,,,Briccolani: non la cita. Frate Anselmo: non la cita.
193,139,Italia,Roma,Santa Maria degli Angeli,31-7-1729,Capitolo,sì,1,yes,,santa-maria-degli-angeli-nella-chiesa-di-s-agata,"Rome, Sant'Agata dei Tessitori",Santa Maria degli Angeli nella Chiesa di S. Agata de Tessitori,1729-07-31,Bombelli; Briccolani,yes,AUTO,Bombelli: corona alla Madonna e al Bambino.
194,36,Italia,Albano Laziale,Santa Maria della Rotonda,22-8-1729,Capitolo,sì,1,yes,,santa-maria-della-rotonda-d-albano-albano,Albano,Santa Maria della Rotonda d'Albano,1729-08-22; 1829-08-22; 1905-05-14,Briccolani,yes,,
195,3,Bielorussia,Zhyrovichy,Madre di Dio di Zhyrovichy,19-9-1730,Capitolo assenso,sì,1,yes,,matka-boza-zyrowicka-zyrowice-zhyrovichy,Żyrowice (Zhyrovichy),Matka Boża Żyrowicka,1730-09-19,Vrabelová,yes,,Briccolani: non la cita. ERR - Frate Anselmo: riporta come data di incoronazione la data del decreto; indica come località Zyrovic. Corona commissionata dalla comunità dei fedeli.
196,180,Italia,San Severino Marche,Santa Maria del Glorioso o della Pietà,16-9-1731,Capitolo,sì,1,yes,,santa-maria-del-glorioso-di-s-severino-san-sever,San Severino Marche,Santa Maria del Glorioso di S. Severino,1731-09-16,Briccolani,yes,,Frate Anselmo: la colloca a Sanseverino. ERR - Bonci: la colloca a San Terenzo al Mare (frazione di Lerici in Liguria).
197,221,Polonia,Jaroslaw,Santa Maria Addolorata,27-4-1732,#,no,#,no,petition refused or crowning uncertain (incoronazione #),,,,,,,,ERR - Frate Anselmo: riporta questa data di incoronazione.
198,223,Repubblica Ceca,Pribram,Vergine Maria del Monte Sacro,22-6-1732,Capitolo assenso,sì,1,yes,,nostra-signora-di-svata-hora-svata-hora-pribram,"Svatá Hora, Příbram",Nostra Signora di Svatá Hora,1732-06-22,Vrabelová; Zander/Magister,yes,,ERR - Frate Anselmo: data l'incoronazione 18 aprile 1731 e riporta la città Praga. Corona commissionata dalla comunità dei fedeli.
199,165,Italia,Cremona,Santa Maria Lauretana,17-8-1732,Capitolo,sì,1,yes,,santa-maria-lauretana-nella-chiesa-di-s-abbondio,Cremona,Santa Maria Lauretana nella Chiesa di S. Abbondio de Teatini di Cremona,1732-08-17,Briccolani; Zander/Magister,yes,,ERR - Frate Anselmo: data l'incoronazione 20 aprile 1732.
200,225,Repubblica Ceca,Olomouc,Vergine Maria della Collina Sacra,21-9-1732,B.P.,sì,1,yes,,panna-maria-svatokopecka-svaty-kopecek-olomouc,Svatý Kopeček (Olomouc),Panna Maria Svatokopecká,1732-09-21; 1995-05-21,AAS; Briccolani; Vrabelová,yes,,ERR - Frate Anselmo: la colloca nella località di Olmutz e data l'incoronazione 16 giugno 1732.
201,23,Italia,Napoli,Immacolata Concezione,7-12-1733,Capitolo,sì,1,yes,,santissima-concezione-nella-chiesa-della-congreg,Napoli (Suor Orsola Benincasa),Santissima Concezione nella Chiesa della Congregazione della V. Orsola Benincasa in Napoli,1733-12-07,Briccolani,yes,,
202,191,Italia,Trapani,Madonna di Trapani,14-3-1734,Capitolo,sì,1,yes,,santa-maria-nella-chiesa-de-carmelitani-di-trapa,"Trapani, Carmelite sanctuary of the Annunziata",Santa Maria nella Chiesa de Carmelitani di Trapani,1734-03-14,Balzamo; Briccolani,yes,,
203,190,Italia,Palermo,Santa Maria della Provvidenza,18-3-1734,Capitolo,sì,1,yes,,santa-maria-della-providenza-nella-chiesa-de-tea,Palermo,Santa Maria della Providenza nella Chiesa de' Teatini di Palermo,1734-03-18,Briccolani,yes,,ERR - Frate Anselmo: data l'incoronazione 19 luglio 1734.
204,224,Repubblica Ceca,Brno,Santa Maria di San Tommaso,10-5-1736,Capitolo assenso,sì,1,yes,,santa-maria-annunziata-nella-chiesa-di-s-tommaso,"Brno, St Thomas (Augustinians)",Santa Maria Annunziata nella Chiesa di S. Tommaso degli Agostiniani di Bruna,1736-05-10,Briccolani; Vrabelová,yes,,ERR - Frate Anselmo: l'incoronazione sarebbe avvenuta il 26 marzo 1719.
205,168,Italia,Varese,Santa Maria del Sacro Monte,5-7-1739,Capitolo,sì,1,yes,,santa-maria-in-monte-sacro-monte-di-varese,Sacro Monte di Varese,Santa Maria in Monte,1739-07-05,Briccolani,yes,,
206,160,Italia,"Genova, quartiere di Cornigliano",Santa Maria Incoronata,2-8-1740,B.P.,no,#,no,petition refused or crowning uncertain (incoronazione #),,,,,,,,"Briccolani non la cita. ERR - Frate Anselmo: data l'incoronazione 2 agosto 1740, la collocata in Val di Polcevera con incoronazione dovuta a brve Papale."
207,1,Messico,Città del Messico,Nostra Signora di Guadalupe,1-10-1740,#,no,#,no,petition refused or crowning uncertain (incoronazione #),,,,,,,,"ERR - Frate Anselmo: riporta il giorno 1 ottobre 1740 come data di incoronazione, ma questa fu la data della richiesta inviata al Capitolo. ERR - Briccolani: data l'incoronazione anno 1740. Per vicende politiche non fu incoronata nel 1740. Fu incoronata nel 1895."
208,206,Italia,Montepulciano,Madonna delle Grazie,24-9-1741,Capitolo,sì,1,yes,,santa-maria-delle-grazie-nella-chiesa-de-carmeli,Montepulciano,Santa Maria delle Grazie nella Chiesa de' Carmelitani di Monte Pulciano,1741-09-24,Briccolani; Zander/Magister,yes,,ERR - Frate Anselmo: data l'incoronazione 3 ottobre 1741.
209,193,Italia,Cortona,Santa Maria della Manna,8-10-1741,Capitolo,sì,1,yes,,santa-maria-della-manna-cortona-manna,Cortona (Manna),Santa Maria della Manna,1741-10-08,Briccolani,yes,,ERR - Frate Anselmo: data l'incoronazione 2 ottobre 1741.
210,153,Italia,Acquapendente,Santa Maria delle Grazie,20-5-1742,Capitolo,sì,1,yes,,santa-maria-delle-grazie-nella-chiesa-degli-agos,Acquapendente,Santa Maria delle Grazie nella Chiesa degli Agostiniani di Aquapendente,1742-05-20,Briccolani; Zander/Magister,yes,,ERR - Frate Anselmo: data l'incoronazione 5 ottobre 1742.
211,163,Italia,Gallivaggio,Santa Maria di Gallivaggio,24-6-1742,Capitolo,sì,1,yes,,madonna-di-gallivaggio-madre-della-misericordia,"Gallivaggio (Valle Spluga), diocese of Como","Madonna di Gallivaggio, Madre della Misericordia",1742-06-23,Briccolani; Zander/Magister,yes,,ERR - Frate Anselmo: data l'incoronazione 6 ottobre 1742.
212,24,Italia,Maiori,Santa Maria Avvocata,23-5-1743,Capitolo,sì,1,yes,,santa-maria-de-avvocata-nella-chiesa-dell-eremo,"Maiori (Eremo dell'Avvocata), diocese of Amalfi",Santa Maria de Avvocata nella Chiesa dell'Eremo de' Camandolesi,1743-05-23,Briccolani,yes,,
213,14,Italia,Tagliacozzo,Santa Maria dell'Oriente,4-9-1743,#,no,#,no,petition refused or crowning uncertain (incoronazione #),,,,,,,,Briccolani: non la cita.
214,214,Italia,Amelia,Santa Maria Assunta,9-5-1745,Capitolo,sì,1,yes,,santa-maria-assunta-nella-cattedrale-d-amelia-am,Amelia,Santa Maria Assunta nella Cattedrale d'Amelia,1745-05-09,Briccolani,yes,,
215,169,Italia,Jesi,Santa Maria delle Grazie,19-9-1745,Capitolo,sì,1,yes,,santa-maria-delle-grazie-nella-chiesa-de-carmeli-2,Jesi,Santa Maria delle Grazie nella Chiesa de' Carmelitani di Jesi,1745-09-19,Briccolani,yes,,ERR - Frate Anselmo: data l'incoronazione 8 ottobre 1745.
216,159,Italia,Genova,Santa Maria della Fortuna,24-11-1745,#,no,#,no,petition refused or crowning uncertain (incoronazione #),,,,,,,,Briccolani: non la cita. Frate Anselmo: la cita. Nessun riferimento in internet.
217,198,Italia,"Cinigiano, frazione di Monticello Amiata",Madonna della Consolazione,4-6-1747,Capitolo,sì,1,yes,,madonna-della-consolazione-madonna-di-valle-prat,Monticello Amiata,"Madonna della Consolazione, Madonna di Valle Prata",1747-06-04,Zander/Magister,yes,,ERR - Frate Anselmo: data l'incoronazione 13 ottobre 1747 e la colloca a Chiusi.
218,179,Italia,San Severino Marche,Santa Maria dei Lumi dei PP. Barnabiti,17-9-1747,Capitolo,sì,1,yes,,santa-maria-de-lumi-nella-chiesa-de-bernabiti-di,San Severino Marche,Santa Maria de' Lumi nella Chiesa de' Bernabiti di S. Severino,1747-09-17,Briccolani,yes,,Frate Anselmo: la colloca a Sanseverino. ERR - Bonci: la colloca a San Terenzo al Mare (frazione di Lerici in Liguria).
219,20,Italia,Meta,Santa Maria del Lauro,2-6-1748,Capitolo,sì,1,yes,,santa-maria-del-lauro-madonna-del-lauro-meta,Meta,Santa Maria del Lauro (Madonna del Lauro),1748-06-02,,,,Briccolani: non la cita.
220,177,Italia,Macerata,Madonna della Salute,11-5-1749,Capitolo,sì,1,yes,,beata-vergine-della-salute-macerata,Macerata,Beata Vergine della Salute,1749-05-11,Zander/Magister,yes,,Briccolani: non la cita. Frate Anselmo: non la cita.
221,19,Italia,Giugliano,Santa Maria della Pace o della Pietà,25-5-1749,Capitolo,sì,1,yes,,santa-maria-della-pace-di-giuliano-giugliano-in,Giugliano in Campania,Santa Maria della Pace di Giuliano,1749-05-25,Briccolani,yes,,ERR - Frate Anselmo: data l'incoronazione 27 maggio 1749.
222,25,Italia,Nocera Superiore,Santa Maria Materdomini,10-6-1749,#,no,#,no,petition refused or crowning uncertain (incoronazione #),,,,,,,,ERR - Briccolani: data l'incoronazione anno 1759. ERR - Frate Anselmo: data l'incoronazione 29 ottobre 1759.
223,194,Italia,Monte San Savino,Madonna delle Vertighe,14-9-1749,Capitolo,sì,1,yes,,santa-maria-delle-vertighe-di-monte-savino-monte,Monte San Savino,Santa Maria delle Vertighe di Monte Savino,1749-09-14,Briccolani,yes,,ERR - Frate Anselmo: data l'incoronazione 14 ottobre 1749. Frate Anselmo la cita.
224,161,Italia,Monterosso al mare,Santa Maria di Soviore,10-8-1750,Capitolo,sì,1,yes,,santa-maria-de-soviore-di-monte-rosso-monterosso,Monterosso al Mare,Santa Maria de Soviore di Monte Rosso,1750-08-10,Briccolani,±1,,ERR - Briccolani; data l'incoronazione anno 1749.
225,218,Lituania,Vilnius,Nostra Signora di Sapieha,8-9-1750,Capitolo assenso,sì,1,yes,,matka-boza-swietomichalska-sapiezynska-vilnius-w,"Vilnius (Wilno), St Michael's",Matka Boża Świętomichalska (Sapieżyńska),1750-09-08,Vrabelová,yes,,"Briccolani: non la cita. ERR - Frate Anselmo: riporta come data di incoronazione 13 luglio 1732; la titola Santa Maria Rutena, delle Francescane e la colloca a Wilna. Corona commissionata dalla comunità dei fedeli."
226,189,Italia,Palermo,"Santa Maria ""Libera inferni""",16-10-1750,Capitolo,sì,1,yes,,madonna-di-libera-inferni-s-maria-libera-inferni,Palermo,"Madonna di Libera Inferni (S. Maria Libera Inferni, formerly S. Maria Maggiore / della Presentazione)",1750-10-16,ACSP; Briccolani,yes,,
227,736,Ucraina,Leopoli,Madre di Dio Vittoriosa,1-7-1751,B.P.,sì,1,yes,,madre-di-dio-vittoriosa-madre-di-dio-guida-di-le,Leopoli,Madre di Dio Vittoriosa (Madre di Dio Guida di Leopoli),1751-07-01,,,,ERR - Frate Anselmo: non la cita.
228,239,Austria,Bergheim,Maria Plain,14-7-1751,B.P.,sì,1,yes,,maria-plain-bergheim,Bergheim,Maria Plain,1751-07-14,,,,ERR - Frate Anselmo: non la cita.
229,681,Italia,Piancastagnaio,Madonna di San Pietro,26-9-1751,Capitolo,sì,1,yes,,madonna-di-san-pietro-piancastagnaio,Piancastagnaio,Madonna di San Pietro,1751-09-26,,,,Briccolani: la cita in località Piano de Castrenaro nella diocesi di Suana (Sovana). ERR - Briccolani: data l'incoronazione anno 1752. ERR - Frate Anselmo: non la cita.
230,609,Italia,Avigliana,Madonna dei Laghi,30-4-1752,#,no,#,no,petition refused or crowning uncertain (incoronazione #),,,,,,,,Briccolani non la cita. Frate Anselmo: data l'incoronazione 30 aprile 1752. Nessun riferimento in internet.
231,658,Italia,Monte San Giuliano,Santa Maria di Custonaci,28-8-1752,Capitolo,sì,1,yes,,santa-maria-di-custonaci-madonna-dell-acqua-mont,Monte San Giuliano,Santa Maria di Custonaci (Madonna dell'Acqua),1752-08-28,,,,ERR - Briccolani: data l'incoronazione anno 1753. ERR - Frate Anselmo: la titola di Custonacci e data l'incoronazione 26 ottobre 1753.
232,345,Italia,Pescasseroli,Madonna Incoronata,8-9-1752,#,sì,1,yes,,madonna-incoronata-madonnina-nera-incoronata-pes,Pescasseroli,Madonna Incoronata (Madonnina Nera Incoronata),1752-09-08,,,,Briccolani: non la cita. Frate Anselmo: non la cita.
233,665,Italia,"Sorano, frazione di Sovana",Santa Maria di S. Pietro del Piano Castrenaro,24-10-1752,#,no,#,no,petition refused or crowning uncertain (incoronazione #),,,,,,,,"ERR - Briccolani non la cita. Frate Anselmo: data l'incoronazione 24 ottobre 1752. ERR: Frate Anselmo: inserisce erroneamente questa località, invece è la Madonna del paese di Piancastagnaio della diocesi di Sovana."
234,552,Italia,Antegnate,Santa Maria del Rosario,29-4-1753,Capitolo,sì,1,yes,,santa-maria-del-rosario-nella-chiesa-di-s-michel-2,Antegnate,Santa Maria del Rosario nella Chiesa di S. Michel Arcangelo di Antegnate,1753-04-29,Briccolani,no,,ERR - Briccolani: data l'incoronazione anno 1751. ERR - Frate Anselmo: data l'incoronazione 17 ottobre 1751.
235,582,Italia,"San Severino Marche, frazione di Gaglianvecchio",Santa Maria delle Vaccarecce,9-9-1753,#,no,#,no,petition refused or crowning uncertain (incoronazione #),,,,,,,,Briccolani non la cita. Frate Anselmo: la vuole coronata per Breve papale (B.P.). ERR - Bonci: la colloca a San Terenzo al Mare. Nessun riferimento in internet.
236,691,Italia,Narni Scalo,Santa Maria del Ponte,5-5-1754,Capitolo,sì,1,yes,,madonna-del-ponte-narni,Narni,Madonna del Ponte,1754-05-05,AAS; Briccolani; Zander/Magister,yes,,
237,368,Italia,Benevento,Santa Maria Annunziata,10-5-1754,Capitolo,sì,1,yes,,s-maria-annunziata-in-benevento-benevento,Benevento,S. Maria Annunziata in Benevento,1754-05-10,Briccolani,yes,,Frate Anselmo: data l'incoronazione 27 ottobre 1754.
238,528,Italia,"Genova, quartiere di Cornigliano",Santa Maria Incoronata,2-8-1754,#,no,#,no,petition refused or crowning uncertain (incoronazione #),,,,,,,,"Briccolani non la cita. ERR - Frate Anselmo: data l'incoronazione 2 agosto 1740, con Breve Papale e collocata la Madonna in Val di Polcevera. ERR - Bonci: cita questa incoronazione alla data 2 agosto 1754."
239,519,Italia,Ceranesi,Santa Maria della Guardia,#-#-1754,#,no,#,no,petition refused or crowning uncertain (incoronazione #),,,,,,,,Briccolani non la cita. Frate Anselmo: non la cita. Informazione presa da internet.
240,712,Polonia,Dobrzyn nad Wisla,Santa Maria di Skepe,18-5-1755,Capitolo,sì,1,yes,,santa-maria-di-skepe-nostra-signora-della-gravid,Dobrzyn nad Wisla,Santa Maria di Skepe (Nostra Signora della Gravidanza),1755-05-18,,,,ERR - Briccolani non la cita. ERR - Frate Anselmo: non la cita.
241,507,Italia,Tivoli,Santa Maria di Quintiliolo,8-6-1755,Capitolo,sì,1,yes,,santa-maria-di-quintiliolo-tivoli,Tivoli,Santa Maria di Quintiliolo,1755-06-08; 1855-06-10,,,,ERR - Briccolani: data l'incoronazione 1765.
242,715,Polonia,Jaroslaw,Santa Maria Addolorata,8-9-1755,Capitolo,sì,1,yes,,matka-boza-bolesna-jaroslawska-jaroslaw,Jarosław,Matka Boża Bolesna Jarosławska,1732; 1755-09-08,AAS; Briccolani; Vrabelová,yes,,ERR - Briccolani non la cita. ERR - Frate Anselmo: riporta la data d’incoronazione 27 aprile 1732.
243,741,Ucraina,Berdychiv,Nostra Signora Berdychiv,16-7-1756,B.P.,sì,1,yes,,matka-boza-berdyczowska-berdychiv-berdyczow-berd,Berdyczów (Berdychiv),Matka Boża Berdyczowska (Berdychiv),1756-07-16,AAS; Vrabelová,yes,,ERR - Frate Anselmo: non la cita.
244,346,Italia,Scurcola Marsicana,Santa Maria della Vittoria,25-9-1757,Capitolo,sì,1,yes,,santa-maria-della-vittoria-scurcola-marsicana,Scurcola Marsicana,Santa Maria della Vittoria,1757-09-25,,,,ERR - Briccolani non la cita. ERR - Frate Anselmo: data l'incoronazione 2 settembre 1757.
245,664,Italia,Grosseto,Madonna delle Grazie,6-5-1759,Capitolo,sì,1,yes,,madonna-delle-grazie-grosseto,Grosseto,Madonna delle Grazie,1759-05-06,,,,ERR - Briccolani: data l'incoronazione 1774. ERR - Frate Anselmo: data l'incoronazione 19 novembre 1774.
246,587,Italia,"Visso, frazione di Cupi","Santa Maria di Macereto, o di Loreto",26-8-1759,Capitolo,sì,1,yes,,santa-maria-di-macereto-di-visso-macereto-visso,Macereto (Visso),Santa Maria di Macereto di Visso,1759-08-26,Briccolani,yes,,"ERR - Frate Anselmo: la titola di Macerata, o di Loreto."
247,646,Italia,"Cefalù, frazione di Gibilmanna",Maria Santissima di Gibilmanna,17-8-1760,Capitolo,sì,1,yes,,santa-maria-nella-chiesa-de-cappucini-cefalu,Cefalù,Santa Maria nella Chiesa de' Cappucini,1760-08-17,Briccolani,yes,,
248,406,Italia,Napoli,Santa Maria Addolorata del Buoncammino,15-8-1761,Capitolo,sì,1,yes,,madonna-addolorata-al-fiumicello-naples,Naples,Madonna Addolorata al Fiumicello,1761-08-15; 1881-06-01; 1910-09-04,AAS,no,,ERR - Briccolani non la cita.
249,450,Italia,Fontanellato,Santa Maria del Rosario,18-8-1761,#,no,#,no,petition refused or crowning uncertain (incoronazione #),,,,,,,,Briccolani non la cita. ERR - Frate Anselmo: indica che fu coronata la seconda volta.
250,255,Bielorussia,Byalynichy,Nostra signora di Byalynichy,20-9-1761,B.P.,sì,1,yes,,matka-boza-bialynicka-bialynicze-byalynichy,Białynicze (Byalynichy),Matka Boża Białynicka,1761-09-29,Vrabelová,yes,,ERR - Frate Anselmo: non la cita.
251,648,Italia,Monreale,Santa Maria del Popolo,8-9-1762,Capitolo,sì,1,yes,,santa-maria-del-popolo-nella-metropolitana-di-mo,Monreale,Santa Maria del Popolo nella Metropolitana di Montereale,1762-09-08,Briccolani,±1,,ERR - Briccolani: la cita nella località Montereale e data l'incoronazione nel 1761. ERR - Frate Anselmo: data l'incoronazione 31 agosto 1761.
252,710,Polonia,Rzeszów,Santa Maria Assunta,8-9-1763,Capitolo,sì,1,yes,,matka-boza-rzeszowska-rzeszow,Rzeszów,Matka Boża Rzeszowska,1763-09-08,Vrabelová,yes,,ERR - Frate Anselmo: non la cita.
253,504,Italia,Roma,Madonna nell'Oratorio,12-5-1765,Capitolo,sì,1,yes,,santa-maria-della-prima-primaria-congregazione-n,"Rome, Collegio Romano (Prima Primaria)",Santa Maria della Prima primaria Congregazione nel Collegio Romano,1765-05-12,Bombelli; Briccolani,yes,AUTO,ERR - Bombelli: decreto 26 luglio 1762.
254,481,Italia,Monterotondo,Santa Maria del Diluvio,2-6-1765,Capitolo,sì,1,yes,,santa-maria-in-s-rocco-di-monte-rotondo-monterot,Monterotondo,Santa Maria in S. Rocco di Monte Rotondo,1765-06-02,Briccolani,yes,,ERR - Frate Anselmo: data l'incoronazione 7 novembre 1765.
255,566,Italia,"Chiesa in Valmalenco, frazione di Primolo",Santa Maria delle Grazie,11-8-1765,Capitolo,sì,1,yes,,santa-maria-delle-grazie-chiesa-in-valmalenco-fr,"Chiesa in Valmalenco, frazione di Primolo",Santa Maria delle Grazie,1765-08-11,,,,ERR: Briccolani: la colloca in Valle Valenza in Valtellina. ERR - Frate Anselmo: la colloca in Valle Valenza in Valtellina e data l'incoronazione 8 novembre 1765 (inverte il mese con il giorno).
256,692,Italia,Padova,Santa Maria,#-9-1765,Capitolo,sì,1,yes,,santa-maria-in-s-pietro-di-padova-padua,Padua,Santa Maria in S. Pietro di Padova,1765-09,Briccolani,±1,,ERR - Frate Anselmo: data l'incoronazione 4 novembre 1764.
257,422,Italia,Cava de' Tirreni,Santa Maria dell'Olmo,15-6-1766,Capitolo,sì,1,yes,,madonna-dell-olmo-cava-de-tirreni,Cava de' Tirreni,Madonna dell’Olmo,1766-06-15; 1924-06-17,Briccolani; Zander/Magister,yes,,ERR - Briccolani: data l'incoronazione 1764.
258,716,Polonia,Przemysl,Nostra Signora di Jackowa,15-8-1766,Capitolo,sì,1,yes,,matka-boza-jackowa-przemysl-dominicans,"Przemyśl, Dominicans",Matka Boża Jackowa,1766-08-15,AAS; Vrabelová,yes,,ERR - Frate Anselmo: non la cita.
259,721,Polonia,Miedniewice villaggio del comune di Zyrardow,Sacra Famiglia,7-6-1767,B.P.,sì,1,yes,,swieta-rodzina-miedniewicka-miedniewice,Miedniewice,Święta Rodzina Miedniewicka,1767-06-07,Vrabelová; Zander/Magister,yes,,ERR - Frate Anselmo: non la cita.
260,532,Italia,"Rapallo, frazione di Montallegro",Santa Maria di Montallegro,27-7-1767,Capitolo,sì,1,yes,,santa-maria-di-montallegro-rapallo-frazione-di-m,"Rapallo, frazione di Montallegro",Santa Maria di Montallegro,1767-07-27,,,,ERR - Briccolani: data l'incoronazione 1763.
261,720,Polonia,Chelm,Nostra Signora di Chelm,17-9-1767,B.P.,sì,1,yes,,nostra-signora-di-chelm-chelm-2,Chelm,Nostra Signora di Chelm,1767-09-17,,,,"In alcuni testi l'incoronazione è datata 15 settembre 1765, il Capitolo aveva fissato questa data ma per motivi sconosciuti fu rimandata. ERR - Frate Anselmo: non la cita."
262,361,Italia,Avellino,Santa Maria di Costantinopoli,4-6-1769,Capitolo,sì,1,yes,,santa-maria-di-costantinopoli-avellino,Avellino,Santa Maria di Costantinopoli,1769-06-04,,,,ERR - Briccolani: data l'incoronazione 1766.
263,535,Italia,Santa Margherita Ligure,Madonna della Rosa,27-7-1769,#,no,#,no,petition refused or crowning uncertain (incoronazione #),,,,,,,,ERR - Frate Anselmo: data l'incoronazione 27 luglio 1769. Nessun riferimento in internet.
264,423,Italia,Maiori,Santa Maria a Mare,13-8-1769,Capitolo,sì,1,yes,,santa-maria-del-mare-in-maggiore-maiori,Maiori,Santa Maria del Mare in Maggiore,1769-08-13,Briccolani,±1,,ERR - Briccolani: data l'incoronazione 1768.
265,521,Italia,Chiavari,Santa Maria dell'Orto,8-9-1769,Capitolo,sì,1,yes,,santa-maria-dell-orto-di-chiaveri-chiavari-clava,"Chiavari (Clavarium), Liguria",Santa Maria dell'Orto di Chiaveri,1769-09-08,Briccolani,no,,ERR - Briccolani: data l'incoronazione 1767. ERR - Frate Anselmo: data l'incoronazione 18 settembre 1769.
266,632,Italia,Monopoli,Santa Maria della Madia,8-7-1770,Capitolo,sì,1,yes,,santa-maria-di-monopoli-monopoli-apulia,Monopoli (Apulia),Santa Maria di Monopoli,1770-07-08,AAS; Briccolani,±1,,ERR - Briccolani: data l'incoronazione 1769.
267,700,Italia,Verona,Santa Maria del Popolo,8-9-1770,Capitolo,sì,1,yes,,santa-maria-del-popolo-madonna-del-popolo-verona,Verona,Santa Maria del Popolo (Madonna del Popolo),1770-09-08,,,,ERR - Briccolani: data l'incoronazione nel 1759.
268,549,Italia,Savona,Santa Maria della Misericordia,16-11-1770,#,no,#,no,petition refused or crowning uncertain (incoronazione #),,,,,,,,"ERR - Briccolani: data l'incoronazione 1770. ERR - Frate Anselmo: data l'incoronazione 16 novembre 1770. Questa incoronazione non è avvenuta nel 1770, bensì nel 1815, 45 anni dopo."
269,401,Italia,Napoli,Santa Maria di Portosalvo,30-6-1771,Capitolo,sì,1,yes,,santa-maria-di-portosalvo-napoli,Napoli,Santa Maria di Portosalvo,1771-06-30,,,,ERR - Briccolani: data l'incoronazione 1770.
270,663,Italia,Castel del Piano,Santissima Madonna delle Grazie,7-9-1771,Capitolo,sì,1,yes,,santa-maria-assunta-del-castello-del-piano-caste,"Castel del Piano, diocese of Chiusi",Santa Maria Assunta del Castello del Piano,1771-09-07; 1888-06-10,Briccolani,yes,,"Briccolani: la titola Santa Maria Assunta. ERR - Frate Anselmo: la colloca a Chiusi, nel Castello del Piano. ERR - Frate Anselmo: data l'incoronazione 16 novembre 1771."
271,545,Italia,"Sestri Levante, frazione di San Bartolomeo della Ginestra",Santa Maria del Soccorso,15-9-1771,#,no,#,no,petition refused or crowning uncertain (incoronazione #),,,,,,,,"Frate Anselmo: data l'incoronazione 15 settembre 1771, voluta con un Breve Papale. Nessun riferimento in internet."
272,598,Italia,Monchiero,Santa Maria del Rosario,15-8-1772,Capitolo,sì,1,yes,,santa-maria-del-rosario-monchiero,Monchiero,Santa Maria del Rosario,1772-08-15,,,,ERR - Briccolani: data l'incoronazione 1772.
273,629,Italia,Bari,Madonna di Costantinopoli,19-9-1772,Capitolo,sì,1,yes,,santa-maria-di-costantinopoli-di-bari-bari,Bari,Santa Maria di Costantinopoli di Bari,1772-09-19,Briccolani,±1,,ERR - Briccolani: data l'incoronazione 1771.
274,387,Italia,Napoli,Santa Maria del Principio,8-1-1773,Capitolo,sì,1,yes,,santa-maria-del-principio-nella-chiesa-di-santa,Napoli (Santa Restituta),Santa Maria del Principio nella Chiesa di Santa Restituta di Napoli,1773-01-08,Briccolani; Zander/Magister,yes,,ERR - Briccolani: data l'incoronazione 1772.
275,738,Ucraina,Poczajow,Nostra Signora di Poczajow,8-9-1773,Capitolo,sì,1,yes,,santa-maria-della-nativita-pozcaioviens-luceorie,Poczajów (Pochaiv),"Santa Maria della Natività Pozcaioviens, Luceorien diaecesis",1773-09-08,Briccolani; Vrabelová,yes,,Briccolani non la cita. ERR - Frate Anselmo: data l'incoronazione 9 novembre 1770 e la colloca in località Luck.
276,412,Italia,Piano di Sorrento,Santa Maria del Rosario,26-9-1773,Capitolo,sì,1,yes,,santa-maria-del-rosario-nella-chiesa-della-santi,Piano di Sorrento,Santa Maria del Rosario nella Chiesa della Santissima Trinità del Piano,1773-09-26,Briccolani; Zander/Magister,yes,,"ERR - Frate Anselmo: la colloca a Sorrento, aggiungendo ""al Piano""."
277,740,Ucraina,Lutsk,Santa Maria della Natività,17-11-1773,#,no,#,no,petition refused or crowning uncertain (incoronazione #),,,,,,,,Frate Anselmo: data l'incoronazione 17 novembre 1773 e la colloca a Luceornia. Nessun riferimento in internet.
278,367,Italia,Paternopoli,Santa Maria della Consolazione,12-5-1774,Capitolo,sì,1,yes,,santa-maria-della-consolazione-paternopoli,Paternopoli,Santa Maria della Consolazione,1774-05-12,,,,"ERR - Briccolani: non la cita. ERR - Frate Anselmo: la colloca ad Avellino, nella chiesa ""di Palerno"". ERR - Frate Anselmo: data la coronazione 22 maggio 1774."
279,737,Ucraina,Ivano-Frankivsk,Nostra Signora Regina della Pace di Yaniv,29-5-1774,B.P.,sì,1,yes,,nostra-signora-regina-della-pace-di-yaniv-ivano,Ivano-Frankivsk,Nostra Signora Regina della Pace di Yaniv,1774-05-29,,,,ERR - Frate Anselmo: non la cita.
280,391,Italia,Napoli,Santa Maria dei Miracoli,25-11-1775,Capitolo,sì,1,yes,,santa-maria-de-miracoli-nella-chiesa-delle-monac,Napoli (Monache della Provvidenza),Santa Maria de' Miracoli nella Chiesa delle Monache della Providenza in Napoli,1775-11-25; 1887-11-13; 1889-05-24,Balzamo; Briccolani,yes,,Frate Anselmo: data l'incoronazione 25 novembre 1775.
281,2000,Ucraina,Leopoli,Santissima Vergine Maria delle Grazie,12-5-1776,Capitolo,sì,1,yes,,obraz-matki-bozej-laskawej-pani-lwowa-our-lady-o,"Lwów (Lviv), Latin cathedral","Obraz Matki Bożej Łaskawej, Pani Lwowa (Our Lady of Grace, Lady of Lviv; « Śliczna Gwiazda miasta Lwowa »)",1776-05-12; 2001-06-26,AAS; Vrabelová,yes,,ERR - Frate Anselmo: non la cita.
282,546,Italia,"Vezzano Ligure, frazione di Vezzano Superiore",Santa Maria del Soccorso,#-9-1776,Capitolo,sì,1,yes,,santa-maria-del-soccorso-di-vezzano-vezzano-ligu,Vezzano Ligure,Santa Maria del Soccorso di Vezzano,1772; 1776-09,Briccolani,no,,ERR - Briccolani: data l'incoronazione 1772. ERR - Frate Anselmo: scambia la data del decreto con quello di incoronazione.
283,534,Italia,Santa Margherita Ligure,Madonna della Rosa,25-11-1776,Capitolo,sì,1,yes,,dei-genetricis-imago-a-rosa-santa-margherita-lig,Santa Margherita Ligure,Dei Genetricis Imago « a Rosa »,1776-11-25,AAS,yes,,ERR - Briccolani la colloca nella diocesi di Genova (non specifica la località) e la corona nell'anno 1769. ERR - Frate Anselmo: data l'incoronazione 27 novembre 1776 e come seconda volta: questa è la prima volta.
284,468,Italia,Itri,Santa Maria della Civita,20-7-1777,Capitolo,sì,1,yes,,santa-maria-di-civita-nella-chiesa-d-itri-itri,Itri,Santa Maria di Civita nella Chiesa d'Itri,1777-07-20; 1877-07-20,Briccolani,yes,,ERR - Frate Anselmo: data l'incoronazione 21 luglio 1777.
285,735,Ucraina,Bołszowce,Nostra signora di Bołszowce,15-8-1777,B.P.,sì,1,yes,,matka-boza-bolszowiecka-bolszowce-bilshivtsi,Bołszowce (Bilshivtsi),Matka Boża Bołszowiecka,1777-08-15,Vrabelová,yes,,ERR - Frate Anselmo: non la cita.
286,365,Italia,Marzano di Nola,Santa Maria dell'Abbondanza,29-7-1778,Capitolo,sì,1,yes,,santa-maria-di-marzano-marzano-diocese-of-nola,Marzano (diocese of Nola),Santa Maria di Marzano,1778-07-29,Briccolani,yes,,
287,467,Italia,Cori,Santa Maria del Soccorso,20-9-1778,Capitolo,sì,1,yes,,santa-maria-del-soccorso-di-cori-cori,Cori,Santa Maria del Soccorso di Cori,1778-09-20,Briccolani,yes,,ERR - Frate Anselmo: data incoronazione 18 settembre 1778.
288,568,Italia,Fabriano,Santa Maria della Misericordia,1-10-1778,#,no,1,no,not verified by them (data verificata: no),,,,,,,,Frate Anselmo: data l'incoronazione 1 ottobre 1778. Nessun riferimento in internet.
289,647,Italia,"Cefalù, frazione di Gibilmanna",Santa Maria del Grande Giubileo,2-10-1778,#,no,#,no,petition refused or crowning uncertain (incoronazione #),,,,,,,,ERR - Frate Anselmo: data l'incoronazione 2 ottobre 1778 e la indica come seconda incoronazione. Nessun riferimento in internet.
290,734,Ucraina,Latyczów,Santa Maria di Latyczòw,4-10-1778,Capitolo,sì,1,yes,,matka-boza-latyczowska-latyczow-letychiv,Latyczów (Letychiv),Matka Boża Latyczowska,1778-10-04,Vrabelová,yes,,"ERR - Briccolani: non la cita. Frate Anselmo: data l'incoronazione 4 ottobre 1778. ERR - Frate Anselmo: la colloca a Atyczow (Pinsk), sbagliando la collocazione nell'elenco per località."
291,581,Italia,Muccia,Santa Maria di Col de' Venti,8-10-1778,Capitolo,sì,1,yes,,santa-maria-di-col-de-venti-della-muccia-muccia,Muccia (Col di Venti),Santa Maria di Col de' Venti della Muccia,1778-10-08,Briccolani,yes,,
292,655,Italia,Calatafimi Segesta,Maria Santissima di Giubino,5-5-1779,Capitolo,sì,1,yes,,maria-santissima-di-giubino-madonna-di-giubino-c,Calatafimi Segesta,Maria Santissima di Giubino (Madonna di Giubino),1779-05-05,,,,ERR - Briccolani: data l'incoronazione 1778 e la titola Madonna delle Grazie. ERR - Frate Anselmo: scambia la data di incoronazione con quella del decreto.
293,439,Italia,Ferrara,Santa Maria delle Grazie,24-5-1779,Capitolo,sì,1,yes,,santa-maria-delle-grazie-nella-metropolitana-di,Ferrara,Santa Maria delle Grazie nella Metropolitana di Ferrara,1779-05-24,Briccolani,±1,,ERR - Briccolani: data l'incoronazione 1778.
294,733,Ucraina,Mezhyrich,Nostra Signora di Mezhyrich,15-8-1779,B.P.,sì,1,yes,,matka-boza-miedzyrzecka-miedzyrzecz-ostrogski-ve,Międzyrzecz Ostrogski (Velyki Mezhyrichi),Matka Boża Międzyrzecka,1779-08-15,Vrabelová,yes,,ERR - Frate Anselmo: non la cita.
295,650,Italia,Palermo,Santa Maria della Pace,#-9-1779,Capitolo,sì,1,yes,,santa-maria-della-pace-madonna-dei-cappuccini-pa,Palermo,Santa Maria della Pace (Madonna dei Cappuccini),1779-09,,,,ERR - Briccolani: data l'incoronazione 1778. Frate Anselmo: non la cita.
296,472,Italia,"Scandriglia, frazione di Ponticelli Sabino",Santa Maria delle Grazie,3-10-1779,Capitolo,sì,1,yes,,santa-maria-delle-grazie-ponticelli-sabina,Ponticelli (Sabina),Santa Maria delle Grazie,1779-10-03,Briccolani,±1,,ERR - Frate Anselmo: scambia la data del decreto con la data di incoronazione.
297,381,Italia,Gragnano,Santa Maria di Costantinopoli,10-10-1779,Capitolo,sì,1,yes,,santa-maria-di-costantinopoli-nella-chiesa-di-gr,"Gragnano, diocese of Lettere",Santa Maria di Costantinopoli nella Chiesa di Granani,1779-10-10,Briccolani,±1,,ERR - Briccolani: data l'incoronazione 1778. ERR - Frate Anselmo: data l'incoronazione 24 ottobre 1779.
298,510,Italia,Acquapendente,Maria Santissima Immacolata Concezione,28-5-1780,Capitolo,sì,1,yes,,santa-maria-della-concezione-nella-cattedrale-d,Acquapendente (cathedral),Santa Maria della Concezione nella Cattedrale d'Aquapendente,1780-05-28,Briccolani,no,,ERR - Briccolani: data l'incoronazione 1778. ERR - Frate Anselmo: scambia la data del decreto con quella dell'incoronazione.
299,394,Italia,Napoli,Santa Maria della Potenza,9-7-1780,Capitolo,sì,1,yes,,santa-maria-della-potenza-nella-chiesa-di-s-gior,Napoli (San Giorgio Maggiore),Santa Maria della Potenza nella Chiesa di S. Giorgio maggiore di Napoli,1780-07-09,Balzamo; Briccolani,±1,,ERR - Briccolani: data l'incoronazione 1779.
300,564,Italia,Casalpusterlengo,Madonna dei Cappuccini,3-9-1780,Capitolo,sì,1,yes,,santa-maria-nella-chiesa-de-cappucini-di-casal-p,Casalpusterlengo,Santa Maria nella Chiesa de Cappucini di Casal Posterlengo,1780-09-03,Briccolani; Zander/Magister,yes,,Frate Anselmo: la titola Santa Maria Lauretana di S. Salvatore.
301,624,Italia,Acquaviva delle Fonti,Santa Maria di Costantinopoli,4-9-1781,Capitolo,sì,1,yes,,santa-maria-di-costantinopoli-nella-chiesa-di-s,Acquaviva delle Fonti,Santa Maria di Costantinopoli nella Chiesa di S. Eustachio della Città d'Aquaviva,1781-09-04; 1881-09-04,Briccolani,±1,,ERR - Briccolani: data l'incoronazione 1780. ERR - Frate Anselmo: data l'incoronazione 27 ottobre 1781.
302,635,Italia,Foggia,Santa Maria dei Sette Veli o Iconavetere,24-5-1782,Capitolo,sì,1,yes,,santa-maria-dei-sette-veli-o-iconavetere-foggia,Foggia,Santa Maria dei Sette Veli o Iconavetere,1782-05-24,,,,ERR - Briccolani: data l'incoronazione 1781.
303,442,Italia,Cesena,Santa Maria del Popolo,3-6-1782,Papa Pio VI,sì,1,yes,,santa-maria-del-popolo-cesena,Cesena,Santa Maria del Popolo,1782-06-03,,,,ERR - Briccolani non la cita. ERR - Frate Anselmo: scambia la data del decreto con la data dell'incoronazione.
304,678,Italia,Monsummano,Santa Maria del Fonte Nuovo,25-8-1782,#,sì,1,yes,,madonna-di-fontenuova-monsummano-terme,Monsummano Terme,Madonna di Fontenuova,1782-08-25,AAS,yes,,ERR - Briccolani non la cita.
305,418,Italia,"Vico Equense, frazione di Seiano",Santa Maria delle Grazie,6-7-1783,#,no,#,no,petition refused or crowning uncertain (incoronazione #),,,,,,,,Briccolani non la cita. ERR - Frate Anselmo: data l'incoronazione 2 luglio 1783.
306,427,Italia,Positano,Santa Maria di Positano,15-8-1783,Capitolo,sì,1,yes,,santa-maria-nella-chiesa-di-s-vito-di-positano-p,Positano,Santa Maria nella Chiesa di S. Vito di Positano,1783-08-15,Briccolani,yes,,
307,352,Italia,Conflenti,Santa Maria delle Grazie,31-8-1783,Capitolo,sì,1,yes,,santa-maria-di-tutte-le-grazie-della-quercia-nel,Conflenti,Santa Maria di tutte le Grazie della Quercia nella Chiesa di Conflenti Inferiori,1783-08-31,Briccolani,±1,,ERR - Briccolani: data l'incoronazione 1782. ERR - Frate Anselmo: la colloca a Confuenti.
308,649,Italia,Palermo,Santa Maria della Provvidenza,17-3-1784,#,no,#,no,petition refused or crowning uncertain (incoronazione #),,,,,,,,Briccolani non la cita. ERR - Frate Anselmo: riporta un duplicato o un cinquantenario di una incoronazione avvenuta nel 1734.
309,654,Italia,Alcamo,Santa Maria dei Miracoli,21-6-1784,Capitolo,sì,1,yes,,santa-maria-de-miracoli-nella-chiesa-d-alcami-al,Alcamo,Santa Maria de' Miracoli nella Chiesa d'Alcami,1784-06-21,Briccolani,no,,ERR - Briccolani: data l'incoronazione 1782. ERR - Frate Anselmo: data l'incoronazione 17 dicembre 1786.
310,651,Italia,Palermo,"Santa Maria del Presepio, dei Frati Minori",29-10-1784,Capitolo,sì,#,no,petition refused or crowning uncertain (incoronazione #),,,,,,,,Nessun riferimento in internet.
311,570,Italia,Jesi,Santa Maria della Misericordia,8-9-1785,#,no,1,no,not verified by them (data verificata: no),,,,,,,,ERR - Briccolani: data l'incoronazione 1784. Frate Anselmo: data l'incoronazione 8 settembre 1785. Nessun riferimento in internet.
312,407,Italia,Napoli,Santa Maria delle Grazie,2-7-1786,Capitolo,sì,1,yes,,santa-maria-delle-grazie-alla-pietra-del-pesce-i,Napoli (Pietra del Pesce),Santa Maria delle Grazie alla Pietra del Pesce in Napoli,1726-05-12; 1786-07-02; 1802-09-26; 1853-11-21,Balzamo; Briccolani,yes,,
313,703,Lituania,Šiluva,Nostra Signora di Šiluva,8-9-1786,B.P.,sì,1,yes,,siluvos-dievo-motina-matka-boza-szydlowska-szydl,"Szydłów (Šiluva), Samogitia",Šiluvos Dievo Motina (Matka Boża Szydłowska),1786-09-08,Vrabelová,yes,,ERR - Frate Anselmo: non la cita.
314,428,Italia,Roccadaspide,Santa Maria delle Grazie,19-12-1786,Capitolo,sì,1,yes,,santa-maria-delle-grazie-roccadaspide,Roccadaspide,Santa Maria delle Grazie,1786-12-19,,,,Briccolani: non la cita. ERR - Frate Anselmo: cita questa incoronazione e la colloca a Capaccio.Val di Novi (Vallo di Novi) antico nome di Vallo della Lucania.
315,653,Italia,Vittoria,Santa Maria Lauretana,29-6-1787,Capitolo,sì,1,yes,,santa-maria-lauretana-nella-chiesa-de-cappucini,Vittoria (Sicily),Santa Maria Lauretana nella Chiesa de' Cappucini della Città Vittoria,1787-06-29,Briccolani,no,,ERR - Briccolani: data l'incoronazione 1785. Frate Anselmo: la colloca nella provincia di Siragusa. ERR - Frate Anselmo: data la coronazione il 31 ottobre 1785.
316,405,Italia,Napoli,Santa Maria delle Grazie,17-7-1787,#,no,#,no,petition refused or crowning uncertain (incoronazione #),,,,,,,,ERR - Briccolani: non la cita. Frate Anselmo: data l'incoronazione 17 luglio 1787. Nessun riferimento in internet.
317,380,Italia,Forio d'Ischia,Santa Maria di Loreto (Lauretana),29-7-1787,Capitolo,sì,1,yes,,santa-maria-lauretana-di-forigi-forio-ischia,Forio (Ischia),Santa Maria Lauretana di Forigi,1787-07-29,Briccolani,±1,,ERR - Briccolani: data l'incoronazione 1786. ERR - Frate Anselmo: data l'incoronazione 25 luglio 1787.
318,425,Italia,Pagani,Santa Maria del Carmine,22-9-1787,Capitolo,sì,1,yes,,santa-maria-del-carmine-di-nocera-de-pagani-noce,Nocera de' Pagani (Nocera Inferiore),Santa Maria del Carmine di Nocera de' Pagani,1787-09-22,Briccolani,no,,ERR - Briccolani: data l'incoronazione 1785.
319,430,Italia,Vallo della Lucania,Santa Maria delle Grazie,8-6-1788,Capitolo,sì,1,yes,,santa-maria-delle-grazie-nella-chiesa-de-domenic,"Vallo della Lucania (Novi Velia), diocese of Capaccio",Santa Maria delle Grazie nella Chiesa de' Domenicani di Val di Novi,1788-06-08,Briccolani,no,,Briccolani: la colloca in Val di Novi. ERR - Briccolani: data l'incoronazione 1786. ERR - Frate Anselmo: la incorona il giorno 8 dicembre 1785 e la titola Santa Maria nella Chiesa dei PP. Domenicani.
320,619,Italia,Valperga,Santa Maria della Natività o di Belmonte,17-8-1788,Capitolo,sì,1,yes,,santa-maria-della-nativita-di-belmonte-valperga,Valperga,"Santa Maria della Natività, di Belmonte",1788-08-17; 1888-08-17,Balzamo; Briccolani; Zander/Magister,yes,,
321,524,Italia,Cicagna,Santa Maria dei Miracoli,14-9-1790,Capitolo,sì,1,yes,,nostra-signora-dei-miracoli-cicagna,Cicagna,Nostra Signora dei Miracoli,1790-09-14; 1814-09-14,Zander/Magister,yes,,ERR - Briccolani: non la cita. ERR - Frate Anselmo: data l'incoronazione 16 settembre 1790.
322,483,Italia,Palombara Sabina,Santa Maria della Neve,17-10-1790,Capitolo,sì,1,yes,,santa-maria-della-neve-palombara-sabina,Palombara Sabina,Santa Maria della Neve,1790-10-17,Briccolani,yes,,ERR - Frate Anselmo: la colloca nel paese di Palombaro in provincia di Chieti e data l'incoronazione 22 dicembre 1790.
323,683,Italia,Sinalunga,Madonna del Rifugio,6-9-1793,Capitolo,sì,1,yes,,madonna-del-rifugio-sinalunga,Sinalunga,Madonna del Rifugio,1793-09-06,,,,ERR - Briccolani: non la cita. Frate Anselmo: non la cita.
324,493,Italia,Roma,Santa Maria della Misericordia,15-9-1793,Capitolo,sì,1,yes,,santa-maria-nella-chiesa-parrochiale-di-s-benede,"Rome, San Benedetto in Piscinula",Santa Maria nella Chiesa Parrochiale di S. Benedetto in Piscinula,1793-09-15,Briccolani,yes,AUTO,ERR - Briccolani: data l'incoronazione 1791. ERR - Frate Anselmo: data l'incoronazione 16 settembre 1793.
325,382,Italia,Ischia,Santa Maria di Costantinopoli,25-8-1794,Capitolo,sì,1,yes,,santa-maria-di-costantinopoli-d-ischia-ischia,Ischia,Santa Maria di Costantinopoli d'Ischia,1791; 1794-08-25,Briccolani,no,,ERR - Briccolani: data l'incoronazione 1791. ERR - Frate Anselmo: data l'incoronazione 24 agosto 1794.
326,426,Italia,"Pellezzano, frazione di Capriglia",Santa Maria delle Grazie,20-5-1795,Capitolo,sì,1,yes,,santa-maria-delle-grazie-pellezzano-frazione-di,"Pellezzano, frazione di Capriglia",Santa Maria delle Grazie,1795-05-20,,,,ERR - Frate Anselmo: non la cita.
327,351,Italia,Catanzaro,Santa Maria di Mezzogiorno,2-7-1797,Capitolo,sì,1,yes,,santa-maria-di-mezzogiorno-madonna-di-mezzogiorn,Catanzaro,Santa Maria di Mezzogiorno (Madonna di Mezzogiorno),1797-07-02,,,,ERR - Frate Anselmo: non la cita.
328,643,Italia,Enna,Madonna della Visitazione,6-7-1797,Capitolo,sì,1,yes,,image-enna,Enna,,1797-07-06,Balzamo,yes,,ERR - Frate Anselmo: non la cita.
329,672,Italia,Lucca,Santa Maria dei Miracoli,24-9-1797,Capitolo,sì,1,yes,,madonna-dei-miracoli-lucca-san-tommaso-in-peller,Lucca (San Tommaso in Pelleria),Madonna dei Miracoli,1797-09-27,Zander/Magister,yes,,Frate Anselmo: data l'incoronazione 24 settembre 1797. Nessun riferimento in internet.
330,656,Italia,Castellammare del Golfo,Madonna del Soccorso,16-9-1798,B.P.,sì,1,yes,,madonna-del-soccorso-madonna-della-mazza-castell,Castellammare del Golfo,Madonna del Soccorso (Madonna della Mazza),1798-09-16,,,,ERR - Frate Anselmo: non la cita.
331,689,Italia,Spoleto,Santa Maria della Sacra Icone,30-6-1800,Papa Pio VII,sì,1,yes,,santa-maria-della-sacra-icone-spoleto,Spoleto,Santa Maria della Sacra Icone,1800-06-30,,,,
332,571,Italia,Loreto,Madonna di Loreto,23-2-1801,Papa Pio VII,sì,1,yes,,madonna-di-loreto-loreto-lauretum,Loreto (Lauretum),Madonna di Loreto,1801-02-23; 1922-09-05; 1962-10-04,AAS,no,,Frate Anselmo: data l'incoronazione 23 febbraio 1801.
333,372,Italia,Casaluce,Santa Maria di Casaluce,13-9-1801,Capitolo,sì,1,yes,,santa-maria-di-casaluce-casaluce,Casaluce,Santa Maria di Casaluce,1801-09-13,,,,
334,400,Italia,Napoli,Santa Maria di Piedigrotta,5-9-1802,Capitolo,sì,1,yes,,santa-maria-di-piedigrotta-napoli,Napoli,Santa Maria di Piedigrotta,1802-09-05,,,,
335,392,Italia,Napoli,Santa Maria delle Grazie,26-9-1802,Capitolo,sì,1,yes,,santa-maria-delle-grazie-alla-pietra-del-pesce-i,Napoli (Pietra del Pesce),Santa Maria delle Grazie alla Pietra del Pesce in Napoli,1726-05-12; 1786-07-02; 1802-09-26; 1853-11-21,Balzamo; Briccolani,no,,ERR - Frate Anselmo: data l'incoronazione 26 settembre 1803.
336,657,Italia,Mazara del Vallo,Madonna del Paradiso,10-7-1803,Capitolo,sì,1,yes,,madonna-del-paradiso-mazara-del-vallo,Mazara del Vallo,Madonna del Paradiso,1803-07-10,,,,ERR - Frate Anselmo: la colloca a Mazzara del Vallo.
337,408,Italia,Napoli,"Santa Maria ""Mater Dei""",14-8-1803,Capitolo,sì,1,yes,,santa-maria-mater-dei-napoli,Napoli,"Santa Maria ""Mater Dei""",1803-08-14,,,,
338,383,Italia,Massa Lubrense,Santa Maria della Lobra,12-8-1804,Capitolo,sì,1,yes,,madonna-della-lobra-massa-lubrense,Massa Lubrense,Madonna della Lobra,1804-08-12,Zander/Magister,yes,,
339,404,Italia,Napoli,Santa Maria della Purità (sull'arco dei Barrettari),23-9-1804,Capitolo,sì,1,yes,,santa-maria-della-purita-sull-arco-dei-barrettar,Napoli,Santa Maria della Purità (sull'arco dei Barrettari),1804-09-23,,,,ERR - Frate Anselmo: data l'incoronazione 23 novembre 1804.
340,371,Italia,Caivano,Santa Maria delle Grazie,12-5-1805,Capitolo,sì,1,yes,,santa-maria-delle-grazie-madonna-di-campiglione,Caivano,Santa Maria delle Grazie (Madonna di Campiglione),1805-05-12,,,,
341,611,Italia,Chieri,Santa Maria delle Grazie,3-9-1805,#,no,#,no,petition refused or crowning uncertain (incoronazione #),,,,,,,,ERR - Frate Anselmo: data l'incoronazione il 3 settembre 1805. La Madonna fu incoronata dal Capitolo Vaticano nell'anno 1905. Nessun riferimento in internet.
342,660,Italia,San Giovanni Valdarno,Santa Maria delle Grazie,22-12-1805,#,no,#,no,petition refused or crowning uncertain (incoronazione #),,,,,,,,ERR - Frate Anselmo: data l'incoronazione 22 dicembre 1805. Bonci non la cita. Questa incoronazione non è mai avvenuta.
343,636,Italia,Lucera,Santa Maria Assunta,15-8-1806,Capitolo,sì,1,yes,,santa-maria-assunta-santa-maria-patrona-madonna,Lucera,Santa Maria Assunta (Santa Maria Patrona - Madonna del Colera),1806-08-15,,,,ERR - Frate Anselmo: data l'incoronazione 15 agosto 1805.
344,444,Italia,Cesena,Santa Maria del Monte o di S. Mauro,1-5-1814,Papa Pio VII,sì,1,yes,,santa-maria-del-monte-o-di-s-mauro-cesena,Cesena,Santa Maria del Monte o di S. Mauro,1814-05-01,,,,
345,567,Italia,Ancona,Santa Maria Regina di tutti i Santi,13-5-1814,Papa Pio VII,sì,1,yes,,imago-deiparae-sub-titulo-reginae-omnium-sanctor,Ancona,Imago Deiparae sub titulo Reginae omnium Sanctorum,1814-05-13,AAS; ASS,,,
346,586,Italia,Treia,Madonna della Misericordia,17-5-1814,Pio VII,sì,1,yes,,madonna-della-misericordia-treia,Treia,Madonna della Misericordia,1814-05-17,,,,ERR - Frate Anselmo: non la cita.
347,580,Italia,Montegiorgio,Madonna Addolorata,17-5-1814,Pio VII,sì,1,yes,,madonna-addolorata-montegiorgio,Montegiorgio,Madonna Addolorata,1814-05-17,,,,ERR - Frate Anselmo: non la cita.
348,577,Italia,"Caldarola, frazione di Pievefavera",Madonna della Pietà,17-5-1814,Pio VII,sì,1,yes,,madonna-della-pieta-caldarola-frazione-di-pievef,"Caldarola, frazione di Pievefavera",Madonna della Pietà,1814-05-17,,,,ERR - Frate Anselmo: non la cita.
349,584,Italia,Tolentino,Madonna della Tempesta,17-5-1814,Papa Pio VII,sì,1,yes,,madonna-della-tempesta-santa-maria-della-tempest,Tolentino,Madonna della Tempesta (Santa Maria della Tempesta),1814-05-17,,,,ERR - Frate Anselmo: non la cita.
350,585,Italia,Tolentino,Madonna della Tempesta,17-5-1814,Papa Pio VII,sì,1,yes,,madonna-della-tempesta-santa-maria-della-tempest,Tolentino,Madonna della Tempesta (Santa Maria della Tempesta),1814-05-17,,,,
351,576,Italia,Caldarola,Madonna del Monte,17-5-1814,Pio VII,sì,1,yes,,madonna-del-monte-caldarola,Caldarola,Madonna del Monte,1814-05-17,,,,ERR - Frate Anselmo: non la cita.
352,659,Italia,Arezzo,Madonna del Conforto,15-8-1814,Capitolo,sì,1,yes,,madonna-del-conforto-arezzo,Arezzo,Madonna del Conforto,1814-08-15,,,,
353,550,Italia,Savona,Santa Maria della Misericordia,10-5-1815,Papa Pio VII,sì,1,yes,,nostra-signora-della-misericordia-savona,Savona,Nostra Signora della Misericordia,1770; 1815-05-10; 1915-04-19,AAS; Briccolani,yes,,ERR - Briccolani: data l'incoronazione 1770. ERR - Frate Anselmo: data l'incoronazione 16 novembre 1770 e la numera come seconda incoronazione.
354,435,Italia,Imola,Santa Maria delle Grazie,15-8-1815,Capitolo,sì,1,yes,,santa-maria-delle-grazie-imola,Imola,Santa Maria delle Grazie,1815-08-15,,,,
355,253,Belgio,Arlon,Santa Maria Regina della Pace,14-9-1815,#,no,#,no,petition refused or crowning uncertain (incoronazione #),,,,,,,,Frate Anselmo: data la coronazione 14 settembre 1815. Nessun riferimento in internet.
356,578,Italia,Mogliano,Santa Maria del Soccorso,12-11-1815,Papa Pio VII,sì,#,no,petition refused or crowning uncertain (incoronazione #),,,,,,,,"A Mogliano, questa Madonna, oggi non esiste."
357,462,Italia,Arpino,Santa Maria Assunta,15-8-1816,Capitolo,sì,1,yes,,santa-maria-assunta-arpino,Arpino,Santa Maria Assunta,1816-08-15; 1920-08-15,,,,Frate Anselmo: la cita in appendice.
358,258,Francia,Dunkerque,Nostra Signora delle Dune,8-9-1816,#,no,#,no,petition refused or crowning uncertain (incoronazione #),,,,,,,,Frate Anselmo: data l'incoronazione 8 settembre 1816 con Breve Papale. Nessun riferimento in internet.
359,494,Italia,Roma,Santa Maria Addolorata,19-10-1816,#,no,#,no,petition refused or crowning uncertain (incoronazione #),,,,,,,,Frate Anselmo: data l'incoronazione 19 ottobre 1816. Nessun riferimento in internet.
360,583,Italia,Sarnano,Santa Maria Consolatrice degli Afflitti,26-12-1816,#,no,#,no,petition refused or crowning uncertain (incoronazione #),,,,,,,,Frate Anselmo: data l'incoronazione 26 dicembre 1816. Nessun riferimento in internet.
361,357,Italia,Scigliano,Santa Maria di Monserrato,12-7-1818,B.P.,sì,1,yes,,santa-maria-di-monserrato-scigliano,Scigliano,Santa Maria di Monserrato,1818-07-12,,,,
362,517,Italia,Camogli,Santa Maria del Boschetto,30-8-1818,B.P.,sì,1,yes,,santa-maria-del-boschetto-camogli,Camogli,Santa Maria del Boschetto,1818-08-30,,,,ERR - Frate Anselmo: data l'incoronazione 12 agosto 1817.
363,476,Italia,"Ariccia, frazione di Galloro",Madonna di Galloro,20-10-1818,Papa Pio VII,sì,2,yes,,santa-maria-di-galloro-galloro-ariccia,Galloro (Ariccia),Santa Maria di Galloro,1726-06-10; 1818-10-20,Briccolani,no,,ERR - Frate Anselmo: data l'incoronazione 23 dicembre 1816.
364,644,Italia,Piazza Armerina,Maria Santissima delle Vittorie,#-#-1818,Capitolo,sì,1,yes,,maria-santissima-delle-vittorie-piazza-armerina,Piazza Armerina,Maria Santissima delle Vittorie,1818,,,,ERR - Frate Anselmo: non la cita.
365,674,Italia,Buti,Madonna del Rosario,#-#-1819,Capitolo,sì,1,yes,,madonna-del-rosario-madonna-del-monte-buti,Buti,Madonna del Rosario (Madonna del Monte),1819,,,,ERR - Frate Anselmo: non la cita.
366,594,Italia,"Biella, frazione di Oropa",Santa Maria di Oropa,27-8-1820,#,no,#,no,petition refused or crowning uncertain (incoronazione #),,,,,,,,ERR - Frate Anselmo: data l'incoronazione 31 dicembre 1820.
367,542,Italia,San Bartolomeo al Mare,Santa Maria della Rovere,8-9-1821,Capitolo,sì,1,yes,,madonna-della-rovere-san-bartolomeo-al-mare,San Bartolomeo al Mare,Madonna della Rovere,1821-09-08,Zander/Magister,yes,,ERR - Frate Anselmo: la colloca a Cervo.
368,465,Italia,Villa Santo Stefano,Santa Maria dello Spirito Santo,9-9-1821,Capitolo,sì,1,yes,,santa-maria-dello-spirito-santo-madonna-dello-sp,Villa Santo Stefano,Santa Maria dello Spirito Santo (Madonna dello Spirito Santo),1821-09-09,,,,ERR - Frate Anselmo: non la cita.
369,520,Italia,Ceranesi,Santa Maria della Guardia,26-7-1822,#,no,#,no,petition refused or crowning uncertain (incoronazione #),,,,,,,,"Frate Anselmo: data l'incoronazione 26 luglio 1822, con Breve Papale. Fu un rito locale."
370,531,Italia,Montoggio,Santa Maria delle Tre Fontane,8-9-1822,Capitolo,sì,1,yes,,santa-maria-delle-tre-fontane-montoggio,Montoggio,Santa Maria delle Tre Fontane,1822-09-08,,,,Frate Anselmo: la colloca nel comune di Montobbio. ERR - Frate Anselmo: data l'incoronazione 1 settembre 1822.
371,591,Italia,Molare,"Santa Maria ""Auxilium Christianorum""",10-8-1823,Capitolo,sì,1,yes,,santa-maria-auxilium-christianorum-madonna-delle,Molare,"Santa Maria ""Auxilium Christianorum"" (Madonna delle Rocche)",1823-08-10,,,,
372,623,Italia,Re,Santa Maria del Sangue,5-8-1824,Capitolo,sì,1,yes,,santa-maria-del-sangue-madonna-del-sangue-re,Re,Santa Maria del Sangue (Madonna del Sangue),1824-08-05,,,,ERR - Frate Anselmo: la colloca a Re in Val Vegezzo.
373,533,Italia,Recco,Santa Maria del Suffragio,8-9-1824,Capitolo,sì,1,yes,,santa-maria-del-suffragio-suffragina-recco,Recco,Santa Maria del Suffragio (Suffragina),1824-09-08,,,,ERR - Frate Anselmo: data l'incoronazione 26 dicembre 1823.
374,363,Italia,Castelfranci,Santa Maria del Soccorso,27-8-1826,Capitolo,sì,1,yes,,santa-maria-del-soccorso-castelfranci,Castelfranci,Santa Maria del Soccorso,1826-08-27,,,,Bolla Papale datata 7 agosto 1826.
375,388,Italia,Napoli,Immacolata Concezione,30-12-1826,Capitolo,sì,1,yes,,immacolata-immacolata-di-placido-baccher-naples,Naples,Immacolata (Immacolata di Placido Baccher),1826-12-30,AAS,yes,,
376,477,Italia,Artena,Madonna delle Grazie,17-5-1828,Capitolo,sì,1,yes,,madonna-delle-grazie-artena,Artena,Madonna delle Grazie,1828-05-17,,,,ERR - Frate Anselmo: non la cita.
377,618,Italia,Torino,Madonna della Consolata,20-6-1829,Capitolo,sì,1,yes,,madonna-della-consolata-torino,Torino,Madonna della Consolata,1829-06-20; 1904-06-18,,,,
378,474,Italia,Albano Laziale,Santa Maria della Rotonda,22-8-1829,Capitolo,sì,2,yes,,santa-maria-della-rotonda-d-albano-albano,Albano,Santa Maria della Rotonda d'Albano,1729-08-22; 1829-08-22; 1905-05-14,Briccolani,no,,ERR - Frate Anselmo: data l'incoronazione 23 dicembre 1829.
379,662,Italia,Fucecchio,Santa Maria delle Vedute,20-5-1830,Capitolo,sì,1,yes,,santa-maria-delle-vedute-madonna-delle-vedute-fu,Fucecchio,Santa Maria delle Vedute (Madonna delle Vedute),1830-05-20,,,,ERR - Frate Anselmo: data l'incoronazione 20 maggio 1800.
380,362,Italia,Castel Baronia,Santa Maria delle Fratte,15-8-1832,Capitolo,sì,1,yes,,santa-maria-delle-fratte-castel-baronia,Castel Baronia,Santa Maria delle Fratte,1832-08-15,,,,Frate Anselmo: data l'incoronazione 15 agosto 1832.
381,341,Italia,Lanciano,Santa Maria del Ponte,15-9-1833,Capitolo,sì,1,yes,,madonna-del-ponte-lanciano,Lanciano,Madonna del Ponte,1833-09-15,AAS,yes,,
382,356,Italia,Cosenza,Santa Maria del Pilerio,12-6-1836,Capitolo,sì,1,yes,,santa-maria-del-pilerio-madonna-del-pilerio-cose,Cosenza,Santa Maria del Pilerio (Madonna del Pilerio),1836-06-12; 1922-11-12,,,,
383,612,Italia,Cuorgné,Santa Maria delle Grazie,31-7-1836,Capitolo,sì,1,yes,,santa-maria-delle-grazie-madonna-della-rivassola,Cuorgné,Santa Maria delle Grazie (Madonna della Rivassola),1836-07-31,,,,
384,679,Italia,Prato,Santa Maria delle Carceri,14-8-1836,Capitolo,sì,1,yes,,santa-maria-delle-carceri-prato,Prato,Santa Maria delle Carceri,1836-08-14,,,,ERR - Frate Anselmo: data l'incoronazione 16 agosto 1836.
385,497,Italia,Roma,Santa Maria di Loreto,9-12-1836,Capitolo,sì,2,yes,,santa-maria-di-loreto-in-s-salvator-in-lauro-rom,"Rome, San Salvatore in Lauro",Santa Maria di Loreto in S. Salvator in Lauro,1644-12-12; 1836-12-09,Bombelli; Briccolani,no,PICK,
386,563,Italia,Crema,Santa Maria della Croce,4-9-1837,Capitolo,sì,1,yes,,santa-maria-della-croce-crema,Crema,Santa Maria della Croce,1837-09-04,,,,ERR - Frate Anselmo: data l'incoronazione 18 settembre 1837.
387,489,Italia,Roma,"Santa Maria ""Salus Populi Romani""",15-8-1838,Papa Gregorio XVI,sì,1,yes,,salus-populi-romani-rome-ceremony-in-the-vatican,Rome (ceremony in the Vatican Basilica),Salus Populi Romani,1597; 1838-08-15; 1954-11-01,AAS; Balzamo,no,PICK,
388,342,Italia,Avezzano,Madonna di Pietraquaria,16-9-1838,Capitolo,sì,1,yes,,madonna-di-pietraquaria-avezzano,Avezzano,Madonna di Pietraquaria,1838-09-16,,,,ERR - Frate Anselmo: non la cita.
389,470,Italia,"Fara in Sabina, frazione di Farfa",Santa Maria Assunta,10-4-1840,Capitolo,sì,1,yes,,santa-maria-assunta-madonna-di-farfa-fara-in-sab,"Fara in Sabina, frazione di Farfa",Santa Maria Assunta (Madonna di Farfa),1840-04-10,,,,ERR - Frate Anselmo: data l'incoronazione 20 dicembre 1840.
390,389,Italia,Napoli,Immacolata Concezione,2-2-1841,Capitolo,sì,1,yes,,immacolata-concezione-napoli,Napoli,Immacolata Concezione,1841-02-02,,,,
391,403,Italia,Napoli,Santa Maria del Brasile,14-11-1841,Capitolo,sì,1,yes,,santa-maria-del-brasile-madonna-del-brasile-verg,Napoli,Santa Maria del Brasile (Madonna del Brasile-Vergine dei Sacri Cuori),1841-11-14,,,,
392,229,Canada,Varennes,Sant'Anna di Varennes,26-7-1842,B.P.,sì,1,yes,,sant-anna-di-varennes-varennes,Varennes,Sant'Anna di Varennes,1842-07-26,,,,ERR - Frate Anselmo: non la cita.
393,579,Italia,Mogliano,Santa Maria Addolorata,16-9-1842,#,no,#,no,petition refused or crowning uncertain (incoronazione #),,,,,,,,Frate Anselmo: data l'incoronazione 16 settembre 1842 con Breve Papale. Nessun riferimento in internet.
394,241,Belgio,Bruxelles,Nostra Signora della Misericordia,25-5-1843,Capitolo,sì,1,yes,,nostra-signora-della-misericordia-notre-dame-de,Bruxelles,Nostra Signora della Misericordia (Notre-Dame de Miséricorde),1843-05-25,,,,Frate Anselmo la vuole coronata per Breve Papale.
395,589,Italia,Alessandria,Santa Maria della Salve,28-5-1843,Capitolo,sì,1,yes,,madonna-della-salve-alessandria,Alessandria,Madonna della Salve,1843-05-28,Zander/Magister,yes,,ERR - Frate Anselmo: data l'incoronazione 8 maggio 1842.
396,348,Italia,Matera,Santa Maria della Bruna,2-7-1843,Capitolo,sì,1,yes,,madonna-della-bruna-matera,Matera,Madonna della Bruna,1843-07-02,AAS,yes,,
397,575,Italia,Fermo,Santa Maria del Pianto,8-9-1843,Capitolo,sì,1,yes,,santa-maria-del-pianto-fermo,Fermo,Santa Maria del Pianto,1843-09-08,,,,ERR - Frate Anselmo: data l'incoronazione 10 settembre 1843.
398,523,Italia,"Chiavari, località Bacezza",Santa Maria dell'Olivo,15-8-1845,#,no,#,no,petition refused or crowning uncertain (incoronazione #),,,,,,,,Frate Anselmo: data l'incoronazione 15 agosto 1845. Nessun riferimento in internet.
399,539,Italia,Castellaro,Santa Maria di Lampedusa,8-9-1845,Capitolo,sì,1,yes,,santa-maria-di-lampedusa-castellaro,Castellaro,Santa Maria di Lampedusa,1845-09-08,,,,
400,512,Italia,Castel Sant'Elia,"Santa Maria ""ad Rupes""",17-5-1846,#,no,#,no,petition refused or crowning uncertain (incoronazione #),,,,,,,,"ERR - Frate Anselmo: data l'incoronazione 17 maggio 1846, ma è un errore visto che poi riporta una successiva incoronazione il 17 maggio 1896."
401,540,Italia,Chiusavecchia,Santa Maria dell'Oliveto,8-9-1846,#,sì,#,no,petition refused or crowning uncertain (incoronazione #),,,,,,,,Frate Anselmo: data l'incoronazione 8 settembre 1846.
402,384,Italia,Meta,Santa Maria del Lauro,2-6-1847,#,no,#,no,petition refused or crowning uncertain (incoronazione #),,,,,,,,ERR - Frate Anselmo: data la incoronazzione 2 giugno 1847. Da notare che rispetto alla prima incoronazione (2-6-1748) i numeri dell’anno sono scambiati. Nessun riferimento in internet.
403,677,Italia,Pisa,Madonna di Sotto gli Organi,15-8-1847,Capitolo,sì,1,yes,,madonna-di-sotto-gli-organi-pisa,Pisa,Madonna di Sotto gli Organi,1847-08-15,,,,ERR - Frate Anselmo: non la cita.
404,402,Italia,Napoli,Santa Maria dei Sette Dolori,3-2-1850,Papa Pio IX,sì,1,yes,,santa-maria-dei-sette-dolori-napoli,Napoli,Santa Maria dei Sette Dolori,1850-02-03,,,,ERR - Frate Anselmo: madonna incoronata da papa Pio XI.
405,455,Italia,Rimini,Santa Maria della Misericordia,15-8-1850,B.P.,sì,1,yes,,santa-maria-della-misericordia-rimini,Rimini,Santa Maria della Misericordia,1850-08-15,,,,Frate Anselmo: la vuole incoronata per Breve Papale.
406,595,Italia,"Farigliano, frazione di Mellea",Santa Maria delle Grazie,1-9-1850,Capitolo,sì,1,yes,,santa-maria-delle-grazie-farigliano-frazione-di,"Farigliano, frazione di Mellea",Santa Maria delle Grazie,1850-09-01,,,,
407,487,Italia,Roma,Santa Maria del Parto,2-7-1851,Capitolo,sì,1,yes,,santa-maria-del-parto-madonna-di-sant-agostino-r,"Rome, Sant'Agostino (Madonna del Parto)",Santa Maria del Parto (Madonna di Sant'Agostino),1851-07-02,,,PICK,
408,506,Italia,Tivoli,Madonna delle Grazie,17-8-1851,Capitolo,sì,1,yes,,madonna-delle-grazie-tivoli,Tivoli,Madonna delle Grazie,1851-08-17,,,,ERR - Frate Anselmo: la titola Santa Maria Maggiore.
409,473,Italia,Toffia,Madonna della Speranza,8-9-1851,Capitolo,sì,1,yes,,madonna-della-speranza-toffia,Toffia,Madonna della Speranza,1851-09-08,,,,ERR - Frate Anselmo: non la cita.
410,630,Italia,Capurso,Santa Maria del Pozzo,20-5-1852,Capitolo,sì,1,yes,,madonna-del-pozzo-capurso,Capurso,Madonna del Pozzo,1852-05-20,Zander/Magister,yes,,
411,610,Italia,Avigliana,Madonna dei Laghi,22-8-1852,#,no,#,no,petition refused or crowning uncertain (incoronazione #),,,,,,,,ERR - Frate Anselmo: ritiene che è stata incoronata per la terza volta. Nessun riferimento in internet.
412,661,Italia,Firenze,Santissima Annunziata,8-9-1852,Capitolo,sì,1,yes,,madonna-annunziata-madonna-dei-ricci-firenze,Firenze,Madonna Annunziata (Madonna dei Ricci),1852-09-08; 1926-05-02,,,,
413,299,Francia,Parigi,Nostra Signora delle Vittorie,9-7-1853,Papa Pio IX,sì,1,yes,,nostra-signora-delle-vittorie-parigi,Parigi,Nostra Signora delle Vittorie,1853-07-09,,,,"Frate Anselmo: la titola Cuore di Maria, antico titolo della chiesa. ERR - Frate Anselmo: data l'incoronazione 4 luglio 1853."
414,321,Francia,Rocamadour,Nostra Signora di Rocamadour,8-9-1853,B.P.,sì,1,yes,,nostra-signora-di-rocamadour-rocamadour,Rocamadour,Nostra Signora di Rocamadour,1853-09-08,,,,ERR - Frate Anselmo: non la cita.
415,409,Italia,"Napoli, zona di Caponapoli",Santa Maria delle Grazie,21-11-1853,Capitolo,sì,1,yes,,santa-maria-delle-grazie-alla-pietra-del-pesce-i,Napoli (Pietra del Pesce),Santa Maria delle Grazie alla Pietra del Pesce in Napoli,1726-05-12; 1786-07-02; 1802-09-26; 1853-11-21,Balzamo; Briccolani,no,,
416,485,Italia,Roma,Immacolata Concezione,8-12-1854,Capitolo,sì,2,yes,,santa-maria-della-concezione-in-s-lorenzo-e-dama,"Rome, San Lorenzo in Damaso","Santa Maria della Concezione in S. Lorenzo, e Damaso",1635-08-22; 1854-12-08,Bombelli; Briccolani,no,PICK,ERR - Frate Anselmo: data l'incoronazione 15 dicembre 1854.
417,256,Città del Vaticano,Città del Vaticano,Immacolata Concezione,8-12-1854,Papa Pio IX,sì,2,yes,,madonna-immacolata-rome-vatican-basilica-cappell,"Rome, Vatican Basilica (Cappella del Coro)",Madonna Immacolata,1854-12-08; 1904-12-08,Zander/Magister,yes,AUTO,
418,337,Francia,Mauriac,Nostra Signora dei Miracoli,13-5-1855,B.P.,sì,1,yes,,notre-dame-des-miracles-mauriac,Mauriac,Notre-Dame des Miracles,1855-05-13,AAS,yes,,ERR - Frate Anselmo: non la cita.
419,334,Francia,Saint-Étienne-le-Laus,Nostra Signora di Laus,23-5-1855,B.P.,sì,1,yes,,nostra-signora-di-laus-saint-etienne-le-laus,Saint-Étienne-le-Laus,Nostra Signora di Laus,1855-05-23,,,,ERR - Frate Anselmo: la colloca a GAP.
420,289,Francia,Chartres,Nostra Signora del Pillar,31-5-1855,B.P.,sì,1,yes,,nostra-signora-del-pillar-chartres,Chartres,Nostra Signora del Pillar,1855-05-31,,,,"ERR - Frate Anselmo: scambia la data del decreto con quella dell'incoronazione e la titola Santa Maria ""Virgo Paritura"" o della Breccia."
421,508,Italia,Tivoli,Santa Maria di Quintiliolo,10-6-1855,Capitolo,sì,2,yes,,santa-maria-di-quintiliolo-tivoli,Tivoli,Santa Maria di Quintiliolo,1755-06-08; 1855-06-10,,,,ERR - Frate Anselmo: non la cita.
422,329,Francia,Torce en Vallée,Nostra Signora di Torcé,2-7-1855,B.P.,sì,1,yes,,nostra-signora-di-torce-torce-en-vallee,Torce en Vallée,Nostra Signora di Torcé,1855-07-02,,,,"ERR - Frate Anselmo: la colloca a Le Mans, che in realtà è la diocesi."
423,687,Italia,Perugia,Santa Maria delle Grazie,8-9-1855,Capitolo,sì,1,yes,,santa-maria-delle-grazie-madonna-delle-grazie-pe,Perugia,Santa Maria delle Grazie (Madonna delle Grazie),1855-09-08; 1898-09-04,,,,
424,269,Francia,Marsanne,Nostra Signora del Buon Soccorso di Fresneau,8-9-1855,B.P.,sì,1,yes,,nostra-signora-del-buon-soccorso-di-fresneau-mar,Marsanne,Nostra Signora del Buon Soccorso di Fresneau,1855-09-08,,,,ERR - Frate Anselmo: non la cita.
425,318,Francia,Rodez,Immacolata Concezione,19-12-1855,#,no,#,no,petition refused or crowning uncertain (incoronazione #),,,,,,,,Frate Anselmo: data la coronazione 19 dicembre 1855 con Breve Papale. Nessun riferimento in internet.
426,543,Italia,Taggia,Cuore Immacolato di Maria,1-6-1856,B.P.,sì,1,yes,,sacrum-cor-immaculatum-beatae-mariae-virginis-ta,Taggia,Sacrum Cor Immaculatum Beatae Mariae Virginis,1856-06-01,AAS,yes,,
427,271,Francia,Puy en Velay,Nostra Signora di Puy,8-6-1856,B.P.,sì,1,yes,,nostra-signora-di-puy-puy-en-velay,Puy en Velay,Nostra Signora di Puy,1856-06-08,,,,ERR -Frate Anselmo: la titola Santa Maria di Mont Anis.
428,312,Francia,Verdelais,Nostra Signora Consolatrice degli Afflitti,2-7-1856,B.P.,sì,1,yes,,notre-dame-de-verdelais-verdelais,Verdelais,Notre-Dame de Verdelais,1856-07-02,AAS,yes,,ERR - Frate Anselmo. non la cita.
429,451,Italia,Lugo,Madonna del Molino,8-9-1856,Pio IX,sì,1,yes,,madonna-del-molino-lugo,Lugo,Madonna del Molino,1856-09-08,AAS,yes,,ERR - Frate Anselmo: non la cita.
430,333,Francia,Manosque,Santa Maria di Romigier,14-9-1856,#,no,#,no,petition refused or crowning uncertain (incoronazione #),,,,,,,,Frate Anselmo: data l'incoronazione 14 settembre 1856 con Breve Papale. Nessun riferimento in internet.
431,627,Italia,Andria,Santa Maria dei Miracoli,26-4-1857,Capitolo,sì,1,yes,,santa-maria-dei-miracoli-andria,Andria,Santa Maria dei Miracoli,1857-04-26,,,,ERR - Frate Anselmo: data l'incoronazione 3 maggio 1857.
432,701,Italia,Verona,Madonna della Salute,6-5-1857,Capitolo,sì,1,yes,,madonna-della-salute-verona,Verona,Madonna della Salute,1857-05-06,,,,ERR - Frate Anselmo: non la cita.
433,433,Italia,Bologna,Madonna di San Luca,10-6-1857,Papa Pio IX,sì,1,yes,,madonna-di-san-luca-bologna,Bologna,Madonna di San Luca,1857-06-10,,,,
434,257,Francia,Liesse-Notre Dame,Nostra Signora di Liesse o dell'Allegrezza,18-8-1857,B.P.,sì,1,yes,,nostra-signora-di-liesse-o-dell-allegrezza-madon,Liesse-Notre Dame,Nostra Signora di Liesse o dell'Allegrezza (Madonna Nera),1857-08-18,,,,ERR - Frate Anselmo: la colloca a Soissons.
435,607,Italia,Varallo,Santa Maria del Sacro Monte,20-8-1857,Capitolo,sì,1,yes,,vergine-del-sacro-monte-varallo-sacro-monte,Varallo (Sacro Monte),Vergine del Sacro Monte,1857-08-20; 1862-08-17,Zander/Magister,yes,,
436,280,Francia,Guingamp,Nostra Signora del Buon Soccorso,8-9-1857,Capitolo,sì,1,yes,,nostra-signora-del-buon-soccorso-guingamp,Guingamp,Nostra Signora del Buon Soccorso,1857-09-08,,,,ERR - Frate Anselmo: data l'incoronazione 3 settembre 1857.
437,331,Francia,Aix en Provence,Nostra Signora della Sede,8-12-1857,B.P.,sì,1,yes,,nostra-signora-della-sede-aix-en-provence,Aix en Provence,Nostra Signora della Sede,1857-12-08,,,,ERR - Frate Anselmo: la titola Santa Maria della Sede o della Speranza.
438,301,Francia,Parigi,Nostra Signora della Santa Speranza,5-4-1858,B.P.,sì,1,yes,,nostra-signora-della-santa-speranza-nostra-signo,Parigi,Nostra Signora della Santa Speranza (Nostra Signora di Sainte Espérance),1858-04-05,,,,ERR - Frate Anselmo: non la cita.
439,285,Francia,Le Faou,Nostra Signora di Rumengol,30-5-1858,B.P.,sì,1,yes,,nostra-signora-di-rumengol-le-faou,Le Faou,Nostra Signora di Rumengol,1858-05-30,,,,ERR - Frate Anselmo. non la cita.
440,551,Italia,"Albino, frazione di Desenzano al Serio",Santa Maria del Miracolo della Gamba,10-10-1858,Capitolo,sì,1,yes,,santa-maria-del-miracolo-della-gamba-albino-fraz,"Albino, frazione di Desenzano al Serio",Santa Maria del Miracolo della Gamba,1858-10-10,,,,
441,690,Italia,"Amelia, frazione di Foce",Santa Maria delle Grazie,13-6-1859,Capitolo,sì,1,yes,,santa-maria-delle-grazie-madonna-delle-grazie-am,"Amelia, frazione di Foce",Santa Maria delle Grazie (Madonna delle Grazie),1859-06-13,,,,ERR - Frate Anselmo: data l'incoronazione 13 giugno 1858.
442,603,Italia,"Ameno, frazione di Vacciago",Madonna della Bocciola,8-9-1859,Capitolo,sì,1,yes,,madonna-della-bocciola-ameno-frazione-di-vacciag,"Ameno, frazione di Vacciago",Madonna della Bocciola,1859-09-08,,,,ERR - Frate Anselmo: non la cita
443,294,Francia,Haguenau,Nostra Signora di Marienthal,19-9-1859,B.P.,sì,1,yes,,nostra-signora-di-marienthal-nostra-signora-dell,Haguenau,Nostra Signora di Marienthal (Nostra Signora della Pietà),1859-09-19,,,,ERR - Frate Anselmo. non la cita.
444,695,Italia,Chioggia,Madonna della Navicella,25-9-1859,B.P.,sì,1,yes,,madonna-della-navicella-chioggia,Chioggia,Madonna della Navicella,1859-09-25,,,,ERR - Frate Anselmo: non la cita.
445,328,Francia,LavaI,Nostra Signora d'Avesnieres,8-5-1860,B.P.,sì,1,yes,,nostra-signora-d-avesnieres-lavai,LavaI,Nostra Signora d'Avesnieres,1860-05-08,,,,"ERR - Frate Anselmo: data l'incoronazione 5 settembre 1860 e la cita a Laval nell'elenco per data, ma non la cita per quello per località."
446,246,Belgio,Gent,Nostra Signora delle Fiandre,9-5-1860,B.P.,sì,1,yes,,nostra-signora-delle-fiandre-madonna-di-vlaander,Gent,Nostra Signora delle Fiandre (Madonna di Vlaanderen),1860-05-09,,,,ERR - Frate Anselmo: non la cita.
447,293,Francia,Blois,Nostra Signora degli Aiuti,20-5-1860,B.P.,sì,1,yes,,nostra-signora-degli-aiuti-blois,Blois,Nostra Signora degli Aiuti,1860-05-20,,,,
448,273,Francia,Valfleury,Nostra Signora di Valfleury,31-5-1860,B.P.,sì,1,yes,,nostra-signora-di-valfleury-valfleury,Valfleury,Nostra Signora di Valfleury,1860-05-31,,,,ERR - Frate Anselmo: non la cita.
449,621,Italia,"Crodo, frazione di Mozzio",Santa Maria della Vita,9-9-1860,#,no,#,no,petition refused or crowning uncertain (incoronazione #),,,,,,,,Frate Anselmo: data l'incoronazione 9 settembre 1860 con un Breve Papale. Nessun riferimento in internet.
450,652,Italia,Partinico,Madonna del Ponte,15-8-1861,Capitolo,sì,1,yes,,madonna-del-ponte-partinico,Partinico,Madonna del Ponte,1861-08-15,,,,ERR - Frate Anselmo: non la cita.
451,267,Francia,Aurillac,Nostra Signora del Sacro Cuore,15-6-1862,#,no,#,no,petition refused or crowning uncertain (incoronazione #),,,,,,,,ERR - Frate Anselmo: data l'incoronazione 15 giugno 1862. Si veda quanto riportato nel campo Note.
452,608,Italia,Varallo,Santa Maria del Sacro Monte,17-8-1862,Capitolo,sì,2,yes,,vergine-del-sacro-monte-varallo-sacro-monte,Varallo (Sacro Monte),Vergine del Sacro Monte,1857-08-20; 1862-08-17,Zander/Magister,yes,,
453,671,Italia,Lucca,Madonna della Rosa,18-9-1862,Capitolo,sì,1,yes,,madonna-della-rosa-lucca,Lucca,Madonna della Rosa,1862-09-18,,,,Frate Anselmo: non la cita.
454,495,Italia,Roma,Mater Divinae Gratiae,7-6-1863,#,no,#,no,petition refused or crowning uncertain (incoronazione #),,,,,,,,Frate Anselmo: data l'incoronazione 7 giugno 1863. Nessun riferimento in internet.
455,456,Italia,Grado,Madonna di Barbana,15-8-1863,Capitolo,sì,1,yes,,madonna-di-barbana-grado-isola-di-barbana,Grado (Isola di Barbana),Madonna di Barbana,1863-08-15,Zander/Magister,yes,,ERR - Frate Anselmo: la colloca a Barbana e la titola Immacolata Concezione.
456,457,Italia,"Grado, località Barbana",Madonna di Barbana,15-8-1863,B.P.,sì,1,yes,,madonna-di-barbana-grado-isola-di-barbana,Grado (Isola di Barbana),Madonna di Barbana,1863-08-15,Zander/Magister,yes,,ERR - Frate Anselmo: non la cita.
457,291,Francia,Cléry Saint André,Nostra Signora di Clery,8-9-1863,B.P.,sì,1,yes,,nostra-signora-di-clery-vergine-di-clery-clery-s,Cléry Saint André,Nostra Signora di Clery (Vergine di Clery),1863-09-08,,,,
458,514,Italia,Piansano,Santa Maria del Rosario,4-10-1863,Capitolo,sì,1,yes,,santa-maria-del-rosario-piansano,Piansano,Santa Maria del Rosario,1863-10-04,,,,ERR - Frate Anselmo: data l'incoronazione 1 agosto 1863.
459,698,Italia,Pellestrina,Beata Vergine dell'Apparizione,11-10-1863,B.P.,sì,1,yes,,beata-vergine-dell-apparizione-madonna-del-carmi,Pellestrina,Beata Vergine dell'Apparizione (Madonna del Carmine),1863-10-11,,,,ERR - Frate Anselmo: la colloca a Chioggia e la titola di Pallestrino e con Breve Papale. Non la cita nell'elenco per località.
460,315,Francia,Poitiers,"Nostra Signora ""des Cles""",29-11-1863,B.P.,sì,1,yes,,nostra-signora-des-cles-nostra-signora-della-chi,Poitiers,"Nostra Signora ""des Cles"" (Nostra Signora della Chiave)",1863-11-29,,,,ERR - Frate Anselmo: data l'incoronazione 30 novembre 1863.
461,421,Italia,"Campagna, località Avigliano",Santa Maria di Avigliano,27-1-1864,#,no,#,no,petition refused or crowning uncertain (incoronazione #),,,,,,,,Frate Anselmo: data l'incoronazione 27 gennaio 1864. Nessun riferimento in internet.
462,606,Italia,Sizzano,Immacolata Concezione,10-4-1864,#,no,#,no,petition refused or crowning uncertain (incoronazione #),,,,,,,,Frate Anselmo: data l'incoronazione 10 aprile 1864. Nessun riferimento in internet.
463,336,Francia,Goult,Nostra Signora des Lumières,30-7-1864,B.P.,sì,1,yes,,nostra-signora-des-lumieres-madre-della-luce-ete,Goult,Nostra Signora des Lumières (Madre della Luce Eterna),1864-07-30,,,,ERR - Frate Anselmo: la colloca ad Avignone.
464,722,Slovacchia,Šaštín-Stráže,Nostra Signora dei Sette Dolori,8-9-1864,B.P.,sì,1,yes,,sedembolestna-panna-maria-sastin-sastin-straze,Šaštín-Stráže,Sedembolestná Panna Mária (Šaštín),1864-09-08,AAS,yes,,ERR - Frate Anselmo: non la cita.
465,283,Francia,Saint Brieuc,Nostra Signora d'Espérance,30-7-1865,B.P.,sì,1,yes,,notre-dame-d-esperance-briconium-saint-brieuc-br,"Briconium (Saint-Brieuc), Brittany",Notre-Dame d'Esperance,1865-07-30,ASS,yes,,ERR - Frate Anselmo: non la cita.
466,296,Francia,Nancy,Nostra Signora de Bonsecours,3-9-1865,B.P.,sì,1,yes,,nostra-signora-de-bonsecours-nancy,Nancy,Nostra Signora de Bonsecours,1865-09-03,,,,ERR - Frate Anselmo: non la cita.
467,324,Francia,Monléon-Magnoac,Nostra Signora di Garaison,17-9-1865,Capitolo,sì,1,yes,,nostra-signora-di-garaison-monleon-magnoac,Monléon-Magnoac,Nostra Signora di Garaison,1865-09-17,,,,ERR - Frate Anselmo: non la cita.
468,704,Lussemburgo,Lussemburgo,Nostra Signora del Lussemburgo,2-7-1866,B.P.,sì,1,yes,,nostra-signora-del-lussemburgo-lussemburgo,Lussemburgo,Nostra Signora del Lussemburgo,1866-07-02,,,,ERR - Frate Anselmo: non la cita.
469,313,Francia,Saint-Vincent-de-Paul,Nostra Signora di Buglose,9-9-1866,B.P.,sì,1,yes,,nostra-signora-di-buglose-saint-vincent-de-paul,Saint-Vincent-de-Paul,Nostra Signora di Buglose,1866-09-09,,,,ERR .- Frate Anselmo: la colloca a Laudes e la titola di Bugliose.
470,479,Italia,Genazzano,Madonna del Buon Consiglio,30-4-1867,Capitolo,sì,2,yes,,santa-maria-del-buonconsiglio-di-genazano-genazz,Genazzano,Santa Maria del Buonconsiglio di Genazano,1682-11-17; 1867-04-30,Briccolani,no,,
471,502,Italia,Roma,Santa Maria del Perpetuo Soccorso,23-6-1867,Capitolo,sì,1,yes,,santa-maria-del-perpetuo-soccorso-madre-del-perp,"Rome, Chiesa di Sant'Alfonso Maria de Liguori",Santa Maria del Perpetuo Soccorso (Madre del Perpetuo Soccorso),1867-06-23,,,,
472,247,Belgio,Hasselt,"Santa Maria"" Virga Jesse""",15-8-1867,Capitolo,sì,1,yes,,virga-jesse-hasselt,Hasselt,Virga Jesse,1867-08-15,Zander/Magister,yes,,ERR - Frate Anselmo: scambia la data del decreto con la data dell'incoronazione.
473,739,Ucraina,Zarvanytsia,Nostra Signora di Zarwanick,28-8-1867,B.P.,sì,1,yes,,nostra-signora-di-zarwanick-madre-di-dio-di-zarw,Zarvanytsia,Nostra Signora di Zarwanick (Madre di Dio di Zarwanick),1867-08-28,,,,ERR - Frate Anselmo: non la cita.
474,640,Italia,Monserrato,Beata Vergine di Monserrato,21-10-1867,#,no,#,no,petition refused or crowning uncertain (incoronazione #),,,,,,,,"ERR - Frate Anselmo: nella vista per data la colloca nella località Monserrato (diocesi di Novara) e coronata con Breve Papale. Non ci sono Madonne con il titolo ""Santa Maria Madre della Divina Provvidenza"" nella diocesi di Novara. ERR - Frate Anselmo: nella vista per località, alla stessa data si trova una Madonna diversa, si veda la scheda relativa a: Italita/Sardegna/Cagliari/Monserrato"
475,605,Italia,Novara,Santa Maria Madre della Divina Provvidenza,21-10-1867,#,no,#,no,petition refused or crowning uncertain (incoronazione #),,,,,,,,"ERR - Frate Anselmo: nella vista per località la colloca a Monserrato (diocesi di Cagliari) e coronata senza Breve Papale. ERR - Frate Anselmo: nella vista per data, alla stessa data, si trova una Madonna diversa, si veda la scheda relativa a: Italita/Piemonte/Novara/Monserrato, dove Monserrato non esiste come località in Piemonte. Nessun riferimento in internet."
476,676,Italia,Pietrasanta,Madonna del Sole,24-5-1868,Capitolo,sì,1,yes,,madonna-del-sole-pietrasanta,Pietrasanta,Madonna del Sole,1868-05-24,,,,
477,501,Italia,Roma,Madonna della Salute,30-8-1868,Capitolo,sì,2,yes,,santa-maria-della-salute-nella-chiesa-della-mada,"Rome, Santa Maria Maddalena",Santa Maria della Salute nella Chiesa della Madalena,1668-11-05; 1868-08-30,Bombelli; Briccolani,no,PICK,
478,287,Francia,Josselin,Nostra Signora du Roncier,8-9-1868,B.P.,sì,1,yes,,nostra-signora-du-roncier-josselin,Josselin,Nostra Signora du Roncier,1868-09-08,,,,ERR - Frate Anselmo: non la cita.
479,622,Italia,Ornavasso,Santa Maria del Boden,8-9-1868,#,no,#,no,petition refused or crowning uncertain (incoronazione #),,,,,,,,Frate Anselmo: data l'incoronazione 8 settembre 1868 e con Breve Papale.
480,288,Francia,Sainte-Anne d'Auray,Sant'Anna d'Auray,30-9-1868,B.P.,sì,1,yes,,sainte-anne-d-auray-auray-sainte-anne-d-auray,Auray (Sainte-Anne-d'Auray),Sainte-Anne d'Auray,1868-09-30,AAS,,,ERR - Frate Anselmo: non la cita.
481,303,Francia,Le Morne Rouge,Nostra Signora de la Delivrande,8-12-1868,Capitolo,sì,1,yes,,nostra-signora-de-la-delivrande-le-morne-rouge,Le Morne Rouge,Nostra Signora de la Delivrande,1868-12-08,,,,ERR - Frate Anselmo: non la cita.
482,290,Francia,Issoudun,Nostra Signora del Sacro Cuore di Gesù,25-2-1869,B.P.,sì,1,yes,,notre-dame-du-sacre-coeur-issoudun,Issoudun,Notre-Dame du Sacre-Coeur,1869-02-25,AAS; ASS,yes,,ERR - Frate Anselmo: data l'incoronazione 8 settembre 1869.
483,319,Francia,Rochefort-du-Gard,Nostra Signora delle Grazie,11-5-1869,B.P.,sì,1,yes,,nostra-signora-delle-grazie-rochefort-du-gard,Rochefort-du-Gard,Nostra Signora delle Grazie,1869-05-11,,,,ERR - Frate Anselmo: non la cita.
484,264,Francia,Pradelles,Nostra Signora di Pradelles,18-7-1869,B.P.,sì,1,yes,,nostra-signora-di-pradelles-pradelles,Pradelles,Nostra Signora di Pradelles,1869-07-18,,,,ERR - Frate Anselmo: non la cita.
485,600,Italia,Vicoforte,Santa Maria di Vicoforte,15-8-1869,Capitolo,sì,1,yes,,santa-maria-di-vicoforte-santa-maria-di-vicofort,Vicoforte,"Santa Maria di Vicoforte (Santa Maria di Vicoforte, Regina di Mondovì)",1869-08-15,,,,
486,731,Svizzera,Delémont,Nostra Signora di Vorbourg,12-9-1869,B.P.,sì,1,yes,,nostra-signora-di-vorbourg-delemont,Delémont,Nostra Signora di Vorbourg,1869-09-12,,,,ERR - Frate Anselmo: non la cita.
487,332,Francia,Tarascona,Nostra Signora del Buon Rimedio,15-10-1869,B.P.,sì,1,yes,,nostra-signora-del-buon-rimedio-tarascona,Tarascona,Nostra Signora del Buon Rimedio,1869-10-15,,,,ERR - Frate Anselmo: non la cita.
488,639,Italia,Cagliari,Santa Maria di Bonaria,24-4-1870,Capitolo,sì,1,yes,,nostra-signora-di-bonaria-cagliari-calaris,Cagliari (Calaris),Nostra Signora di Bonaria,1870-04-24; 1926-04-24,AAS; ASS; Zander/Magister,yes,,
489,460,Italia,Udine,Madonna delle Grazie,6-9-1870,Capitolo,sì,1,yes,,beata-maria-virgo-mater-gratiarum-udine-utinum,Udine (Utinum),Beata Maria Virgo Mater Gratiarum,1870-09-06,AAS,yes,,
490,436,Italia,Bondeno,Santa Maria della Pioppa,11-9-1870,#,sì,1,yes,,santa-maria-della-pioppa-madonna-della-pioppa-bo,Bondeno,Santa Maria della Pioppa (Madonna della Pioppa),1870-09-11,,,,
491,604,Italia,Novara,Madonna delle Grazie,29-5-1871,Capitolo,sì,1,yes,,madonna-delle-grazie-novara,Novara,Madonna delle Grazie,1871-05-29,,,,ERR - Frate Anselmo: data l'incoronazione 18 dicembre 1871.
492,617,Italia,Strambino,Santa Maria del Rosario,22-10-1871,Capitolo,sì,1,yes,,santa-maria-del-rosario-strambino,Strambino,Santa Maria del Rosario,1871-10-22,,,,ERR - Frate Anselmo: data l'incoronazione 31 ottobre 1871.
493,343,Italia,Luco dei Marsi,Maria Santissima dell'Ospedale,19-4-1872,Capitolo,sì,1,yes,,maria-santissima-dell-ospedale-luco-dei-marsi,Luco dei Marsi,Maria Santissima dell'Ospedale,1872-04-19,,,,Frate Anselmo: non la cita.
494,503,Italia,Roma,Santa Maria in Sassia,4-6-1872,#,no,#,no,petition refused or crowning uncertain (incoronazione #),,,,,,,,Frate Anselmo: data l'incoronazione 4 giugno 1872 per opera di papa Pio IX. Nessun riferimento in internet.
495,553,Italia,Ardesio,Santa Maria delle Grazie,24-6-1872,Capitolo,sì,1,yes,,madonna-delle-grazie-ardesio,Ardesio,Madonna delle Grazie,1872-06-24,Zander/Magister,yes,,
496,278,Francia,Jouhe,Nostra Signora di Mont Roland,2-8-1872,B.P.,sì,1,yes,,nostra-signora-del-mont-roland-notre-dame-du-mon,Jouhe,Nostra Signora del Mont Roland (Notre-Dame du Mont Roland),1872-08-02; 1908-08-30,,,,ERR - Frate Anselmo: la colloca a Mont Rolland.
497,484,Italia,Rocca di Papa,Santa Maria del Tufo,18-8-1872,Capitolo,sì,1,yes,,santa-maria-del-tufo-rocca-di-papa,Rocca di Papa,Santa Maria del Tufo,1872-08-18,,,,
498,304,Francia,Douvres de la Delivrande,Nostra Signora de la Delivrande,22-8-1872,B.P.,sì,1,yes,,notre-dame-de-la-delivrande-douvres-la-delivrand,Douvres-la-Délivrande,Notre Dame De La Délivrande,1872-08-22,Zander/Magister,yes,,ERR - Frate Anselmo: data l'incoronazione 23 agosto 1872.
499,245,Belgio,Montaigu-Zichem,Nostra Signora di Montaigu,25-8-1872,B.P.,sì,1,yes,,nostra-signora-di-montaigu-nostra-signora-di-sch,Montaigu-Zichem,Nostra Signora di Montaigu (Nostra Signora di Scherpenheuvel),1872-08-25,,,,ERR - Frate Anselmo: non la cita.
500,347,Italia,Città Sant'Angelo,Santa Maria Addolorata,29-9-1872,#,no,#,no,petition refused or crowning uncertain (incoronazione #),,,,,,,,Frate Anselmo: data l'incoronazione 29 settembre 1872. Nessun riferimento in internet.
501,311,Francia,Arcachon,Nostra Signora di Arcachon,16-7-1873,B.P.,sì,1,yes,,nostra-signora-di-arcachon-arcachon,Arcachon,Nostra Signora di Arcachon,1873-07-16,,,,ERR - Frate Anselmo: la colloca ad Archechon.
502,270,Francia,Notre Dame de l'Osier,Nostra Signora de l'Osier,8-9-1873,B.P.,sì,1,yes,,nostra-signora-de-l-osier-notre-dame-de-l-osier,Notre Dame de l'Osier,Nostra Signora de l'Osier,1873-09-08,,,,ERR - Frate Anselmo: data l'incoronazione 9 settembre 1873.
503,297,Francia,Saxon-Sion,Santa Maria di Sion,10-9-1873,B.P.,sì,1,yes,,notre-dame-de-sion-mons-sion-sion-vaudemont-loth,"Mons Sion (Sion-Vaudémont), Lotharingia",Notre-Dame de Sion,1873-09-10,AAS,yes,,
504,307,Francia,La Chapelle Saint Laurent,Nostra Signora della Pietà,21-9-1873,B.P.,sì,1,yes,,nostra-signora-della-pieta-nostra-signora-addolo,La Chapelle Saint Laurent,Nostra Signora della Pietà (Nostra Signora Addolorata),1873-09-21,,,,ERR - Frate Anselmo: la colloca a Pitie.
505,554,Italia,Campolongo,Santa Maria Addolorata,14-12-1873,#,no,#,no,petition refused or crowning uncertain (incoronazione #),,,,,,,,"ERR - Frate Anselmo: riporta questa incoronazione, la cui data però è quella del decreto della Madonna di Ponte di Nossa, duplicando, erroneamente, un'incoronazione."
506,325,Francia,Tolosa,Nostra Signora la Nera,31-5-1874,B.P.,sì,1,yes,,nostra-signora-la-nera-tolosa,Tolosa,Nostra Signora la Nera,1874-05-31,,,,
507,555,Italia,Ponte di Nossa,Santa Maria delle Lagrime,31-5-1874,Capitolo,sì,1,yes,,santa-maria-delle-lagrime-madonna-di-campolongo,Ponte di Nossa,Santa Maria delle Lagrime (Madonna di Campolongo),1874-05-31,,,,
508,260,Francia,Lilla,Nostra Signora de la Treille,21-6-1874,B.P.,sì,1,yes,,nostra-signora-de-la-treille-lilla,Lilla,Nostra Signora de la Treille,1874-06-21,,,,ERR - Frate Anelmo: non la cita. Pio IX benedì le due tiare. Il Breve era datato 5 agosto 1873.
509,378,Italia,"Castellammare di Stabia, frazione di Pozzano",Santa Maria di Pozzano,2-7-1874,Capitolo,sì,1,yes,,santa-maria-di-pozzano-castellammare-di-stabia-c,Castellammare di Stabia (Castrum Maris seu Stabia),Santa Maria di Pozzano,1874-07-02,AAS; Zander/Magister,yes,,
510,416,Italia,Sant'Anastasia,Santa Maria dell'Arco,8-9-1874,B.P.,sì,1,yes,,santa-maria-dell-arco-sant-anastasia,Sant'Anastasia,Santa Maria dell'Arco,1874-09-08,,,,
511,694,Italia,Caorle,Madonna dell'Angelo,13-9-1874,B.P.,sì,1,yes,,madonna-dell-angelo-caorle,Caorle,Madonna dell'Angelo,1874-09-13,,,,
512,244,Belgio,Hal,Nostra Signora di Hal,4-10-1874,B.P.,sì,1,yes,,notre-dame-de-hal-onze-lieve-vrouw-van-halle-hal,Halle (Hal),Notre-Dame de Hal / Onze-Lieve-Vrouw van Halle,1874-10-04,AAS,yes,,ERR - Frate Anselmo: la colloca nella ciità di Malines.
513,596,Italia,"Fossano, frazione di Cussanio",Santa Maria Madre della Provvidenza,9-6-1875,#,no,#,no,petition refused or crowning uncertain (incoronazione #),,,,,,,,Frate Anselmo: data l'incoronazione 9 giugno 1875. Nessun riferimento in internet.
514,276,Francia,Clermont-Ferrand,Nostra Signora del Porto,20-6-1875,B.P.,sì,1,yes,,nostra-signora-del-porto-clermont-ferrand,Clermont-Ferrand,Nostra Signora del Porto,1875-06-20,,,,"ERR - Frate Anselmo: data l'incoronazione 30 giugno 1875. La titola ""du Pont"", invece è ""du Port""."
515,254,Belgio,Walcourt,Nostra Signora di Walcourt,11-7-1875,B.P.,sì,1,yes,,signum-beatae-mariae-virginis-durateum-argento-o,Walcourt,"signum Beatae Mariae Virginis, durateum, argento obductum, arte « Romanica » conspicuum",1875-07-11,AAS,yes,,
516,390,Italia,Napoli,Santa Maria della Bruna,11-7-1875,Capitolo,sì,1,yes,,madonna-del-carmine-la-bruna-naples-neapolis,Naples (Neapolis),"Madonna del Carmine, «la Bruna»",1875-07-11,AAS,yes,,
517,262,Francia,Saint Omer,Nostra Signora dei Miracoli,18-7-1875,B.P.,sì,1,yes,,nostra-signora-dei-miracoli-saint-omer,Saint Omer,Nostra Signora dei Miracoli,1875-07-18,,,,
518,379,Italia,Ercolano,Santa Maria di Pugliano,13-8-1875,Capitolo,sì,1,yes,,santa-maria-di-pugliano-ercolano,Ercolano,Santa Maria di Pugliano,1875-08-13,,,,"Frate Anselmo: la colloca nella località di Resina, attuale Ercolano."
519,432,Italia,Bologna,Santa Maria della Vittoria,15-8-1875,B.P.,sì,1,yes,,beata-maria-virgo-cum-divino-puero-iesu-a-victor,Bologna (Bononia),"Beata Maria Virgo cum Divino puero Iesu, a Victoria dicta",1875-08-15,ASS,yes,,
520,322,Francia,Marvejols,Nostra Signora de la Carce,15-8-1875,B.P.,sì,1,yes,,nostra-signora-de-la-carce-nostra-signora-della,Marvejols,Nostra Signora de la Carce (Nostra Signora della Carcere),1875-08-15,,,,
521,327,Francia,Saint-Geroge-des-Gardes,Nostra Signora des Gardes,8-9-1875,B.P.,sì,1,yes,,nostra-signora-des-gardes-saint-geroge-des-garde,Saint-Geroge-des-Gardes,Nostra Signora des Gardes,1875-09-08,,,,ERR - Frate Anselmo: la colloca a Angers.
522,302,Francia,Rambluzin et Benoite Vaux,Nostra Signora de Benoit Vaux,8-9-1875,B.P.,sì,1,yes,,nostra-signora-de-benoit-vaux-nostra-signora-del,Rambluzin et Benoite Vaux,Nostra Signora de Benoit Vaux (Nostra Signora della Benedetta Valle),1875-09-08,,,,ERR - Frate Anselmo: la colloca a Verdun.
523,228,Algeria,Bologhine,Nostra Signora d'Africa,30-4-1876,B.P.,sì,1,yes,,nostra-signora-d-africa-notre-dame-d-afrique-bol,Bologhine,Nostra Signora d'Africa (Notre Dame d'Afrique),1876-04-30,,,,Frate Anselmo: la colloca ad Algeri.
524,316,Francia,Lourdes,Nostra Signora di Lourdes o Nostra Signora del Rosario o Madonna di Lourdes,3-7-1876,B.P.,sì,1,yes,,nostra-signora-di-lourdes-o-nostra-signora-del-r,Lourdes,Nostra Signora di Lourdes o Nostra Signora del Rosario o Madonna di Lourdes (Notre Dame de Lourdes),1876-07-03,,,,
525,317,Francia,Calmont,Nostra Signora di Ceignac,9-7-1876,Capitolo,sì,1,yes,,nostra-signora-di-ceignac-vergine-di-ceignac-cal,Calmont,Nostra Signora di Ceignac (Vergine di Ceignac),1876-07-09,,,,ERR - Frate Anselmo: la colloca a Ceissac e la titola Santa Maria di Ceissac.
526,243,Belgio,Mechelen,Nostra Signora di Hanswijk,30-7-1876,B.P.,sì,1,yes,,onze-lieve-vrouw-van-hanswijk-notre-dame-de-hans,Mechelen (Malines),Onze-Lieve-Vrouw van Hanswijk / Notre-Dame de Hanswijk,1876-07-30,AAS,yes,,ERR - Frate Anselmo: non la cita.
527,633,Italia,Bovino,Santa Maria di Valleverde,29-8-1876,Capitolo,sì,1,yes,,madonna-di-valleverde-bovino,Bovino,Madonna di Valleverde,1876-08-29,Zander/Magister,yes,,
528,547,Italia,Mallare,Santa Maria dell'Eremita della Rotonda,10-9-1876,Capitolo,sì,1,yes,,santa-maria-dell-eremita-nostra-signora-della-mi,Mallare (Eremita),"Santa Maria dell’Eremita, Nostra Signora della Misericordia",1876-09-10,Zander/Magister,yes,,
529,469,Italia,Itri,Santa Maria della Civita,20-7-1877,B.P.,sì,2,yes,,santa-maria-di-civita-nella-chiesa-d-itri-itri,Itri,Santa Maria di Civita nella Chiesa d'Itri,1777-07-20; 1877-07-20,Briccolani,no,,ERR - Frate Anselmo: non la cita.
530,709,Olanda,Roermond,Nostra Signora 't Zand,19-8-1877,B.P.,sì,1,yes,,nostra-signora-t-zand-madonna-nella-sabbia-roerm,Roermond,Nostra Signora 't Zand (Madonna nella Sabbia),1877-08-19,,,,ERR - Frate Anselmo: la colloca a Ruremonda. Santa Maria di Sabloules.
531,305,Francia,Douvres-la-Délivrande,Nostra Signora de la Delivrande,22-8-1877,#,no,#,no,petition refused or crowning uncertain (incoronazione #),,,,,,,,"ERR - Frate Anselmo: la colloca in Normandia non citando la località, ma mai eseguita l'incoronazione."
532,718,Polonia,Stara Wies,Nostra Signora di Stara Wiejska,8-9-1877,B.P.,sì,1,yes,,nostra-signora-di-stara-wiejska-stara-wies,Stara Wies,Nostra Signora di Stara Wiejska,1877-09-08; 1899-09-08,,,,ERR - Frate Anselmo: la colloca a Starowics e la titola Santa Maria dei Morenti o Moribondi.
533,355,Italia,Tropea,Santa Maria della Romania,9-9-1877,Capitolo,sì,1,yes,,santa-maria-della-romania-madonna-di-romania-tro,Tropea,Santa Maria della Romania (Madonna di Romania),1877-09-09,,,,
534,335,Francia,Apt,Sant'Anna di Apt,9-9-1877,B.P.,sì,1,yes,,sant-anna-di-apt-apt,Apt,Sant'Anna di Apt,1877-09-09,,,,ERR - Frate Anselmo: non la cita.
535,667,Italia,Bagni di Lucca,Santa Maria Addolorata,23-9-1877,#,no,#,no,petition refused or crowning uncertain (incoronazione #),,,,,,,,Frate Anselmo: data l'incoronazione 23 settembre 1877. Nessun riferimento in internet.
536,480,Italia,Marino,Santa Maria del Rosario,14-10-1877,#,no,#,no,petition refused or crowning uncertain (incoronazione #),,,,,,,,Frate Anselmo: data l'incoronazione 14 ottobre 1877. Nessun riferimento in internet.
537,707,Olanda,Den Bosch,Dolce Madre,27-3-1878,B.P.,sì,1,yes,,dolce-madre-nostra-dolce-signora-di-boscoducale,Den Bosch,Dolce Madre (Nostra Dolce Signora di Boscoducale),1878-03-27,,,,ERR - Frate Anselmo: la colloca a Bois le Duc e la titola Santa Maria Boscodcense.
538,530,Italia,Montebruno,Santa Maria Assunta,14-6-1878,#,no,#,no,petition refused or crowning uncertain (incoronazione #),,,,,,,,Frate Anselmo: data l'incoronazione 14 giugno 1878. Nessun riferimento in internet.
539,268,Francia,Murat,Nostra Signora degli Olivi,18-6-1878,B.P.,sì,1,yes,,nostra-signora-degli-olivi-murat,Murat,Nostra Signora degli Olivi,1878-06-18,,,,ERR - Frate Anselmo: non la cita.
540,438,Italia,"Copparo, frazione di Tamara",Santa Maria del Carmine,25-8-1878,#,no,#,no,petition refused or crowning uncertain (incoronazione #),,,,,,,,Frate Anselmo: data l'incoronazione 25 agosto 1878. Nessun riferimento in internet.
541,453,Italia,Solarolo,Santa Maria della Salute,18-5-1879,Capitolo,sì,1,yes,,santa-maria-della-salute-solarolo,Solarolo,Santa Maria della Salute,1879-05-18,,,,
542,475,Italia,Albano Laziale,Santa Maria della Rotonda,3-8-1879,#,no,#,no,petition refused or crowning uncertain (incoronazione #),,,,,,,,"ERR - Frate Anselmo: cita questa incoronazione. Questo è il 50° dopo il 1829, non un'incoronazione."
543,592,Italia,Ponzone,Santa Maria della Pieve,10-8-1879,Capitolo,sì,1,yes,,santa-maria-della-pieve-madonna-ss-ma-della-piev,Ponzone,Santa Maria della Pieve (Madonna SS.ma della Pieve),1879-08-10,,,,ERR - Frate Anselmo: data l'incoronazione 10 agosto 1878.
544,526,Italia,Genova,Santa Maria dell'Apparizione,15-8-1879,#,no,#,no,petition refused or crowning uncertain (incoronazione #),,,,,,,,Frate Anselmo: data l'incoronazione 15 agosto 1879. Nessun riferimento in internet.
545,522,Italia,Chiavari,Santa Maria delle Grazie della Pineta,17-8-1879,Capitolo,sì,1,yes,,santa-maria-delle-grazie-della-pineta-chiavari,Chiavari,Santa Maria delle Grazie della Pineta,1879-08-17,,,,
546,272,Francia,La Salette-Fallavaux,Nostra Signora Riconciliatrice dei Peccatori,21-8-1879,B.P.,sì,1,yes,,nostra-signora-riconciliatrice-dei-peccatori-nos,La Salette-Fallavaux,Nostra Signora Riconciliatrice dei Peccatori (Nostra Signora della Salette),1879-08-21,,,,
547,615,Italia,Ribordone,Santa Maria di Loreto,27-8-1879,#,no,#,no,petition refused or crowning uncertain (incoronazione #),,,,,,,,ERR - Frate Anselmo: la colloca a Ivrea.
548,374,Italia,Frignano Maggiore,Santa Maria di Frignano,14-9-1879,#,no,#,no,petition refused or crowning uncertain (incoronazione #),,,,,,,,Frate Anselmo: data l'incoronazione 14 settembre 1879. Nessun riferimento in internet.
549,511,Italia,Acquapendente,Maria Santissima Immacolata Concezione,28-5-1880,#,no,#,no,petition refused or crowning uncertain (incoronazione #),,,,,,,,Frate Anselmo: data l'incoronazione 28 maggio 1880. Nessun riferimento in internet.
550,499,Italia,Roma,"Santa Maria Consolatrice degli Afflitti,",30-5-1880,#,no,#,no,petition refused or crowning uncertain (incoronazione #),,,,,,,,Frate Ansellmo: data l'incoronazione 30 maggio 1880. Nessun riferimento in internet.
551,417,Italia,Sorrento,Santa Maria del Carmine,11-7-1880,Capitolo,sì,1,yes,,santa-maria-del-carmine-sorrento,Sorrento,Santa Maria del Carmine,1880-07-11; 1980,Zander/Magister,yes,,
552,732,Svizzera,Orselina,Madonna del Sasso,14-8-1880,B.P.,sì,1,yes,,madonna-del-sasso-orselina,Orselina,Madonna del Sasso,1880-08-14,,,,ERR - Frate Anselmo: data l'incoronazione 15 agosto 1880 e la colloca a Locarno.
553,434,Italia,"Castiglione dei Pepoli, frazione di Baragazza",Santa Maria delle Grazie,15-8-1880,#,no,#,no,petition refused or crowning uncertain (incoronazione #),,,,,,,,Frate Anselmo: data l'incoronazione 15 agosto 1880. ERR - Frate Anselmo: la colloca a Boccadirio. Nessun riferimento in internet.
554,265,Francia,Lablachère,Santa Maria del Buon Soccorso,21-8-1880,#,sì,1,yes,,notre-dame-de-bon-secours-lablachere,Lablachère,Notre-Dame de Bon Secours,1880-08-21,AAS,yes,,ERR - Frate Anselmo: la colloca a Blachere; la titola Santa Maria de la Blachere e data l'incoronazione 27 settembre 1880.
555,614,Italia,Ozegna,Santa Maria del Convento,29-8-1880,Capitolo,sì,1,yes,,santa-maria-del-convento-madonna-del-bosco-ozegn,Ozegna,Santa Maria del Convento (Madonna del Bosco),1880-08-29,,,,
556,590,Italia,Castellazzo Bormida,Santa Maria della Creta,12-9-1880,Capitolo,sì,1,yes,,santa-maria-della-creta-madonnina-dei-centauri-c,Castellazzo Bormida,Santa Maria della Creta (Madonnina dei Centauri),1880-09-12,,,,
557,482,Italia,Nettuno,"Santa Maria delle Grazie, Protettrice di Nettuno",28-5-1881,Capitolo,sì,1,yes,,nostra-signora-delle-grazie-nettuno,Nettuno,Nostra Signora delle Grazie,1881-05-28,Zander/Magister,yes,,
558,395,Italia,Napoli,Santa Maria Addolorata,1-6-1881,B.P.,sì,1,yes,,madonna-addolorata-al-fiumicello-naples,Naples,Madonna Addolorata al Fiumicello,1761-08-15; 1881-06-01; 1910-09-04,AAS,no,,
559,275,Francia,Besse et Saint Anastaise,Nostra Signora di Vassivière,3-7-1881,B.P.,sì,1,yes,,nostra-signora-di-vassiviere-besse-et-saint-anas,Besse et Saint Anastaise,Nostra Signora di Vassivière,1881-07-03,,,,ERR - Frate Anselmo: non la cita.
560,705,Malta,La Valletta,Nostra Signora del Monte Carmelo,15-7-1881,Capitolo,sì,1,yes,,our-lady-of-mount-carmel-valletta,Valletta,Our Lady of Mount Carmel,1881-07-15,Zander/Magister,yes,,ERR - Frate Anselmo: data l'incoronazione 15 giugno 1886.
561,723,Spagna,Vera de Moncayo,Nostra Signora di Veruela,31-7-1881,Capitolo,sì,1,yes,,nostra-signora-di-veruela-vergine-di-veruela-ver,Vera de Moncayo,Nostra Signora di Veruela (Vergine di Veruela),1881-07-31,,,,ERR - Frate Anselmo: non la cita.
562,420,Italia,"Avigliano, frazione di Campagna",Santa Maria di Avigliano,7-8-1881,#,no,#,no,petition refused or crowning uncertain (incoronazione #),,,,,,,,Frate Anselmo: data l'incoronazione 7 agosto 1881. Nessun riferimento in internet.
563,509,Italia,Zagarolo,Santa Maria delle Grazie,7-8-1881,#,no,#,no,petition refused or crowning uncertain (incoronazione #),,,,,,,,Frate Anselmo: data l'incoronazione 7 agosto 1881. Nessun riferimento in internet.
564,360,Italia,"San Luca, frazione di Polsi",Santa Maria Madre del Buon Pastore,30-8-1881,#,no,#,no,petition refused or crowning uncertain (incoronazione #),,,,,,,,Frate Anselmo: data l'incoronazione 30 agosto 1881. Nessun riferimento in internet.
565,625,Italia,Acquaviva delle Fonti,Santa Maria di Costantinopoli,4-9-1881,#,sì,2,yes,,santa-maria-di-costantinopoli-nella-chiesa-di-s,Acquaviva delle Fonti,Santa Maria di Costantinopoli nella Chiesa di S. Eustachio della Città d'Aquaviva,1781-09-04; 1881-09-04,Briccolani,no,,Frate Anselmo: la colloca ad Acquaviva. ERR - Bonci: la colloca ad Acquaviva in provincia di Salerno. ERR - Frate Anselmo: scambia la data del decreto con quella dell'incoronazione.
566,645,Italia,"Patti, frazione di Tindari",Madonna di Tindari,7-9-1881,#,no,#,no,petition refused or crowning uncertain (incoronazione #),,,,,,,,ERR - Frate Anselmo: data l'incoronazione 8 settembre 1881. Incoronazione mai avvenuta in questa data.
567,251,Belgio,Chièvres,Nostra Signora di Tongre,8-9-1881,B.P.,sì,1,yes,,nostra-signora-di-tongre-chievres,Chièvres,Nostra Signora di Tongre,1881-09-08,,,,ERR - Frate Anselmo: non la cita.
568,458,Italia,San Vito al Tagliamento,Santa Maria della Rosa,8-9-1881,B.P.,sì,1,yes,,santa-maria-della-rosa-san-vito-al-tagliamento,San Vito al Tagliamento,Santa Maria della Rosa,1881-09-08,,,,ERR - Frate Anselmo: la colloca a Concordia.
569,726,Spagna,Monistrol de Montserrat,Nostra Signora di Montserrat,11-9-1881,Capitolo,sì,1,yes,,nuestra-senora-de-montserrat-la-moreneta-montser,Montserrat,"Nuestra Señora de Montserrat, La Moreneta",1881-09-11,Zander/Magister,yes,,
570,414,Italia,"Piano di Sorrento, frazione di Mortora",Santa Maria di Galatea,25-9-1881,#,sì,1,yes,,santa-maria-di-galatea-madonnina-di-galatea-pian,"Piano di Sorrento, frazione di Mortora",Santa Maria di Galatea (Madonnina di Galatea),1881-09-25,,,,
571,696,Italia,Follina,Madonna del Sacro Calice,13-8-1882,#,no,#,no,petition refused or crowning uncertain (incoronazione #),,,,,,,,"Frate Anslemo: data l'incoronazione 13 agosto 1882. ERR - Frate Anselmo: la colloca a Tollina. Frate Anselmo: la colloca nella diocesi di Cedena, attuale diocesi di Vittorio Veneto dal 1939. Nessun riferimento in internet."
572,717,Polonia,Przemysl,Santa Maria in Kalwaria,15-8-1882,Capitolo,sì,1,yes,,santa-maria-in-kalwaria-przemysl,Przemysl,Santa Maria in Kalwaria,1882-08-15,,,,ERR - Frate Anselmo: data l'incoronazione 16 aprile 1882 e la colloca a Premislia.
573,393,Italia,Napoli,Santa Maria Addolorata,12-11-1882,#,no,#,no,petition refused or crowning uncertain (incoronazione #),,,,,,,,Frate Anselmo: data l'incoronazione 12 novembre 1882. Nessun riferimento in internet.
574,601,Italia,Vicoforte,Santa Maria di Vicoforte,29-12-1882,#,no,#,no,petition refused or crowning uncertain (incoronazione #),,,,,,,,Frate Anselmo: data l'incoronazione 29 dicembre 1882. Nessun riferimento in internet.
575,505,Italia,"Roma, zona Castel di Leva",Madonna del Divino Amore,13-5-1883,B.P.,sì,1,yes,,madonna-del-divino-amore-rome-santuario-della-ma,"Rome, Santuario della Madonna del Divino Amore",Madonna del Divino Amore,1883-05-13,,,,
576,541,Italia,"Montalto Carpasio, frazione di Montalto Ligure",Santa Maria dell'Acqua Santa,3-6-1883,#,no,#,no,petition refused or crowning uncertain (incoronazione #),,,,,,,,Frate Anselmo: data l'incoronazione il 3 giugno 1883 con Breve Papale. Nessun riferimento in internet.
577,326,Francia,Nantes,Santa Maria di Tondes Aides,24-6-1883,B.P.,sì,1,yes,,santa-maria-di-tondes-aides-nantes,Nantes,Santa Maria di Tondes Aides,1883-06-24,,,,
578,642,Italia,Catania,Santa Maria del Carmine,15-7-1883,Capitolo,sì,1,yes,,santa-maria-del-carmine-catania,Catania,Santa Maria del Carmine,1883-07-15,,,,ERR - Frate Anselmo: data l'incoronazione 16 luglio 1883.
579,536,Italia,"Santa Margherita Ligure, quartiere di Corte",Santa Maria della Lettera,27-7-1883,#,no,#,no,petition refused or crowning uncertain (incoronazione #),,,,,,,,Frate Anselmo: data l'incoronazione 27 luglio 1883 con un Breve Papale. Nessun riferimento in internet.
580,713,Polonia,Cracovia,Nostra Signora di Piaskowej (Piasek),8-9-1883,Capitolo,sì,1,yes,,nostra-signora-di-piaskowej-piasek-vergine-maria,Cracovia,Nostra Signora di Piaskowej (Piasek) (Vergine Maria della Sabbia),1883-09-08,,,,ERR - Frate Anselmo: data l'incoronazione 16 aprile 1882.
581,727,Spagna,Escorca,Vergine di Lluc,10-8-1884,B.P.,sì,1,yes,,vergine-di-lluc-la-moreneta-escorca,Escorca,Vergine di Lluc (La Moreneta),1884-08-10,,,,ERR - Frate Anselmo: non la cita.
582,708,Olanda,Oostrum,Nostra Signora della Preservazione degli Infermi,14-9-1884,B.P.,sì,1,yes,,nostra-signora-della-preservazione-degli-infermi,Oostrum,Nostra Signora della Preservazione degli Infermi,1884-09-14,,,,ERR - Frate Anselmo: non la cita.
583,396,Italia,Napoli,Madonna Stella Mattutina,7-12-1884,#,no,#,no,petition refused or crowning uncertain (incoronazione #),,,,,,,,Frate Anselmo: data l'incoronazione 7 dicembre 1884. Nessun riferimento in internet.
584,599,Italia,Sommariva del Bosco,Santa Maria di San Giovanni,6-5-1885,#,no,#,no,petition refused or crowning uncertain (incoronazione #),,,,,,,,Frate Anselmo: data l'incoronazione 6 maggio 1885. Nessun riferimento in internet.
585,410,Italia,Nola,Santa Maria della Misericordia,17-5-1885,#,no,#,no,petition refused or crowning uncertain (incoronazione #),,,,,,,,Frate Anselmo: data l'incoronazione 17 maggio 1885. Nessun riferimento in internet.
586,670,Italia,"Capannori, frazione di Gragnano",Madonna di Belvedere,17-5-1885,B.P.,sì,1,yes,,madonna-di-belvedere-capannori-frazione-di-gragn,"Capannori, frazione di Gragnano",Madonna di Belvedere,1885-05-17,,,,Frate Anselmo: data l'incoronazione 17 maggio 1885
587,447,Italia,Spilamberto,Santa Maria della Rondine,17-5-1885,#,no,#,no,petition refused or crowning uncertain (incoronazione #),,,,,,,,Frate Anselmo: data l'incoronazione 17 maggio 1885. Nessun riferimento in internet.
588,492,Italia,Roma,Madonna della Strada,14-6-1885,Capitolo,sì,2,yes,,santa-maria-della-strada-nella-chiesa-del-gesu-r,"Rome, Chiesa del Gesù",Santa Maria della Strada nella Chiesa del Gesù,1638-08-14; 1885-06-14,Briccolani,no,PICK,
589,496,Italia,Roma,Mater Divinae Gratiae,12-7-1885,#,no,#,no,petition refused or crowning uncertain (incoronazione #),,,,,,,,Frate Anselmo: data l'incoronazione 12 luglio 1885. Nessun riferimento in internet. L'incoronazione sarebbe stata la terza di questa Madonna.
590,263,Francia,Boulogne sur Mer,Santa Maria Protettrice dei Naviganti,23-8-1885,B.P.,sì,1,yes,,santa-maria-protettrice-dei-naviganti-nostra-sig,Boulogne sur Mer,Santa Maria Protettrice dei Naviganti (Nostra Signora di Boulogne sr Mer),1885-08-23,,,,ERR - Frate Anselmo: data l'incoronazione 6 agosto 1885.
591,684,Italia,Weissenstein/Pietralba,Santa Maria Addolorata o Veissensteinese,24-8-1885,Capitolo,sì,1,yes,,santa-maria-addolorata-o-veissensteinese-madonna,Weissenstein/Pietralba,Santa Maria Addolorata o Veissensteinese (Madonna di Pietralba/Weissenstein),1885-08-24,,,,ERR - Frate Anselmo: scambia la data del decreto con quella dell'incoronazione.
592,443,Italia,Cesena,Santa Maria delle Grazie,18-10-1885,#,no,#,no,petition refused or crowning uncertain (incoronazione #),,,,,,,,Frate Anselmo: data l'incoronazione 18 ottobre 1885. Nessun riferimento in internet.
593,399,Italia,Napoli,Santa Maria della Libera,15-11-1885,Capitolo,sì,1,yes,,madonna-della-libera-napoli-donnaregina,Napoli (Donnaregina),Madonna della Libera,1885-11-15,Zander/Magister,yes,,
594,231,Messico,Jacona,Nostra Signora della Speranza,14-2-1886,B.P.,sì,1,yes,,nostra-signora-della-speranza-vergine-della-raiz,Jacona,Nostra Signora della Speranza (Vergine della Raiz),1886-02-14,,,,ERR - Frate Anselmo: la colloca a Iacona.
595,238,India,Villianur,Nostra Signora di Lourdes di Villianur,8-5-1886,B.P.,sì,1,yes,,nostra-signora-di-lourdes-di-villianur-villianur,Villianur,Nostra Signora di Lourdes di Villianur,1886-05-08,,,,ERR - Frate Anselmo: non la cita.
596,730,Spagna,Oñati,Nostra Signora di Aràntzazu,6-6-1886,Capitolo,sì,1,yes,,nuestra-senora-de-aranzazu-aranzazu-near-onate-g,"Aranzazu, near Onate (Guipuzcoa)",Nuestra Senora de Aranzazu,1886-06-06,AAS; Zander/Magister,yes,,ERR - Frate Anselmo: scambia la data del decreto con quella d'incronazione; la titola Santa Maria a Rubo o di Aranzazu e la colloca ad Aranzazu.
597,529,Italia,"Lumarzo, frazione di Pannesi",Santa Maria del Bosco,13-6-1886,#,no,#,no,petition refused or crowning uncertain (incoronazione #),,,,,,,,Frate Anselmo: data l'incoronazione 13 giugno 1886 e con Breve papale. Nessun riferimento in internet.
598,366,Italia,Moschiano,Madonna della Carità,14-6-1886,Capitolo,sì,1,yes,,madonna-della-carita-moschiano,Moschiano,Madonna della Carità,1886-06-14,,,,ERR - Frate Anselmo: la colloca a Moschiano di Lauro.
599,557,Italia,Stezzano,Santa Maria dei Campi o della Preghiera,18-7-1886,#,no,#,no,petition refused or crowning uncertain (incoronazione #),,,,,,,,"ERR - Frate Anselmo: data l'incoronazione 18 luglio 1886. Nessun riferimento in internet. Frate Anselmo: inserisce un'altra incoronazione nella stessa località, ma nel 1896."
600,358,Italia,Strongoli,Santa Maria delle Grazie,15-8-1886,#,no,#,no,petition refused or crowning uncertain (incoronazione #),,,,,,,,Frate Anselmo: data l'incoronazione 15 agosto 1886. Nessun riferimento in internet.
601,419,Italia,Visciano,Santa Maria del Carpinello,22-8-1886,Capitolo,sì,1,yes,,madonna-consolatrice-del-carpinello-visciano,Visciano,Madonna Consolatrice del Carpinello,1886-08-22,AAS,yes,,
602,559,Italia,Brescia,Santa Maria delle Grazie,8-9-1886,Capitolo,sì,1,yes,,madonna-delle-grazie-brixia-brescia,Brixia (Brescia),Madonna delle Grazie,1886-09-08,AAS,yes,,
603,561,Italia,Castelleone,Santa Maria della Misericordia,12-9-1886,Capitolo,sì,1,yes,,santa-maria-della-misericordia-castelleone,Castelleone,Santa Maria della Misericordia,1886-09-12,Zander/Magister,yes,,ERR - Frate Anselmo: data l'incoronazione 11 aprile 1886.
604,613,Italia,Moretta,Madonna del Pilone,5-10-1886,#,no,#,no,petition refused or crowning uncertain (incoronazione #),,,,,,,,ERR - Frate Anselmo: data l'incoronazione 25 novembre 1886.
605,282,Francia,Rostrenen,Nostra Signora di Rostrenen,24-2-1887,#,no,#,no,petition refused or crowning uncertain (incoronazione #),,,,,,,,"Frate Anselmo: data l'incoronazione 24 febbraio 1887. In base alla nota riporta nel campo ""Note"" è probabile che la data riportata da frate Anselmo sia quella del decreto."
606,234,Argentina,Lujàn,Nostra Signora di Lujan,8-5-1887,B.P.,sì,1,yes,,la-pura-y-limpia-concepcion-del-rio-lujan-nuestr,Luján,La Pura y Limpia Concepción del Río Luján (Nuestra Señora de Luján),1887-05-08,AAS,yes,,ERR - Frate Anselmo: la colloca a Buenos Aires.
607,415,Italia,Pompei,Regina del SS.mo Rosario,8-5-1887,B.P.,sì,1,yes,,regina-del-santissimo-rosario-madonna-di-pompei,Pompei,Regina del Santissimo Rosario (Madonna di Pompei),1887-05-08; 1965-04-23,,,,ERR - Frate Anselmo: la vuole incoronata nella Valle di Pompei.
608,669,Italia,Capannori,Beata Vergine del Monte Carmelo,7-8-1887,#,no,#,no,petition refused or crowning uncertain (incoronazione #),,,,,,,,Frate Anselmo: data l'incoronazione 7 agosto 1887 con Breve Papale. Nessun riferimento in internet.
609,714,Polonia,Kalwaria Zebrzydowska,Madonna di Kalwaria,15-8-1887,Capitolo,sì,1,yes,,obraz-matki-bozej-kalwaryjskiej-our-lady-of-kalw,Kalwaria Zebrzydowska,Obraz Matki Bożej Kalwaryjskiej (Our Lady of Kalwaria),1887-08-15,AAS,yes,,"ERR - Frate Anselmo: la colloca a Cracovia, specificando dopo ""Calvaria, Zebrvydvoviz"". ERR - data l'incoronazione 21 dicembre 1886."
610,525,Italia,Genova,Santa Maria della Guardia,28-8-1887,#,no,#,no,petition refused or crowning uncertain (incoronazione #),,,,,,,,Frate Anselmo: data l'incoronazione 28 agosto 1887 e con breve Papale. Nessun riferimento in internet.
611,398,Italia,Napoli,"Santa Maria della Provvidenza, Aiuto dei Cristiani",13-11-1887,#,sì,1,yes,,santa-maria-de-miracoli-nella-chiesa-delle-monac,Napoli (Monache della Provvidenza),Santa Maria de' Miracoli nella Chiesa delle Monache della Providenza in Napoli,1775-11-25; 1887-11-13; 1889-05-24,Balzamo; Briccolani,no,,"ERR - Frate Anselmo: titola la chiesa Santa Maria della Provvidenza, Aiuto dei Cristiani, dei PP. Barnabiti."
612,634,Italia,Foggia,Santa Maria Addolorata Liberatrice del Colera,29-4-1888,Capitolo,sì,1,yes,,santa-maria-addolorata-liberatrice-del-colera-fo,Foggia,Santa Maria Addolorata Liberatrice del Colera,1888-04-29,,,,ERR - Frate Anselmo. Data l'incoronazione 19 aprile 1888.
613,638,Italia,Laterza,Santa Maria Madre del Signore,20-5-1888,Capitolo,sì,1,yes,,mater-domini-laterza,Laterza,Mater Domini,1888-05-20,Zander/Magister,yes,,ERR - Frate Anselmo: scambia la data del decreto con quella dell'incoronazione.
614,413,Italia,Piano di Sorrento,Santa Maria Delle Grazie,10-6-1888,Capitolo,sì,1,yes,,santa-maria-assunta-del-castello-del-piano-caste,"Castel del Piano, diocese of Chiusi",Santa Maria Assunta del Castello del Piano,1771-09-07; 1888-06-10,Briccolani,no,,ERR - Frate Anselmo: la colloca a Sorrento.
615,675,Italia,"Montopoli in Val d'Arno, frazione di San Romano",Santa Maria delle Grazie,24-6-1888,#,no,#,no,petition refused or crowning uncertain (incoronazione #),,,,,,,,Frate Anselmo: data l'incoronazione 24 giugno 1888. Nessun riferimento in internet.
616,370,Italia,Pietradefusi,Santa Maria dell'Arco,5-8-1888,Capitolo,sì,1,yes,,santa-maria-dell-arco-pietradefusi,Pietradefusi,Santa Maria dell'Arco,1888-08-05,,,,ERR - Frate Anselmo: scambia la data del decreto con quella dell'incoronazione.
617,620,Italia,Valperga,Santa Maria della Natività o di Belmonte,17-8-1888,B.P.,sì,2,yes,,santa-maria-della-nativita-di-belmonte-valperga,Valperga,"Santa Maria della Natività, di Belmonte",1788-08-17; 1888-08-17,Balzamo; Briccolani; Zander/Magister,no,,ERR - Frate Anselmo: la colloca a Torino e a Belmonte sopra Superga.
618,286,Francia,Le Folgoët,Nostra Signora di Folgoet,8-9-1888,B.P.,sì,1,yes,,nostra-signora-di-folgoet-le-folgoet,Le Folgoët,Nostra Signora di Folgoet,1888-09-08,,,,ERR - Frate Anselmo: non la cita.
619,386,Italia,Napoli,Santa Maria della Pazienza,8-9-1888,#,no,1,no,not verified by them (data verificata: no),,,,,,,,Frate Anselmo: data l'incoronazione 8 settembre 1888. Nessun riferimento in internet.
620,686,Italia,Monte di Canoscio,Santa Maria del Transito,16-9-1888,Capitolo,sì,1,yes,,madonna-del-transito-canoscio-citta-di-castello,Canoscio (Città di Castello),Madonna del Transito,1888-09-16,AAS,yes,,ERR - Frate Anselmo: data l'incoronazione 19 settembre 1888.
621,725,Spagna,Barcellona,Nostra Signora della Mercede,21-10-1888,Capitolo,sì,1,yes,,nostra-signora-della-mercede-vergine-della-merce,Barcellona,Nostra Signora della Mercede (Vergine della Mercede),1888-10-21,,,,ERR - Frate Anselmo: data l'incoronazione 13 marzo 1888.
622,491,Italia,Roma,"Santa Maria della Divina Provvidenza, Aiuto dei Cristiani",11-11-1888,Capitolo,sì,1,yes,,santa-maria-della-divina-provvidenza-aiuto-dei-c,"Rome, Chiesa dei Santi Biagio e Carlo ai Catinari","Santa Maria della Divina Provvidenza, Aiuto dei Cristiani (Madonna della Divina Provvidenza)",1888-11-11,,,,
623,320,Francia,Montpellier,Nostra Signora delle Tavole,20-3-1889,Capitolo,sì,1,yes,,nostra-signora-delle-tavole-montpellier,Montpellier,Nostra Signora delle Tavole,1889-03-20,,,,Frate Anselmo: data l'incoronazione 24 gennaio 1888.
624,397,Italia,Napoli,Santa Maria dell'Aiuto,24-5-1889,B.P.,sì,1,yes,,santa-maria-de-miracoli-nella-chiesa-delle-monac,Napoli (Monache della Provvidenza),Santa Maria de' Miracoli nella Chiesa delle Monache della Providenza in Napoli,1775-11-25; 1887-11-13; 1889-05-24,Balzamo; Briccolani,no,,
625,448,Italia,Bedonia,Santa Maria di San Marco,7-7-1889,B.P.,sì,1,yes,,santa-maria-di-san-marco-madonna-della-consolazi,Bedonia,Santa Maria di San Marco (Madonna della Consolazione),1889-07-07,,,,
626,424,Italia,Novi Velia,Santa Maria del Monte di Novi Velia,15-8-1889,Capitolo,sì,1,yes,,santa-maria-del-monte-di-novi-velia-maria-santis,Novi Velia,Santa Maria del Monte di Novi Velia (Maria Santissima del Sacro Monte Gelbison),1889-08-15,,,,ERR - Frate Anselmo: la colloca a Novi Veglia.
627,385,Italia,Napoli,Santa Maria del Rosario,29-9-1889,Capitolo,sì,1,yes,,santa-maria-del-rosario-madonna-di-zi-andrea-nap,Napoli,Santa Maria del Rosario (Madonna di Zi' Andrea),1889-09-29,,,,
628,728,Spagna,Candelaria,Nostra Signora della Candelaria,13-10-1889,B.P.,sì,1,yes,,nostra-signora-della-candelaria-vergine-della-ca,Candelaria,Nostra Signora della Candelaria (Vergine della Candelaria),1889-10-13,,,,ERR - Frate Anselmo: data l'incoronazione 14 luglio 1889 e la colloca a Tenerife (Isole Canarie).
629,516,Italia,Arenzano,Santa Maria Annunziata delle Olivette,24-3-1890,Capitolo,sì,1,yes,,nostra-signora-dell-annunziata-delle-olivette-ar,Arenzano,Nostra Signora dell’Annunziata delle Olivette,1890-03-24,Zander/Magister,yes,,ERR - Frate Anselmo: data l'incoronazione 9 marzo 1890.
630,295,Francia,L'Épine,Nostra Signora di L'Epine,3-6-1890,B.P.,sì,1,yes,,nostra-signora-di-l-epine-l-epine,L'Épine,Nostra Signora di L'Epine,1890-06-03,,,,ERR - Frate Anselmo: non la cita
631,471,Italia,"Poggio Mirteto, località Colle Rosa",Santa Maria della Misericordia,29-6-1890,Capitolo,sì,1,yes,,santa-maria-della-misericordia-poggio-mirteto-lo,"Poggio Mirteto, località Colle Rosa",Santa Maria della Misericordia,1890-06-29,,,,Frate Anselmo: la colloca a Poggio Mirteto in Colle di Rose.
632,266,Francia,Saint Romain d'Ay,Nostra Signora d'Ay,20-7-1890,#,no,#,no,petition refused or crowning uncertain (incoronazione #),,,,,,,,"ERR - Frate Anselmo: la titola Santa Maria Ausiliatrice, collocandola ad Ay (Viviers). ERR - Frate Anselmo: la vuole incoronata in data 20 luglio 1890 con Breve Papale."
633,527,Italia,"Genova, frazione di Acquasanta",Santa Maria dell'Acquasanta,27-7-1890,B.P.,sì,1,yes,,santa-maria-dell-acquasanta-genova-frazione-di-a,"Genova, frazione di Acquasanta",Santa Maria dell'Acquasanta,1890-07-27,,,,
634,593,Italia,Serralunga di Crea,Santa Maria del Santo Monte,5-8-1890,B.P.,sì,1,yes,,assumptio-dei-genetricis-a-gulielmo-caccia-quem,Monte Crea (Montferrat),"Assumptio Dei Genetricis, a Gulielmo Caccia, quem et « Moncalvo » appellant, coloribus expressa",1890-08-05,AAS,yes,,
635,680,Italia,Montepulciano,Madonna della Quercia,15-8-1890,Capitolo,sì,1,yes,,madonna-della-quercia-montepulciano,Montepulciano,Madonna della Quercia,1890-08-15,,,,ERR - Frate Anselmo: la titola della Quercia.
636,248,Belgio,Tongeren,Nostra Signora di Tongeren,31-8-1890,B.P.,sì,1,yes,,nostra-signora-di-tongeren-vergine-causa-della-n,Tongeren,Nostra Signora di Tongeren (Vergine Causa della Nostra Gioia),1890-08-31,,,,ERR - Frate Anselmo: non la cita
637,449,Italia,Berceto,Santa Maria delle Grazie,9-9-1890,Capitolo,sì,1,yes,,santa-maria-delle-grazie-madonna-delle-grazie-be,Berceto,Santa Maria delle Grazie (Madonna delle Grazie),1890-09-09,,,,ERR - Frate Anselmo: scambia la data del decreto con quella dell'incoronazione.
638,597,Italia,"Fossano, frazione di Cussanio",Santa Maria Madre della Provvidenza,7-11-1890,#,no,#,no,petition refused or crowning uncertain (incoronazione #),,,,,,,,Frate Anselmo: data l'incoronazione 7 novembre 1890 e la vuole coronata per la seconda volta con Breve Papale. Nessun riferimento in internet.
639,626,Italia,Adelfia,Santa Maria del Principio,8-1-1891,#,no,#,no,petition refused or crowning uncertain (incoronazione #),,,,,,,,Frate Anselmo: la colloca a Canneto. ERR - Frate Anselmo: data l'incoronazione 27 febbraio 1892.
640,235,Argentina,San Fernando del Valle de Catamarca,Nostra Signora del Valle,12-4-1891,B.P.,sì,1,yes,,nuestra-senora-del-valle-catamarca,Catamarca,Nuestra Señora del Valle,1891-04-12,AAS,yes,,ERR - Frate Anselmo: data l'incoronazione 5 aprile 1891.
641,572,Italia,Poggio San Marcello,Santa Maria del Soccorso,10-5-1891,#,no,#,no,petition refused or crowning uncertain (incoronazione #),,,,,,,,Frate Anselmo: data l'incoronazione 10 maggio 1891. Nessun riferimento in internet.
642,359,Italia,Bagnara Calabra,Santa Maria di Monte Carmelo,16-7-1891,Capitolo,sì,1,yes,,santa-maria-di-monte-carmelo-bagnara-calabra,Bagnara Calabra,Santa Maria di Monte Carmelo,1891-07-16,,,,ERR - Frate Anselmo: scambia la data del decreto con quella dell'incoronazione.
643,464,Italia,Vallecorsa,Santa Maria della Sanità,22-11-1891,#,no,#,no,petition refused or crowning uncertain (incoronazione #),,,,,,,,ERR - Frate Anselmo: data l’incoronazione 22 novembre 1891. Nessun riferimento in internet.
644,488,Italia,Roma,Santa Maria Immacolata del Miracolo,17-1-1892,Capitolo,sì,1,yes,,santa-maria-immacolata-del-miracolo-madonna-del,"Rome, Basilica di Sant'Andrea delle Fratte dei PP Minimi",Santa Maria Immacolata del Miracolo (Madonna del Miracolo),1892-01-17,,,,
645,490,Italia,Roma,Santa Maria della Pietà,7-2-1892,#,no,#,no,petition refused or crowning uncertain (incoronazione #),,,,,,,,Frate Anselmo: data l'incoronazione 7 febbraio 1892. Nessun riferimento in internet.
646,310,Francia,Périgueux,Nostra Signora Du Grand Pouvoir,24-5-1892,Capitolo,sì,1,yes,,notre-dame-du-grand-pouvoir-perigueux,Périgueux,Notre Dame Du Grand Pouvoir,1892-05-24,Zander/Magister,yes,,ERR - Frate Anselmo: scambia la data del decreto con quella dell'incoronazione e la colloca a Périgneux
647,338,Germania,Kevelaer,Nostra Signora Consolatrix Afflictorum,1-6-1892,B.P.,sì,1,yes,,trosterin-der-betrubten-kevelaer-kevelaer,Kevelaer,Trosterin der Betrübten (Kevelaer),1892-06-01,AAS,no,,ERR - Frate Anselmo: non la cita.
648,377,Italia,Castellammare di Stabia,Santa Maria dell'Orto,21-8-1892,Capitolo,sì,1,yes,,santa-maria-dell-orto-castellammare-di-stabia,Castellammare di Stabia,Santa Maria dell'Orto,1892-08-21,,,,
649,350,Italia,Viggiano,Santa Maria del Monte,4-9-1892,Capitolo,sì,1,yes,,madonna-del-monte-di-viggiano-viggiano,Viggiano,Madonna del Monte di Viggiano,1892-09-04; 1991-04-28,AAS; Zander/Magister,yes,,
650,308,Francia,Pays de Belvès,Nostra Signora Addolorata,8-9-1892,#,sì,#,no,petition refused or crowning uncertain (incoronazione #),,,,,,,,ERR - Frate Anselmo: data l'incoronazione 1 febbraio 1888 e la colloca a N.S. di Capelon a Perigueux.
651,562,Italia,Crema,Madonna delle Grazie,8-9-1892,Capitolo,sì,1,yes,,madonna-delle-grazie-crema,Crema,Madonna delle Grazie,1892-09-08,,,,ERR - Frate Anselmo: non la cita.
652,306,Francia,Aixe sur Vienne,Nostra Signora di Arliquet,25-9-1892,B.P.,sì,1,yes,,nostra-signora-di-arliquet-vergine-addolorata-ai,Aixe sur Vienne,Nostra Signora di Arliquet (Vergine Addolorata),1892-09-25,,,,ERR - Frate Anselmo: non la cita.
653,236,Argentina,Cordoba,Nostra Signora del Rosario del Milagro,1-10-1892,B.P.,sì,1,yes,,nuestra-senora-del-milagro-cordoba,Córdoba,Nuestra Señora del Milagro,1892-10-01,AAS,yes,,ERR - Frate Anselmo: non la cita.
654,556,Italia,"San Giovanni Bianco, frazione di San Gallo",Santa Maria della Costa,23-10-1892,#,no,#,no,petition refused or crowning uncertain (incoronazione #),,,,,,,,Frate Anselmo: data l'incoronazione 23 ottobre 1892. Nessun riferimento in internet.
655,437,Italia,Comacchio,Santa Maria del Popolo,10-1-1893,#,no,#,no,petition refused or crowning uncertain (incoronazione #),,,,,,,,Frate Anselmo: data l'incoronazione 10 gennaio 1893. ERR - Frate Anselmo: la colloca a Ferrara. Nessun riferimento in internet.
656,697,Italia,Isola di San Giorgio Maggiore,"Santa Maria ""Auxilium Christianorum""",26-2-1893,Capitolo,no,#,no,petition refused or crowning uncertain (incoronazione #),,,,,,,,Frate Anselmo: data l'incoronazione 26 febbraio 1893. Nessun riferimento in internet.
657,411,Italia,"Palma Campania, frazione di Vico di Palma",Santa Maria delle Grazie,23-4-1893,#,no,#,no,petition refused or crowning uncertain (incoronazione #),,,,,,,,Frate Anselmo: data l'incoronazione 23 aprile 1893. Nessun riferimento in internet.
658,353,Italia,Crotone,Santa Maria di Capo Colonna,7-5-1893,Capitolo,sì,1,yes,,santa-maria-di-capo-colonna-la-madonnina-crotone,Crotone,Santa Maria di Capo Colonna (La Madonnina),1893-05-07,,,,
659,548,Italia,Millesimo,Santa Maria del Deserto,13-5-1893,Capitolo,sì,1,yes,,santa-maria-del-deserto-millesimo,Millesimo,Santa Maria del Deserto,1893-05-13,,,,ERR - Frate Anselmo: data l'incoronazione 14 maggio 1893.
660,369,Italia,Cerreto Sannita,Santa Maria delle Grazie,2-7-1893,#,sì,1,yes,,santa-maria-delle-grazie-cerreto-sannita,Cerreto Sannita,Santa Maria delle Grazie,1893-07-02,,,,
661,339,Inghilterra,West Grinstead,"S.M. della Consolazione, ""Solatrix Gementium""",12-7-1893,B.P.,sì,1,yes,,s-m-della-consolazione-solatrix-gementium-nostra,West Grinstead,"S.M. della Consolazione, ""Solatrix Gementium"" (Nostra Signora della Consolazione)",1893-07-12,,,,ERR - Frate Anselmo: data l'incoronazione 26 febbraio 1893.
662,544,Italia,Riomaggiore,Santa Maria di Montenero,23-7-1893,#,no,#,no,petition refused or crowning uncertain (incoronazione #),,,,,,,,ERR - Frate Anselmo: data l'incoronazione 23 luglio 1893. Non fu un’incoronazione del Capitolo.
663,314,Francia,Sarrance,Nostra Signora di Sarrance,26-7-1893,B.P.,sì,1,yes,,nostra-signora-di-sarrance-sarrance,Sarrance,Nostra Signora di Sarrance,1893-07-26,,,,ERR - Frate Anselmo: non la cita.
664,641,Italia,Cuglieri,Santa Maria della Neve,5-8-1893,Capitolo,sì,1,yes,,santa-maria-della-neve-sancta-maria-ad-nives-cug,Cuglieri (Sardinia),"Santa Maria della Neve, Sancta Maria ad Nives",1893-08-05,AAS; Zander/Magister,yes,,
665,431,Italia,"Alto Reno Terme, frazione di Porretta Terme",Santa Maria del Ponte,15-8-1893,B.P.,sì,1,yes,,santa-maria-del-ponte-alto-reno-terme-frazione-d,"Alto Reno Terme, frazione di Porretta Terme",Santa Maria del Ponte,1893-08-15,,,,ERR - Frate Anselmo: la colloca in località Bagni della Porretta.
666,240,Austria,Innsbruck,Madonna sotto le Quattro Colonne,10-9-1893,B.P.,sì,1,yes,,madonna-sotto-le-quattro-colonne-innsbruck,Innsbruck,Madonna sotto le Quattro Colonne,1893-09-10,,,,ERR - Frate Anselmo: non la cita.
667,446,Italia,Montiano,Santa Maria del Rosario,10-9-1893,#,no,#,no,petition refused or crowning uncertain (incoronazione #),,,,,,,,Frate Anselmo: data l'incoronazione 10 settembre 1893. Nessun riferimento in internet.
668,277,Francia,Clermont-Ferrand,Nostra Signora d'Orcival,3-5-1894,B.P.,sì,1,yes,,nostra-signora-d-orcival-clermont-ferrand,Clermont-Ferrand,Nostra Signora d'Orcival,1894-05-03,,,,ERR - Frate Anselmo: data l'incoronazione 28 gennaio 1894.
669,259,Francia,Cambrai,Nostra Signora delle Grazie,14-5-1894,Capitolo,sì,1,yes,,nostra-signora-delle-grazie-cambrai,Cambrai,Nostra Signora delle Grazie,1894-05-14,,,,ERR - Frate Anselmo: scambia la data del decreto con quella di incoronazione.
670,309,Francia,Périgueux,Nostra Signora de la Garde,20-5-1894,#,no,#,no,petition refused or crowning uncertain (incoronazione #),,,,,,,,ERR - Frate Anselmo: la colloca a Périgneux o Périgueux (utilizza nomi diversi nell'elenco per località o per data) con incoronazione datata 20 maggio 1894.
671,375,Italia,Piedimonte Matese,Santa Maria Immacolata,20-5-1894,Capitolo,sì,1,yes,,santa-maria-immacolata-piedimonte-matese,Piedimonte Matese,Santa Maria Immacolata,1894-05-20,,,,ERR - Frate Anselmo: scambia la data del decreto con quella dell'incoronazione e la colloca a Piedimonte d'Alife.
672,588,Italia,Cantalupo nel Sannio,Santa Maria del Rosario,5-6-1894,#,no,#,no,petition refused or crowning uncertain (incoronazione #),,,,,,,,Frate Anselmo: data l'incoronazione 5 giugno 1894. Nessun riferimento in internet.
673,518,Italia,Ceranesi,Santa Maria della Guardia,10-6-1894,B.P.,sì,3,yes,,santa-maria-della-guardia-ceranesi,Ceranesi,Santa Maria della Guardia,1894-06-10,,,,ERR - Frate Anselmo: la colloca a Genova in Val di Polcevera.
674,685,Italia,"Baselga di Piné, frazione di Montagnaga",Santa Maria di Caravaggio,11-8-1894,#,sì,1,yes,,madonna-di-pine-montagnaga-di-pine,Montagnaga di Piné,Madonna di Piné,1894-08-11,Zander/Magister,yes,,
675,441,Italia,Bagno di Romagna,Santa Maria del Sangue,12-8-1894,Capitolo,sì,1,yes,,santa-maria-del-sangue-bagno-di-romagna,Bagno di Romagna,Santa Maria del Sangue,1894-08-12,,,,
676,323,Francia,Mende,Vergine Nera di Mende,15-8-1894,B.P.,sì,1,yes,,vergine-nera-di-mende-mende,Mende,Vergine Nera di Mende,1894-08-15,,,,ERR - Frate Anselmo: non la cita.
677,284,Francia,Châteauneuf du Faou,Nostra Signora delle Porte,26-8-1894,B.P.,sì,1,yes,,nostra-signora-delle-porte-chateauneuf-du-faou,Châteauneuf du Faou,Nostra Signora delle Porte,1894-08-26,,,,ERR - Frate Anselmo: data l'incoronazione 10 dicembre 1893 e la colloca a Quimper.
678,637,Italia,Panni,Santa Maria del Bosco,27-8-1894,Capitolo,sì,1,yes,,santa-maria-del-bosco-maria-ss-incoronata-del-bo,Panni,Santa Maria del Bosco (Maria SS Incoronata del Bosco),1894-08-27,,,,Frate Anselmo: la colloca a Bovino.
679,298,Francia,Ligny en Barrois,Nostra Signora des Vertus,25-9-1894,Capitolo,sì,1,yes,,nostra-signora-des-vertus-nostra-signora-delle-v,Ligny en Barrois,Nostra Signora des Vertus (Nostra Signora delle Virtù),1894-09-25,,,,Il 17 giugno 1894 fu consegnata la richiesta al Capitolo. ERR - Frate Anselmo: data l'incoronazione 17 giugno 1894.
680,344,Italia,Massa d'Albe,Santa Maria del Fulmine,13-1-1895,#,no,#,no,petition refused or crowning uncertain (incoronazione #),,,,,,,,"Frate Anselmo: la colloca a Massa Corona, attuale Massa d'Albe. Frate Anselmo: data l'incoronazione 13 gennaio 1895. Nessun riferimento in internet."
681,486,Italia,Roma,Santa Maria del Bambino Gesù di Aracoeli,2-5-1895,Capitolo,sì,1,yes,,santa-maria-del-bambino-gesu-di-aracoeli-rome-ba,"Rome, Basilica di Santa Maria in Aracoeli",Santa Maria del Bambino Gesù di Aracoeli,1895-05-02,,,,ERR - Frate Anselmo: data l'incoronazione 30 novembre 1895.
682,498,Italia,Roma,Madonna degli Angeli,12-5-1895,#,no,#,no,petition refused or crowning uncertain (incoronazione #),,,,,,,,Frate Anselmo: data l'incoronazione 12 maggio 1895. Nessun riferimento in internet.
683,673,Italia,Pontremoli,Santa Maria del Popolo,14-7-1895,#,no,#,no,petition refused or crowning uncertain (incoronazione #),,,,,,,,Frate Anselmo: data l'incoronazione 14 luglio 1895. Nessun riferimento in internet.
684,565,Italia,Busto Arsizio,Santa Maria dell'Aiuto,14-7-1895,Capitolo,sì,1,yes,,santa-maria-dell-aiuto-madonna-dell-aiuto-busto,Busto Arsizio,Santa Maria dell'Aiuto (Madonna dell'Aiuto),1895-07-14,,,,ERR - Frate Anselmo: data l'incoronazione 23 giugno 1895.
685,668,Italia,Camaiore,Madonna della Pietà,29-9-1895,Capitolo,sì,1,yes,,madonna-della-pieta-camaiore,Camaiore,Madonna della Pietà,1895-09-29,,,,ERR - Frate Anselmo: non la cita.
686,230,Messico,Città del Messico,Nostra Signora di Guadalupe,12-10-1895,Capitolo,sì,1,yes,,nostra-signora-di-guadalupe-vergine-di-guadalupe,Città del Messico,Nostra Signora di Guadalupe (Vergine di Guadalupe),1895-10-12,,,,ERR - Frate Anselmo: non la cita.
687,233,Stati Uniti d'America,New Orleans,Nostra Signora del Pronto Soccorso,10-11-1895,B.P.,sì,1,yes,,nostra-signora-del-pronto-soccorso-new-orleans,New Orleans,Nostra Signora del Pronto Soccorso,1895-11-10,,,,ERR - Frate Anselmo: non la cita.
688,454,Italia,Reggio Emilia,Santa Maria della Ghiara,12-4-1896,#,no,#,no,petition refused or crowning uncertain (incoronazione #),,,,,,,,"ERR - Frate Anselmo: data l'incoronazione 12 aprile 1896, ma non è stata un'incoronazione del Capitolo Vaticano."
689,513,Italia,Castel Sant'Elia,"Santa Maria ""ad Rupes""",17-5-1896,Capitolo,sì,1,yes,,santa-maria-ad-rupes-castel-sant-elia-sancti-eli,"Castel Sant'Elia (sancti Eliae Castrum), vallis Suppentonia",Santa Maria ad Rupes,1896-05-17,AAS,,,
690,682,Italia,Poggibonsi,Santa Maria del Romituzzo,17-6-1896,#,no,#,no,petition refused or crowning uncertain (incoronazione #),,,,,,,,"ERR - Frate Anselmo: data questa incoronazione 17 giugno 1896, ma è la data del decreto. L'incoronazione avverrà nel 1926."
691,252,Belgio,Huy,Nostra Signora de la Sarte,29-6-1896,B.P.,sì,1,yes,,notre-dame-de-la-sarte-huy,Huy,Notre Dame De La Sarte,1896-06-29; 1900,Zander/Magister,no,,ERR - Frate Anselmo: scambia la data del decreto con la data di incoronazione e la colloca a Liegi.
692,574,Italia,Offida,Santa Maria Addolorata,30-8-1896,Capitolo,sì,1,yes,,santa-maria-addolorata-offida,Offida,Santa Maria Addolorata,1896-08-30,,,,ERR - Frate Anselmo: data l'incoronazione 14 giugno 1896.
693,558,Italia,Stezzano,Santa Maria dei Campi o della Preghiera,5-9-1896,Capitolo,sì,1,yes,,madonna-dei-campi-nostra-signora-della-preghiera,Stezzano,"Madonna dei Campi, Nostra Signora della Preghiera",1896-09-05,Zander/Magister,yes,,"ERR - Frate Anselmo: la titola Santa Maria della preghiera, nel santuario dei campi. Questa è l'incoronazione valida rispetto a quella riportata da Frate Anselmo nella stessa località, ma nel 1886."
694,459,Italia,Trieste,Madonna Addolorata,20-9-1896,Capitolo,sì,#,no,petition refused or crowning uncertain (incoronazione #),,,,,,,,
695,466,Italia,Cori,Santa Maria del Rosario,4-10-1896,Capitolo,sì,1,yes,,santa-maria-del-rosario-cori,Cori,Santa Maria del Rosario,1896-10-04,,,,
696,354,Italia,Palmi,Santa Maria del Carmine,16-11-1896,Capitolo,sì,1,yes,,santa-maria-del-carmine-palmi,Palmi,Santa Maria del Carmine,1896-11-16,,,,ERR - Frate Anselmo: data l'incoronazione 16 luglio 1896.
697,440,Italia,Sant'Egidio,Santa Maria del Poggetto,10-1-1897,#,no,#,no,petition refused or crowning uncertain (incoronazione #),,,,,,,,ERR - Frate Anselmo: scambia la data dell'incoronazione con quella del decreto. L'incoronazione avverrà nel 1901.
698,631,Italia,Conversano,Santa Maria del Fonte,24-5-1897,Capitolo,sì,1,yes,,santa-maria-del-fonte-madonna-della-fonte-conver,Conversano,Santa Maria del Fonte (Madonna della Fonte),1897-05-24,,,,ERR - Frate Anselmo: data l'incoronazione 26 maggio 1897.
699,261,Francia,Valenciennes,Nostra Signora del Santo Cordone,7-6-1897,B.P.,sì,1,yes,,nostra-signora-del-santo-cordone-valenciennes,Valenciennes,Nostra Signora del Santo Cordone,1897-06-07,,,,ERR - Frate Anselmo. non la cita.
700,300,Francia,Parigi,Nostra Signora della Medaglia Miracolosa,26-7-1897,B.P.,sì,1,yes,,nostra-signora-della-medaglia-miracolosa-notre-d,Parigi,Nostra Signora della Medaglia Miracolosa (Notre-Dame de la Médaille Miraculeuse),1897-07-26,,,,
701,279,Francia,Paray le Monial,Nostra Signora di Romay,5-8-1897,B.P.,sì,1,yes,,nostra-signora-di-romay-paray-le-monial,Paray le Monial,Nostra Signora di Romay,1897-08-05,,,,ERR - Frate Anselmo: non la cita.
702,376,Italia,Castellammare di Stabia,Santa Maria di Portosalvo,8-8-1897,Capitolo,sì,1,yes,,santa-maria-di-portosalvo-castellammare-di-stabi,Castellammare di Stabia (Portosalvo),Santa Maria di Portosalvo,1897-08-08,Zander/Magister,yes,,
703,693,Italia,Treviso,Santa Maria delle Grazie,15-8-1897,Capitolo,sì,1,yes,,la-madonna-grande-treviso,Treviso,La Madonna Grande,1897-08-15,AAS,yes,,ERR - Frate Anselmo: scambia la data del decreto con la data dell'incoronazione. Non cita l'incoronazione nell'elenco per località.
704,250,Belgio,Wavre,Nostra Signora di Basse Wavre,8-9-1897,B.P.,sì,1,yes,,nostra-signora-di-basse-wavre-nostra-signora-del,Wavre,Nostra Signora di Basse Wavre (Nostra Signora della Pace e della Concordia),1897-09-08,,,,ERR - Frate Anselmo: non la cita.
705,445,Italia,"Galeata, frazione di Pianetto",Santa Maria dei Miracoli,30-9-1897,#,no,#,no,petition refused or crowning uncertain (incoronazione #),,,,,,,,Frate Anselmo: data l'incoronazione 30 settembre 1897. Nessun riferimento in internet.
706,249,Belgio,"Saint-Truiden, frazioen di Kortenbos",Nostra Signora di Kortenbos,1-5-1898,B.P.,sì,1,yes,,nostra-signora-di-kortenbos-saint-truiden-frazio,"Saint-Truiden, frazioen di Kortenbos",Nostra Signora di Kortenbos,1898-05-01,,,,ERR - Frate Anselmo: non la cita.
707,478,Italia,"Capranica Prenestina, frazione di Guadagnolo",Santa Maria della Mentorella,17-7-1898,#,no,#,no,petition refused or crowning uncertain (incoronazione #),,,,,,,,ERR - Frate Anselmo: la colloca a Tivoli; data l'incoronazione17 agosto 1898. L'incoronazione avvenne nel 1901.
708,711,Polonia,Rzeszów,Santa Maria Assunta,31-7-1898,#,no,#,no,petition refused or crowning uncertain (incoronazione #),,,,,,,,"ERR - Frate Anselmo: la colloca a Ressova (Premislia). Frate Anselmo: data l’incoronazione 31 luglio 1898, ma la stessa non è mai avvenuta."
709,573,Italia,Senigallia,Santa Maria della Speranza,28-8-1898,#,no,#,no,petition refused or crowning uncertain (incoronazione #),,,,,,,,Frate Anselmo: data l'incoronazione 28 agosto 1898. Nessun riferimento in internet.
710,688,Italia,Perugia,Santa Maria delle Grazie,4-9-1898,B.P.,sì,2,yes,,santa-maria-delle-grazie-madonna-delle-grazie-pe,Perugia,Santa Maria delle Grazie (Madonna delle Grazie),1855-09-08; 1898-09-04,,,,Frate Anselmo: data l'incoronazione 4 novembre 1898.
711,292,Francia,Ferrières En Gàtinais,Nostra Signora di Betlemme,6-9-1898,B.P.,sì,1,yes,,nostra-signora-di-betlemme-ferrieres-en-gatinais,Ferrières En Gàtinais,Nostra Signora di Betlemme,1898-09-06,,,,Frate Anselmo: data l'incoronazione 12 maggio 1898.
712,569,Italia,Fabriano,Santa Maria del Buon Gesù,8-9-1898,Capitolo,sì,1,yes,,madonna-del-buon-gesu-fabriano,Fabriano,Madonna del Buon Gesù,1898-09-08,AAS,yes,,ERR - Frate Anselmo: data l'incoronazione 19 marzo 1898.
713,373,Italia,Caserta,Santa Maria Addolorata,9-10-1898,Capitolo,sì,1,yes,,santa-maria-addolorata-madonna-addolorata-casert,Caserta,Santa Maria Addolorata (Madonna Addolorata),1898-10-09,,,,
714,340,Italia,"Casalbordino, frazione di Miracoli",Santa Maria dei Miracoli,11-6-1899,Capitolo,sì,1,yes,,beata-maria-virgo-a-miraculis-casalbordino,Casalbordino,Beata Maria Virgo « a Miraculis »,1899-06-11,AAS,yes,,ERR - Frate Anselmo: data l'incoronazione 13 dicembre 1896.
715,500,Italia,Roma,Santa Maria in Portico,16-7-1899,Capitolo,sì,2,yes,,santa-maria-in-portico-in-campitelli-rome-santa,"Rome, Santa Maria in Portico in Campitelli",Santa Maria in Portico in Campitelli,1650-11-26; 1899-07-16,Briccolani,no,PICK,
716,242,Belgio,Anversa,Nostra Signora di Anversa,15-8-1899,B.P.,sì,1,yes,,nostra-signora-di-anversa-nostra-signora-di-antw,Anversa,Nostra Signora di Anversa (Nostra Signora di Antwerpen),1899-08-15,,,,ERR - Frate Anselmo: non la cita.
717,515,Italia,Valentano,Madonna della Salute,20-8-1899,Capitolo,sì,1,yes,,madonna-della-salute-valentano,Valentano,Madonna della Salute,1899-08-20,,,,ERR - Frate Anselmo: non la cita.
718,628,Italia,Andria,Madonna dell'AItomare,3-9-1899,Capitolo,sì,1,yes,,madonna-dell-aitomare-andria,Andria,Madonna dell'AItomare,1899-09-03,,,,
719,719,Polonia,Stara Wies,Nostra Signora di Stara Wiejska,8-9-1899,Capitolo,sì,1,yes,,nostra-signora-di-stara-wiejska-stara-wies,Stara Wies,Nostra Signora di Stara Wiejska,1877-09-08; 1899-09-08,,,,ERR - Frate Anselmo: non la cita.
720,616,Italia,Rivoli,Santa Maria della Stella,17-9-1899,Capitolo,sì,1,yes,,santa-maria-della-stella-rivoli,Rivoli,Santa Maria della Stella,1899-09-17,,,,
721,699,Italia,"Caprino Veronese, frazione di Spiazzi",Santa Maria Addolorata,17-9-1899,Capitolo,sì,1,yes,,santa-maria-addolorata-caprino-veronese-frazione,"Caprino Veronese, frazione di Spiazzi",Santa Maria Addolorata,1899-09-17,,,,ERR - Frate Anselmo: scambia la data del decreto con quella d'incoronazione e la colloca a Verona.
722,706,Malta,Mellieħa,Nostra Signora di Mellieħa,24-9-1899,B.P.,sì,1,yes,,nostra-signora-di-melliea-melliea,Mellieħa,Nostra Signora di Mellieħa,1899-09-24,,,,ERR - Frate Anselmo: non la cita.
723,364,Italia,Castelvetere sul Calore,Santa Maria delle Grazie,28-9-1899,#,no,#,no,petition refused or crowning uncertain (incoronazione #),,,,,,,,Frate Anselmo: data l'incoronazione 28 settembre 1899. Nessun riferimento in internet.
724,461,Italia,Alatri,Santa Maria della Libera,4-11-1899,#,no,#,no,petition refused or crowning uncertain (incoronazione #),,,,,,,,"ERR - Frate Anselmo: data l'incoronazione 4 novembre 1899, ma è la data del decreto. Sarà incoronata nel 1901."
725,560,Italia,Rezzato,Santa Maria di Valverde,23-11-1899,Capitolo,sì,1,yes,,santa-maria-di-valverde-madonna-di-valverde-rezz,Rezzato,Santa Maria di Valverde (Madonna di Valverde),1899-11-23,,,,ERR - Frate Anselmo: data l'incoronazione 11 settembre 1898.
726,232,Messico,Patzcuaro,Nostra Signora della Salute,8-12-1899,Capitolo,sì,1,yes,,nuestra-senora-de-la-salud-patzcuaro,Pátzcuaro,Nuestra Señora de la Salud,1899-12-08,AAS,yes,,ERR - Frate Anselmo: non la cita.
727,330,Francia,La Trinité,Nostra Signora del Laghetto,19-4-1900,#,sì,1,yes,,nostra-signora-del-laghetto-nostra-signora-de-la,La Trinité,Nostra Signora del Laghetto (Nostra Signora de Laghet),1900-04-19,,,,ERR - Frate Anselmo: data l'incoronazione 11 settembre 1898. ERR - Frate Anselmo: la colloca a Nizza.
728,452,Italia,Ravenna,Santa Maria Greca,21-4-1900,Capitolo,sì,1,yes,,santa-maria-greca-ravenna,Ravenna,Santa Maria Greca,1900-04-21,,,,ERR - Frate Anselmo: data l'incoronazione 2 aprile 1900.
729,281,Francia,Rostrenen,Nostra Signora di Rostrenen,2-7-1900,Capitolo,sì,1,yes,,nostra-signora-di-rostrenen-rostrenen,Rostrenen,Nostra Signora di Rostrenen,1900-07-02,,,,"Frate Anselmo: data l'incoronazione 24 febbraio 1887. In base alla nota riporta nel campo ""Note"" è probabile che la data riportata da frate Anselmo sia quella del decreto."
730,237,Argentina,Itatí,Nostra Signora di Itatí,16-7-1900,B.P.,sì,1,yes,,nostra-signora-di-itati-itati,Itatí,Nostra Signora di Itatí,1900-07-16,,,,ERR - Frate Anselmo: non la cita.
731,537,Italia,"Serra Riccò, frazione di San Cipriano","Santa Maria ""Causa Nostrae Laetitiae""",26-7-1900,#,no,#,no,petition refused or crowning uncertain (incoronazione #),,,,,,,,Frate Anselmo: data l'incoronazione 26 luglio 1900 e la colloca a San Cipriano. Nessun riferimento in internet.
732,602,Italia,"Villanova Mondovì, frazione di Madonna del Pasco",Santa Maria del Pasco,15-8-1900,Capitolo,sì,1,yes,,madonna-del-pasco-villanova-mondovi,Villanova Mondovì,Madonna del Pasco,1900-08-15,Zander/Magister,yes,,ERR - Frate Anselmo: data l'incoronazione 18 febbraio 1900.
733,429,Italia,Sarno,Santa Maria delle Tre Corone,15-8-1900,Capitolo,sì,1,yes,,santa-maria-delle-tre-corone-sarno,Sarno,Santa Maria delle Tre Corone,1900-08-15,,,,
734,538,Italia,Sori,Santa Maria delle Grazie,15-8-1900,#,no,#,no,petition refused or crowning uncertain (incoronazione #),,,,,,,,Frate Anselmo: data l'incoronazione 15 agosto 1900. Nessun riferimento in internet.
735,463,Italia,Ausonia,Santa Maria del Piano,22-8-1900,#,no,#,no,petition refused or crowning uncertain (incoronazione #),,,,,,,,Frate Anselmo: data l'incoronazione 22 agosto 1900. Nessun riferimento in internet.
736,702,Italia,Vicenza,Santa Maria di Monte Berico,25-8-1900,Capitolo,sì,1,yes,,santa-maria-di-monte-berico-madre-della-miserico,Vicenza,Santa Maria di Monte Berico (Madre della Misericordia o del Manto),1900-08-25,,,,
737,274,Francia,Lione,Nostra Signora di Fourvière,8-9-1900,B.P.,sì,1,yes,,nostra-signora-di-fourviere-vergine-di-fourviere,Lione,Nostra Signora di Fourvière (Vergine di Fourvière),1900-09-08,,,,ERR - Frate Anselmo: non la cita.
738,729,Spagna,"Bilbao, distretto di Begoña",Nostra Signora de la Begoña,8-9-1900,Capitolo,sì,1,yes,,virgen-de-begona-bilbao,Bilbao,Virgen de Begoña,1900-09-08,Zander/Magister,yes,,ERR - Frate Anselmo: scambia la data del decreto con quella dell'incoronazione.
739,724,Spagna,Barcellona,Nostra Signora de la Bonanova,8-9-1900,Capitolo,sì,1,yes,,nostra-signora-de-la-bonanova-vergine-della-bona,Barcellona,Nostra Signora de la Bonanova (Vergine della Bonanova),1900-09-08,,,,ERR - Frate Anselmo: scambia la data del decreto con quella dell'incoronazione.
740,349,Italia,Lagonegro,Santa Maria di Monte Sirino,16-9-1900,#,no,#,no,petition refused or crowning uncertain (incoronazione #),,,,,,,,"Frate Anselmo: riporta la data 16 settembre 1900, ma non fu un'incoronazione. Nessun riferimento in internet."
741,666,Italia,Portoferraio,Santa Maria di Loreto,#-10-1900,Capitolo,sì,1,yes,,santa-maria-di-loreto-madonna-di-loreto-portofer,Portoferraio,Santa Maria di Loreto (Madonna di Loreto),1900-10,,,,ERR - Frate Anselmo: scambia la data del decreto con la data di incoronazione.
742,864,Italia,"Tursi, frazione di Anglona",Madonna di Anglona,19-5-1901,Capitolo,sì,1,yes,,madonna-di-anglona-regina-di-anglona-tursi-frazi,"Tursi, frazione di Anglona",Madonna di Anglona (Regina di Anglona),1901-05-19,,,,
743,814,Francia,Albert,Nostra Signora di Brebières,19-6-1901,Capitolo,sì,1,yes,,nostra-signora-di-brebieres-nostra-signora-delle,Albert,Nostra Signora di Brebières (Nostra Signora delle Pecore),1901-06-19,,,,ERR - Frate Anselmo: data l'incoronazione 21 giugno 1901 e la titola: Santa Maria di Brebières o delle Pecore.
744,838,Francia,Marcillac-Vallon,Nostra Signora de Foncourrieu,30-6-1901,Capitolo,sì,1,yes,,nostra-signora-de-foncourrieu-marcillac-vallon,Marcillac-Vallon,Nostra Signora de Foncourrieu,1901-06-30,,,,"ERR - Frate Anselmo: data l'incoronazione 29 maggio 1901, la colloca a Marcillac e la titola: Santa Maria de Foncourrièen."
745,999,Italia,"Genova, quartiere di Sampierdarena",Madonna di Belvedere,1-9-1901,Capitolo,sì,1,yes,,madonna-di-belvedere-genova-quartiere-di-sampier,"Genova, quartiere di Sampierdarena",Madonna di Belvedere,1901-09-01,,,,
746,951,Italia,Alatri,Santa Maria della Libera,8-9-1901,Capitolo,sì,1,yes,,santa-maria-della-libera-madonna-della-libera-al,Alatri,Santa Maria della Libera (Madonna della Libera),1901-09-08,,,,Frate Anselmo: la titola: Santa Maria della Liberatrice.
747,939,Italia,"Ferrara, frazione di Sant'Egidio",Madonna del Poggetto,8-9-1901,Capitolo,sì,1,yes,,madonna-del-poggetto-ferrara-frazione-di-sant-eg,"Ferrara, frazione di Sant'Egidio",Madonna del Poggetto,1901-09-08,,,,"Frate Anselmo: la colloca a S. Egidio. ERR - Frate Anselmo: data l'incoronazione 10 gennaio 1897 nell'elenco per date, mentre nell'elenco per località riporta due date: 10 gennaio 1897 e 17 settembre 1901. ERR - Bonci: data l'incoronazione 10 gennaio 1897."
748,1002,Italia,"Borghetto di Vara, frazione di L'Ago",Madonna di Roverano,8-9-1901,Capitolo,sì,1,yes,,madonna-di-roverano-borghetto-di-vara-frazione-d,"Borghetto di Vara, frazione di L'Ago",Madonna di Roverano,1901-09-08,,,,ERR - Frate Anselmo: scambia la data del decreto con quella di incoronazione
749,990,Italia,Viterbo,Madonna Liberatrice,15-9-1901,#,no,#,no,petition refused or crowning uncertain (incoronazione #),,,,,,,,ERR Frate Anselmo: data l'incoronazione 21 luglio 1901.
750,938,Italia,"Ferrara, frazione di Sant'Egidio",Madonna del Poggetto,15-9-1901,#,no,#,no,petition refused or crowning uncertain (incoronazione #),,,,,,,,Frate Anselmo: la colloca a S. Egidio. ERR - Frate Anselmo: data l'incoronazione 10 gennaio 1897.
751,964,Italia,"Capranica Prenestina, frazione di Guadagnolo",Santa Maria della Mentorella,29-9-1901,Capitolo,sì,1,yes,,santa-maria-della-mentorella-santa-maria-delle-g,"Capranica Prenestina, frazione di Guadagnolo",Santa Maria della Mentorella (Santa Maria delle Grazie),1901-09-29; 1958-05-10,,,,ERR - Frate Anselmo: scambia la data del decreto con la data dell'incoronazione e la colloca a Tivoli.
752,937,Italia,Bologna,Madonna del Sacro Cuore di Gesù,24-11-1901,Capitolo,sì,1,yes,,madonna-del-sacro-cuore-di-gesu-bologna,Bologna,Madonna del Sacro Cuore di Gesù,1901-11-24,,,,
753,772,Cile,Andacollo,Nostra Signora del Rosario de Andacollo,26-12-1901,Capitolo,sì,1,yes,,nostra-signora-del-rosario-de-andacollo-virgen-d,Andacollo,Nostra Signora del Rosario de Andacollo (Virgen del Rosario de Andacollo),1901-12-26,,,,ERR - Frate Anselmo: scambia la data del decreto con quello dell'incoronazione.
754,1000,Italia,"Recco, frazione di Megli",Madonna delle Grazie,8-6-1902,Capitolo,sì,1,yes,,madonna-delle-grazie-recco-frazione-di-megli,"Recco, frazione di Megli",Madonna delle Grazie,1902-06-08,,,,
755,884,Italia,Avellino,Madonna delle Grazie,1-7-1902,Capitolo,sì,1,yes,,madonna-delle-grazie-avellino,Avellino,Madonna delle Grazie,1902-07-01,,,,Frate Anselmo: indica che è dei PP. Cappucini
756,1022,Italia,Treviglio,Madonna delle Lacrime,10-8-1902,#,no,#,no,petition refused or crowning uncertain (incoronazione #),,,,,,,,"ERR - Frate Anselmo: riporta questa incoronazione, ma è il giorno in cui fu inaugurata la nuova fabbrica. Nessun riferimento in internet."
757,1224,Svizzera,Friburgo,Nostra Signora di Friburgo,21-8-1902,B.P.,sì,1,yes,,nostra-signora-di-friburgo-gloriosa-regina-dell,Friburgo,Nostra Signora di Friburgo (Gloriosa Regina dell'Universo),1902-08-21,,,,ERR - Frate Anselmo: non la cita.
758,965,Italia,Civitavecchia,Madonna delle Grazie,8-9-1902,Capitolo,sì,1,yes,,madonna-delle-grazie-madonna-della-stella-civita,Civitavecchia,Madonna delle Grazie (Madonna della Stella),1902-09-08,,,,
759,952,Italia,Arpino,Madonna di Loreto,8-9-1902,Capitolo,sì,1,yes,,madonna-di-loreto-arpino,Arpino,Madonna di Loreto,1902-09-08,,,,
760,766,Argentina,Salta,Nostra Signora del Miracolo,13-9-1902,B.P.,sì,1,yes,,nostra-signora-del-miracolo-virgen-del-milagro-s,Salta,Nostra Signora del Miracolo (Virgen del Milagro),1902-09-13,,,,ERR - Frate Anselmo: data l'incoronazione 26 luglio 1899.
761,961,Italia,Lenola,Madonna del Colle,15-9-1902,#,no,#,no,petition refused or crowning uncertain (incoronazione #),,,,,,,,Frate Anselmo: data l'incoronazione 15 settembre 1902. Nessun riferimento in internet.
762,752,Messico,Leon,Nostra Signora della Luce,8-10-1902,Capitolo,sì,1,yes,,nostra-signora-della-luce-nuestra-senora-de-la-l,Leon,Nostra Signora della Luce (Nuestra Señora de la Luz),1902-10-08,,,,ERR - Frate Anselmo: non la cita
763,982,Italia,Roma,Santa Maria Avvocata Nostra,19-10-1902,#,no,#,no,petition refused or crowning uncertain (incoronazione #),,,,,,,,Frate Anselmo: data l'incoronazione 19 ottobre 1902. Nessun riferimento in internet.
764,1073,Italia,Torino,Santa Maria Ausiliatrice,17-5-1903,B.P.,sì,1,yes,,maria-ausiliatrice-turin,Turin,Maria Ausiliatrice,1903-05-17,AAS; ASS,yes,,
765,1100,Italia,Lucca,Madonna della Misericordia,17-5-1903,Capitolo,sì,1,yes,,madonna-della-misericordia-lucca,Lucca,Madonna della Misericordia,1903-05-17,,,,
766,1085,Italia,Sambuca di Sicilia,Maria Santissima dell'Udienza,17-5-1903,Capitolo,sì,1,yes,,maria-santissima-dell-udienza-regina-e-patruna-s,Sambuca di Sicilia,Maria Santissima dell'Udienza (Regina e Patruna),1903-05-17,,,,ERR - Frate Anselmo: la colloca a Sambuca Zabut.
767,975,Italia,Roma,Santissimo Nome di Maria,24-5-1903,Capitolo,sì,2,yes,,santa-maria-nella-chiesa-del-nome-di-maria-rome,"Rome, Santissimo Nome di Maria",Santa Maria nella Chiesa del Nome di Maria,1703-09-08; 1903-05-24,ACSP; Bombelli; Briccolani,no,PICK,
768,812,Francia,Dunkerque,Nostra Signora delle Dune,1-6-1903,B.P.,sì,1,yes,,notre-dame-des-dunes-dunkerque-dunkirk,Dunkerque (Dunkirk),Notre-Dame des Dunes,1903-06-01,ASS,yes,,ERR - Frate Anselmo: data l'incoronazione 25 aprile 1903.
769,1067,Italia,Morozzo,"Madonna Assunta, detta anche del Castello Murato",19-6-1903,#,no,#,no,petition refused or crowning uncertain (incoronazione #),,,,,,,,Frate Anselmo: data l'incoronazione 19 giugno 1903. Nessun riferimento in internet.
770,1077,Italia,Postua,Madonna Addolorata,15-8-1903,Capitolo,sì,1,yes,,madonna-addolorata-postua,Postua,Madonna Addolorata,1903-08-15,,,,ERR - Frate Anselmo: data l'incoronazione 16 agosto 1903.
771,1014,Italia,"Bergamo, Borgo Santa Caterina",Santa Maria Addolorata,17-8-1903,Capitolo,sì,1,yes,,santa-maria-addolorata-bergamo-borgo-santa-cater,"Bergamo, Borgo Santa Caterina",Santa Maria Addolorata,1903-08-17,,,,
772,874,Italia,San Sosti,Madonna del Pettoruto,6-9-1903,Capitolo,sì,1,yes,,maria-santissima-del-pettoruto-s-sosti-san-sosti,"S. Sosti (San Sosti), Calabria",Maria Santissima del Pettoruto,1903-09-06,AAS,yes,,
773,753,Messico,San Giovanni dei Laghi,Nostra Signora di San Giovanni dei Laghi,28-12-1903,#,no,#,no,petition refused or crowning uncertain (incoronazione #),,,,,,,,"ERR - Frate Anselmo: nell'elenco per date data l'incoronazione 28 dicembre 1903, mettendo tra parentesi: Decretata, mentre nell'elenco per località mette sotto un'unica località due date: 28 dicembre 1903 e 4 dicembre 1904. ERR - Bonci: data l'incoronazione 28 dicembre 1903."
774,891,Italia,Arpaia,Madonna delle Grazie,28-2-1904,Capitolo,sì,1,yes,,madonna-delle-grazie-arpaia,Arpaia,Madonna delle Grazie,1904-02-28,,,,Frate Anselmo: data l'incoronazione 28 febbraio 1904.
775,994,Italia,Genova,Madonna del Monte,25-3-1904,#,no,#,no,petition refused or crowning uncertain (incoronazione #),,,,,,,,Frate Anselmo: data l'incoronazione 25 marzo 1904. Nessun riferimento in internet.
776,973,Italia,Roma,Madonna della Misericordia,6-4-1904,#,no,#,no,petition refused or crowning uncertain (incoronazione #),,,,,,,,"Frate Anselmo: data l'incoronazione 6 aprile 1904, in Vaticano per mano di papa Pio X. Nessun riferimento in internet."
777,987,Italia,Tarquinia,Madonna di Valverde,8-5-1904,Capitolo,sì,1,yes,,madonna-di-valverde-tarquinia,Tarquinia,Madonna di Valverde,1904-05-08,,,,Frate Anselmo: la colloca a Corneto Tarquinia.
778,862,Italia,Collecorvino,Madonna dei Miracoli,28-5-1904,#,no,#,no,petition refused or crowning uncertain (incoronazione #),,,,,,,,Frate Anselmo: data l'incoronazione 28 maggio 1904 con Breve Papale. Nessun riferimento in internet.
779,1037,Italia,Milano,Maria Bambina,31-5-1904,B.P.,sì,1,yes,,maria-bambina-milano,Milano,Maria Bambina,1904-05-31,,,,ERR - Frate Anselmo: non la cita.
780,1057,Italia,Campobasso,Madonna del Monte,5-6-1904,Capitolo,sì,1,yes,,madonna-del-monte-campobasso,Campobasso,Madonna del Monte,1904-06-05,,,,ERR - Frate Anselmo: scambia la data del decreto con la data di incoronazione.
781,1145,Portogallo,"Braga, frazione di Espinho",Nostra Signora di Sameiro,12-6-1904,B.P.,sì,1,yes,,deiparae-immaculatae-simulacrum-braga,Braga,Deiparae Immaculatae simulacrum,1904-06-12,AAS,yes,,ERR - Frate Anselmo: data l'incoronazione 4 dicembre 1904.
782,1076,Italia,Torino,Madonna della Consolata,18-6-1904,B.P.,sì,1,yes,,madonna-della-consolata-torino,Torino,Madonna della Consolata,1829-06-20; 1904-06-18,,,,ERR - Frate Anselmo: non la cita.
783,1036,Italia,Milano,Madonna dell'Albero,24-6-1904,#,no,#,no,petition refused or crowning uncertain (incoronazione #),,,,,,,,Frate Anselmo: data l'incoronazione 24 giugno 1904. Nessun riferimento in internet.
784,853,Germania,Telgte,Nostra Signora Addolorata,3-7-1904,B.P.,sì,1,yes,,nostra-signora-addolorata-telgte,Telgte,Nostra Signora Addolorata,1904-07-03,,,,ERR - Frate Anselmo: non la cita.
785,761,Stati Uniti d'America,New York City,Nostra Signora del Carmine,10-7-1904,Capitolo,sì,1,yes,,nostra-signora-del-carmine-nostra-signora-del-mo,New York City,Nostra Signora del Carmine (Nostra Signora del Monte Carmelo),1904-07-10,,,,ERR - Frate Anselmo: scambia la data del decreto con la data di incoronazione.
786,940,Italia,Campogalliano,Madonna della Sassòla,14-8-1904,Capitolo,sì,1,yes,,madonna-della-sassola-campogalliano,Campogalliano,Madonna della Sassòla,1904-08-14,,,,ERR - Frate Anselmo: scambia la data del decreto con quella di incoronazione.
787,754,Messico,San Giovanni dei Laghi,Nostra Signora di San Giovanni dei Laghi,15-8-1904,B.P.,sì,1,yes,,nostra-signora-di-san-giovanni-dei-laghi-nuestra,San Giovanni dei Laghi,Nostra Signora di San Giovanni dei Laghi (Nuestra Señora de San Juan de Los Lagos),1904-08-15,,,,ERR - Frate Anselmo: data l'incoronazione 4 dicembre 1904. ERR - Bonci: data l'incoronazione 4 dicembre 1904.
788,1210,Spagna,Lugo,Vergine dagli Occhi Grandi,15-8-1904,B.P.,sì,1,yes,,virgen-de-los-ojos-grandes-lugo,Lugo,Virgen de Los Ojos Grandes,1904-08-15,Zander/Magister,yes,,ERR - Frate Anselmo: data l'incoronazione 22 giugno 1904
789,902,Italia,Sessa Aurunca,Madonna Avvocata del Popolo,1-9-1904,Capitolo,sì,1,yes,,madonna-avvocata-del-popolo-sessa-aurunca,Sessa Aurunca,Madonna Avvocata del Popolo,1904-09-11,AAS; Zander/Magister,yes,,ERR - Frate Anselmo: data l'incoronazione 11 settembre 1904.
790,771,Brasile,Aparecida,Nostra Signora della Concezione Aparecida,8-9-1904,Capitolo,sì,1,yes,,nossa-senhora-da-conceicao-aparecida-aparecida,Aparecida,Nossa Senhora da Conceição Aparecida,1904-09-08,AAS; Zander/Magister,yes,,"ERR - Frate Anselmo: riporta la data 28 dicembre 1903 e tra parentesi (Decretata); la colloca a San Paolo. Inoltre, riporta due registrazioni per questa Madonna, una alla data 28 dicembre 1903 (scrivendo tra parentesi: Decretata) e l'altra 8 settembre 1904."
791,1140,Polonia,Tarnobrzeg,Nostra Signora di Dzikòw,8-9-1904,Capitolo,sì,1,yes,,nostra-signora-di-dzikow-regina-del-bacino-di-zo,Tarnobrzeg,Nostra Signora di Dzikòw (Regina del Bacino di Zolfo di Tarnobrzeg),1904-09-08,,,,ERR - Frate Anselmo: scambia la data del decreto con la data dell'incoronazione; la colloca a Dzikowic e la titola: Santa Maria Miracolosa.
792,1028,Italia,Tignale,Madonna di Monte Castello,8-9-1904,Capitolo,sì,1,yes,,madonna-di-monte-castello-madonna-in-monte-stell,Tignale,Madonna di Monte Castello (Madonna in Monte Stella),1904-09-08,,,,ERR - Frate Anselmo: scambia la dat del decreto con la data di incoronazione.
793,1059,Italia,"Gavi, borgata di Valle",Madonna delle Grazie,8-9-1904,Capitolo,sì,1,yes,,madonna-delle-grazie-di-valle-gavi-valle,Gavi (Valle),Madonna delle Grazie di Valle,1904-09-08,Zander/Magister,yes,,ERR - Frate Anselmo: scambia la data del decreto con la data di incoronazione.
794,842,Francia,Quézac,Nostra Signora di Quézac,11-9-1904,Capitolo,sì,1,yes,,nostra-signora-di-quezac-notre-dame-de-quezac-qu,Quézac,Nostra Signora di Quézac (Notre-Dame de Quézac),1904-09-11,,,,ERR - Frate Anselmo: data l'incoronazione 25 dicembre 1914.
795,856,Germania,Neviges,Immacolata Concezione,11-9-1904,Capitolo,sì,1,yes,,immacolata-concezione-neviges,Neviges,Immacolata Concezione,1904-09-11,,,,"ERR - Frate Anselmo: data l'incoronazione 29 aprile 1904, la colloca a Hardenberg e la titola Santa Maria."
796,959,Italia,Sora,Immacolata Concezione,11-9-1904,B.P.,sì,1,yes,,immacolata-concezione-sora,Sora,Immacolata Concezione,1904-09-11,,,,
797,807,Belgio,Arlon,Nostra Signora d'Arlon,14-9-1904,Capitolo,sì,1,yes,,notre-dame-reine-de-la-paix-notre-dame-d-arlon-a,Arlon,"Notre Dame Reine de la Paix, Notre Dame d’Arlon",1904-09-14,Zander/Magister,yes,,"ERR - Frate Anselmo: data l'incoronazione 17 luglio 1904, la colloca ad Arlun e la titola: Santa Maria, nella Chiesa di Santo Donato."
798,916,Italia,"Ottaviano, frazione di San Gennarello",Immacolata Concezione,15-9-1904,Capitolo,sì,1,yes,,immacolata-concezione-ottaviano-frazione-di-san,"Ottaviano, frazione di San Gennarello",Immacolata Concezione,1904-09-15,,,,"ERR - Frate Anselmo: la colloca a Nola, a San Gennariello."
799,1070,Italia,Carmagnola,Immacolata Concezione,25-9-1904,Capitolo,sì,1,yes,,immacolata-concezione-carmagnola,Carmagnola,Immacolata Concezione,1904-09-25,,,,ERR - Frate Anselmo: scambia la data del decreto con la data di incoronazione.
800,1134,Polonia,Tuchow,Nostra Signora della Visitazione,2-10-1904,Capitolo,sì,1,yes,,nostra-signora-della-visitazione-tuchow,Tuchow,Nostra Signora della Visitazione,1904-10-02,,,,ERR - Frate Anselmo: data l'incoronazione 6 luglio 1904
801,1188,Spagna,Reus,Vergine della Misericordia,9-10-1904,B.P.,sì,1,yes,,mare-de-deu-de-la-misericordia-reus,Reus,Mare de Déu de La Misericòrdia,1904-10-09,Zander/Magister,yes,,ERR - Frate Anselmo: data l'incoronazione 11 giugno 1904.
802,746,Canada,Trois-Rivières,Nostra Signora del Capo,12-10-1904,Capitolo,sì,1,yes,,nostra-signora-del-capo-nostra-signora-dei-tre-s,Trois-Rivières,Nostra Signora del Capo (Nostra Signora dei Tre Santi Rosari),1904-10-12; 1954-08-12,,,,ERR - Frate Anselmo: non la cita.
803,1031,Italia,Dongo,Madonna del Fiume,23-10-1904,B.P.,sì,1,yes,,madonna-del-fiume-madonna-delle-lacrime-dongo,Dongo,Madonna del Fiume (Madonna delle Lacrime),1904-10-23,,,,
804,1162,Spagna,Siviglia,Vergine dei Re,4-12-1904,Capitolo,sì,1,yes,,vergine-dei-re-virgen-de-los-reyes-siviglia,Siviglia,Vergine dei Re (Virgen de los Reyes),1904-12-04,,,,ERR - Frate Anselmo: scambia la data del decreto con la data di incoronazione.
805,918,Italia,Portici,Immacolata Concezione,4-12-1904,#,no,#,no,petition refused or crowning uncertain (incoronazione #),,,,,,,,Frate Anselmo: data l'incoronazione 4 dicembre 1904 con Breve Papale. Nessun riferimento in internet.
806,1075,Italia,Torino,Immacolata Concezione,4-12-1904,#,no,#,no,petition refused or crowning uncertain (incoronazione #),,,,,,,,Frate Anselmo: data l'incoronazione 4 dicembre 1904 con Breve Papale. Nessun riferimento in internet.
807,810,Città del Vaticano,Città del Vaticano,Immacolata Concezione,8-12-1904,Papa Pio X,sì,2,yes,,madonna-immacolata-rome-vatican-basilica-cappell,"Rome, Vatican Basilica (Cappella del Coro)",Madonna Immacolata,1854-12-08; 1904-12-08,Zander/Magister,no,PICK,ERR - Frate Anselmo: la colloca a Roma.
808,880,Italia,Ariano Irpino,Immacolata Concezione,11-12-1904,#,no,#,no,petition refused or crowning uncertain (incoronazione #),,,,,,,,Frate Anselmo: la colloca a Ariano e non indica la diocesi; la titola Immacolata Concezione e data l'incoronazione il giorno 11 dicembre 1904 per Breve Papale. ERR - Bonci: la colloca a Ariano nella diocesi di Ferrara. Nessun riferimento in internet.
809,923,Italia,Sorrento,Immacolata Concezione,11-12-1904,#,no,#,no,petition refused or crowning uncertain (incoronazione #),,,,,,,,Frate Anselmo: data l'incoronazione 11 dicembre 1904 con Breve Papale. Nessun riferimento in internet.
810,1090,Italia,Messina,Immacolata Concezione,11-12-1904,#,no,#,no,petition refused or crowning uncertain (incoronazione #),,,,,,,,Frate Anselmo: data l'incoronazione 11 dicembre 1904 con Breve Papale. Nessun riferimento in internet.
811,833,Francia,Parigi,Nostra Signora degli Infermi,11-12-1904,Capitolo,sì,1,yes,,nostra-signora-degli-infermi-nostra-signora-des,Parigi,Nostra Signora degli Infermi (Nostra Signora des Malades),1904-12-11,,,,ERR - Frate Anselmo: non la cita.
812,907,Italia,Frattamaggiore,Immacolata Concezione,11-12-1904,B.P.,sì,1,yes,,immacolata-concezione-frattamaggiore,Frattamaggiore,Immacolata Concezione,1904-12-11,,,,ERR - Frate Anselmo: scambia la data del decreto con la data di incoronazione.
813,976,Italia,Roma,Immacolata Concezione,22-1-1905,#,no,#,no,petition refused or crowning uncertain (incoronazione #),,,,,,,,Frate Anselmo: data l'incoronazione 22 gennaio 1905 con Brve Papale. Nessun riferimento in internet.
814,1125,Malta,Cospicua,Immacolata Concezione di Cospicua,25-1-1905,B.P.,sì,1,yes,,immacolata-concezione-di-cospicua-cospicua,Cospicua,Immacolata Concezione di Cospicua,1905-01-25,,,,ERR - Frate Anselmo: non la cita.
815,1226,Ucraina,Leopoli,Santa Maria della Consolazione,28-4-1905,Capitolo,sì,1,yes,,santa-maria-della-consolazione-leopoli,Leopoli,Santa Maria della Consolazione,1905-04-28,,,,Frate Anselmo: la colloca a Leopoli nella Polonia e data l'incoronazione 15 febbraio 1905
816,963,Italia,Albano Laziale,Santa Maria della Rotonda,14-5-1905,Capitolo,sì,3,yes,,santa-maria-della-rotonda-d-albano-albano,Albano,Santa Maria della Rotonda d'Albano,1729-08-22; 1829-08-22; 1905-05-14,Briccolani,no,,ERR - Frate Anselmo: data l'incoronazione 22 gennaio 1905.
817,873,Italia,Praia a Mare,Madonna della Grotta,14-5-1905,Capitolo,sì,1,yes,,madonna-della-grotta-praia-a-mare,Praia a Mare,Madonna della Grotta,1905-05-14,,,,ERR - Frate Anselmo: la colloca a Praia d'Ajetta.
818,1164,Spagna,Saragozza,Nostra Signora del Pilar,20-5-1905,Capitolo,sì,1,yes,,nostra-signora-del-pilar-nuestra-senora-del-pila,Saragozza,Nostra Signora del Pilar (Nuestra Señora del Pilar),1905-05-20,,,,ERR - Frate Anselmo: data l'incoronazione 22 gennaio 1905.
819,978,Italia,Roma,Immacolata Concezione,1-6-1905,Capitolo,sì,1,yes,,immacolata-concezione-rome-chiesa-di-santa-maria,"Rome, Chiesa di Santa Maria della Concezione",Immacolata Concezione,1905-06-01,,,,
820,998,Italia,"Genova, quartiere di Oregina",Madonna di Loreto,1-6-1905,Capitolo,sì,1,yes,,madonna-di-loreto-oregina-genoa-oregina,Genoa (Oregina),"Madonna di Loreto, Oregina",1905-06-01,Zander/Magister,yes,,ERR - Frate Anselmo: scambia la data del decreto con la data di incoronazione.
821,804,Belgio,Peruwelz,Nostra Signora del Buon Soccorso,3-7-1905,Capitolo,sì,1,yes,,nostra-signora-del-buon-soccorso-notre-dame-de-b,Peruwelz,Nostra Signora del Buon Soccorso (Notre Dame de Bonsecours),1905-07-03,,,,ERR - Frate Anselmo: non la cita.
822,1061,Italia,Novi Ligure,Madonna Lagrimosa,5-8-1905,Capitolo,sì,1,yes,,santa-maria-lagrimosa-novi-ligure,Novi Ligure,Santa Maria Lagrimosa,1905-08-05,Zander/Magister,yes,,ERR - Frate Anselmo: scambia la data del decreto con la data di incoronazione.
823,983,Italia,Segni,Madonna Addolorata,13-8-1905,#,no,#,no,petition refused or crowning uncertain (incoronazione #),,,,,,,,Frate Anselmo: data l'incoronazione 13 agosto 1905. Nessun riferimento in internet.
824,877,Italia,Seminara,Madonna dei Poveri,15-8-1905,Capitolo,sì,1,yes,,madonna-dei-poveri-seminara,Seminara,Madonna dei Poveri,1905-08-15,,,,ERR - Frate Anselmo: scambia la data del decreto con la data di incoronazione.
825,819,Francia,Myans,Nostra Signora di Myans,17-8-1905,B.P.,sì,1,yes,,nostra-signora-di-myans-myans,Myans,Nostra Signora di Myans,1905-08-17,,,,ERR - Frate Anselmo: non la cita.
826,1071,Italia,Chieri,Santa Maria delle Grazie,3-9-1905,Capitolo,sì,1,yes,,santa-maria-delle-grazie-chieri,Chieri,Santa Maria delle Grazie,1905-09-03,,,,ERR - Frate Anselmo: scambia la data del decreto con quello dell'incoronazione.
827,1211,Spagna,Teror,Vergine del Pino,7-9-1905,Capitolo,sì,1,yes,,nuestra-senora-del-pino-teror-gran-canaria,Teror (Gran Canaria),Nuestra Señora del Pino,1905-09-07,Zander/Magister,yes,,ERR - Frate Anselmo: scambia la data del decreto con la data dell'incoronazione e la colloca a Teso.
828,917,Italia,"Palma Campania, frazione di Vico",Madonna delle Grazie,10-9-1905,#,no,#,no,petition refused or crowning uncertain (incoronazione #),,,,,,,,Frate Anselmo: data l'incoronazione 10 settembre 1905. Nessun riferimento in internet.
829,967,Italia,Gallicano nel Lazio,Madonna delle Grazie,10-9-1905,Capitolo,sì,1,yes,,madonna-delle-grazie-gallicano-nel-lazio,Gallicano nel Lazio,Madonna delle Grazie,1905-09-10,,,,ERR - Frate Anselmo: scambia la data del decreto con la data di incoronazione.
830,989,Italia,Vetralla,Immacolata Concezione,10-9-1905,Capitolo,sì,1,yes,,immacolata-concezione-maria-santissima-immacolat,Vetralla,Immacolata Concezione (Maria Santissima Immacolata),1905-09-10,,,,ERR - Frate Anselmo: scambia la data del decreto con la data di incoronazione.
831,896,Italia,Bellona,Maria Santissima di Gerusalemme,17-4-1906,Capitolo,sì,1,yes,,maria-santissima-di-gerusalemme-santa-maria-in-i,Bellona,Maria Santissima di Gerusalemme (Santa Maria in Ierusalem),1906-04-17,,,,ERR - Frate Anselmo: riporta due incoronazioni per questa Madonna; la prima datata 17 aprile 1905 e la seconda 10 dicembre 1905. Nell'elenco per località riporta due date: 17 aprile 1905 e 10 dicembre 1905.
832,1206,Spagna,Frengenal de La Sierra,Nostra Signora dei Rimedi,27-4-1906,B.P.,sì,1,yes,,nostra-signora-dei-rimedi-nuestra-senora-de-los,Frengenal de La Sierra,Nostra Signora dei Rimedi (Nuestra Señora de los Remedios),1906-04-27,,,,ERR - Frate Anselmo: scambia la data del decreto con la data di incoronazione.
833,894,Italia,San Lorenzo Maggiore,Madonna della Strada,2-6-1906,Capitolo,sì,1,yes,,madonna-della-strada-san-lorenzo-maggiore,San Lorenzo Maggiore,Madonna della Strada,1906-06-02,,,,ERR - Frate Anselmo: scambia la data del decreto con la data di incoronazione.
834,935,Italia,Scafati,Madonna delle Vergini,21-7-1906,Capitolo,sì,1,yes,,madonna-delle-vergini-madonna-incinta-scafati,Scafati,Madonna delle Vergini (Madonna Incinta),1906-07-21,,,,ERR - Frate Anselmo: scambia la data del decreto con la data di incoronazione.
835,1181,Spagna,Siguenza,Vergine della Mayor,17-8-1906,B.P.,sì,1,yes,,vergine-della-mayor-virgen-de-la-mayor-siguenza,Siguenza,Vergine della Mayor (Virgen de la Mayor),1906-08-17,,,,ERR - Frate Anselmo: non la cita.
836,1069,Italia,Orta San Giulio,Madonna delle Grazie,2-9-1906,Capitolo,sì,1,yes,,madonna-delle-grazie-orta-san-giulio,Orta San Giulio,Madonna delle Grazie,1906-09-02,Zander/Magister,yes,,"ERR - Frate Anselmo: scambia la data del decreto con la data di incoronazione e la colloca ad Orta Novarese, attuale Orta San Giulio."
837,863,Italia,Spoltore,Madonna del Popolo,2-9-1906,Capitolo,sì,1,yes,,madonna-del-popolo-spoltore,Spoltore,Madonna del Popolo,1906-09-02,,,,ERR - Frate Anselmo: scambia la data del decreto con la data di incoronazione.
838,1187,Spagna,Montblanch,Vergine della Serra,9-9-1906,B.P.,sì,1,yes,,vergine-della-serra-virgen-de-la-sierra-montblan,Montblanch,Vergine della Serra (Virgen de la Sierra),1906-09-09,,,,ERR - Frate Anselmo: scambia la data del decreto con la data di incoronazione.
839,1115,Italia,Lendinara,Madonna del Pilastrello,19-9-1906,Capitolo,sì,1,yes,,madonna-del-pilastrello-lendinara,Lendinara,Madonna del Pilastrello,1906-09-19,AAS,yes,,ERR - Frate Anselmo: scambia la data del decreto con la data di incoronazione e la titola: Santa Maria di Loreto.
840,934,Italia,San Valentino Torio,Madonna della Consolazione,1-10-1906,Capitolo,sì,1,yes,,madonna-della-consolazione-san-valentino-torio,San Valentino Torio,Madonna della Consolazione,1906-10-01,,,,ERR - Frate Anselmo: scambia la data del decreto con la data di incoronazione.
841,985,Italia,Montefiascone,Madonna delle Grazie,#-#-1906,Capitolo,sì,1,yes,,madonna-delle-grazie-montefiascone,Montefiascone,Madonna delle Grazie,1906,,,,ERR - Frate Anselmo: scambia la data del decreto con la data di incoronazione.
842,1034,Italia,"Curtatone, frazione di Grazie",Madonna delle Grazie,17-2-1907,#,no,#,no,petition refused or crowning uncertain (incoronazione #),,,,,,,,Frate Anselmo: data l'incoronazione 17 febbraio 1907. ERR - Frate Anselmo: la colloca a Mantova. Nessun riferimento in internet.
843,991,Italia,Viterbo,Madonna della Quercia,21-5-1907,#,no,#,no,petition refused or crowning uncertain (incoronazione #),,,,,,,,ERR - Frate Anselmo: data l'incoronazione 12 maggio 1907.
844,861,Italia,Castellammare Adriatico,Madonna dei Sette Dolori,3-6-1907,Capitolo,sì,1,yes,,madonna-dei-sette-dolori-castellammare-adriatico,Castellammare Adriatico,Madonna dei Sette Dolori,1907-06-03,,,,ERR - Frate Anselmo: scambia la data del decreto con la data di incoronazione.
845,795,Belgio,Leuven,Nostra Signora della Febbre,19-6-1907,B.P.,sì,1,yes,,nostra-signora-della-febbre-notre-dame-de-koorts,Leuven,Nostra Signora della Febbre (Notre Dame de Koorts),1907-06-19,,,,ERR - Frate Anselmo: non la cita.
846,1160,Spagna,Malaga,Maria Ausiliatrice,30-6-1907,B.P.,sì,1,yes,,maria-ausiliatrice-maria-auxiliadora-malaga,Malaga,Maria Ausiliatrice (María Auxiliadora),1907-06-30,,,,ERR - Frate Anselmo: non la cita.
847,899,Italia,Formicola,Madonna del Castello,4-8-1907,Capitolo,sì,1,yes,,madonna-del-castello-formicola,Formicola,Madonna del Castello,1907-08-04,,,,ERR - Frate Anselmo: scambia la data del decreto con la data di incoronazione.
848,1086,Italia,Sciacca,Madonna del Soccorso,15-8-1907,Capitolo,sì,1,yes,,maria-santissima-del-soccorso-sciacca-thermae-se,Sciacca (Thermae Selinuntinae),Maria Santissima del Soccorso,1907-08-15,AAS,yes,,ERR - Frate Anselmo: scambia la data del decreto con la data di incoronazione.
849,1148,Slovenia,"Radovljica, villaggio di Brezje",Santa Maria Aiuto dei Cristiani,1-9-1907,B.P.,sì,1,yes,,santa-maria-aiuto-dei-cristiani-marija-pomagaj-r,"Radovljica, villaggio di Brezje",Santa Maria Aiuto dei Cristiani (Marija Pomagaj),1907-09-01,,,,ERR - Frate Anselmo: non la cita.
850,1175,Spagna,Caudete,Nostra Signora della Grazia,7-9-1907,B.P.,sì,1,yes,,nostra-signora-della-grazia-virgen-de-la-gracia,Caudete,Nostra Signora della Grazia (Virgen de la Gracia),1907-09-07,,,,ERR - Frate Anselmo: scambia la data del decreto con la data di incoronazione.
851,956,Italia,Monte San Giovanni Campano,Madonna del Suffragio,13-9-1907,Capitolo,sì,1,yes,,madonna-del-suffragio-monte-san-giovanni-campano,Monte San Giovanni Campano,Madonna del Suffragio,1907-09-13,,,,ERR - Frate Anselmo: scambia la data del decreto con la data di incoronazione.
852,1016,Italia,Clusone,Madonna Addolorata,22-9-1907,Capitolo,sì,1,yes,,madonna-addolorata-clusone,Clusone,Madonna Addolorata,1907-09-22,,,,ERR - Frate Anselmo: scambia la data del decreto con la data di incoronazione.
853,786,Filippine,Quezon City,Nostra Signora di La Naval de Manila,5-10-1907,B.P.,sì,1,yes,,nostra-signora-di-la-naval-de-manila-la-grande-s,Quezon City,Nostra Signora di La Naval de Manila (La Grande Signora),1907-10-05,,,,ERR - Frate Anselmo: non la cita.
854,1184,Spagna,Canet de Mar,Nostra Signora della Misericordia,10-11-1907,B.P.,sì,1,yes,,nuestra-senora-de-la-misericordia-canet-de-mar,Canet de Mar,Nuestra Señora de la Misericordia,1907-11-10,AAS,yes,,ERR - Frate Anselmo: scambia la data del decreto con la data di incoronazione.
855,824,Francia,Mièges,Beata Vergine di Miège,16-2-1908,#,no,#,no,petition refused or crowning uncertain (incoronazione #),,,,,,,,Frate Anselmo: data l'incoronazione 16 febbraio 1908. Nessun riferimento in internet.
856,1132,Polonia,Cracovia,Santa Maria Dolorosa,8-3-1908,Capitolo,sì,1,yes,,santa-maria-dolorosa-benefattrice-addolorata-di,Cracovia,Santa Maria Dolorosa (Benefattrice Addolorata di Cracovia),1908-03-08,,,,Frate Anselmo: data l'incoronazione 8 marzo 1908 e la colloca nells chiesa dei PP. Conventuali. Nessun riferimento in internet.
857,828,Francia,Rennes,Nostra Signora della Buona Novella,25-3-1908,Capitolo,sì,1,yes,,notre-dame-des-miracles-et-vertus-rennes,Rennes,Notre-Dame des Miracles et Vertus,1908-03-25,AAS,yes,,ERR - Frate Anselmo: non la cita.
858,829,Francia,Rennes,Nostra Signora dei Miracoli e delle Virtù,25-3-1908,Capitolo,sì,1,yes,,notre-dame-des-miracles-et-vertus-rennes,Rennes,Notre-Dame des Miracles et Vertus,1908-03-25,AAS,yes,,ERR - Frate Anselmo: non la cita.
859,887,Italia,Quindici,Madonna delle Grazie,5-4-1908,#,no,#,no,petition refused or crowning uncertain (incoronazione #),,,,,,,,Frate Anselmo: data l'incoronazione 5 aprile 1908. Nessun riferimento in internet.
860,886,Italia,Mugnano del Cardinale,Madonna delle Grazie,5-4-1908,#,no,#,no,petition refused or crowning uncertain (incoronazione #),,,,,,,,Frate Anselmo: data l'incoronazione 5 aprile 1908. Nessun riferimento in internet.
861,825,Francia,Cuiseaux,Nostra Signora del Noce,22-4-1908,Capitolo,sì,1,yes,,nostra-signora-del-noce-notre-dame-du-noyer-cuis,Cuiseaux,Nostra Signora del Noce (Notre Dame du Noyer),1908-04-22,,,,ERR - Frate Anselmo: scambia la data del decreto con la data di incoronazione.
862,799,Belgio,Lebbeke,Nostra Signora della Natività,26-4-1908,B.P.,sì,1,yes,,nostra-signora-della-nativita-nostra-signora-di,Lebbeke,Nostra Signora della Natività (Nostra Signora di Lebbeke),1908-04-26,,,,ERR - Frate Anselmo: non la cita.
863,750,Messico,Guanajuato,Nostra Signora di Guanajuato,31-5-1908,Capitolo,sì,1,yes,,nuestra-senora-de-guanajuato-santa-fe-de-guanaju,Santa Fe de Guanajuato,Nuestra Señora de Guanajuato,1908-05-31,AAS,,,ERR - Frate Anselmo: non la cita.
864,936,Italia,Scafati,Madonna dei Bagni,5-7-1908,Capitolo,sì,1,yes,,madonna-dei-bagni-scafati,Scafati,Madonna dei Bagni,1908-07-05,,,,Frate Anselmo: la colloca a Angri. ERR - Frate Anselmo: scambia la data del decreto con la data di incoronazione.
865,823,Francia,Jouhe,Nostra Signora del Mont Roland,30-8-1908,Capitolo,sì,1,yes,,nostra-signora-del-mont-roland-notre-dame-du-mon,Jouhe,Nostra Signora del Mont Roland (Notre-Dame du Mont Roland),1872-08-02; 1908-08-30,,,,ERR - Frate Anselmo: data l'incoronazione 10 novembre 1907 e la colloca a Jouhe.
866,791,Austria,Mariazell,Magna Mater Austriae,8-9-1908,Capitolo,sì,1,yes,,magna-mater-austriae-nostra-signora-delle-campan,Mariazell,Magna Mater Austriae (Nostra Signora delle campane),1908-09-08,,,,ERR - Frate Anselmo: data l'incoronazione 10 novembre 1907 è la colloca nel Santuario presso dell'Abbazia di S. Maberto.
867,898,Italia,Casal di Principe,Madonna Preziosa,8-9-1908,Capitolo,sì,1,yes,,santa-maria-preziosa-casal-di-principe,Casal di Principe,Santa Maria Preziosa,1908-09-08; 1958,Zander/Magister,yes,,ERR - Frate Anselmo: scambia la data del decreto con la data di incoronazione.
868,1168,Spagna,Ponferrada,Nostra Signora de la Encina,8-9-1908,B.P.,sì,1,yes,,nuestra-senora-de-la-encina-virgen-de-la-encina,Ponferrada (region « El Bierzo »),"Nuestra Señora De La Encina, Virgen De La Encina",1908-09-08,AAS; Zander/Magister,yes,,ERR - Frate Anselmo: data l'incoronazione 18 luglio 1908.
869,792,Austria,Matrei am Brenner,Santa Maria Waldrast,8-9-1908,Capitolo,sì,1,yes,,santa-maria-waldrast-matrei-am-brenner,Matrei am Brenner,Santa Maria Waldrast,1908-09-08,,,,"ERR - Frate Anselmo: la colloca a Valdrast, la titola Santa Maria Valdrastana e data l'incoronazione 26 aprile 1908."
870,850,Germania,Mariental,Santa Maria Addolorata,13-9-1908,#,no,#,no,petition refused or crowning uncertain (incoronazione #),,,,,,,,"Frate Anselmo: nell'elenco per date la titola: Santa Maria Perdolentis cum puero Iesu, mentre nell'elenco per località la titola S.M. Addolorata. Data l'incoronazione 13 settembre 1908. ERR - Frate Anselmo: la colloca nel regno di Prussia."
871,1020,Italia,"Sant'Omobono Terme, frazione di Cepino",Madonna della Cornabusa,4-10-1908,Capitolo,sì,1,yes,,madonna-della-cornabusa-sant-omobono-terme-frazi,"Sant'Omobono Terme, frazione di Cepino",Madonna della Cornabusa,1908-10-04,,,,"ERR - Frate Anselmo: data l'incoronazione 29 marzo 1901 e la colloca a Bergamo, a Valle Imagna."
872,846,Francia,Vion,Nostra Signora della Quercia,6-10-1908,Capitolo,sì,1,yes,,notre-dame-du-chene-vion,Vion,Notre Dame Du Chêne,1908-10-06,Zander/Magister,yes,,"ERR - Frate Anselmo: la colloca a Sablé e nell'elenco per date data data l'incoronazione 28 maggio 1928 (è un refuso di stampa), mentre nell'elenco per località riporta 28 maggio 1908. Nessun riferimento in internet."
873,925,Italia,"Amalfi, frazione di Pastena",Madonna del Carmine,11-10-1908,#,no,#,no,petition refused or crowning uncertain (incoronazione #),,,,,,,,Frate Anselmo: data l'incoronazione 11 ottobre 1908. Nessun riferimento in internet.
874,1163,Spagna,Villanueva de Sigena,Vergine del Coro,8-11-1908,B.P.,sì,1,yes,,vergine-del-coro-virgen-del-coro-villanueva-de-s,Villanueva de Sigena,Vergine del Coro (Virgen del Coro),1908-11-08,,,,"ERR - Frate Anselmo: la colloca a Sigena e nell'elenco per date data riporta 28 maggio 1928 (è un refuso di stampa), mentre nell'elenco per località riporta 28 maggio 1908."
875,895,Italia,Sant'Agata dei Goti,Madonna del Carmine,22-11-1908,#,no,#,no,petition refused or crowning uncertain (incoronazione #),,,,,,,,Frate Anselmo: data l'incoronazione 22 novembre 1908. Nessun riferimento in internet.
876,757,Messico,Oaxaca de Juarez,Nostra Signora de Soledad,18-1-1909,Capitolo,sì,1,yes,,nuestra-senora-de-la-soledad-antequera-oaxaca,Antequera (Oaxaca),Nuestra Señora de la Soledad,1909-01-18,AAS,yes,,"ERR - Frate Anselmo: scambia la data del decreto con la data di incoronazione, la colloca a Antequera e la titola: Santa Maria Addolorata ""de la Soledad""."
877,997,Italia,"Genova, quartiere di Albaro",Immacolata Concezione,24-1-1909,Capitolo,sì,1,yes,,immacolata-concezione-genova-quartiere-di-albaro,"Genova, quartiere di Albaro",Immacolata Concezione,1909-01-24,,,,ERR - Frate Anselmo: scambia la data del decreto con la data di incoronazione.
878,1157,Spagna,Andùjar,Nostra Signora della Testa,23-4-1909,Capitolo,sì,1,yes,,virgen-de-la-cabeza-andujar,Andújar,Virgen De La Cabeza,1909-04-23; 1960,AAS; Zander/Magister,yes,,ERR - Frate Anselmo: scambia la data del decreto con la data di incoronazione.
879,1084,Italia,Sassari,Madonna delle Grazie,9-5-1909,Capitolo,sì,1,yes,,madonna-delle-grazie-sassari,Sassari,Madonna delle Grazie,1909-05-09,Zander/Magister,yes,,ERR - Frate Anselmo: scambia la data del decreto con la data di incoronazione.
880,820,Francia,Gray,Nostra Signora di Gray,16-5-1909,Capitolo,sì,1,yes,,notre-dame-de-gray-gray,Gray,Notre-Dame de Gray,1909-05-16,AAS,yes,,ERR - Frate Anselmo: non la cita.
881,946,Italia,Guastalla,Madonna della Porta,22-5-1909,Capitolo,sì,1,yes,,della-porta-guastalla,Guastalla,della Porta,1909-05-22,AAS,,,"ERR - Frate Anselmo: scambia la data del decreto con la data di incoronazione e nell'elenco per date data mette 14 febbraio 1908 (è un refuso di stampa), mentre nell'elenco per località riporta 14 luglio 1909 ."
882,1113,Italia,Padova,Madonna Costantinopolitana,23-5-1909,B.P.,sì,1,yes,,madonna-costantinopolitana-padua-patavium,Padua (Patavium),Madonna Costantinopolitana,1909-05-23,AAS,yes,,ERR - Frate Anselmo: non la cita.
883,929,Italia,"Cava de' Tirreni, frazione di Santa Maria del Rovo",Madonna del Rovo,9-6-1909,Capitolo,sì,1,yes,,madonna-del-rovo-madonna-del-rosto-cava-de-tirre,"Cava de' Tirreni, frazione di Santa Maria del Rovo",Madonna del Rovo (Madonna del Rosto),1909-06-09,,,,ERR - Frate Anselmo: scambia la data del decreto con la data di incoronazione e la colloca a Passiano.
884,848,Francia,Hyères,Nostra Signora della Consolazione,21-6-1909,Capitolo,sì,1,yes,,nostra-signora-della-consolazione-notre-dame-de,Hyères,Nostra Signora della Consolazione (Notre-Dame de Consolation),1909-06-21,,,,ERR - Frate Anselmo: data l'incoronazione 13 dicembre 1908
885,760,Messico,Tlaxcala,Nostra Signora di Ocotlan,31-7-1909,Capitolo,sì,1,yes,,nostra-signora-di-ocotlan-virgen-de-ocotlan-tlax,Tlaxcala,Nostra Signora di Ocotlan (Virgen de Ocotlán),1909-07-31,,,,"ERR - Frate Anselmo: data l'incoronazione: 11 novembre 1906 e la titola: Santa Maria de Ocotlan, sulla cima di un monte vicino."
886,859,Italia,Arielli,Madonna delle Grazie,8-8-1909,Capitolo,sì,1,yes,,madonna-delle-grazie-arielli,Arielli,Madonna delle Grazie,1909-08-08,,,,ERR - Frate Anselmo: scambia la data del decreto con la data di incoronazione.
887,996,Italia,"Genova, frazione di Cremeno",Madonna dell'Orto,22-8-1909,Capitolo,sì,1,yes,,santa-maria-dell-orto-genoa-cremeno,Genoa (Cremeno),Santa Maria dell’Orto,1909-08-22,Zander/Magister,yes,,ERR - Frate Anselmo: scambia la data del decreto con la data di incoronazione e la colloca a Cremeno.
888,808,Belgio,Foy-Notre-Dame,Nostra Signora di Foy,8-9-1909,Capitolo,sì,1,yes,,nostra-signora-di-foy-foy-notre-dame,Foy-Notre-Dame,Nostra Signora di Foy,1909-09-08,,,,"ERR - Frate Anselmo: la colloca a Foy, data l'incoronazione 6 giugno 1909. Nessun riferimento in internet."
889,1137,Polonia,Tuliglowy,Nostra Signora dell'Immacolata Concezione,8-9-1909,Capitolo,sì,1,yes,,nostra-signora-dell-immacolata-concezione-nostra,Tuliglowy,Nostra Signora dell'Immacolata Concezione (Nostra Signora di Tuliglowy),1909-09-08,,,,ERR - Frate Anselmo: data l'incoronazione 22 novembre 1908.
890,749,Messico,Celaya,Nostra Signora della Immacolata Concezione,12-10-1909,Capitolo,sì,1,yes,,nostra-signora-della-immacolata-concezione-puris,Celaya,Nostra Signora della Immacolata Concezione (Purísima Concepción),1909-10-12,,,,ERR - Frate Anselmo: non la cita.
891,932,Italia,Nocera Inferiore,Madonna Addolorata,12-12-1909,#,no,#,no,petition refused or crowning uncertain (incoronazione #),,,,,,,,Frate Anselmo: data l'incoronazione 12 dicembre 1909. ERR - Frate Anselmo: la colloca a Nocera dei Pagani. Nessun riferimento in internet.
892,811,Francia,Bollezeele,Nostra Signora della Visitazione,16-5-1910,Capitolo,sì,1,yes,,nostra-signora-della-visitazione-bollezeele,Bollezeele,Nostra Signora della Visitazione,1910-05-16,,,,ERR - Frate Anselmo: la colloca a Bollezcele e scambia la data del decreto con la data di incoronazione.
893,1001,Italia,Arcola,Madonna degli Angeli,16-5-1910,B.P.,sì,1,yes,,madonna-degli-angeli-arcola,Arcola,Madonna degli Angeli,1910-05-16,,,,ERR - Frate Anselmo: non la cita.
894,1065,Italia,Caraglio,Santa Maria Regina degli Apostoli,22-5-1910,Capitolo,sì,1,yes,,madonna-del-castello-regina-degli-apostoli-carag,Caraglio,"Madonna del Castello, Regina degli Apostoli",1910-05-22,Zander/Magister,yes,,ERR - Frate Anselmo: data l'incoronazione 12 dicembre 1909.
895,875,Italia,Bivongi,Santa Maria Madre Nostra,17-7-1910,#,no,#,no,petition refused or crowning uncertain (incoronazione #),,,,,,,,Frate Anselmo: data l'incoronazione 17 luglio 1910. Nessun riferimento in internet.
896,1128,Malta,Birkirkara,Santa Maria Tal Herba,7-8-1910,Capitolo,sì,1,yes,,santa-maria-tal-herba-vergine-maria-delle-rovine,Birkirkara,Santa Maria Tal Herba (Vergine Maria delle Rovine),1910-08-07,,,,"ERR - Frate Anselmo: scambia la data del decreto con quella di incoronazione, la colloca a Birchircara e la titola: Santa Maria Tal Herba, cioè della Fuga."
897,1054,Italia,San Ginesio,Madonna della Misericordia,18-8-1910,Capitolo,sì,1,yes,,madonna-della-misericordia-san-ginesio,San Ginesio,Madonna della Misericordia,1910-08-18,,,,ERR - Frate Anselmo: scambia la data del decreto con la data di incoronazione.
898,797,Belgio,Montaigu-Zichem,Nostra Signora del Sacro Cuore,21-8-1910,B.P.,sì,1,yes,,nostra-signora-del-sacro-cuore-notre-dame-de-mon,Montaigu-Zichem,Nostra Signora del Sacro Cuore (Notre Dame de Montaigu),1910-08-21,,,,ERR - Frate Anselmo: non la cita.
899,1196,Spagna,"Morella, frazione di Vallivana",Vergine di Vallivana,28-8-1910,Capitolo,sì,1,yes,,virgen-de-vallivana-morella,Morella,Virgen de Vallivana,1910-08-28,AAS,,,ERR - Frate Anselmo: data l'incoronazione 2 luglio 1910.
900,782,Venezuela,Valencia,Nostra Signora del Soccorso,13-11-1910,Capitolo,sì,1,yes,,nuestra-senora-del-socorro-valentia-valencia,Valentia (Valencia),Nuestra Señora del Socorro,1910-11-13,AAS,yes,,ERR - Frate Anselmo: data l'incoronazione 5 aprile 1908.
901,1190,Spagna,Valls,Vergine della Candela,2-2-1911,Capitolo,sì,1,yes,,vergine-della-candela-nuestra-senora-de-la-cande,Valls,Vergine della Candela (Nuestra Señora de la Candelaria),1911-02-02,,,,Frate Anselmo: la titola: Santa Maria de la Candela. ERR - Frate Anselmo: scambia la data del decreto con la data di incoronazione.
902,1225,Turchia,Istanbul,Santa Maria Drapéris,25-3-1911,Capitolo,sì,1,yes,,santa-maria-draperis-istanbul,Istanbul,Santa Maria Draperis,1911-03-25,Zander/Magister,yes,,ERR - Frate Anselmo: data l'incoronazione 20 luglio 1910 e la colloca a Pera di Costantinopoli.
903,905,Italia,"Castellammare di Stabia, frazione di Quisisana",Madonna della Sanità,21-4-1911,Capitolo,sì,1,yes,,beata-vergine-della-sanita-castellammare-di-stab,Castellammare di Stabia (Quisisana),Beata Vergine della Sanità,1911-04-21; 1912-04-21,Zander/Magister,±1,,ERR - Frate Anselmo: data incoronazione il 18 febbraio 1911.
904,1109,Italia,Montefalco,Madonna della Stella,21-5-1911,Capitolo,sì,1,yes,,madonna-della-stella-montefalco,Montefalco,Madonna della Stella,1911-05-21,,,,ERR - Frate Anselmo: data l'incoronazione 15 agosto 1910 e la colloca a Spoleto.
905,1189,Spagna,Tarragona,Vergine del Claustro,9-7-1911,B.P.,sì,1,yes,,vergine-del-claustro-virgen-del-claustro-tarrago,Tarragona,Vergine del Claustro (Virgen del Claustro),1911-07-09,,,,ERR - Frate Anselmo: data l'incoronazione 16 marzo 1911.
906,783,Venezuela,El Valle de Espiritu Santo,Nostra Signora della Valle,8-9-1911,Capitolo,sì,1,yes,,virgen-del-valle-el-valle-del-espiritu-santo-isl,El Valle del Espíritu Santo (Isla Margarita),Virgen del Valle,1911-09-08,Zander/Magister,yes,,ERR - Frate Anselmo: scambia la data del decreto con la data di incoronazione.
907,765,Argentina,Mendoza,Vergine del Carmelo de Cuyo,8-9-1911,Capitolo,sì,1,yes,,vergine-del-carmelo-de-cuyo-virgen-del-carmo-de,Mendoza,Vergine del Carmelo de Cuyo (Virgen del Carmo de Cuyo),1911-09-08,,,,ERR - Frate Anselmo: data l'incoronazione 2 dicembre 1910 e la titola: Santa Maria de Monte Carmelo dei Francescani.
908,851,Germania,Werl,Madre di Dio,13-9-1911,Capitolo,sì,1,yes,,imago-beatae-mariae-virginis-olim-sanctae-mariae,Werl,Imago Beatae Mariae Virginis (olim « Sanctae Mariae ad pratum » Susatii),1911-09-13,AAS,yes,,"Frate Anselmo: la titola: Santa Maria, nella Chiesa dei Minori di S. Francesco. ERR - Frate Anselmo: data l'incoronazione 3 marzo 1911 e la colloca nella Prussia."
909,1064,Italia,Masserano,Madonna degli Infermi,#-9-1911,Capitolo,sì,1,yes,,madonna-degli-infermi-madonna-nera-masserano,Masserano,Madonna degli Infermi (Madonna Nera),1911-09,,,,Frate Anselmo: la titola anche: detta di S. Teonesto. ERR - Frate Anselmo: data l'incoronazione 8 gennaio 1911.
910,915,Italia,"Napoli, zona Pizzofalcone",Madonna del Buon Consiglio,6-1-1912,Capitolo,sì,1,yes,,madonna-del-buon-consiglio-napoli-zona-pizzofalc,"Napoli, zona Pizzofalcone",Madonna del Buon Consiglio,1912-01-06; 1939-01-15,,,,Frate Anselmo: la colloca nella Chiesa di San Marco di Palazzo in Santa Maria degli Angeli. ERR - Frate Anselmo: data l'incoronazione 26 settembre 1912.
911,926,Italia,Capaccio Paestum,Madonna del Granato,2-5-1912,Capitolo,sì,1,yes,,madonna-del-granato-madonna-con-la-melagrana-cap,Capaccio Paestum,Madonna del Granato (Madonna con la Melagrana),1912-05-02,,,,Frate Anselmo: la colloca sul monte Calpazio. ERR - Frate Anselmo: data l'incoronazione 12 gennaio 1911.
912,817,Francia,Laurie,Nostra Signora di Laurie,27-5-1912,Capitolo,sì,1,yes,,nostra-signora-di-laurie-notre-dame-de-laurie-la,Laurie,Nostra Signora di Laurie (Notre Dame de Laurie),1912-05-27,,,,ERR - Frate Anselmo: data l'incoronazione 22 gennaio 1905.
913,921,Italia,San Paolo Belsito,Madonna Addolorata,6-6-1912,#,no,#,no,petition refused or crowning uncertain (incoronazione #),,,,,,,,Frate Anselmo: data l'incoronazione 6 giugno 1912. Nessun riferimento in internet.
914,822,Francia,Velars-sur-Ouche,Nostra Signora dello Stagno,4-7-1912,Capitolo,sì,1,yes,,nostra-signora-dello-stagno-velars-sur-ouche,Velars-sur-Ouche,Nostra Signora dello Stagno,1912-07-04,,,,ERR - Frate Anselmo: non la cita.
915,836,Francia,Lestelle-Bétharram,Nostra Signora di Betharram,28-7-1912,Papa Pio X,sì,1,yes,,notre-dame-du-beau-rameau-betharram,Bétharram,Notre-Dame du Beau Rameau,1912-07-28,AAS,yes,,ERR - Frate Anselmo: data l'incoronazione 9 maggio 1909 e la titola Santa Maria du Calvaire.
916,801,Belgio,Melsele,Nostra Signora di Gaverland,4-8-1912,Capitolo,sì,1,yes,,nostra-signora-di-gaverland-melsele,Melsele,Nostra Signora di Gaverland,1912-08-04,,,,ERR - Frate Anselmo: non la cita.
917,1149,Slovenia,"Pirano, frazione di Strugnano",Nostra Signora della Visione,14-8-1912,Capitolo,sì,1,yes,,nostra-signora-della-visione-madonna-di-strugnan,"Pirano, frazione di Strugnano",Nostra Signora della Visione (Madonna di Strugnano),1912-08-14,,,,ERR - Frate Anselmo: data l'incoronazione 28 giugno 1910.
918,1147,Repubblica Ceca,Chvalcov,Nostra Signora dell'Ostia Santa,15-8-1912,Capitolo,sì,1,yes,,nostra-signora-dell-ostia-santa-vergine-maria-de,Chvalcov,Nostra Signora dell'Ostia Santa (Vergine Maria dell'Ostia Santa),1912-08-15,,,,ERR - Frate Anselmo: non la cita.
919,1129,Olanda,Maastricht,"Santa Maria ""Stella del Mare""",15-8-1912,Capitolo,sì,1,yes,,sterre-der-zee-star-of-the-sea-maastricht,Maastricht,Sterre der Zee (Star of the Sea),1912-08-15,AAS,yes,,ERR - Frate Anselmo: data l'incoronazione 14 dicembre 1911.
920,1229,Ucraina,Hnizdyczów,Nostra Signora di Kochawinska,15-8-1912,Capitolo,sì,1,yes,,nostra-signora-di-kochawinska-nostra-signora-del,Hnizdyczów,Nostra Signora di Kochawinska (Nostra Signora del Buon Cammino),1912-08-15,,,,"ERR - Frate Anselmo: la colloca a Hochawina nell'elenco per date, ma non la inserisce nell'elenco per località; mentre nell'elenco per località si trova a Kochawina. Erra anche il titolo della. Madonna. ERR - Frate Anselmo: data l'incoronazione 29 giugno 1912."
921,888,Italia,San Potito - Ultra,Madonna del Soccorso,7-9-1912,Capitolo,sì,1,yes,,madonna-del-soccorso-san-potito-ultra,San Potito - Ultra,Madonna del Soccorso,1912-09-07,,,,ERR - Frate Anselmo: scambia la data del decreto con la data di incoronazione.
922,768,Argentina,San Miguel de Tucumán,Nostra Signora della Merced,24-9-1912,Capitolo,sì,1,yes,,nostra-signora-della-merced-nuestra-senora-de-la,San Miguel de Tucumán,Nostra Signora della Merced (Nuestra Señora de la Merced),1912-09-24,,,,ERR - Frate Anselmo: data l'incoronazione 6 giugno 1912 e la colloca a Tucuman.
923,900,Italia,Gricignano di Aversa,Madonna del Buon Consiglio,25-1-1913,#,no,#,no,petition refused or crowning uncertain (incoronazione #),,,,,,,,ERR - Frate Anselmo: data l'incoronazione 25 gennaio 1913. Nessun riferimento in internet.
924,1006,Italia,Albenga,Madonna di Pontelungo,23-3-1913,#,no,#,no,petition refused or crowning uncertain (incoronazione #),,,,,,,,ERR - Frate Anselmo: la colloca a Ponte Lungo e data l'incoronazione 23 marzo 1913. Nessun riferimento in internet.
925,1089,Italia,Caltagirone,Madonna di Conadomini,31-5-1913,Capitolo,sì,1,yes,,madonna-di-conadomini-madonna-del-monte-caltagir,Caltagirone,Madonna di Conadomini (Madonna del Monte),1913-05-31,AAS,,,ERR - Frate Anselmo: scambia la data del decreto con la data di incoronazione.
926,835,Francia,Honfleur,Nostra Signora della Grazia,19-6-1913,Capitolo,sì,1,yes,,nostra-signora-della-grazia-notre-dame-de-grace,Honfleur,Nostra Signora della Grazia (Notre-Dame de Grâce),1913-06-19,,,,ERR - Frate Anselmo: non la cita.
927,834,Francia,Équemauville,Nostra Signora delle Grazie,20-6-1913,Capitolo,sì,1,yes,,nostra-signora-delle-grazie-notre-dame-de-grace,Équemauville,Nostra Signora delle Grazie (Notre-Dame de Grâce),1913-06-20,,,,ERR - Frate Anselmo: scambia la data del decreto con la data di incoronazione.
928,821,Francia,Pouilly-en-Auxois,Nostra Signora del Ritrovamento,6-7-1913,B.P.,sì,1,yes,,nostra-signora-del-ritrovamento-notre-dame-de-la,Pouilly-en-Auxois,Nostra Signora del Ritrovamento (Notre-Dame de la trouvée),1913-07-06,,,,ERR - Frate Anselmo: non la cita.
929,841,Francia,Clermont-l'Hérault,Nostra Signora di Peyrou,24-7-1913,B.P.,sì,1,yes,,nostra-signora-di-peyrou-clermont-l-herault,Clermont-l'Hérault,Nostra Signora di Peyrou,1913-07-24,,,,ERR - Frate Anselmo: non la cita.
930,854,Germania,"Salzkotten, quartiere di Verne",Vergine Maria di Verne,17-8-1913,B.P.,sì,1,yes,,vergine-maria-di-verne-salzkotten-quartiere-di-v,"Salzkotten, quartiere di Verne",Vergine Maria di Verne,1913-08-17,,,,Frate Anselmo: la titola: Santa Maria di Verne. ERR - Frate Anselmo: data l'incoronazione 21 luglio 1913 e la colloca nella Prussia.
931,826,Francia,Plonévez-Porzay,Sant'Anna la Palud,31-8-1913,B.P.,sì,1,yes,,sant-anna-la-palud-plonevez-porzay,Plonévez-Porzay,Sant'Anna la Palud,1913-08-31,,,,ERR - Frate Anselmo: non la cita.
932,969,Italia,Poli,Madonna Addolorata,31-8-1913,Capitolo,sì,1,yes,,madonna-addolorata-poli,Poli,Madonna Addolorata,1913-08-31,,,,
933,815,Francia,Monistrol-d'Allier,Nostra Signora di Estours,7-9-1913,B.P.,sì,1,yes,,nostra-signora-di-estours-monistrol-d-allier,Monistrol-d'Allier,Nostra Signora di Estours,1913-09-07,,,,ERR - Frate Anselmo: non la cita.
934,1153,Spagna,Granada,Nostra Signora dei Dolori,20-9-1913,B.P.,sì,1,yes,,nostra-signora-dei-dolori-nuestra-senora-de-las,Granada,Nostra Signora dei Dolori (Nuestra Señora de las Angustias),1913-09-20,,,,ERR - Frate Anselmo: data l'incoronazione 5 maggio 1913. Bonci: data 20 settembre 1913.
935,790,Austria,"Lesachtal, frazione di Maria Luggau",Santa Maria Addolorata,28-9-1913,Capitolo,sì,1,yes,,santa-maria-addolorata-maria-luggau-lesachtal-fr,"Lesachtal, frazione di Maria Luggau",Santa Maria Addolorata (Maria Luggau),1913-09-28,,,,"ERR - Frate Anselmo: data l'incoronazione 3 maggio 1913, la titola: Santa Maria Dolorosa collocandola a S. Maria Luggan."
936,893,Italia,Morcone,Madonna della Pace,12-10-1913,#,no,#,no,petition refused or crowning uncertain (incoronazione #),,,,,,,,Frate Anselmo: data l'incoronazione 12 ottobre 1913. Nessun riferimento in internet.
937,984,Italia,Vicovaro,Madonna Avvocata Nostra,13-10-1913,Capitolo,sì,1,yes,,madonna-avvocata-nostra-vicovaro,Vicovaro,Madonna Avvocata Nostra,1913-10-13,,,,ERR - Frate Anselmo: scambia la data del decreto con la data di incoronazione e la colloca a Tivoli.
938,839,Francia,Saint Affrique,Nostra Signora della Misericordia,#-#-1913,Capitolo,sì,1,yes,,nostra-signora-della-misericordia-saint-affrique,Saint Affrique,Nostra Signora della Misericordia,1913,,,,ERR - Frate Anselmo: data l'incoronazione 24 dicembre 1912.
939,1080,Italia,Mesagne,Madonna del Carmine,17-3-1914,Capitolo,sì,1,yes,,madonna-del-carmine-mesagne,Mesagne,Madonna del Carmine,1914-03-17,,,,ERR - Frate Anselmo: data l'incoronazione 12 marzo 1914.
940,800,Belgio,Lede,Nostra Signora di Lede,14-4-1914,B.P.,sì,1,yes,,nostra-signora-di-lede-nostra-signora-causa-dell,Lede,Nostra Signora di Lede (Nostra Signora Causa della nostra gioia),1914-04-14,,,,ERR - Frate Anselmo: non la cita.
941,1004,Italia,"Luni, frazione di Ortonovo",Madonna Addolorata,21-5-1914,Capitolo,sì,1,yes,,madonna-addolorata-luni-frazione-di-ortonovo,"Luni, frazione di Ortonovo",Madonna Addolorata,1914-05-21,,,,ERR - Frate Anselmo: scambia la data del decreto con la data di incoronazione.
942,1019,Italia,Oneta,Madonna del Frassino,19-7-1914,Capitolo,sì,1,yes,,madonna-del-frassino-oneta,Oneta,Madonna del Frassino,1914-07-19,,,,ERR - Frate Anselmo: scambia la data del decreto con la data di incoronazione.
943,1094,Italia,Modica,Madonna delle Grazie,22-7-1914,#,no,#,no,petition refused or crowning uncertain (incoronazione #),,,,,,,,ERR - Frate Anselmo: data l'incoronazione 22 luglio 1914.
944,954,Italia,Ceprano,Madonna Addolorata,26-7-1914,#,no,#,no,petition refused or crowning uncertain (incoronazione #),,,,,,,,Frate Anselmo: data l'incoronazione 26 luglio 1914. Nessun riferimento in internet.
945,913,Italia,"Napoli, quartiere di Ponticelli",Madonna della Neve,2-8-1914,Capitolo,sì,1,yes,,madonna-della-neve-napoli-ponticelli,Napoli (Ponticelli),Madonna della Neve,1914-08-02,Zander/Magister,yes,,ERR - Frate Anselmo: scambia la data del decreto con la data di incoronazione e la colloca a Ponticelli.
946,879,Italia,Zungri,Madonna della Neve,25-8-1914,Capitolo,sì,1,yes,,madonna-della-neve-zungri,Zungri,Madonna della Neve,1914-08-25,,,,ERR - Frate Anselmo: data l'incoronazione 10 febbraio 1914.
947,906,Italia,Cicciano,Madonna degli Angeli,12-4-1915,Capitolo,sì,1,yes,,madonna-degli-angeli-cicciano,Cicciano,Madonna degli Angeli,1915-04-12,,,,ERR - Frate Anselmo: scambia la data del decreto con la data di incoronazione.
948,909,Italia,Napoli,Madonna Annunziata,18-4-1915,Capitolo,sì,1,yes,,vergine-annunziata-napoli-annunziata-maggiore,Napoli (Annunziata Maggiore),Vergine Annunziata,1915-04-18,Zander/Magister,yes,,"ERR - Frate Anselmo: scambia la data del decreto con la data di incoronazione. La colloca ""nella chiesa del Brefotrofio""."
949,1008,Italia,Savona,Santa Maria della Misericordia,19-4-1915,B.P.,sì,2,yes,,nostra-signora-della-misericordia-savona,Savona,Nostra Signora della Misericordia,1770; 1815-05-10; 1915-04-19,AAS; Briccolani,no,,ERR - Frate Anselmo: non la cita.
950,1205,Spagna,"Valencia, quartiere Campanar",Vergine de Campanar,25-4-1915,B.P.,sì,1,yes,,vergine-de-campanar-virgen-de-la-misericordia-va,"Valencia, quartiere Campanar",Vergine de Campanar (Virgen de la Misericordia),1915-04-25,,,,ERR - Frate Anselmo: data l'incoronazione 22 febbraio 1915.
951,1045,Italia,Ostra,Madonna Apparve,15-8-1915,Capitolo,sì,1,yes,,madonna-apparve-ostra,Ostra,Madonna Apparve,1915-08-15,,,,ERR - Frate Anselmo: scambia la data del decreto con la data di incoronazione.
952,974,Italia,Roma,"Santa Maria della Divina Provvidenza, Aiuto dei Cristiani",21-11-1915,#,no,#,no,petition refused or crowning uncertain (incoronazione #),,,,,,,,Frate Anselmo: data l'incoronazione 21 novembre 1915. Nessun riferimento in internet.
953,1183,Spagna,Berga,Nostra Signora di Queralt,3-9-1916,Capitolo,sì,1,yes,,nostra-signora-di-queralt-nuestra-senora-de-quer,Berga,Nostra Signora di Queralt (Nuestra Señora de Queralt),1916-09-03,,,,ERR - Frate Anselmo: scambia la data del decreto con la data di incoronazione.
954,1150,Spagna,El Puerto de Santa Maria,Vergine dei Miracoli,8-9-1916,B.P.,sì,1,yes,,vergine-dei-miracoli-virgen-de-los-milagros-el-p,El Puerto de Santa Maria,Vergine dei Miracoli (Virgen de los Milagros),1916-09-08,,,,ERR - Frate Anselmo: data l'incoronazione 15 marzo 1915.
955,1011,Italia,Albino,Madonna di Guadalupe,8-9-1916,Capitolo,sì,1,yes,,madonna-di-guadalupe-albino,Albino,Madonna di Guadalupe,1916-09-08; 1919-03-06,,,,ERR - Frate Anselmo: data l'incoronazione il 16 aprile 1916.
956,1170,Spagna,Segovia,Santa Maria della Fuenciscla,24-9-1916,B.P.,sì,1,yes,,santa-maria-della-fuenciscla-virgen-de-la-fuenci,Segovia,Santa Maria della Fuenciscla (Virgen de la Fuencisla),1916-09-24,,,,ERR - Frate Anselmo: data l'incoronazione 12 ottobre 1915 e la colloca a Legovia. ERR - Bonci: la colloca a Legovia e data l'incoronazione 12 ottobre 1915.
957,966,Italia,Frascati,Madonna delle Scuole Pie,19-8-1917,Capitolo,sì,1,yes,,madonna-delle-scuole-pie-frascati,Frascati,Madonna delle Scuole Pie,1917-08-19,,,,ERR - Frate Anselmo: scambia la data del decreto con la data di incoronazione.
958,1172,Spagna,Valladolid,Vergine di San Lorenzo,21-10-1917,B.P.,sì,1,yes,,vergine-di-san-lorenzo-virgen-de-san-lorenzo-val,Valladolid,Vergine di San Lorenzo (Virgen de San Lorenzo),1917-10-21,,,,ERR - Frate Anselmo: data l'incoronazione 15 marzo 1916.
959,1139,Polonia,Rudnik nad Sanem,Santa Maria,21-12-1917,#,no,#,no,petition refused or crowning uncertain (incoronazione #),,,,,,,,"Frate Anselmo: nell'elenco per date la titola: Santa Maria nella Chiesa Parrocchiale, mentre nell'elenco per località la titola: S.M. Rudicense. Nessun riferimento in internet."
960,1165,Spagna,Covadonga,Nostra Signora di Covadonga,8-9-1918,Capitolo,sì,1,yes,,nostra-signora-di-covadonga-virgen-de-covadonga,Covadonga,Nostra Signora di Covadonga (Virgen de Covadonga),1918-09-08,,,,ERR - Frate Anselmo: scambia la data del decreto con la data di incoronazione e la colloca a Cavadonga. ERR - Bonci: commette gli stessi errori di frate Anselmo.
961,773,Cile,Santiago del Cile,Santa Maria della Mercede,22-9-1918,Capitolo,sì,1,yes,,nuestra-senora-de-la-merced-santiago-de-chile,Santiago de Chile,Nuestra Señora de la Merced,1918-09-22,AAS,,,ERR - Frate Anselmo: scambia la data del decreto con la data di incoronazione.
962,779,Ecuador,Quito,Vergine della Misericordia,15-12-1918,Capitolo,sì,1,yes,,vergine-della-misericordia-virgen-de-la-merced-q,Quito,Vergine della Misericordia (Virgen de la Merced),1918-12-15,,,,ERR - Frate Anselmo: data l'incoronazione 16 luglio 1917.
963,1012,Italia,Albino,Madonna di Guadalupe,6-3-1919,Papa Benedetto XV,sì,2,yes,,madonna-di-guadalupe-albino,Albino,Madonna di Guadalupe,1916-09-08; 1919-03-06,,,,ERR - Frate Anselmo: non la cita.
964,1024,Italia,Villa di Serio,Madonna del Buon Consiglio,27-4-1919,Capitolo,sì,1,yes,,madonna-del-buon-consiglio-madonna-dei-campi-vil,Villa di Serio,Madonna del Buon Consiglio (Madonna dei Campi),1919-04-27,,,,ERR - Frate Anselmo: scambia la data del decreto con la data di incoronazione.
965,1200,Spagna,Cullera,Nostra Signora del Castello,15-5-1919,B.P.,sì,1,yes,,nostra-signora-del-castello-mare-de-deu-del-cast,Cullera,Nostra Signora del Castello (Mare de Déu del Castell),1919-05-15,,,,ERR - Frate Anselmo: scambia la data del decreto con la data di incoronazione.
966,1204,Spagna,Valencia,Nostra Signora del Soccorso,31-5-1919,Capitolo,sì,1,yes,,nostra-signora-del-soccorso-nuestra-senora-del-s,Valencia,Nostra Signora del Soccorso (Nuestra Señora del Socorro),1919-05-31,,,,"Frate Anselmo: la titola: Santa Maria del Soccorso, nel Collegio delle Relig. di Gesù e Maria e data l'incoronazione 11 maggio 1919. ERR - Bonci: data l'incoronazione 11 maggio 1918."
967,1156,Spagna,Almonte,Nostra Signora del Rocio,8-6-1919,B.P.,sì,1,yes,,nostra-signora-del-rocio-virgen-del-rocio-almont,Almonte,Nostra Signora del Rocio (Virgen del Rocio),1919-06-08,,,,ERR - Frate Anselmo: data l'incoronazione 8 settembre 1918.
968,775,Colombia,Chiquinquirà,Nostra Signora del Rosario de Cinquinquiricà,9-7-1919,Capitolo,sì,1,yes,,nuestra-senora-del-rosario-de-chiquinquira-chiqu,Chiquinquirá,Nuestra Señora del Rosario de Chiquinquirá,1919-07-09,AAS,yes,,ERR - Frate Anselmo: data l'incoronazione 8 gennaio 1910.
969,809,Belgio,Namur,Nostra Signora al Bastione,20-7-1919,Capitolo,sì,1,yes,,notre-dame-du-rempart-namur,Namur,Notre-Dame du Rempart,1919-07-20,AAS,,,ERR - Frate Anselmo: data l'incoronazione 20 febbraio 1919.
970,1013,Italia,"Albino, frazione di Vall'Alta",Madonna del Monte Altino,23-7-1919,Capitolo,sì,1,yes,,madonna-di-altino-vall-alta-di-albino,Vall'Alta di Albino,Madonna di Altino,1919-07-23,Zander/Magister,yes,,ERR - Frate Anselmo: scambia la data del decreto con la data di incoronazione e la titola Madonna della Fontana.
971,860,Italia,Chieti,Madonna della Consolazione o della Cintura,26-7-1919,#,no,#,no,petition refused or crowning uncertain (incoronazione #),,,,,,,,Frate Anselmo: data l'incoronazione 26 luglio 1919. Nessun riferimento in internet.
972,1079,Italia,Canosa di Puglia,Madonna della Fonte,3-8-1919,Capitolo,sì,1,yes,,madonna-della-fonte-canosa-di-puglia,Canosa di Puglia,Madonna della Fonte,1919-08-03,,,,ERR - Frate Anselmo: scambia la data del decreto con la data di incoronazione.
973,878,Italia,Parghelia,Madonna di Portosalvo,10-8-1919,Capitolo,sì,1,yes,,madonna-di-portosalvo-parghelia,Parghelia,Madonna di Portosalvo,1919-08-10,,,,"Frate Anselmo: data l'incoronazione 20 febbraio 1918, ma tra parentesi riporta: ""solenn. 10-VIII-1919"""
974,903,Italia,"Teano, frazione di Borgonuovo",Madonna della Libera,15-8-1919,#,no,#,no,petition refused or crowning uncertain (incoronazione #),,,,,,,,ERR - Frate Anselmo: data l'incoronazione 15 agosto 1919. Nessun riferimento in internet.
975,1141,Polonia,Borek Stary,Nostra Signora di Borek,15-8-1919,Capitolo,sì,1,yes,,nostra-signora-di-borek-borek-stary,Borek Stary,Nostra Signora di Borek,1919-08-15,,,,ERR - Frate Anselmo: scambia la data del decreto con la data di incoronazione e la titola: Santa Maria di Chiaromonte.
976,922,Italia,Sant'Agnello,Madonna Annunziata,17-8-1919,Capitolo,sì,1,yes,,santa-maria-annunziata-sant-agnello-di-sorrento,Sant'Agnello di Sorrento (Angri),Santa Maria Annunziata,1919-08-17,Zander/Magister,yes,,ERR - Frate Anselmo: scambia la data del decreto con la data di incoronazione.
977,1033,Italia,Izano,Madonna della Pallavicina,25-8-1919,Capitolo,sì,1,yes,,madonna-della-pallavicina-izano,Izano,Madonna della Pallavicina,1919-08-25,,,,ERR - Frate Anselmo: scambia la data del decreto con la data di incoronazione.
978,968,Italia,Monte Compatri,Madonna del Castagno,31-8-1919,Capitolo,sì,1,yes,,madonna-del-castagno-monte-compatri,Monte Compatri,Madonna del Castagno,1919-08-31,,,,ERR - Frate Anselmo: scambia la data del decreto con la data di incoronazione.
979,1021,Italia,Sovere,Madonna della Torre,7-9-1919,Capitolo,sì,1,yes,,madonna-della-torre-sovere,Sovere,Madonna della Torre,1919-09-07,,,,ERR - Frate Anselmo: scambia la data del decreto con la data di incoronazione.
980,1042,Italia,Carnago,Madonna dei Miracoli,7-9-1919,#,no,#,no,petition refused or crowning uncertain (incoronazione #),,,,,,,,ERR - Frate Anselmo: data l'incoronazione 11 agosto 1919.
981,941,Italia,Fiorano Modenese,Madonna di Fiorano,8-9-1919,Capitolo,sì,1,yes,,madonna-di-fiorano-madonna-del-castello-fiorano,Fiorano Modenese,Madonna di Fiorano (Madonna del Castello),1919-09-08,,,,ERR - Frate Anselmo: scambia la data del decreto con la data di incoronazione e la colloca a Fiorano.
982,770,Brasile,Recife,Nostra Signora del Monte Carmelo,21-9-1919,B.P.,sì,1,yes,,simulacrum-cedrino-ligno-sculptum-beatae-mariae,Recife,"simulacrum, cedrino ligno sculptum, Beatae Mariae Virginis de Monte Carmelo",1919-09-21,AAS,yes,,ERR - Frate Anselmo: data l'incoronazione 12 novembre 1918.
983,1010,Italia,Albino,Madonna del Pianto,21-9-1919,Capitolo,sì,1,yes,,madonna-del-pianto-albino,Albino,Madonna del Pianto,1919-09-21,Zander/Magister,yes,,ERR - Frate Anselmo: scambia la data del decreto con la data di incoronazione.
984,901,Italia,Parete,Madonna della Rotonda,5-4-1920,Capitolo,sì,1,yes,,madonna-della-rotonda-parete,Parete,Madonna della Rotonda,1920-04-05,,,,ERR - Frate Anselmo: data l'incoronazione 15 ottobre 1919.
985,908,Italia,Napoli,Santa Maria Ausiliatrice,18-4-1920,Capitolo,sì,1,yes,,santa-maria-ausiliatrice-napoli,Napoli,Santa Maria Ausiliatrice,1920-04-18,,,,ERR - Frate Anselmo: scambia la data del decreto con la data di incoronazione.
986,1102,Italia,Viareggio,Madonna Addolorata,9-5-1920,Capitolo,sì,1,yes,,maria-santissima-addolorata-viareggio,Viareggio,Maria Santissima Addolorata,1920-05-09,AAS; Zander/Magister,yes,,ERR - Frate Anselmo: scambia la data del decreto con la data di incoronazione.
987,1099,Italia,Impruneta,Madonna dell'Impruneta,9-5-1920,#,no,#,no,petition refused or crowning uncertain (incoronazione #),,,,,,,,Frate Anselmo: riporta la data di incoronazione 10 marzo 1920 e aggiunge tra parentesi: sol. 9-V-1920.
988,1083,Italia,Lecce,Madonna del Carmine,13-5-1920,#,no,#,no,petition refused or crowning uncertain (incoronazione #),,,,,,,,Frate Anselmo: data l'incoronazione 13 maggio 1920. Nessun riferimento in internet.
989,958,Italia,San Giovanni Incarico,Madonna della Guardia,25-5-1920,Capitolo,sì,1,yes,,madonna-della-guardia-san-giovanni-incarico,San Giovanni Incarico,Madonna della Guardia,1920-05-25,,,,ERR - Frate Anselmo: scambia la data del decreto con la data di incoronazione.
990,930,Italia,Eboli,Madonna Addolorata,30-5-1920,Capitolo,sì,1,yes,,santa-maria-addolorata-santa-maria-della-pieta-e,Eboli,"Santa Maria Addolorata, Santa Maria della Pietà",1920-05-30,Zander/Magister,yes,,ERR - Frate Anselmo: scambia la data del decreto con la data di incoronazione.
991,1193,Spagna,Orihuela,Nostra Signora di Monserrato,31-5-1920,B.P.,sì,1,yes,,nuestra-senore-de-monserrate-orihuela,Orihuela,Nuestra Señore De Monserrate,1920-05-31; 1959-05-31,Zander/Magister,yes,,ERR - Frate Anselmo: scambia la data del decreto con la data di incoronazione.
992,972,Italia,Roma,Madonna in Cosmedin,20-6-1920,Capitolo,sì,2,yes,,santa-maria-in-cosmedin-detta-la-bocca-della-ver,"Rome, Santa Maria in Cosmedin",Santa Maria in Cosmedin detta la Bocca della Verità,1672-11-23; 1920-06-20,Briccolani,no,PICK,
993,971,Italia,Roma,Madonna degli Angeli,27-6-1920,Capitolo,sì,1,yes,,santa-maria-degli-angeli-rome,Rome,Santa Maria degli Angeli,1920-06-27,AAS,yes,AUTO,ERR - Frate Anselmo: scambia la data del decreto con la data di incoronazione e la colloca presso le Terme di Diocleziano.
994,995,Italia,Genova,Madonna della Consolazione,27-6-1920,Capitolo,sì,1,yes,,la-madonnetta-genoa-carbonara,Genoa (Carbonara),La Madonnetta,1920-06-27,Zander/Magister,yes,,ERR - Frate Anselmo: scambia la data del decreto con la data di incoronazione.
995,832,Francia,Bar le Duc,Nostra Signora du Guet,4-7-1920,Capitolo,sì,1,yes,,notre-dame-du-guet-reine-de-la-paix-bar-le-duc,Bar-le-Duc,"Notre Dame Du Guet, Reine De La Paix",1920-07-04,Zander/Magister,yes,,ERR - Frate Anselmo: data l'incoronazione 8 giugno 1919 e tra le note inserisc (solen. 4 luglio 1920) e la titola: Santa Maia du Gnet.
996,1060,Italia,Molare,"Santa Maria ""Auxilium Christianorum""",15-7-1920,#,no,#,no,petition refused or crowning uncertain (incoronazione #),,,,,,,,Frate Anselmo: data l'incoronazione 15 luglio 1920. Nessun riferimento in internet.
997,1191,Spagna,Cocentaina,Nostra Signora del Miracolo,8-8-1920,Capitolo,sì,1,yes,,nostra-signora-del-miracolo-virgen-de-los-milagr,Cocentaina,Nostra Signora del Miracolo (Virgen de los Milagros),1920-08-08,,,,ERR - Frate Anselmo: la colloca a Concentaina. Frate Anselmo: scambia la data del decreto con la data di incoronazione.
998,1018,Italia,Nembro,"Santa Maria ""Mater Misericordiae""",8-8-1920,Capitolo,sì,1,yes,,santa-maria-mater-misericordiae-madonna-addolora,Nembro,"Santa Maria ""Mater Misericordiae"" (Madonna Addolorata)",1920-08-08,,,,ERR - Frate Anselmo: scambia la data del decreto con la data di incoronazione.
999,1052,Italia,Penna San Giovanni,Madonna del Rosario,15-8-1920,Capitolo,sì,1,yes,,madonna-del-rosario-penna-san-giovanni,Penna San Giovanni,Madonna del Rosario,1920-08-15,,,,Frate Anselmo: data l'incoronazione 15 agosto 1920.
1000,953,Italia,Arpino,Santa Maria Assunta,15-8-1920,B.P.,sì,1,yes,,santa-maria-assunta-arpino,Arpino,Santa Maria Assunta,1816-08-15; 1920-08-15,,,,Frate Anselmo: la cita in appendice. ERR - Bonci non la cita.
1001,866,Italia,San Martino d'Agri,Madonna della Rupe,20-8-1920,Capitolo,sì,1,yes,,madonna-della-rupe-san-martino-d-agri,San Martino d'Agri,Madonna della Rupe,1920-08-20,,,,ERR - Frate Anselmo: scambia la data del decreto con la data di incoronazione.
1002,1107,Italia,San Quirico d'Orcia,Madonna di Vitaleta,1-9-1920,Capitolo,sì,1,yes,,madonna-di-vitaleta-vergine-annunziata-san-quiri,San Quirico d'Orcia,Madonna di Vitaleta (Vergine Annunziata),1920-09-01,,,,ERR - Frate Anselmo: scambia la data del decreto con la data di incoronazione.
1003,1005,Italia,"Sestri Levante, frazione di San Bartolomeo della Ginestra",Madonna del Soccorso,5-9-1920,#,no,#,no,petition refused or crowning uncertain (incoronazione #),,,,,,,,Frate Anselmo: data l'incoronazione 5 settembre 1920. Nessun riferimento in internet.
1004,943,Italia,Bettola,Madonna della Quercia,5-9-1920,Capitolo,sì,1,yes,,madonna-della-quercia-bettola,Bettola,Madonna della Quercia,1920-09-05,AAS; Zander/Magister,yes,,ERR - Frate Anselmo: scambia la data del decreto con la data di incoronazione.
1005,1144,Polonia,Turawa,Nostra Signora di Zawada,8-9-1920,Capitolo,sì,1,yes,,nostra-signora-di-zawada-unica-speranza-dei-disp,Turawa,Nostra Signora di Zawada (Unica Speranza dei Disperati),1920-09-08,,,,"ERR - Frate Anselmo: la colloca a Zaggada, la titola: Santa Maria di Zagadda e data l'incoronazione 18 novembre 1913."
1006,1007,Italia,"Finale Ligure, quartiere di Finalpia",Madonna detta la Vergine Pia,8-9-1920,Capitolo,sì,1,yes,,madonna-detta-la-vergine-pia-madonna-di-pia-fina,"Finale Ligure, quartiere di Finalpia",Madonna detta la Vergine Pia (Madonna di Pia),1920-09-08,,,,ERR - Frate Anselmo: scambia la data del decreto con la data di incoronazione.
1007,818,Francia,Quézac,Nostra Signora di Quézac,9-9-1920,B.P.,sì,1,yes,,nostra-signora-di-quezac-notre-dame-de-quezac-qu-2,Quézac,Nostra Signora di Quézac (Notre-Dame de Quézac),1920-09-09,,,,ERR - Frate Anselmo: non la cita.
1008,1009,Italia,Albano Sant'Alessandro,Madonna delle Rose,14-9-1920,Capitolo,sì,1,yes,,madonna-delle-rose-albano-sant-alessandro,Albano Sant'Alessandro,Madonna delle Rose,1920-09-14,,,,ERR - Frate Anselmo: scambia la data del decreto con la data di incoronazione.
1009,986,Italia,Nepi,Madonna della Vittoria,19-9-1920,Capitolo,sì,1,yes,,madonna-della-vittoria-madonna-del-rosario-nepi,Nepi,Madonna della Vittoria (Madonna del Rosario),1920-09-19,,,,
1010,892,Italia,Bucciano,Madonna del Monte Taburno,22-9-1920,Capitolo,sì,1,yes,,madonna-del-monte-taburno-bucciano,Bucciano,Madonna del Monte Taburno,1920-09-22,,,,ERR - Frate Anselmo: scambia la data del decreto con la data di incoronazione.
1011,764,Argentina,San Salvador de Jujuy,Nostra Signora del Rosario del Rio Blanco e Paypaya,31-10-1920,Capitolo,sì,1,yes,,nostra-signora-del-rosario-del-rio-blanco-e-payp,San Salvador de Jujuy,Nostra Signora del Rosario del Rio Blanco e Paypaya (Virgen del Rio Blanco e Paypaya),1920-10-31,,,,ERR - Frate Anselmo: data l'incoronazione 10 agosto 1914.
1012,993,Italia,Genova,Madonna delle Vigne,21-11-1920,B.P.,sì,1,yes,,nostra-signora-delle-vigne-genoa,Genoa,Nostra Signora delle Vigne,1920-11-21,AAS,yes,,ERR - Frate Anselmo: non la cita.
1013,1035,Italia,Ostiglia,Madonna della Comuna,23-11-1920,Capitolo,sì,1,yes,,madonna-della-comuna-ostiglia,Ostiglia,Madonna della Comuna,1920-11-23,,,,ERR - Frate Anselmo: scambia la data del decreto con la data di incoronazione.
1014,756,Messico,Zapopan,Nostra Signora di Zapopan,18-1-1921,Capitolo,sì,1,yes,,nostra-signora-di-zapopan-nuestra-senora-de-zapo,Zapopan,Nostra Signora di Zapopan (Nuestra Señora de Zapopan),1921-01-18,,,,"ERR - Frate Anselmo: scambia la data del decreto con la data di incoronazione, la colloca a Guadalaxara.e la titola Santa Maria di Zopopan"
1015,1105,Italia,Prato,Madonna del Soccorso,5-5-1921,Capitolo,sì,1,yes,,madonna-del-soccorso-prato,Prato,Madonna del Soccorso,1921-05-05,,,,ERR - Frate Anselmo: scambia la data del decreto con la data di incoronazione.
1016,1068,Italia,Niella Tanaro,Madonna del Sacro Cuore di Gesù,16-6-1921,#,no,#,no,petition refused or crowning uncertain (incoronazione #),,,,,,,,Frate Anselmo: data l'incoronazione 16 giugno 1921. Nessun riferimento in internet.
1017,1043,Italia,Fabriano,Madonna delle Lacrime,17-7-1921,#,no,#,no,petition refused or crowning uncertain (incoronazione #),,,,,,,,"Frate Anselmo: la titola: Santa Maria delle Lagrime, delle Domenicane di S. Agnese e data l'incoronazione 17 luglio 1921 e tra parentesi aggiunge: solenn 4-VII. Nessun riferimento in internet."
1018,1051,Italia,Montecosaro,Madonna Addolorata,22-7-1921,#,no,#,no,petition refused or crowning uncertain (incoronazione #),,,,,,,,Frate Anselmo: data l'incoronazione 22 luglio 1921. Nessun riferimento in internet.
1019,830,Francia,Guern,Nostra Signora di Quelven,15-8-1921,Capitolo,sì,1,yes,,nostra-signora-di-quelven-guern,Guern,Nostra Signora di Quelven,1921-08-15,,,,ERR - Frate Anselmo: data l'incoronazione 24 dicembre 1912.
1020,816,Francia,Vissac-Auteyrac,Nostra Signora di Auteyrac,28-8-1921,B.P.,sì,1,yes,,nostra-signora-di-auteyrac-vissac-auteyrac,Vissac-Auteyrac,Nostra Signora di Auteyrac,1921-08-28,,,,ERR - Frate Anselmo: non la cita.
1021,962,Italia,Minturno,Madonna delle Grazie,31-8-1921,#,no,#,no,petition refused or crowning uncertain (incoronazione #),,,,,,,,Frate Anselmo: data l'incoronazione 31 agosto 1921. Nessun riferimento in internet.
1022,1127,Malta,Senglea,Nostra Signora delle Vittorie,4-9-1921,B.P.,sì,1,yes,,maria-bambina-senglea,Senglea,Maria Bambina,1921-09-04,AAS,,,ERR - Frate Anselmo: data l'incoronazione 25 aprile 1920.
1023,1023,Italia,"Urgnano, frazione di Basella",Madonna della Basella,8-9-1921,Capitolo,sì,1,yes,,madonna-della-basella-urgnano-frazione-di-basell,"Urgnano, frazione di Basella",Madonna della Basella,1921-09-08,,,,ERR - Frate Anselmo: scambia la data del decreto con la data di incoronazione.
1024,1199,Spagna,Benaguasil,Nostra Signora di Montiel,8-9-1921,B.P.,sì,1,yes,,nostra-signora-di-montiel-mare-de-deu-de-montiel,Benaguasil,Nostra Signora di Montiel (Mare de Déu de Montiel),1921-09-08,,,,ERR - Frate Anselmo: data l'incoronazione 18 agosto 1921 e la colloca a Benaguacil.
1025,789,Andorra,Meritxell,Nostra Signora di Meritxell,8-9-1921,Capitolo,sì,1,yes,,nostra-signora-di-meritxell-nostra-senyora-de-me,Meritxell,Nostra Signora di Meritxell (Nostra Senyora de Meritxell),1921-09-08,,,,ERR - Frate Anselmo: scambia la data del decreto con la data di incoronazione e la colloca a Andorra-Spagna.
1026,794,Belgio,Bruxelles,Nostra Signora della Pace,11-9-1921,B.P.,sì,1,yes,,nostra-signora-della-pace-notre-dame-de-la-paix,Bruxelles,Nostra Signora della Pace (Notre-Dame de la Paix),1921-09-11,,,,ERR - Frate Anselmo: non la cita.
1027,872,Italia,"Dipignano, frazione di Laurignano",Madonna della Catena,11-9-1921,Capitolo,sì,1,yes,,madonna-della-catena-dipignano-laurignano,Dipignano (Laurignano),Madonna della Catena,1921-09-11; 1984,AAS; Zander/Magister,yes,,ERR - Frate Anselmo: scambia la data del decreto con la data di incoronazione.
1028,1046,Italia,Senigallia,Madonna Addolorata,18-9-1921,Capitolo,sì,1,yes,,santa-maria-addolorata-senigallia,Senigallia,Santa Maria Addolorata,1921-09-18,Zander/Magister,yes,,ERR - Frate Anselmo: scambia la data del decreto con la data di incoronazione e la colloca a Senigaglia.
1029,781,Perù,Lima,Nostra Signora della Misericordia,24-9-1921,Capitolo,sì,1,yes,,nuestra-senora-de-la-merced-lima,Lima,Nuestra Señora de la Merced,1721-09-24; 1921-09-24,AAS; Zander/Magister,yes,,ERR - Frate Anselmo: scambia la data del decreto con quella di incoronazione.
1030,1118,Italia,Follina,Madonna del Sacro Calice,25-9-1921,Capitolo,sì,1,yes,,madonna-di-follina-santa-maria-assunta-annunciaz,Follina,Madonna di Follina (Santa Maria Assunta / Annunciazione),1921-09-25,AAS,yes,,ERR - Frate Anselmo: data l'incoronazione 18 luglio 1921.
1031,1133,Polonia,Cracovia,Santa Maria del Rosario,2-10-1921,Capitolo,sì,1,yes,,santa-maria-del-rosario-nostra-signora-del-rosar,Cracovia,Santa Maria del Rosario (Nostra Signora del Rosario),1921-10-02,,,,ERR - Frate Anselmo: data l'incoronazione 15 agosto 1921.
1032,1078,Italia,Vercelli,Madonna degli Infermi,20-11-1921,Capitolo,sì,1,yes,,madonna-degli-infermi-vercelli-vercellae,Vercelli (Vercellae),Madonna degli Infermi,1921-11-20,AAS,yes,,ERR - Frate Anselmo: scambia la data del decreto con la data di incoronazione.
1033,744,El Salvador,San Miguel,Nostra Signora della Pace,21-11-1921,B.P.,sì,1,yes,,nuestra-senora-de-la-paz-san-miguel,San Miguel,Nuestra Señora de la Paz,1921-11-21,AAS,±1,,ERR - Frate Anselmo: non la cita.
1034,849,Germania,Fulda,Nostra Signora di Frauenberg,25-2-1922,#,no,#,no,petition refused or crowning uncertain (incoronazione #),,,,,,,,"Frate Anselmo: la titola Santa Maria Gaudiosa, in Monte Mariano e data l'incoronazione 25 febbraio 1922. Nessun riferimento in internet."
1035,1063,Italia,Nizza Monferrato,Santa Maria Ausiliatrice,25-3-1922,Capitolo,sì,1,yes,,santa-maria-ausiliatrice-nizza-monferrato,Nizza Monferrato,Santa Maria Ausiliatrice,1922-03-25,,,,Frate Anselmo: data l'incoronazione 25 marzo 1922.
1036,777,Colombia,Bogotà,Nostra Signora dei Rimedi,20-4-1922,#,no,#,no,petition refused or crowning uncertain (incoronazione #),,,,,,,,"ERR - Frate Anselmo: non la cita. Bonci: data l'incoronazione 20 aprile 1922 e colloca la Madonna a Bogotà, con il titolo Nuestra Señora de los Remedios. Nessun riferimento in internet."
1037,1120,Italia,Venezia,Madonna della Salute,23-4-1922,Capitolo,sì,1,yes,,madonna-della-salute-madonna-mesopanditissa-vene,Venezia,Madonna della Salute (Madonna Mesopanditissa),1922-04-23,,,,ERR - Frate Anselmo: data l'incoronazione 25 febbraio 1922.
1038,751,Messico,Irapuato,Nostra Signora de la Soledad,30-4-1922,Capitolo,sì,1,yes,,nostra-signora-de-la-soledad-virgen-de-la-soleda,Irapuato,Nostra Signora de la Soledad (Virgen de la Soledad),1922-04-30,,,,ERR - Frate Anselmo: scambia la data del decreto con la data di incoronazione.
1039,1173,Spagna,Alcaràz,Santa Maria de Cortes,1-5-1922,Capitolo,sì,1,yes,,santa-maria-de-cortes-virgen-de-cortes-alcaraz,Alcaràz,Santa Maria de Cortes (Virgen de Cortes),1922-05-01,,,,ERR - Frate Anselmo: scambia la data del decreto con la data di incoronazione.
1040,933,Italia,Salerno,Madonna di Costantinopoli,6-8-1922,Capitolo,sì,1,yes,,madonna-di-costantinopoli-la-madonna-che-viene-d,Salerno,Madonna di Costantinopoli (La Madonna che viene dal Mare),1922-08-06,,,,ERR - Frate Anselmo: scambia la data del decreto con la data di incoronazione.
1041,745,Repubblica Dominicana,Salvaleón de Higüey,Nostra Signora di Altagracia,15-8-1922,B.P.,sì,1,yes,,nostra-signora-di-altagracia-nuestra-senora-de-l,Salvaleón de Higüey,Nostra Signora di Altagracia (Nuestra Señora de la Altagracia),1922-08-15,,,,ERR - Frate Anselmo: non la cita.
1042,1047,Italia,Cupramontana,Madonna della Colonna,20-8-1922,Capitolo,sì,1,yes,,madonna-della-colonna-cupramontana,Cupramontana,Madonna della Colonna,1922-08-20,,,,ERR - Frate Anselmo: scambia la data del decreto con la data di incoronazione.
1043,763,Argentina,Buenos Aires,Nostra Signora de Nueva Pompeya,20-8-1922,Capitolo,sì,1,yes,,nostra-signora-de-nueva-pompeya-virgen-de-nueva,Buenos Aires,Nostra Signora de Nueva Pompeya (Virgen de Nueva Pompeya),1922-08-20,,,,ERR - Frate Anselmo: scambia la data del decreto con la data di incoronazione.
1044,1092,Italia,Borgetto,Madonna Addolorata di Romitello,27-8-1922,Capitolo,sì,1,yes,,madonna-addolorata-di-romitello-borgetto,Borgetto,Madonna Addolorata di Romitello,1922-08-27,,,,ERR - Frate Anselmo: scambia la data del decreto con la data di incoronazione e la colloca a Monreale.
1045,889,Italia,Sorbo Serpico,Madonna della Neve,2-9-1922,Capitolo,sì,1,yes,,madonna-della-neve-sorbo-serpico,Sorbo Serpico,Madonna della Neve,1922-09-02,,,,ERR - Frate Anselmo: scambia la data del decreto con la data di incoronazione.
1046,950,Italia,"Prepotto, frazione di Castelmonte",Madonna di Castelmonte,3-9-1922,Capitolo,sì,1,yes,,madonna-di-castelmonte-prepotto-frazione-di-cast,"Prepotto, frazione di Castelmonte",Madonna di Castelmonte,1922-09-03,,,,ERR - Frate Anselmo: scambia la data del decreto con la data di incoronazione e la colloca a Cividale.
1047,1044,Italia,Loreto,Madonna di Loreto,5-9-1922,Capitolo,sì,2,yes,,madonna-di-loreto-loreto-lauretum,Loreto (Lauretum),Madonna di Loreto,1801-02-23; 1922-09-05; 1962-10-04,AAS,yes,,ERR - Frate Anselmo: non la cita.
1048,1186,Spagna,Tremp,Madre di Dio di Valldeflores,8-9-1922,B.P.,sì,1,yes,,madre-di-dio-di-valldeflores-mare-de-deu-de-vall,Tremp,Madre di Dio di Valldeflores (Mare de Déu de Valldeflors),1922-09-08,,,,ERR - Frate Anselmo: data l'incoronazione 15 agosto 1922 e la titola: Santa Maria Valle de Flores.
1049,1159,Spagna,Antequera,Nostra Signora dei Rimedi,10-9-1922,B.P.,sì,1,yes,,nostra-signora-dei-rimedi-nuestra-senora-de-los-2,Antequera,Nostra Signora dei Rimedi (Nuestra Señora de los Remedios),1922-09-10,,,,ERR - Frate Anselmo: scambia la data del decreto con la data di incoronazione.
1050,837,Francia,Ranton,Nostra Signora della Pietà,12-9-1922,Capitolo,sì,1,yes,,nostra-signora-della-pieta-la-buona-signora-rant,Ranton,Nostra Signora della Pietà (La Buona Signora),1922-09-12,,,,ERR - Frate Anselmo: data l'incoronazione 21 novembre 1921.
1051,762,Argentina,Buenos Aires,Nostra Signora del Rosario e della riconquista e difesa di Buenos Aires,22-10-1922,Capitolo,sì,1,yes,,nostra-signora-del-rosario-e-della-riconquista-e,Buenos Aires,Nostra Signora del Rosario e della riconquista e difesa di Buenos Aires (Virgen del Rosario),1922-10-22,,,,ERR - Frate Anselmo: non la cita.
1052,960,Italia,Vallecorsa,Santa Maria della Sanità,22-10-1922,Capitolo,sì,1,yes,,santa-maria-della-sanita-madonna-della-sanita-va,Vallecorsa,Santa Maria della Sanità (Madonna della Sanità),1922-10-22,,,,ERR - Frate Anselmo: data l'incoronazione 22 novembre 1891.
1053,924,Italia,Torre Annunziata,Madonna della Neve,22-10-1922,Capitolo,sì,1,yes,,madonna-della-neve-torre-annunziata,Torre Annunziata,Madonna della Neve,1922-10-22,,,,ERR - Frate Anselmo: scambia la data del decreto con la data di incoronazione.
1054,1026,Italia,"Bedizzole, frazione di Masciaga",Madonna di Masciaga,22-10-1922,Capitolo,sì,1,yes,,madonna-di-masciaga-madonna-del-lazzaretto-bediz,"Bedizzole, frazione di Masciaga",Madonna di Masciaga (Madonna del Lazzaretto),1922-10-22,,,,ERR - Frate Anselmo: scambia la data del decreto con la data di incoronazione.
1055,870,Italia,Cosenza,Santa Maria del Pilerio,12-11-1922,Capitolo,sì,2,yes,,santa-maria-del-pilerio-madonna-del-pilerio-cose,Cosenza,Santa Maria del Pilerio (Madonna del Pilerio),1836-06-12; 1922-11-12,,,,ERR - Frate Anselmo: data l'incoronazione 4 maggio 1922 e riporta tra parentesi: solen. 12-XI-1932
1056,1215,Spagna,Cartagena,Nostra Signora della Carità,17-4-1923,Capitolo,sì,1,yes,,nostra-signora-della-carita-nuestra-senora-de-la,Cartagena,Nostra Signora della Carità (Nuestra Señora de la Caridad),1923-04-17,,,,ERR - Frate Anselmo: scambia la data del decreto con la data di incoronazione.
1057,1219,Spagna,"Vitoria-Gasteiz, località Estibaliz",Nostra Signora di Estibaliz,6-5-1923,B.P.,sì,1,yes,,nostra-signora-di-estibaliz-virgen-de-estibaliz,"Vitoria-Gasteiz, località Estibaliz",Nostra Signora di Estibaliz (Virgen de Estíbaliz),1923-05-06,,,,ERR - Frate Anselmo: data l'incoronazione 15 giugno 1922.
1058,1203,Spagna,Valencia,Nostra Signora degli Abbandonati,12-5-1923,B.P.,sì,1,yes,,nuestra-senora-de-los-desamparados-mare-de-deu-d,Valencia,Nuestra Señora de los Desamparados / Mare de Déu dels Desamparats,1923-05-12,AAS,yes,,"ERR - Frate Anselmo: scambia la data del decreto con la data di incoronazione e la titola: Santa Maria ""Mater Desertorum""."
1059,755,Messico,Talpa de Allende,Nostra Signora del Rosario,12-5-1923,Capitolo,sì,1,yes,,nuestra-senora-del-rosario-de-talpa-talpa-talpa,Talpa (Talpa de Allende),Nuestra Señora del Rosario de Talpa,1923-05-12,AAS,yes,,ERR - Frate Anselmo: scambia la data del decreto con la data di incoronazione.
1060,867,Italia,Tramutola,Madonna dei Miracoli,17-5-1923,Capitolo,sì,1,yes,,madonna-dei-miracoli-tramutola,Tramutola,Madonna dei Miracoli,1923-05-17,,,,ERR - Frate Anselmo: scambia la data del decreto con la data di incoronazione.
1061,813,Francia,Arras,Nostra Signora di Ardent,27-5-1923,B.P.,sì,1,yes,,nostra-signora-di-ardent-notre-dame-des-ardents,Arras,Nostra Signora di Ardent (Notre Dame des Ardents),1923-05-27,,,,ERR - Frate Anselmo: non la cita.
1062,1041,Italia,Voghera,Madonna delle Grazie,27-5-1923,Capitolo,sì,1,yes,,madonna-delle-grazie-voghera,Voghera,Madonna delle Grazie,1923-05-27,,,,ERR - Frate Anselmo: scambia la data del decreto con la data di incoronazione.
1063,944,Italia,Borgonovo Val Tidone,"Santa Maria ""Mater Divinae Gratiae""",12-6-1923,#,no,#,no,petition refused or crowning uncertain (incoronazione #),,,,,,,,Frate Anselmo: data l'incoronazione 12 giugno 1923. ERR - Frate Anselmo: la colloca in Borgonovo Vatidone. Nessun riferimento in internet.
1064,897,Italia,Capua,Madonna Immacolata,29-6-1923,Capitolo,sì,1,yes,,madonna-immacolata-capua,Capua,Madonna Immacolata,1923-06-29,,,,ERR - Frate Anselmo: scambia la data del decreto con la data di incoronazione.
1065,1143,Polonia,Gidle,Nostra Signora di Gidle,19-8-1923,Capitolo,sì,1,yes,,nostra-signora-di-gidle-gidle,Gidle,Nostra Signora di Gidle,1923-08-19,,,,ERR - Frate Anselmo: data l'incoronazione 21 novembre 1922.
1066,831,Francia,Chateauneuf-sur-cher,Nostra Signora dei Bambini,26-8-1923,Capitolo,sì,1,yes,,nostra-signora-dei-bambini-notre-dame-des-enfant,Chateauneuf-sur-cher,Nostra Signora dei Bambini (Notre-Dame des Enfants),1923-08-26,,,,ERR - Frate Anselmo: scambia la data del decreto con la data di incoronazione.
1067,1194,Spagna,Villena,Nostra Signora delle Virtù,6-9-1923,B.P.,sì,1,yes,,nostra-signora-delle-virtu-virgen-de-las-virtude,Villena,Nostra Signora delle Virtù (Virgen de las Virtudes),1923-09-06,,,,ERR - Frate Anselmo: data l'incoronazione 12 giugno 1923.
1068,827,Francia,Fougères,Nostra Signora delle Paludi,8-9-1923,B.P.,sì,1,yes,,nostra-signora-delle-paludi-nostra-signora-di-ma,Fougères,Nostra Signora delle Paludi (Nostra Signora di Marais),1923-09-08,,,,ERR - Frate Anselmo: non la cita.
1069,1110,Italia,Crespano del Grappa,Madonna del Covolo,8-9-1923,Capitolo,sì,1,yes,,madonna-del-covolo-crespano-del-grappa,Crespano del Grappa,Madonna del Covolo,1923-09-08,,,,ERR - Frate Anselmo: scambia la data del decreto con la data di incoronazione.
1070,1185,Spagna,Les Masies de Voltregà,Nostra Signora de La Gleva,8-9-1923,B.P.,sì,1,yes,,nostra-signora-de-la-gleva-mare-de-deu-de-la-gle,Les Masies de Voltregà,Nostra Signora de La Gleva (Mare de Déu de la Gleva),1923-09-08,,,,Frate Anselmo: data l'incoronazione 25 marzo 1923 e la colloca a Vich.
1071,805,Belgio,Chaudfontaine,Nostra Signora di Chèvremont,9-9-1923,Capitolo,sì,1,yes,,nostra-signora-di-chevremont-chaudfontaine,Chaudfontaine,Nostra Signora di Chèvremont,1923-09-09,,,,ERR - Frate Anselmo: data l'incoronazione 2 febbraio 1923; la colloca a Liegi e la titola: Santa Amria di Caprimonte (de Chèvrmont). Bonci data l'incoronazione 9 settembre 1923. ERR - Bonci: la vuole incoronata direttamente da papa Pio XI.
1072,1049,Italia,Appignano,Madonna Addolorata,16-9-1923,Capitolo,sì,1,yes,,madonna-addolorata-appignano,Appignano,Madonna Addolorata,1923-09-16,,,,ERR - Frate Anselmo: scambia la data del decreto con la data di incoronazione.
1073,988,Italia,Tuscania,Madonna Addolorata,16-9-1923,Capitolo,sì,1,yes,,madonna-addolorata-tuscania,Tuscania,Madonna Addolorata,1923-09-16,,,,ERR - Frate Anselmo: data l'incoronazione 25 giugno 1923.
1074,1154,Spagna,Guadix,Vergine Addolorata,21-9-1923,B.P.,sì,1,yes,,vergine-addolorata-virgen-de-las-angustias-guadi,Guadix,Vergine Addolorata (Virgen de las Angustias),1923-09-21,,,,ERR - Frate Anselmo: data l'incoronazione 24 febbraio 1923 e la titola: S. M. Addolorata o de las Angustas.
1075,1053,Italia,Recanati,Madonna della Pietà,23-9-1923,Capitolo,sì,1,yes,,madonna-della-pieta-recanati,Recanati,Madonna della Pietà,1923-09-23,,,,ERR - Frate Anselmo: scambia la data del decreto con la data di incoronazione.
1076,844,Francia,Béhuard,Nostra Signora di Béhuard,24-9-1923,B.P.,sì,1,yes,,nostra-signora-di-behuard-notre-dame-de-behuard,Béhuard,Nostra Signora di Béhuard (Notre-Dame de Béhuard),1923-09-24,,,,ERR - Frate Anselmo: non la cita.
1077,803,Belgio,"Charleroi, frazione di Marcinelle",Nostra Signora delle Grazie,30-9-1923,Capitolo,sì,1,yes,,nostra-signora-delle-grazie-notre-dame-de-grace-2,"Charleroi, frazione di Marcinelle",Nostra Signora delle Grazie (Notre Dame de Grace),1923-09-30,,,,ERR - Frate Anselmo: scambia la data del decreto con la data di incoronazione e la colloca a Macinelle.
1078,748,Messico,"Città del Messico, zona Guerrero",Nostra Signora degli Angeli,23-10-1923,Capitolo,sì,1,yes,,nostra-signora-degli-angeli-nuestra-senora-de-lo,"Città del Messico, zona Guerrero",Nostra Signora degli Angeli (Nuestra Señora de los Angeles),1923-10-23,,,,Frate Anselmo: la colloca nel suburbio. ERR - Frate Anselmo: data l'incoronazione 20 maggio 1923.
1079,1032,Italia,"Tremezzina, borgo di Ossuccio",Madonna del Soccorso,18-11-1923,#,no,#,no,petition refused or crowning uncertain (incoronazione #),,,,,,,,Frate Anselmo: data l'incoronazione 18 novembre 1923 e la colloca a Isola-Lago di Como. Nessun riferimento in internet.
1080,1195,Spagna,Castellòn de la Plana,Nostra Signora di Lledó,4-5-1924,B.P.,sì,1,yes,,nostra-signora-di-lledo-mare-de-deu-del-lledo-ca,Castellòn de la Plana,Nostra Signora di Lledó (Mare de Déu del Lledó),1924-05-04,,,,ERR - Frate Anselmo: data l'incoronazione 15 aprile 1923 e la titola: Santa Maria de Lindon.
1081,802,Belgio,Charleroi,Nostra Signora al Bastione,25-5-1924,B.P.,sì,1,yes,,nostra-signora-al-bastione-notre-dame-au-rempart,Charleroi,Nostra Signora al Bastione (Notre Dame au Rempart),1924-05-25,,,,"ERR - Frate Anselmo: data l'incoronazione 15 aprile 1923 e la titola: Santa Maria Immacolata super Moeniis (o N.D. du Remport). ERR - Frate Anselmo: erra citando du Remport, la versione corretta è du Rempart (bastione)."
1082,928,Italia,Cava de' Tirreni,Madonna dell'Olmo,17-6-1924,Capitolo,sì,2,yes,,madonna-dell-olmo-cava-de-tirreni,Cava de' Tirreni,Madonna dell’Olmo,1766-06-15; 1924-06-17,Briccolani; Zander/Magister,yes,,Frate Anselmo: data l'incoronazione 17 giugno 1924
1083,1096,Italia,"Leni, frazione di Valdichiesa",Madonna del Terzito,17-6-1924,#,no,#,no,petition refused or crowning uncertain (incoronazione #),,,,,,,,ERR - Frate Anselmo: la colloca a Valle di Chiesa. Frate Anselmo: data l'incoronazione 17 giugno 1924. Nessun riferimento in internet.
1084,1050,Italia,Cingoli,Madonna del Rosario,18-6-1924,#,no,#,no,petition refused or crowning uncertain (incoronazione #),,,,,,,,Frate Anselmo: data l'incoronazione 18 giugno 1924. Nessun riferimento in internet.
1085,979,Italia,Roma,Madonna delle Grazie,22-6-1924,Capitolo,sì,2,yes,,santa-maria-delle-grazie-a-porta-angelica-rome-s,"Rome, Santa Maria delle Grazie a Porta Angelica",Santa Maria delle Grazie a Porta Angelica,1644-06-09; 1924-06-22,Bombelli; Briccolani,no,PICK,ERR - Frate Anselmo: data l'incoronazione 2 febbraio 1924.
1086,980,Italia,Roma,Madonna delle Grazie,22-6-1924,Capitolo,sì,2,yes,,santa-maria-delle-grazie-a-porta-angelica-rome-s,"Rome, Santa Maria delle Grazie a Porta Angelica",Santa Maria delle Grazie a Porta Angelica,1644-06-09; 1924-06-22,Bombelli; Briccolani,no,PICK,ERR - Frate Anselmo: non la cita.
1087,788,Sri Lanka,Madhu,Nostra Signora del Rosario,2-7-1924,B.P.,sì,1,yes,,nostra-signora-del-rosario-nuestra-senora-del-ro-6,Madhu,Nostra Signora del Rosario (Nuestra Señora del Rosario),1924-07-02,,,,ERR - Frate Anselmo: non la cita.
1088,919,Italia,Procida,Madonna delle Grazie,10-8-1924,Capitolo,sì,1,yes,,madonna-delle-grazie-procida,Procida,Madonna delle Grazie,1924-08-10,,,,ERR - Frate Anselmo: scambia la data del decreto con la data di incoronazione e nell'elenco per date la colloca a Progida.
1089,798,Belgio,Overijse,Nostra Signora nel Bosco,15-8-1924,Capitolo,sì,1,yes,,nostra-signora-nel-bosco-nostra-signora-della-qu,Overijse,Nostra Signora nel Bosco (Nostra Signora della Quercia di Gesù),1924-08-15,,,,"ERR - Frate Anselmo: scambia la data del decreto con la data di incoronazione; la colloca a Bruxelle e la titola: Santa Maria ""Mater Divinae Gratiae"" o Iesu Quercu in Sylva Zonia. Nell'elenco per località la data 5 luglio 1922."
1090,1123,Italia,Cismon del Grappa,Madonna del Pedancino,18-8-1924,Capitolo,sì,1,yes,,madonna-del-pedancino-cismon-del-grappa,Cismon del Grappa,Madonna del Pedancino,1924-08-18,,,,Frate Anselmo: la colloca a Cismon. ERR - Frate Anselmo: scambia la data del decreto con la data di incoronazione.
1091,1027,Italia,Monte Isola,Madonna della Ceriola,30-8-1924,Capitolo,sì,1,yes,,madonna-della-ceriola-monte-isola,Monte Isola,Madonna della Ceriola,1924-08-30,,,,ERR - Frate Anselmo: la colloca a Montisola e data l'incoronazione 15 febbraio 1924 ed aggiunge tra parentesi: solen. VIII-1924
1092,743,Cuba,L'Avana,Bambino Gesù di Praga,7-9-1924,Capitolo,sì,1,yes,,bambino-gesu-di-praga-nino-jesus-de-praga-l-avan,L'Avana,Bambino Gesù di Praga (Niño Jesús de Praga),1924-09-07,,,,ERR - Frate Anselmo: data l'incoronazione 6 gennaio 1927; la colloca nella chiesa dei Carmelitani Scalzi.
1093,890,Italia,Trevico,Madonna della Libera,7-9-1924,Capitolo,sì,1,yes,,madonna-della-libera-trevico,Trevico,Madonna della Libera,1924-09-07,,,,ERR - Frate Anselmo: scambia la data del decreto con la data di incoronazione.
1094,992,Italia,Arenzano,Santo Bambino Gesù di Praga,7-9-1924,Capitolo,sì,1,yes,,santo-bambino-gesu-di-praga-arenzano,Arenzano,Santo Bambino Gesù di Praga,1924-09-07,,,,ERR - Frate Anselmo: data l'incoronazione 24 febbraio 1924 e poi aggiunge tra parentesi: solen. 8-IX-1924.
1095,1116,Italia,"Pettorazza Grimani, frazione di Pettorazza Papafava",Madonna delle Grazie,7-9-1924,Capitolo,sì,1,yes,,madonna-delle-grazie-pettorazza-grimani-frazione,"Pettorazza Grimani, frazione di Pettorazza Papafava",Madonna delle Grazie,1924-09-07,,,,ERR - Frate Anselmo: scambia la data del decreto con la data di incoronazione.
1096,1178,Spagna,Campillo de Altobuey,Vergine della Loma,8-9-1924,B.P.,sì,1,yes,,vergine-della-loma-virgen-de-la-loma-campillo-de,Campillo de Altobuey,Vergine della Loma (Virgen de la Loma),1924-09-08,,,,ERR - Frate Anselmo: non la cita.
1097,948,Italia,Pordenone,Madonna delle Grazie,8-9-1924,Capitolo,sì,1,yes,,madonna-delle-grazie-pordenone,Pordenone,Madonna delle Grazie,1924-09-08,,,,ERR - Frate Anselmo: scambia la data del decreto con la data di incoronazione.
1098,758,Messico,Acatzingo,Nostra Signora dei Dolori,15-9-1924,Capitolo,sì,1,yes,,nostra-signora-dei-dolori-nuestra-senora-de-los,Acatzingo,Nostra Signora dei Dolori (Nuestra Señora De Los Dolores),1924-09-15,,,,ERR - Frate Anselmo: scambia la data del decreto con la data di incoronazione.
1099,784,Filippine,Naga City,Nostra Signora di Peñafrancia,20-9-1924,B.P.,sì,1,yes,,nostra-signora-di-penafrancia-nuestra-senora-de,Naga City,Nostra Signora di Peñafrancia (Nuestra Señora de Peñafrancia),1924-09-20,,,,Frate Anselmo: la titola: Santa Maria de Peña di Francia. ERR - Frate Anselmo: data l'incoronazione 13 maggio 1920 e la colloca a Nuova Cáceres.
1100,1066,Italia,Ceva,Madonna Addolorata,21-9-1924,Capitolo,sì,1,yes,,madonna-addolorata-ceva,Ceva,Madonna Addolorata,1924-09-21,,,,ERR - Frate Anselmo: scambia la data del decreto con la data di incoronazione.
1101,1135,Polonia,Staniątki,Nostra Signora Addolorata,21-9-1924,Capitolo,sì,1,yes,,nostra-signora-addolorata-nostra-signora-di-stan,Staniątki,Nostra Signora Addolorata (Nostra Signora di Staniątki),1924-09-21,,,,Frate Anselmo: data l'incoronazione 21 luglio 1913. Nessun riferimento in internet.
1102,1197,Spagna,Albaida,Santa Maria del Rimedio,6-10-1924,Capitolo,sì,1,yes,,santa-maria-del-rimedio-virgen-del-rimedio-albai,Albaida,Santa Maria del Rimedio (Virgen del Rimedio),1924-10-06,,,,ERR - Frate Anselmo: scambia la data del decreto con la data di incoronazione.
1103,1171,Spagna,Olmedo,Vergine de la Soterraña,10-10-1924,B.P.,sì,1,yes,,vergine-de-la-soterrana-virgen-de-la-soterrana-o,Olmedo,Vergine de la Soterraña (Virgen de la Soterraña),1924-10-10,,,,ERR - Frate Anselmo: data l'incoronazione 23 settembre 1924 e la colloca a Ulmeto.
1104,1207,Spagna,Càceres,Nostra Signora della Montagna,12-10-1924,Capitolo,sì,1,yes,,nostra-signora-della-montagna-virgen-de-la-monta,Càceres,Nostra Signora della Montagna (Virgen de la Montaña),1924-10-12,,,,ERR - Frate Anselmo: scambia la data del decreto con la data di incoronazione.
1105,747,Messico,Città del Messico,Santa Maria de los Remedios,20-10-1924,#,no,#,no,petition refused or crowning uncertain (incoronazione #),,,,,,,,Frate Anselmo: la colloca a Messico e data l'incoronazione 20 ottobre 1924. Nessun riferimento in internet.
1106,1146,Repubblica Ceca,Litoměřice,Santa Maria Addolorata Mariascheinense,18-1-1925,#,no,#,no,petition refused or crowning uncertain (incoronazione #),,,,,,,,Frate Anselmo: data l'incoronazione 18 gennaio 1925 e la colloca nella Boemia. Nessun riferimento in internet.
1107,883,Italia,Avella,Madonna delle Grazie,25-2-1925,#,no,#,no,petition refused or crowning uncertain (incoronazione #),,,,,,,,Frate Anselmo: data l'incoronazione 25 febbraio 1925. Nessun riferimento in internet.
1108,1151,Spagna,Jerez de la Frontera,Santa Maria de Monte Carmelo,23-4-1925,B.P.,sì,1,yes,,nuestra-senora-del-carmen-jerez-de-la-frontera,Jerez de la Frontera,Nuestra Señora del Carmen,1925-04-23,AAS,yes,,ERR - Frate Anselmo: data l'incoronazione 7 ottobre 1924 e la colloca a Xeres de la Frontera.
1109,1198,Spagna,Algemesi,Santa Maria della Salute,25-4-1925,B.P.,sì,1,yes,,santa-maria-della-salute-mare-de-deu-de-la-salut,Algemesi,Santa Maria della Salute (Mare de Déu de la Salut),1925-04-25,,,,ERR - Frate Anselmo: data l'incoronazione 11 gennaio 1925 e tra parentesi riporta: solen. 18-I-25
1110,1017,Italia,Ghisalba,Madonna Assunta,26-4-1925,Capitolo,sì,1,yes,,madonna-assunta-madonna-marennina-ghisalba,Ghisalba,Madonna Assunta (Madonna Marennina),1925-04-26,,,,ERR - Frate Anselmo: scambia la data del decreto con la data di incoronazione.
1111,1174,Spagna,Almansa,Nostra Signora di Betlemme,5-5-1925,B.P.,sì,1,yes,,nostra-signora-di-betlemme-virgen-de-belen-alman,Almansa,Nostra Signora di Betlemme (Virgen de Belen),1925-05-05,,,,ERR - Frate Anselmo: scambia la data del decreto con la data di incoronazione e nell'elenco per date la colloca ad Almausa.
1112,857,Germania,Kamp-Bornhofen,Santa Maria Addolorata,10-5-1925,Capitolo,sì,1,yes,,santa-maria-addolorata-kamp-bornhofen,Kamp-Bornhofen,Santa Maria Addolorata,1925-05-10,,,,ERR - Frate Anselmo: scambia la data del decreto con la data di incoronazione e la colloca nella Prussia.
1113,1111,Italia,Este,Madonna delle Grazie,17-5-1925,Capitolo,sì,1,yes,,madonna-delle-grazie-este-este,Este,Madonna delle Grazie (Este),1925-05-17,AAS,,,ERR - Frate Anselmo: scambia la data del decreto con la data di incoronazione.
1114,942,Italia,Fontanellato,Madonna del Rosario,21-5-1925,#,no,#,no,petition refused or crowning uncertain (incoronazione #),,,,,,,,Frate Anselmo: data l'incoronazione 21 maggio 1925 con Breve Papale e per la terza volta. Nessun riferimento in internet.
1115,911,Italia,Napoli,Madonna Addolorata,2-6-1925,#,no,#,no,petition refused or crowning uncertain (incoronazione #),,,,,,,,ERR - Frate Anselmo: data l'incoronazione 2 giugno 1925. Nessun riferimento in internet.
1116,852,Germania,Colonia,Madre di Dio Nera,7-6-1925,Capitolo,sì,1,yes,,madre-di-dio-nera-die-schwarze-muttergottes-colo,Colonia,Madre di Dio Nera (Die Schwarze Muttergottes),1925-06-07,,,,ERR - Frate Anselmo: data l'incoronazione 3 aprile 1925.
1117,1003,Italia,La Spezia,Madonna della Salute,28-6-1925,Capitolo,sì,1,yes,,madonna-della-salute-madonna-della-scorza-la-spe,La Spezia,Madonna della Salute (Madonna della Scorza),1925-06-28,,,,ERR - Frate Anselmo: scambia la data del decreto con la data di incoronazione.
1118,1056,Italia,Campobasso,Madonna della Libera,2-7-1925,Capitolo,sì,1,yes,,madonna-della-libera-campobasso,Campobasso,Madonna della Libera,1925-07-02,,,,Frate Anselmo: la colloca a Campobasso. Frate Anselmo: data l'incoronazione 25 ottobre 1924 e tra parentesi; solen. 2-VII-1925.
1119,769,Bolivia,Copacabana,Nostra Signora della Candelora di Capocabana,1-8-1925,Capitolo,sì,1,yes,,nuestra-senora-de-copacabana-copacabana,Copacabana,Nuestra Señora de Copacabana,1925-08-01,AAS,,,"ERR - Frate Anselmo: data l'incoronazione 15 maggio 1919 (è la data di presentazione della supplica al Capitolo Vaticano), inoltre cita una seconda registrazione in cui riporta la data d'incoronazione 28 luglio 1925 e tra parentesi: solen. 6-VIII."
1120,1048,Italia,Montefortino,Madonna dell'Ambro,9-8-1925,Capitolo,sì,1,yes,,madonna-dell-ambro-montefortino,Montefortino,Madonna dell'Ambro,1925-08-09,,,,ERR - Frate Anselmo: scambia la data del decreto con la data di incoronazione.
1121,1142,Polonia,Piekary Śląskie,Nostra Signora di Piekary,15-8-1925,B.P.,sì,1,yes,,matka-boza-piekarska-piekary-slaskie,Piekary Śląskie,Matka Boża Piekarska,1925-08-15,AAS,,,ERR - Frate Anselmo: data l'incoronazione 21 dicembre 1924 e tra poarentesi aggiunge: solen. 6-I-925; la colloca a Piekary Wielkic nella parrocchiale.
1122,1136,Polonia,Przeczyca,Beata Vergine Maria Assunta,15-8-1925,Capitolo,sì,1,yes,,beata-vergine-maria-assunta-nostra-signora-di-pr,Przeczyca,Beata Vergine Maria Assunta (Nostra Signora di Przeczyca),1925-08-15,,,,Frate Anselmo: la titola: Santa Maria nella chiesa Parrocchiale. ERR - Frate Anselmo: scambia la data del decreto con la data di incoronazione.
1123,920,Italia,Roccarainola,Madonna Addolorata,22-8-1925,#,no,#,no,petition refused or crowning uncertain (incoronazione #),,,,,,,,Frate Anselmo: data l'incoronazione 22 agosto 1925. Nessun riferimento in internet.
1124,1038,Italia,Saronno,Madonna dei Miracoli,6-9-1925,Capitolo,sì,#,no,petition refused or crowning uncertain (incoronazione #),,,,,,,,Frate Anselmo: data l'incoronazione 16 maggio 1925.
1125,1138,Polonia,Tarnowiec,Nostra Signora dell'Affidamento,8-9-1925,Capitolo,sì,1,yes,,nostra-signora-dell-affidamento-tarnowiec,Tarnowiec,Nostra Signora dell'Affidamento,1925-09-08,,,,Frate Anselmo: la titola:Santa Maria nella chiesa Parrocchiale. ERR - Frate Anselmo: scambia la data del decreto con la data di incoronazione e la colloca a Tarnowec.
1126,1216,Spagna,Cehegin,Nostra Signora delle Meraviglie,10-9-1925,B.P.,sì,1,yes,,nostra-signora-delle-meraviglie-virgen-de-las-ma,Cehegin,Nostra Signora delle Meraviglie (Virgen de las Maravillas),1925-09-10,,,,ERR - Frate Anselmo: scambia la data del decreto con la data di incoronazione e la titola: Santa Maria de Portentis.
1127,1117,Italia,Castello di Godego,Madonna della Crocetta,22-9-1925,#,no,#,no,petition refused or crowning uncertain (incoronazione #),,,,,,,,Frate Anselmo: data l'incoronazione 22 settembre 1925. Nessun riferimento in internet.
1128,759,Messico,Charcas,Nostra Signora del Rosario,15-10-1925,#,no,#,no,petition refused or crowning uncertain (incoronazione #),,,,,,,,Frate Anselmo: data l'incoronazione 15 ottobre 1925. Nessun riferimento in internet.
1129,970,Italia,Roma,Madonna di Guadalupe,25-10-1925,Capitolo,sì,1,yes,,madonna-di-guadalupe-rome-basilica-di-san-nicola,"Rome, Basilica di San Nicola in Carcere",Madonna di Guadalupe,1925-10-25,,,,ERR - Frate Anselmo: scambia la data del decreto con la data di incoronazione.
1130,1101,Italia,Lucca,"Madonna Lauretana, detta Corteorlandini",10-12-1925,Capitolo,sì,1,yes,,madonna-lauretana-detta-corteorlandini-madonna-d,Lucca,"Madonna Lauretana, detta Corteorlandini (Madonna di Loreto)",1925-12-10,,,,ERR - Frate Anselmo: scambia la data del decreto con la data di incoronazione.
1131,1114,Italia,"Adria, frazione di Fasana Polesine",Madonna delle Grazie,24-12-1925,#,no,#,no,petition refused or crowning uncertain (incoronazione #),,,,,,,,Frate Anselmo: data l'incoronazione 24 dicembre 1925. ERR - Frate Anselmo: la colloca a Rovigo. Nessun riferimento in internet.
1132,1055,Italia,Tolentino,Madonna del Sacrario,10-2-1926,#,no,#,no,petition refused or crowning uncertain (incoronazione #),,,,,,,,"Frate Anselmo: la colloca a Tolentino, nella cattedrale; data l'incoronazione 10 febbraio 1926. Nessun riferimento in internet."
1133,912,Italia,"Napoli, quartiere di Miano",Madonna dell'Arco,14-3-1926,#,no,#,no,petition refused or crowning uncertain (incoronazione #),,,,,,,,Frate Anselmo: data l'incoronazione 14 marzo 1926. Nessun riferimento in internet.
1134,904,Italia,Vitulazio,Madonna dell'Agnena,11-4-1926,Capitolo,sì,1,yes,,madonna-dell-agnena-vitulazio,Vitulazio,Madonna dell'Agnena,1926-04-11,,,,ERR - Frate Anselmo: scambia la data del decreto con la data di incoronazione.
1135,787,Filippine,Manaoag,Nostra Signora del Santissimo Rosario di Manáoag,21-4-1926,B.P.,sì,1,yes,,nostra-signora-del-santissimo-rosario-di-manaoag,Manaoag,Nostra Signora del Santissimo Rosario di Manáoag (Nuestra Señora del Santisimo Rosario de Manaoag),1926-04-21,,,,ERR - Frate Anselmo: non la cita.
1136,1155,Spagna,Villa De Zùjar,Nostra Signora della Testa,24-4-1926,B.P.,sì,1,yes,,nostra-signora-della-testa-nuestra-senora-de-la,Villa De Zùjar,Nostra Signora della Testa (Nuestra Señora de la Cabeza),1926-04-24,,,,"Frate Anselmo: la titola: Santa Maria a Capite, vulgo S.M. de la Cabeza. ERR - Frate Anselmo: data l'incoronazione 16 aprile 1926."
1137,742,Costa Rica,Cartago,Nostra Signora degli Angeli,25-4-1926,Capitolo,sì,1,yes,,nostra-signora-degli-angeli-nuestra-senora-de-lo-2,Cartago,Nostra Signora degli Angeli (Nuestra Señora de los Angeles),1926-04-25,,,,ERR - Frate Anselmo: data l'incoronazione 20 ottobre 1924. ERR - Bonci: data l'incoronazione 20 aprile 1924.
1138,1106,Italia,Poggibonsi,Madonna del Romituzzo,25-4-1926,B.P.,sì,1,yes,,madonna-del-romituzzo-poggibonsi,Poggibonsi,Madonna del Romituzzo,1926-04-25,,,,ERR - Frate Anselmo: considera la data del decreto come data di incoronazione.
1139,1098,Italia,Firenze,Madonna Annunziata,2-5-1926,Capitolo,sì,1,yes,,madonna-annunziata-madonna-dei-ricci-firenze,Firenze,Madonna Annunziata (Madonna dei Ricci),1852-09-08; 1926-05-02,,,,ERR - Frate Anselmo: scambia la data del decreto con la data di incoronazione.
1140,1182,Spagna,Toledo,Vergine del Tabernacolo,30-5-1926,B.P.,sì,1,yes,,nuestra-senora-del-sagrario-toledo-toletum,Toledo (Toletum),Nuestra Señora del Sagrario,1926-05-30,AAS,,,ERR - Frate Anselmo: non la cita.
1141,1040,Italia,Pavia,Madonna Incoronata di Canepanova,30-5-1926,Capitolo,sì,1,yes,,madonna-incoronata-di-canepanova-pavia,Pavia,Madonna Incoronata di Canepanova,1926-05-30,,,,ERR - Frate Anselmo: scambia la data del decreto con la data di incoronazione.
1142,1087,Italia,Adrano,Santa Maria Ausiliatrice,11-6-1926,#,no,#,no,petition refused or crowning uncertain (incoronazione #),,,,,,,,"Frate Anselmo: la titola: Santa Maria Ausiliatrice, nella chiesa di S. Chiara. Nessun riferimento in internet."
1143,1058,Italia,Frosolone,Madonna Immacolata,29-6-1926,Capitolo,sì,1,yes,,madonna-immacolata-frosolone,Frosolone,Madonna Immacolata,1926-06-29,,,,ERR - Frate Anselmo: scambia la data del decreto con la data di incoronazione.
1144,869,Italia,Belvedere Marittimo,Madonna delle Grazie e della Consolazione,2-7-1926,Capitolo,sì,1,yes,,madonna-delle-grazie-e-della-consolazione-belved,Belvedere Marittimo,Madonna delle Grazie e della Consolazione,1926-07-02,,,,ERR - Frate Anselmo: data l'incoronazione 24 dicembre 1925.
1145,882,Italia,Atripalda,Madonna del Carmelo,15-7-1926,Capitolo,sì,1,yes,,madonna-del-carmelo-madonna-del-carmine-atripald,Atripalda,Madonna del Carmelo (Madonna del Carmine),1926-07-15,,,,ERR - Frate Anselmo: data l'incoronazione 11 giugno 1926.
1146,843,Francia,Font-Romeu-Odeillo-Via,Nostra Signora di Font-Romeu,4-8-1926,B.P.,sì,1,yes,,nostra-signora-di-font-romeu-font-romeu-odeillo,Font-Romeu-Odeillo-Via,Nostra Signora di Font-Romeu,1926-08-04,,,,ERR - Frate Anselmo: non la cita.
1147,955,Italia,Collepardo,Madonna del Carmelo,8-8-1926,Capitolo,sì,1,yes,,madonna-del-carmelo-madonna-delle-cese-collepard,Collepardo,Madonna del Carmelo (Madonna delle Cese),1926-08-08,,,,ERR - Frate Anselmo: scambia la data del decreto con la data di incoronazione.
1148,1074,Italia,Torino,Madonna Annunziata,8-8-1926,#,no,#,no,petition refused or crowning uncertain (incoronazione #),,,,,,,,Frate Anselmo: data l'incoronazione 8 agosto 1926 e la colloca presso la Madonna del Pilone in Torino. Nessun riferimento in internet.
1149,1222,Svizzera,Metzerlen-Mariastein,Nostra Signora delle Grazie,15-8-1926,B.P.,sì,1,yes,,nostra-signora-delle-grazie-madre-della-consolaz,Metzerlen-Mariastein,Nostra Signora delle Grazie (Madre della Consolazione),1926-08-15,,,,ERR - Frate Anselmo: non la cita.
1150,868,Italia,Trecchina,Madonna del Perpetuo Soccorso,8-9-1926,Capitolo,sì,1,yes,,madonna-del-perpetuo-soccorso-trecchina,Trecchina,Madonna del Perpetuo Soccorso,1926-09-08,,,,ERR - Frate Anselmo: scambia la data del decreto con la data di incoronazione.
1151,957,Italia,Pignataro-Interamna,Madonna Addolorata,21-9-1926,Capitolo,sì,1,yes,,madonna-addolorata-madonna-dei-sette-dolori-pign,Pignataro-Interamna,Madonna Addolorata (Madonna dei Sette Dolori),1926-09-21,,,,ERR - Frate Anselmo: scambia la data del decreto con la data di incoronazione.
1152,1025,Italia,Bagolino,Madonna di San Luca,21-9-1926,Capitolo,sì,1,yes,,madonna-di-san-luca-bagolino,Bagolino,Madonna di San Luca,1926-09-21,,,,ERR - Frate Anselmo: data l'incoronazione 19 marzo 1925.
1153,785,Filippine,Antipolo,Nostra Signora della Pace e del Buon Viaggio,28-11-1926,B.P.,sì,1,yes,,nostra-signora-della-pace-e-del-buon-viaggio-nue,Antipolo,Nostra Signora della Pace e del Buon Viaggio (Nuestra Señora de la Paz y Buen Viaje),1926-11-28,,,,"ERR - Frate Anselmo: la colloca a Tabora nelle Filippine, la titola: S. M. Antipolense e data l'incoronazione 18 giugno 1925."
1154,977,Italia,Roma,Madonna del Latte,8-12-1926,Capitolo,sì,1,yes,,madonna-del-latte-madonna-col-bambino-rome-chies,"Rome, Chiesa di Santa Mara Annunziata in Borgo",Madonna del Latte (Madonna col Bambino),1926-12-08,,,,ERR - Frate Anselmo: non la cita.
1155,876,Italia,Cittanova,Madonna Immacolata,8-12-1926,Capitolo,sì,1,yes,,madonna-immacolata-cittanova,Cittanova,Madonna Immacolata,1926-12-08,,,,ERR - Frate Anselmo: scambia la data del decreto con la data di incoronazione.
1156,774,Cile,Santiago del Cile,Santa Maria de Monte Carmelo,19-12-1926,Capitolo,sì,1,yes,,nuestra-senora-del-carmen-santiago-de-chile,Santiago de Chile,Nuestra Señora del Carmen,1926-12-19,AAS,yes,,ERR - Frate Anselmo: data l'incoronazione 21 ottobre 1923
1157,1217,Spagna,Murcia,Vergine della Fuensanta,24-4-1927,B.P.,sì,1,yes,,vergine-della-fuensanta-nuestra-senora-de-la-fue,Murcia,Vergine della Fuensanta (Nuestra Señora de la Fuensanta),1927-04-24,,,,ERR - Frate Anselmo: data la incronazione 13 febbraio 1927 e la titola: Santa Maria del S. Fonte.
1158,1104,Italia,Prato,Madonna della Pietà,8-5-1927,#,no,#,no,petition refused or crowning uncertain (incoronazione #),,,,,,,,Frate Anselmo: data l'incoronazione 8 maggio 1927. Nessun riferimento in internet.
1159,1062,Italia,Asti,Santa Maria Porta Paradisi,29-5-1927,Capitolo,sì,1,yes,,santa-maria-porta-paradisi-madonna-del-portone-a,Asti,Santa Maria Porta Paradisi (Madonna del Portone),1927-05-29,,,,ERR - Frate Anselmo: scambia la data del decreto con la data di incoronazione.
1160,1088,Italia,Adrano,Santa Maria Ausiliatrice,29-5-1927,Capitolo,sì,1,yes,,santa-maria-ausiliatrice-adrano,Adrano,Santa Maria Ausiliatrice,1927-05-29,,,,"Frate Anselmo: la titola: Santa Maria Ausiliatrice, detta di Don Bosco, nella Matrice."
1161,796,Belgio,Leuven,Nostra Signora di Lovanio,29-6-1927,Capitolo,sì,1,yes,,onze-lieve-vrouw-van-scherpenheuvel-notre-dame-d,"Scherpenheuvel (Aspricollis), near Leuven",Onze-Lieve-Vrouw van Scherpenheuvel (Notre-Dame de Montaigu),1872; 1927-06-29,AAS,yes,,"ERR - Frate Anselmo: scambia la data del decreto con la data di incoronazione e nell'elenco per date data mette 26 giugno 1926 (è un refuso di stampa), mentre nell'elenco per località riporta 26 giugno 1925."
1162,1124,Lituania,Vilnius,Nostra Signora della Porta dell'Aurora,2-7-1927,B.P.,sì,1,yes,,nostra-signora-della-porta-dell-aurora-vilnius,Vilnius,Nostra Signora della Porta dell'Aurora,1927-07-02,,,,ERR - Frate Anselmo: non la cita.
1163,881,Italia,Ariano Irpino,Madonna del Carmine,16-7-1927,Capitolo,sì,1,yes,,madonna-del-carmine-madonna-del-monte-carmelo-ar,Ariano Irpino,Madonna del Carmine (Madonna del Monte Carmelo),1927-07-16,,,,Frate Anselmo: la colloca a Ariano di Puglia nell'elenco per date e ad Ariano nell'elenco per località. ERR - Frate Anselmo: scambia la data del decreto con la data di incoronazione.
1164,1223,Svizzera,Morbio Inferiore,Santa Maria dei Miracoli,29-7-1927,Capitolo,sì,1,yes,,beata-maria-virgo-a-miraculis-morbio-inferiore,Morbio Inferiore,Beata Maria Virgo « a Miraculis »,1927-07-29,AAS,yes,,ERR - Frate Anselmo: data l'incoronazione 21 settembre 1926. ERR - Bonci: data l'incoronazione 31 luglio 1927.
1165,1081,Italia,Accadia,Madonna del Carmine,21-8-1927,Capitolo,sì,1,yes,,madonna-del-carmine-accadia,Accadia,Madonna del Carmine,1927-08-21,,,,ERR - Frate Anselmo: scambia la data del decreto con la data di incoronazione.
1166,1091,Italia,Montalbano Elicona,Madonna della Provvidenza,24-8-1927,Capitolo,sì,1,yes,,maria-santissima-della-divina-provvidenza-montal,Montalbano Elicona,Maria Santissima della Divina Provvidenza,1927-08-24,AAS,,,ERR - Frate Anselmo: scambia la data del decreto con la data di incoronazione.
1167,855,Germania,Aquisgrana,"Santa Maria ""Auxilium Christianorum""",4-9-1927,Capitolo,sì,1,yes,,santa-maria-auxilium-christianorum-santa-maria-d,Aquisgrana,"Santa Maria ""Auxilium Christianorum"" (Santa Maria di Aquisgrana)",1927-09-04,,,,"Frate Anselmo: data l'incoronazione 8 maggio 1927 e la titola Santa Maria ""Auxilium Christianorum"". ERR - la colloca nella Prussia ed in particolare nella Collegiata."
1168,780,Perù,Lima,Nostra Signora del Rosario,2-10-1927,Capitolo,sì,1,yes,,nostra-signora-del-rosario-nuestra-senora-del-ro-3,Lima,Nostra Signora del Rosario (Nuestra Señora del Rosario),1927-10-02,,,,"ERR - Frate Anselmo: data l'incoronazione 31 maggio 1932 nell'elenco per date, mentre 31 maggio 1922 nell'elenco per località."
1169,1112,Italia,Padova,Madonna dei Lumini,16-10-1927,Capitolo,sì,1,yes,,madonna-dei-lumini-madonna-di-dietro-corte-padov,Padova,Madonna dei Lumini (Madonna di dietro Corte),1927-10-16,,,,Frate Anselmo: la titola: Santa Maria dei Lumi. ERR - Frate Anselmo: scambia la data del decreto con la data di incoronazione.
1170,949,Italia,Trieste,Madonna della Salute,13-11-1927,#,no,#,no,petition refused or crowning uncertain (incoronazione #),,,,,,,,Frate Anselmo: data l'incoronazione 13 novembre 1927. Nessun riferimento in internet.
1171,927,Italia,"Casal Velino, frazione di Acquavella",Madonna delle Grazie,#-#-1927,Capitolo,sì,1,yes,,madonna-delle-grazie-casal-velino-frazione-di-ac,"Casal Velino, frazione di Acquavella",Madonna delle Grazie,1927,,,,ERR - Frate Anselmo: data l'incoronazione 22 luglio 1926.
1172,767,Argentina,Santa Fe de la Vera Cruz,Nostra Signora di Guadalupe,22-4-1928,Capitolo,sì,1,yes,,nostra-signora-di-guadalupe-nuestra-senora-de-gu,Santa Fe de la Vera Cruz,Nostra Signora di Guadalupe (Nuestra Señora de Guadalupe),1928-04-22,,,,ERR - Frate Anselmo: scambia la data del decreto con la data di incoronazione.
1173,1202,Spagna,Sedavì,Nostra Signora del Rosario,4-6-1928,Capitolo,no,1,no,not verified by them (data verificata: no),,,,,,,,ERR - Frate Anselmo: la colloca a Sedavi e data l'incoronazione 4 giugno 1928. Nessun riferimento in internet.
1174,1131,Polonia,Piaski,Santa Maria del Sacromonte Gostinense,25-6-1928,Capitolo,sì,1,yes,,santa-maria-del-sacromonte-gostinense-nostra-sig,Piaski,"Santa Maria del Sacromonte Gostinense (Nostra Signora della Santa Montagna, Rosa Mistica)",1928-06-25,,,,ERR - Frate Anselmo: data l'incoronazione 12 marzo 1928 e la colloca a Gostyn.
1175,981,Italia,Roma,Madonna del Carmine,16-7-1928,Capitolo,sì,1,yes,,santa-maria-in-traspontina-rome-santa-maria-in-t,"Rome, Santa Maria in Traspontina",Santa Maria in Traspontina,1641-06-15; 1928-07-16,Bombelli; Briccolani,no,PICK,ERR - Frate Anselmo: non la cita.
1176,871,Italia,Diamante,Madonna Immacolata,12-8-1928,Capitolo,sì,1,yes,,madonna-immacolata-diamante,Diamante,Madonna Immacolata,1928-08-12,,,,ERR - Frate Anselmo: scambia la data del decreto con la data di incoronazione.
1177,1179,Spagna,Brihuega,Vergine della Roccia,13-8-1928,Capitolo,sì,1,yes,,vergine-della-roccia-virgen-de-la-pena-brihuega,Brihuega,Vergine della Roccia (Virgen de la Peña),1928-08-13,,,,ERR - Frate Anselmo: scambia la data del decreto con la data di incoronazione.
1178,1228,Ucraina,Sambir,Natività della Beata Vergine Maria,28-8-1928,B.P.,sì,1,yes,,nativita-della-beata-vergine-maria-madre-di-dio,Sambir,Natività della Beata Vergine Maria (Madre di Dio),1928-08-28,,,,Frate Anselmo: la colloca a Sambor nella Polonia e la titola Santa Maria di Sambor. ERR - Frate Anselmo: data l'incoronazione 8 aprile 1928.
1179,858,Germania,Ralbitz-Rosenthal,Nostra Signora del Tiglio,8-9-1928,#,no,#,no,petition refused or crowning uncertain (incoronazione #),,,,,,,,Frate Anselmo: la titola Santa Maria del tiglio e data l'incoronazione 8 settembre 1928. Nessun riferimento in internet.
1180,931,Italia,Giffoni Valle Piana,Madonna di Carbonara,8-9-1928,Capitolo,sì,1,yes,,madonna-di-carbonara-giffoni-valle-piana,Giffoni Valle Piana,Madonna di Carbonara,1928-09-08,,,,ERR - Frate Anselmo: data l'incoronazione 15 luglio 1928.
1181,1218,Spagna,Cascante,Nostra Signora del Romero,9-9-1928,Capitolo,sì,1,yes,,nostra-signora-del-romero-nuestra-senora-del-rom,Cascante,Nostra Signora del Romero (Nuestra Señora del Romero),1928-09-09,,,,ERR - Frate Anselmo: data l'incoronazione 1 maggio 1928 e tra parentesi aggiunge: solen. 9-IX.
1182,1029,Italia,Cantù,Madonna dei Miracoli,23-9-1928,B.P.,sì,1,yes,,madonna-dei-miracoli-madonna-bella-cantu,Cantù,Madonna dei Miracoli (Madonna Bella),1928-09-23,,,,ERR - Frate Anselmo: non la cita.
1183,1208,Spagna,Guadalupe,Santa Maria de Guadalupe,12-10-1928,Capitolo,sì,1,yes,,nuestra-senora-de-guadalupe-extremadura-guadalup,Guadalupe (Extremadura),Nuestra Señora de Guadalupe (Extremadura),1928-10-12,AAS,yes,,ERR - Frate Anselmo: scambia la data del decreto con la data di incoronazione.
1184,914,Italia,"Napoli, quartiere Vomero",Santa Maria Ausiliatrice,18-3-1929,#,no,#,no,petition refused or crowning uncertain (incoronazione #),,,,,,,,"Frate Anselmo: data l'incoronazione 18 marzo 1929 e la titola Santa Maria Ausiliatrice, nel Noviziato della C. Gesù. Nessun riferimento in internet."
1185,1177,Spagna,Carrion de la Calatrava,Nostra Signora dell'Incarnazione,5-5-1929,Capitolo,sì,1,yes,,nostra-signora-dell-incarnazione-nuestra-senora,Carrion de la Calatrava,Nostra Signora dell'Incarnazione (Nuestra Señora de la Encarnación),1929-05-05,,,,ERR - Frate Anselmo: scambia la data del decreto con la data di incoronazione.
1186,1097,Italia,Empoli,Madonna del Pozzo,11-5-1929,Capitolo,sì,1,yes,,madonna-del-pozzo-empoli,Empoli,Madonna del Pozzo,1929-05-11,,,,ERR - Frate Anselmo: scambia la data del decreto con la data di incoronazione.
1187,840,Francia,Auch,Nostra Signora di Auch,21-5-1929,B.P.,sì,1,yes,,nostra-signora-di-auch-auch,Auch,Nostra Signora di Auch,1929-05-21,,,,ERR - Frate Anselmo: non la cita.
1188,910,Italia,Napoli,Immacolata Concezione,13-6-1929,#,no,#,no,petition refused or crowning uncertain (incoronazione #),,,,,,,,Frate Anselmo: data l'incoronazione 13 giugno 1919 e la colloca alle Rampe Brancaccio. Nessun riferimento in internet.
1189,1103,Italia,"San Miniato, frazione di Cigoli",Madonna Madre dei Bambini,13-7-1929,B.P.,sì,1,yes,,madonna-madre-dei-bambini-san-miniato-frazione-d,"San Miniato, frazione di Cigoli",Madonna Madre dei Bambini,1929-07-13,,,,ERR - Frate Anselmo: non la cita.
1190,1015,Italia,Casnigo,Madonna del Monte Erbia,5-8-1929,Capitolo,sì,1,yes,,madonna-del-monte-erbia-madonna-d-erbia-casnigo,Casnigo,Madonna del Monte Erbia (Madonna d'Erbia),1929-08-05,,,,ERR - Frate Anselmo: scambia la data del decreto con la data di incoronazione e la titola anche Madonna delle Grazie.
1191,1209,Spagna,La Coruña,Vergine Addolorata,18-8-1929,Capitolo,sì,1,yes,,vergine-addolorata-virgen-de-los-dolores-la-coru,La Coruña,Vergine Addolorata (Virgen de los Dolores),1929-08-18,,,,ERR - Frate Anselmo: data l'incoronazione 13 agosto 1928.
1192,1119,Italia,Murano,Madonna delle Grazie,20-8-1929,#,no,#,no,petition refused or crowning uncertain (incoronazione #),,,,,,,,Frate Anselmo: data l'incoronazione 20 agosto 1929. Nessun riferimento in internet.
1193,776,Colombia,Monguì,Nostra Signora di Monguì,8-9-1929,Capitolo,sì,1,yes,,nuestra-senora-de-mongui-mongui,Monguí,Nuestra Señora de Monguí,1929-09-08,AAS,yes,,ERR - Frate Anselmo: data l'incoronazione 12 febbraio 1929 e la colloca a Tuja.
1194,1166,Spagna,San Vicente de la Barquera,Santa Maria della Barquera,8-9-1929,B.P.,sì,1,yes,,santa-maria-della-barquera-virgen-de-la-barquera,San Vicente de la Barquera,Santa Maria della Barquera (Virgen de la Barquera),1929-09-08,,,,ERR - Frate Anselmo: data l'incoronazione 13 giugno 1929.
1195,1227,Ucraina,Zolkiew,Nostra Signora del Rosario,6-10-1929,Capitolo,sì,1,yes,,nostra-signora-del-rosario-nostra-signora-di-zol,Zolkiew,Nostra Signora del Rosario (Nostra Signora di Zolkiew),1929-10-06,,,,Frate Anselmo: la colloca a Zòlkieviae nella Polonia e data l'incoronazione 18 agosto 1929.
1196,1176,Spagna,Almagro,Nostra Signora della Neve,20-10-1929,B.P.,sì,1,yes,,nostra-signora-della-neve-virgen-de-las-nieves-a,Almagro,Nostra Signora della Neve (Virgen de las Nieves),1929-10-20,,,,Frate Anselmo: la titola: Santa Maria ad Nives. ERR - Frate Anselmo: scambia la data del decreto con la data di incoronazione.
1197,1030,Italia,Como,Madonna Addolorata,#-10-1929,Capitolo,sì,1,yes,,madonna-addolorata-como,Como,Madonna Addolorata,1929-10,,,,ERR - Frate Anselmo: data l'incoronazione 11 agosto 1929.
1198,1221,Spagna,Éibar,Nostra Signora di Arrate,3-11-1929,B.P.,sì,1,yes,,nostra-signora-di-arrate-virgen-de-arrate-eibar,Éibar,Nostra Signora di Arrate (Virgen de Arrate),1929-11-03,,,,"ERR - Frate Anselmo: data l'incoronazione 15 marzo 1929, la colloca ad Arrate e la titola: Immacolata Concezione."
1199,1161,Spagna,Siviglia,Santa Maria de la Antigua,24-11-1929,Capitolo,sì,1,yes,,santa-maria-de-la-antigua-virgen-de-la-antigua-s,Siviglia,Santa Maria de la Antigua (Virgen de la Antigua),1929-11-24,,,,ERR - Frate Anselmo: data l'incoronazione 13 giugno 1927 e riporta tra parentesi: sol. 11-VIII-930 o 24-XI-929. ERR - Bonci: data l'incoronazione 11 agosto 1930.
1200,1082,Italia,Ascoli Satriano,Madonna della Misericordia,29-5-1930,Capitolo,sì,1,yes,,madonna-della-misericordia-madonna-del-soccorso,Ascoli Satriano,Madonna della Misericordia (Madonna del Soccorso),1930-05-29,,,,ERR - Frate Anselmo: data l'incoronazione 15 novembre 1929.
1201,806,Belgio,Liegi,Santa Maria d'Outremeuse,5-6-1930,#,no,#,no,petition refused or crowning uncertain (incoronazione #),,,,,,,,Frate Anselmo: la titola: Santa Maria d'Outremeuse e data l'incoronazione 5 giugno 1930. Nessun riferimento in internet.
1202,1158,Spagna,Jaén,Vergine della Cappella,11-6-1930,Capitolo,sì,1,yes,,vergine-della-cappella-virgen-de-la-capilla-jaen,Jaén,Vergine della Cappella (Virgen de la Capilla),1930-06-11,,,,ERR - Frate Anselmo: data l'incoronazione 13 gennaio 1930.
1203,1212,Spagna,Santa Cruz de La Palma,Santa Maria delle Nevi,22-6-1930,Capitolo,sì,1,yes,,santa-maria-delle-nevi-nuestra-senora-de-las-nie,Santa Cruz de La Palma,Santa Maria delle Nevi (Nuestra Señora de las Nieves),1930-06-22,,,,ERR - Frate Anselmo: data l'incoronazione 15 giugno 1930 e la colloca a La Palma.
1204,865,Italia,Laurenzana,Madonna del Monte Carmelo,16-7-1930,Capitolo,sì,1,yes,,madonna-del-monte-carmelo-laurenzana,Laurenzana,Madonna del Monte Carmelo,1930-07-16,,,,ERR - Frate Anselmo: scambia la data del decreto con la data di incoronazione.
1205,1072,Italia,Mompantero,Madonna del Rocciamelone,10-8-1930,Capitolo,sì,1,yes,,madonna-del-rocciamelone-mompantero,Mompantero,Madonna del Rocciamelone,1930-08-10,,,,"Frate Anselmo: la colloca a Susa, senza indicare la regione. ERR - Frate Anselmo: scambia la data del decreto con la data di incoronazione."
1206,1169,Spagna,Saldaña,Vergine della Valle,8-9-1930,B.P.,sì,1,yes,,vergine-della-valle-virgen-del-valle-saldana,Saldaña,Vergine della Valle (Virgen del Valle),1930-09-08,,,,ERR - Frate Anselmo: data l'incoronazione 24 maggio 1930 e la colloca a Valle de Saldana.
1207,778,Ecuador,El Cisne,Nostra Signora del Cigno,8-9-1930,Capitolo,sì,1,yes,,nostra-signora-del-cigno-virgen-del-cisne-el-cis,El Cisne,Nostra Signora del Cigno (Virgen del Cisne),1930-09-08,,,,ERR - Frate Anselmo: scambia la data del decreto con la data di incoronazione.
1208,1152,Spagna,Baza,Nostra Signora della Misericordia,14-9-1930,Capitolo,sì,1,yes,,nostra-signora-della-misericordia-virgen-de-la-p,Baza,Nostra Signora della Misericordia (Virgen de la Piedad),1930-09-14,,,,ERR - Frate Anselmo: scambia la data del decreto con la data di incoronazione.
1209,1213,Spagna,Madrid,Vergine di Atocha,24-9-1930,B.P.,sì,1,yes,,vergine-di-atocha-virgen-de-atocha-madrid,Madrid,Vergine di Atocha (Virgen de Atocha),1930-09-24,,,,"Frate Anselmo: la titola: Santa Maria de Atocha, dei PP. Predicatori"
1210,1122,Italia,Peschiera del Garda,Madonna del Frassino,24-9-1930,Capitolo,sì,1,yes,,madonna-del-frassino-regina-del-garda-peschiera,Peschiera del Garda,Madonna del Frassino (Regina del Garda),1930-09-24,,,,ERR - Frate Anselmo: scambia la data del decreto con la data di incoronazione.
1211,1180,Spagna,Guadalajara,Vergine dell'Antigua,28-9-1930,B.P.,sì,1,yes,,vergine-dell-antigua-virgen-de-la-antigua-guadal,Guadalajara,Vergine dell'Antigua (Virgen de la Antigua),1930-09-28,,,,ERR - Frate Anselmo: non la cita.
1212,1167,Spagna,"Leòn, località Valverde de la Virgen",Nostra Signora del Camino,19-10-1930,Capitolo,sì,1,yes,,nostra-signora-del-camino-nuestra-senora-del-cam,"Leòn, località Valverde de la Virgen",Nostra Signora del Camino (Nuestra Señora del Camino),1930-10-19,,,,ERR - Frate Anselmo: scambia la data del decreto con la data di incoronazione e la titola Madonna Addolorata.
1213,1201,Spagna,Foyos,Santa Maria del Patrocinio,19-10-1930,Capitolo,sì,1,yes,,santa-maria-del-patrocinio-virgen-del-patrocinio,Foyos,Santa Maria del Patrocinio (Virgen del Patrocinio),1930-10-19,,,,ERR - Frate Anselmo: data l'incoronazione 18 ottobre 1930.
1214,1121,Italia,"Legnago, quartiere Porto di Legnago",Madonna della Salute,19-11-1930,Capitolo,sì,1,yes,,madonna-della-salute-legnago-quartiere-porto-di,"Legnago, quartiere Porto di Legnago",Madonna della Salute,1930-11-19,,,,Frate Anselmo: la colloca a Porto-Legnago. ERR - Frate Anselmo: scambia la data del decreto con la data di incoronazione.
1215,1108,Italia,Assisi,Madonna del Pianto,21-12-1930,#,no,#,no,petition refused or crowning uncertain (incoronazione #),,,,,,,,Frate Anselmo: data l'incoronazione 21 dicembre 1930. Nessun riferimento in internet.
1216,1220,Spagna,Orduña,Nostra Signora de la Antigua,15-2-1931,#,no,#,no,petition refused or crowning uncertain (incoronazione #),,,,,,,,Frate Anselmo: data l'incoronazione 15 febbraio 1931. Nessun riferimento in internet.
1217,945,Italia,Faenza,Madonna delle Grazie,10-5-1931,B.P.,sì,1,yes,,madonna-delle-grazie-faenza,Faenza,Madonna delle Grazie,1931-05-10,AAS,yes,,ERR - Frate Anselmo: non la cita.
1218,1093,Italia,Palermo,Immacolata Concezione,31-5-1931,Capitolo,sì,1,yes,,immacolata-concezione-palermo,Palermo,Immacolata Concezione,1931-05-31,,,,ERR - Frate Anselmo: scambia la data del decreto con la data di incoronazione.
1219,847,Francia,Marsiglia,Nostra Signora della Guardia,21-6-1931,Capitolo,sì,1,yes,,nostra-signora-della-guardia-notre-dame-de-la-ga,Marsiglia,Nostra Signora della Guardia (Notre-Dame de la Garde),1931-06-21,,,,ERR - Frate Anselmo: non la cita.
1220,1130,Polonia,Borek Wielkopolski,Nostra Signora della Consolazione,2-7-1931,Capitolo,sì,1,yes,,nostra-signora-della-consolazione-borek-wielkopo,Borek Wielkopolski,Nostra Signora della Consolazione,1931-07-02,,,,Frate Anselmo: la colloca a Borek. ERR - Frate Anselmo: scambia la data del decreto con la data di incoronazione.
1221,1095,Italia,Noto,Madonna della Scala,20-7-1931,#,no,#,no,petition refused or crowning uncertain (incoronazione #),,,,,,,,Frate Anselmo: data l'incoronazione 20 luglio 1931. Nessun riferimento in internet.
1222,845,Francia,Mauges-sur-Loire,Nostra Signora du Marillais,8-9-1931,B.P.,sì,1,yes,,nostra-signora-du-marillais-nostra-signora-degli,Mauges-sur-Loire,Nostra Signora du Marillais (Nostra Signora degli Angioini),1931-09-08,,,,"Frate Anselmo: la titola: Santa Maria de Mariolo, vulgo N. D. de Marillais o N. D. Augevine e la colloca a Le Marillais. ERR - Frate Anselmo: data l'incoronazione 15 maggio 1930."
1223,1039,Italia,Garlasco,Madonna della Bozzola,8-9-1931,Capitolo,sì,1,yes,,madonna-della-bozzola-garlasco,Garlasco,Madonna della Bozzola,1931-09-08,,,,ERR - Frate Anselmo: scambia la data del decreto con la data di incoronazione.
1224,1192,Spagna,Ibi,Vergine degli Abbandonati,12-9-1931,Capitolo,sì,1,yes,,vergine-degli-abbandonati-virgen-de-los-desampar,Ibi,Vergine degli Abbandonati (Virgen de los Desamparados),1931-09-12,,,,ERR - Frate Anselmo: data l'incoronazione 10 agosto 1931.
1225,1214,Spagna,Palma di Maiorca,Nostra Signora della Salute,13-9-1931,Capitolo,sì,1,yes,,mare-de-deu-de-la-salut-virgen-de-la-salud-palma,Palma de Mallorca,"Mare de Déu de la Salut, Virgen de la Salud",1931-09-13,Zander/Magister,yes,,ERR - Frate Anselmo: scambia la data del decreto con la data di incoronazione e la colloca a Maiorca.
1226,947,Italia,Cormons,Madonna di Rosa Mistica,20-9-1931,Capitolo,sì,1,yes,,madonna-di-rosa-mistica-cormons,Cormons,Madonna di Rosa Mistica,1931-09-20,,,,ERR - Frate Anselmo: scambia la data del decreto con la data di incoronazione.
1227,793,Austria,Vienna,Nostra Signora con la testa china,27-9-1931,Capitolo,sì,1,yes,,nostra-signora-con-la-testa-china-vienna,Vienna,Nostra Signora con la testa china,1931-09-27,,,,"Frate Anselmo: la titola: Santa Maria ""Mater Gratiae "", dei Padri Carmelitani. ERR - Frate Anselmo: data l'incoronazione 14 maggio 1931 e la titola: Santa Maria ""Mater Gratiae"", dei Padri Carmelitani."
1228,1126,Malta,La Valletta,Nostra Signora Damascena,25-10-1931,Capitolo,sì,1,yes,,nostra-signora-damascena-la-valletta,La Valletta,Nostra Signora Damascena,1931-10-25,,,,ERR - Frate Anselmo: la colloca a Malta e scambia la data del decreto con la data di incoronazione.
1229,885,Italia,"Caposele, frazione di Materdomini",Santa Maria Mater Domini,#-#-1931,Capitolo,sì,1,yes,,santa-maria-mater-domini-caposele-frazione-di-ma,"Caposele, frazione di Materdomini",Santa Maria Mater Domini,1931,,,,ERR - Frate Anselmo: data l'incoronazione 10 agosto 1931
1230,1521,Italia,Novara,Madonna di Caravaggio,22-5-1932,#,no,#,no,petition refused or crowning uncertain (incoronazione #),,,,,,,,Bonci: data l'incoronazione 22 maggio 1932.
1231,1347,Perù,Lima,Santa Maria del Rosario,31-5-1932,#,no,#,no,petition refused or crowning uncertain (incoronazione #),,,,,,,,"ERR - Bonci: data l'incoronazione 31 maggio 1932, fu incoronata nel 1927."
1232,1493,Italia,Genova,Nostra Signora Virgo Potens,19-6-1932,Capitolo,sì,1,yes,,nostra-signora-virgo-potens-genova,Genova,Nostra Signora Virgo Potens,1932-06-19,,,,ERR - Bonci: non la cita.
1233,1498,Italia,Calizzano,Madonna delle Grazie,20-6-1932,#,no,#,no,petition refused or crowning uncertain (incoronazione #),,,,,,,,Bonci: data l'incoronazione 20 giugno 1932. ERR - Bonci: la colloca a Calizzano in provincia di Cuneo. Nessun riferimento in internet.
1234,1567,Italia,Bisacquino,Madonna del Balzo,20-6-1932,#,no,#,no,petition refused or crowning uncertain (incoronazione #),,,,,,,,Bonci: data l'incoronazione 20 giugno 1932. Nessun riferimento in internet.
1235,1597,Paesi Bassi,Nijmegen,Nostra Signora di Nijmegen,7-8-1932,B.P.,sì,1,yes,,nostra-signora-di-nijmegen-onze-lieve-vrouw-van,Nijmegen,Nostra Signora di Nijmegen (Onze Lieve Vrouw van Nijmegen),1932-08-07,,,,"ERR - Bonci: data l'incoronazione 21 giugno 1932, la titola: Beata Vergine Maria e la colloca a Neomagi. Nome della città in latino: Noviomagus e in italiano Nimega."
1236,1520,Italia,Ameno,Maria del Santissimo Rosario,4-9-1932,Capitolo,sì,1,yes,,maria-del-santissimo-rosario-ameno,Ameno,Maria del Santissimo Rosario,1932-09-04,,,,ERR - Bonci: data l'incoronazione 16 maggio 1932.
1237,1518,Italia,Agnone,Madonna della Libera,7-9-1932,Capitolo,sì,1,yes,,madonna-della-libera-agnone,Agnone,Madonna della Libera,1932-09-07,,,,ERR - Bonci: scambia la data del decreto con la data di incoronazione.
1238,1603,Polonia,Hyzne,Nostra Signora delle Grazie,8-9-1932,Capitolo,sì,1,yes,,nostra-signora-delle-grazie-nostra-signora-di-hy,Hyzne,Nostra Signora delle Grazie (Nostra Signora di Hyzne),1932-09-08,,,,"ERR - Bonci: la colloca a HyYne, data l'incoronazione 16 marzo 1932 e la titola: Beata Vergine Maria con Bambino Gesù."
1239,1516,Italia,Montecosaro,Santissima Vergine Addolorata,15-9-1932,#,no,#,no,petition refused or crowning uncertain (incoronazione #),,,,,,,,Bonci: data l'incoronazione 15 settembre 1932. Nessun riferimento in internet.
1240,1513,Italia,"Osimo, frazione di Campocavallo",Beata Vergine Addolorata di Campocavallo,25-9-1932,#,no,#,no,petition refused or crowning uncertain (incoronazione #),,,,,,,,ERR - Bonci: non la cita.
1241,1474,Italia,Ferrara,Santa Maria delle Grazie,8-12-1932,#,no,#,no,petition refused or crowning uncertain (incoronazione #),,,,,,,,ERR - Bonci: data l'incoronazione 20 giugno 1932.
1242,1404,Francia,Angoulême,Nostra Signora di Obézine,11-12-1932,#,no,#,no,petition refused or crowning uncertain (incoronazione #),,,,,,,,ERR - Bonci: la colloca a Obezina; la titola: Beata Vergine di Obezina e data l'incoronazione 11 dicembre 1932. Nessun riferimento in internet.
1243,1522,Italia,Varallo,Beata Vergine Immacolata,25-4-1933,#,no,#,no,petition refused or crowning uncertain (incoronazione #),,,,,,,,Bonci: data l'incoronazione 25 aprile 1933. Nessun riferimento in internet.
1244,1379,Belgio,Malines,"Beata Vergine Maria ""Stella maris""",16-6-1933,#,no,#,no,petition refused or crowning uncertain (incoronazione #),,,,,,,,Bonci: data l'incoronazione 16 giugno 1933. Nessun riferimento in internet.
1245,1400,Francia,Verdun,Beta Vergine Maria,9-7-1933,#,no,#,no,petition refused or crowning uncertain (incoronazione #),,,,,,,,Bonci: data l'incoronazione 4 ottobre 1933 e la titola: Beata Vergine Maria.
1246,1454,Italia,Castellammare di Stabia,Madonna del Monte Carmelo,16-7-1933,Capitolo,sì,1,yes,,madonna-del-monte-carmelo-castellammare-di-stabi,Castellammare di Stabia,Madonna del Monte Carmelo,1933-07-16,,,,ERR - Bonci: data l'incoronazione 14 settembre 1933.
1247,1417,Italia,Teramo,Madonna delle Grazie,1-10-1933,B.P.,sì,1,yes,,madonna-delle-grazie-teramo,Teramo,Madonna delle Grazie,1933-10-01,,,,ERR - Bonci: non la cita.
1248,1236,Guatemala,Città del Guatemala,Nostra Signora del Rosario,28-1-1934,B.P.,sì,1,yes,,nuestra-senora-del-rosario-guatemala-city,Guatemala City,Nuestra Señora del Rosario,1934-01-28,AAS,yes,,ERR - Bonci: non la cita.
1249,1390,Francia,"Valuéjols, villaggio di Lescure",Nostra Signora della Visitazione,14-7-1934,B.P.,sì,1,yes,,nostra-signora-della-visitazione-notre-dame-de-l,"Valuéjols, villaggio di Lescure",Nostra Signora della Visitazione (Notre-Dame de Lescure),1934-07-14,,,,ERR - Bonci: non la cita.
1250,1398,Francia,Avioth,Nostra Signora di Avioth,15-7-1934,B.P.,sì,1,yes,,nostra-signora-di-avioth-notre-dame-d-avioth-avi,Avioth,Nostra Signora di Avioth (Notre-Dame d'Avioth),1934-07-15,,,,ERR - Bonci: non la cita.
1251,1408,Francia,Pontmain,Nostra Signora di Pontmain,24-7-1934,B.P.,sì,1,yes,,nostra-signora-di-pontmain-notre-dame-de-pontmai,Pontmain,Nostra Signora di Pontmain (Notre-Dame de Pontmain),1934-07-24,,,,ERR - Bonci: data l'incoronazione 16 luglio 1933 e la colloca a Pont Main.
1252,1393,Francia,Quintin,Nostra Signora della Liberazione,29-7-1934,B.P.,sì,1,yes,,notre-dame-de-la-delivrance-quentin,Quentin,Notre-Dame de la Délivrance,1934-07-29,AAS,,,ERR - Bonci: non la cita.
1253,1642,Spagna,Avila,Santa Maria de Sonsoles,15-8-1934,Capitolo,sì,1,yes,,santa-maria-de-sonsoles-virgen-de-sonsoles-avila,Avila,Santa Maria de Sonsoles (Virgen de Sonsoles),1934-08-15,,,,ERR - Frate Anselmo: scambia la data del decreto con la data di incoronazione.
1254,1700,Spagna,Felanitx,Madre de Dio del Santissimo Salvatore,8-9-1934,Capitolo,sì,1,yes,,madre-de-dio-del-santissimo-salvatore-virgen-del,Felanitx,Madre de Dio del Santissimo Salvatore (Virgen del Puig de San Salvador),1934-09-08,,,,ERR - Bonci: data l'incoronazione 3 giugno 1934 e la colloca a Palma.
1255,1733,Svizzera,Einsiedeln,Nostra Signora degli Eremiti,14-9-1934,B.P.,sì,1,yes,,unsere-liebe-frau-von-einsiedeln-our-lady-of-the,Einsiedeln,Unsere Liebe Frau von Einsiedeln (Our Lady of the Hermits),1934-09-14,AAS,,,ERR - Bonci: non la cita.
1256,1601,Polonia,Bochnia,Nostra Signora del Rosario,1-10-1934,Capitolo,sì,1,yes,,nostra-signora-del-rosario-nostra-signora-della,Bochnia,Nostra Signora del Rosario (Nostra Signora della Bohemia),1934-10-01,,,,ERR - Bonci: scambia la data del decreto con la data di incoronazione e la titola: Beata Vergine Maria in Bochnia.
1257,1555,Italia,Vallelunga Pratameno,Madonna di Loreto,10-12-1934,#,no,#,no,petition refused or crowning uncertain (incoronazione #),,,,,,,,Bonci: data l'incoronazione 10 dicembre 1934. Nessun riferimento in internet.
1258,1420,Italia,Avigliano,Santa Maria del Carmine di Avigliano,26-5-1935,Capitolo,sì,1,yes,,santa-maria-del-carmine-di-avigliano-madonna-del,Avigliano,Santa Maria del Carmine di Avigliano (Madonna del Carmine),1935-05-26,,,,ERR - Bonci: non la cita.
1259,1546,Italia,Alghero,Maria Santissima di Valverde,26-5-1935,Capitolo,sì,1,yes,,madonna-di-valverde-alghero,Alghero,Madonna di Valverde,1935-05-26; 1948,AAS,no,,ERR - Bonci: scambia la data del decreto con la data di incoronazione.
1260,1406,Francia,Brissac,Nostra Signora de Suc,10-6-1935,Capitolo,sì,1,yes,,nostra-signora-de-suc-notre-dame-du-suc-brissac,Brissac,Nostra Signora de Suc (Notre-Dame du Suc),1935-06-10,,,,ERR - Bonci: non la cita.
1261,1457,Italia,Napoli,Cuore Sacratissimo di Maria,16-6-1935,#,no,#,no,petition refused or crowning uncertain (incoronazione #),,,,,,,,Bonci: data l'incoronazione 16 giugno 1935. Nessun riferimento in internet.
1262,1669,Spagna,Barcellona,Nostra Signora del Rosario di Pompei,16-6-1935,#,no,#,no,petition refused or crowning uncertain (incoronazione #),,,,,,,,Bonci: data l'incoronazione 16 giugno 1935. Nessun riferimento in internet.
1263,1589,Malta,Għarb,Beata Vergine di Ta' Pinu,20-6-1935,B.P.,sì,1,yes,,beata-vergine-di-ta-pinu-blessed-virgin-of-ta-pi,Għarb,Beata Vergine di Ta' Pinu (Blessed Virgin of Ta' Pinu),1935-06-20,,,,ERR - Bonci: data l'incoronazione 6 ottobre 1933 e la colloca a Gozo (l'isola dove si trova la Madonna).
1264,1384,Croazia,Marija Bistrica,Nostra Signora di Bistrica,7-7-1935,Capitolo,sì,1,yes,,nostra-signora-di-bistrica-marija-bistrica,Marija Bistrica,Nostra Signora di Bistrica,1935-07-07,,,,ERR - Bonci: non la cita.
1265,1471,Italia,Sarno,Santa Maria della Foce,21-7-1935,#,no,#,no,petition refused or crowning uncertain (incoronazione #),,,,,,,,Bonci: data l'incoronazione 21 luglio 1935. ERR - Bonci: la colloca a Foce di Sarno. Nessun riferimento in internet.
1266,1463,Italia,Secondigliano,Maria Santissima Addolorata,4-8-1935,Capitolo,sì,1,yes,,maria-santissima-addolorata-secondigliano,Secondigliano,Maria Santissima Addolorata,1935-08-04,,,,ERR - Bonci: scambia la data del decreto con la data di incoronazione.
1267,1472,Italia,Torraca,Madonna dei Cordici,8-9-1935,Capitolo,sì,1,yes,,madonna-dei-cordici-torraca,Torraca,Madonna dei Cordici,1935-09-08,,,,ERR - Bonci: scambia la data del decreto con la data di incoronazione.
1268,1403,Francia,La Chapelle-Montligeon,Nostra Signora di Montligeon,19-9-1935,B.P.,sì,1,yes,,nostra-signora-di-montligeon-notre-dame-de-montl,La Chapelle-Montligeon,Nostra Signora di Montligeon (Notre-Dame de Montligeon),1935-09-19,,,,ERR - Bonci: non la cita.
1269,1551,Italia,Montevago,Vergine Santissima delle Grazie,14-11-1935,Capitolo,sì,1,yes,,vergine-santissima-delle-grazie-montevago,Montevago,Vergine Santissima delle Grazie,1935-11-14,,,,ERR - Bonci: scambia la data del decreto con la data di incoronazione.
1270,1306,Argentina,Santa Fe,Nostra Signora dei Miracoli,9-5-1936,B.P,sì,1,yes,,nostra-signora-dei-miracoli-virgen-de-los-milagr,Santa Fe,Nostra Signora dei Miracoli (Virgen de los Milagros),1936-05-09,,,,ERR - Bonci: non la cita.
1271,1378,Belgio,"Bruxelles, quartiere di Laeken",Nostra Signora di Laken,17-5-1936,Capitolo,sì,1,yes,,nostra-signora-di-laken-onze-lieve-vrouwekerk-br,"Bruxelles, quartiere di Laeken",Nostra Signora di Laken (Onze-Lieve-Vrouwekerk),1936-05-17,,,,ERR - Bonci: data l'incoronazione 15 luglio 1934.
1272,1231,Cuba,St. Jacobi de Cuba,Beata Vergine Maria della Carità,28-6-1936,#,no,#,no,petition refused or crowning uncertain (incoronazione #),,,,,,,,Bonci: data l'incoronazione 28 giugno 1936 e la colloca a St. Jacobi de Cuba. Nessun riferimento in internet.
1273,1456,Italia,Marigliano,Madonna della Speranza,5-7-1936,Capitolo,sì,1,yes,,madonna-della-speranza-marigliano,Marigliano,Madonna della Speranza,1936-07-05,,,,ERR - Bonci: non la cita.
1274,1475,Italia,Bagnacavallo,Madonna di Gerusalemme,15-8-1936,#,no,#,no,petition refused or crowning uncertain (incoronazione #),,,,,,,,Bonci: data l'incoronazione 15 dicembre 1936. Nessun riferimento in internet.
1275,1736,Ucraina,Leopoli,Santissima Vergine Maria delle Grazie,15-11-1936,#,no,#,no,petition refused or crowning uncertain (incoronazione #),,,,,,,,Bonci: data l'incoronazione 15 novembre 1936. Nessun riferimento in internet.
1276,1492,Italia,"Chiavari, località Bacezza",Santa Maria dell'Olivo,15-12-1936,B.P.,sì,1,yes,,santa-maria-dell-olivo-chiavari-localita-bacezza,"Chiavari, località Bacezza",Santa Maria dell'Olivo,1936-12-15,,,,ERR - Bonci: non la cita.
1277,1233,Cuba,El Cobre,Nostra Signora della Carità del Cobre,20-12-1936,B.P.,sì,1,yes,,virgen-de-la-caridad-del-cobre-el-cobre,El Cobre,Virgen de la Caridad del Cobre,1936-12-20; 1998,AAS,no,,ERR - Bonci: non la cita.
1278,1585,Italia,Terni,Maria Santissima della Misericordia,1-5-1937,Capitolo,sì,1,yes,,madonna-della-misericordia-terni-interamna,Terni (Interamna),Madonna della Misericordia,1937-05-01,AAS,yes,,ERR - Bonci: scambia la data del decreto con la data di incoronazione.
1279,1538,Italia,San Severo,Beata Vergine del Soccorso,8-5-1937,Capitolo,sì,1,yes,,beata-vergine-del-soccorso-san-severo,San Severo,Beata Vergine del Soccorso,1937-05-08,,,,ERR - Bonci: data l'incoronazione 20 febbraio 1938.
1280,1731,Svizzera,Ginevra,Nostra Signora di Ginevra,23-5-1937,B.P.,sì,1,yes,,nostra-signora-di-ginevra-notre-dame-de-geneve-g,Ginevra,Nostra Signora di Ginevra (Notre-Dame de Genève),1937-05-23,,,,ERR - Bonci: non la cita.
1281,1510,Italia,Monza,Beata Vergine delle Grazie,23-5-1937,Capitolo,sì,1,yes,,beata-vergine-delle-grazie-madonna-della-grazie,Monza,Beata Vergine delle Grazie (Madonna della Grazie),1937-05-23,,,,ERR - Bonci: data l'incoronazione 14 marzo 1936.
1282,1395,Francia,La Guerche-de-Bretagne,Nostra Signora dell'Assunzione,17-6-1937,B.P.,sì,1,yes,,notre-dame-de-la-guerche-la-guerche-de-bretagne,La Guerche-de-Bretagne,Notre-Dame de la Guerche,1937-06-17,AAS,yes,,"ERR - Bonci: scambia la data del decreto con la data di incoronazione, la colloca a Rennes (che è invece la diocesi) e la titola: Notre Dame de La Guerche."
1283,1391,Francia,Mièges,Beata Vergine di Miège,20-6-1937,Capitolo,sì,1,yes,,beata-vergine-di-miege-notre-dame-de-mieges-mieg,Mièges,Beata Vergine di Miège (Notre-Dame de Mièges),1937-06-20,,,,ERR - Bonci: scambia la data del decreto con la data di incoronazione.
1284,1382,Belgio,Liegi,Nostra Signora di San Severino,18-7-1937,#,no,#,no,petition refused or crowning uncertain (incoronazione #),,,,,,,,"Bonci: data l'incoronazione 18 luglio 1937 e la titola: Notre Dame di S. Severino ""Mère de tous"". Nessun riferimento in internet."
1285,1452,Italia,Santa Maria Capua Vetere,Santa Maria Assunta in Cielo,14-8-1937,Capitolo,sì,1,yes,,santa-maria-assunta-in-cielo-santa-maria-capua-v,Santa Maria Capua Vetere,Santa Maria Assunta in Cielo,1937-08-14,,,,ERR - Bonci: scambia la data del decreto con la data di incoronazione.
1286,1602,Polonia,Odporyszow,Nostra Signora della Vittoria,15-8-1937,Capitolo,sì,1,yes,,nostra-signora-della-vittoria-nostra-signora-di,Odporyszow,Nostra Signora della Vittoria (Nostra Signora di Odporyszow),1937-08-15,,,,ERR - Bonci: data l'incoronazione 14 marzo 1937 e la titola: Beata Vergine Genitrici di Dio.
1287,1604,Polonia,Charlupia Minore,Beata Vergine Maria,8-9-1937,Capitolo,sì,1,yes,,beata-vergine-maria-charlupia-minore,Charlupia Minore,Beata Vergine Maria,1937-09-08,,,,ERR - Bonci: scambia la data del decreto con la data di incoronazione.
1288,1362,Filippine,Manila,Beata Vergine Maria di Guadalupe,25-5-1938,#,no,#,no,petition refused or crowning uncertain (incoronazione #),,,,,,,,"Bonci: data l'incoronazione 25 maggio 1938, la colloca a Manila e la titola: Beata Vergine Maria di Guadalupe. Nessun riferimento in internet."
1289,1307,Bolivia,Sucre,Nostra Signora di Guadalupe,25-5-1938,#,no,#,no,petition refused or crowning uncertain (incoronazione #),,,,,,,,ERR - Bonci: data l'incoronazione 25 maggio 1938 e la colloca a Sucre de Plata.
1290,1419,Italia,Tricarico,Madonna del Carmelo,25-5-1938,#,no,#,no,petition refused or crowning uncertain (incoronazione #),,,,,,,,Bonci: data l'incoronazione 25 maggio 1938. Nessun riferimento in internet.
1291,1410,Francia,Cotignac,Nostra Signor delle Grazie,7-8-1938,Capitolo,sì,1,yes,,nostra-signor-delle-grazie-notre-dame-de-graces,Cotignac,Nostra Signor delle Grazie (Notre-Dame de Graces),1938-08-07,,,,ERR - Bonci: data l'incoronazione 18 novembre 1938.
1292,1596,Paesi Bassi,Uden,Nostra Signora del Tiglio,15-8-1938,Capitolo,sì,1,yes,,nostra-signora-del-tiglio-onze-lieve-vrouw-ter-l,Uden,Nostra Signora del Tiglio (Onze Lieve Vrouw ter Linde),1938-08-15,,,,"ERR - Bonci: scambia la data del decreto con la data di incoronazione, la colloca a Bois le Duc e la titola: Beata Vergine Salute degli Infermi."
1293,1458,Italia,Napoli,Madonna del Buon Consiglio,15-1-1939,Capitolo,sì,1,yes,,madonna-del-buon-consiglio-napoli-zona-pizzofalc,"Napoli, zona Pizzofalcone",Madonna del Buon Consiglio,1912-01-06; 1939-01-15,,,,ERR - Bonci: data l'incoronazione 20 febbraio 1938.
1294,1448,Italia,Colle Sannita,Madonna della Libera,26-2-1939,#,no,#,no,petition refused or crowning uncertain (incoronazione #),,,,,,,,Bonci: data l'incoronazione 26 febbraio 1939. Nessun riferimento in internet.
1295,1565,Italia,Messina,Madonna di Lourdes,12-3-1939,Capitolo,sì,1,yes,,madonna-di-lourdes-messina,Messina,Madonna di Lourdes,1939-03-12,,,,ERR - Bonci: scambia la data del decreto con la data di incoronazione.
1296,1255,Messico,Salvatierra,Nostra Signora della Luce,24-5-1939,B.P.,sì,1,yes,,nostra-signora-della-luce-nuestra-senora-de-la-l-2,Salvatierra,Nostra Signora della Luce (Nuestra Señora de la Luz),1939-05-24,,,,ERR - Bonci: non la cita.
1297,1423,Italia,Oppido Lucano,Santa Maria della Purità,11-6-1939,Capitolo,sì,1,yes,,santa-maria-della-purita-oppido-lucano,Oppido Lucano,Santa Maria della Purità,1939-06-11,,,,ERR - Bonci: non la cita.
1298,1431,Italia,Acri,Madonna Addolorata,18-7-1939,#,no,#,no,petition refused or crowning uncertain (incoronazione #),,,,,,,,Bonci: data l'incoronazione 18 luglio 1939. Nessun riferimento in internet.
1299,1550,Italia,Agrigento,Beata Vergine Immacolata,5-3-1940,#,no,#,no,petition refused or crowning uncertain (incoronazione #),,,,,,,,Bonci: data l'incoronazione 5 marzo 1940. Nessun riferimento in internet.
1300,1416,Italia,Corropoli,Madonna del Sabato Santo,12-3-1940,#,no,#,no,petition refused or crowning uncertain (incoronazione #),,,,,,,,Bonci: data l'incoronazione 12 marzo 1940. Nessun riferimento in internet.
1301,1523,Italia,Crescentino,Madonna del Palazzo,15-4-1940,#,no,#,no,petition refused or crowning uncertain (incoronazione #),,,,,,,,ERR - Bonci: la colloca a Vercelli con il titolo Madonna del Palazzo Crescentino e data l'incoronazione 15 aprile 1940. Nessun riferimento in internet.
1302,1425,Italia,Rionero in Vulture,Beata Vergine del Carmine,20-4-1940,#,no,#,no,petition refused or crowning uncertain (incoronazione #),,,,,,,,Bonci: data l'incoronazione 20 aprile 1940. Nessun riferimento in internet.
1303,1734,Svizzera,Lugano,Madonna delle Grazie,19-5-1940,Capitolo,sì,1,yes,,madonna-delle-grazie-lugano,Lugano,Madonna delle Grazie,1940-05-19,,,,
1304,1566,Italia,"Patti, frazione di Tindari",Madonna di Tindari,10-6-1940,#,no,#,no,petition refused or crowning uncertain (incoronazione #),,,,,,,,Bonci: data l'incoronazione 10 giugno 1940. Nessun riferimento in internet.
1305,1655,Spagna,Ciudad Real,Santa Maria del Prado,15-7-1940,#,no,#,no,petition refused or crowning uncertain (incoronazione #),,,,,,,,ERR - Bonci: data l'incoronazione 15 luglio 1940 e la colloca a Real. Nessun riferimento in internet.
1306,1727,Spagna,San Sebastian,Vergine del Coro,8-9-1940,B.P.,sì,1,yes,,virgen-del-coro-san-sebastian-urbs-sancti-sebast,San Sebastian (Urbs Sancti Sebastiani),Virgen del Coro,1940-09-08,AAS,,,ERR - Bonci: non la cita.
1307,1340,Perù,Arequipa,Santissima Vergine Addolorata,20-10-1940,Capitolo,sì,1,yes,,santissima-vergine-addolorata-nuestra-senora-de,Arequipa,Santissima Vergine Addolorata (Nuestra Señora de los Dolores),1940-10-20,,,,ERR - Bonci: scambia la data del decreto con la data di incoronazione.
1308,1569,Italia,Termini Imerese,Madonna della Consolazione,26-10-1940,#,no,#,no,petition refused or crowning uncertain (incoronazione #),,,,,,,,Bonci: data l'incoronazione 26 ottobre 1940. Nessun riferimento in internet.
1309,1261,Messico,Guadalajara,"Nostra Signora del Rosario ""del Rayo""",18-8-1941,Capitolo,sì,1,yes,,nostra-signora-del-rosario-del-rayo-virgen-del-r,Guadalajara,"Nostra Signora del Rosario ""del Rayo"" (Virgen del Rayo)",1941-08-18,,,,"ERR - Bonci: scambia la data del decreto con la data di incoronazione e la titola: Beata Vergine del Rosario ""del Raxo"""
1310,1407,Francia,Evron,Nostra Signora della Spina,8-9-1941,Capitolo,sì,1,yes,,nostra-signora-della-spina-notre-dame-de-l-epine,Evron,Nostra Signora della Spina (Notre-Dame de l'Épine),1941-09-08,,,,ERR - Bonci: data l'incoronazione 19 novembre 1937.
1311,1305,Argentina,Rosario,Nostra Signora del Rosario,5-10-1941,Capitolo,sì,1,yes,,nuestra-senora-del-rosario-rosario,Rosario,Nuestra Señora del Rosario,1941-10-05,AAS,yes,,ERR - Bonci: data l'incoronazione 15 novembre 1939.
1312,1582,Italia,Perugia,Madonna della Misericordia,19-10-1941,#,no,#,no,petition refused or crowning uncertain (incoronazione #),,,,,,,,Bonci: data l'incoronazione 19 ottobre 1941. Nessun riferimento in internet.
1313,1342,Perù,Cajamarca,Nostra Signora dei Dolori,14-6-1942,B.P.,sì,1,yes,,nostra-signora-dei-dolori-nuestra-senora-de-los-3,Cajamarca,Nostra Signora dei Dolori (Nuestra Señora de los Dolores),1942-06-14,,,,ERR - Bonci: non la cita.
1314,1331,Colombia,Carmen de Apicalà,Nostra Signora del Carmine,16-7-1942,B.P.,sì,1,yes,,nostra-signora-del-carmine-nuestra-senora-del-ca-5,Carmen de Apicalà,Nostra Signora del Carmine (Nuestra Señora del Carmen de Apicala),1942-07-16,,,,ERR - Bonci: scambia la data del decreto con la data di incoronazione e la colloca ad Apicalà.
1315,1275,Messico,Tlalpujahua,Nostra Signora del Carmine,12-10-1942,B.P.,sì,1,yes,,nostra-signora-del-carmine-nuestra-senora-del-ca-2,Tlalpujahua,Nostra Signora del Carmine (Nuestra Señora del Carmen),1942-10-12,,,,ERR - Bonci: non la cita.
1316,1524,Italia,Trino,Vergine Immacolata,25-10-1942,#,no,#,no,petition refused or crowning uncertain (incoronazione #),,,,,,,,Bonci: data l'incoronazione 25 ottobre 1942. Nessun riferimento in internet.
1317,1358,Venezuela,Maracaibo,Nostra Signora del Rosario di Chiquinquirà,18-11-1942,B.P.,sì,1,yes,,nuestra-senora-de-chiquinquira-maracaibo,Maracaibo,Nuestra Senora de Chiquinquira,1942-11-18,AAS,,,ERR - Frate Anselmo: scambia la data del decreto con la data di incoronazione.
1318,1509,Italia,Milano,Madonna della Salute,18-11-1942,#,no,#,no,petition refused or crowning uncertain (incoronazione #),,,,,,,,Bonci: data l'incoronazione 18 novembre 1942. Nessun riferimento in internet.
1319,1235,El Salvador,San Salvador,Nostra Signora del Rosario,25-11-1942,B.P.,sì,1,yes,,nostra-signora-del-rosario-nuestra-senora-del-ro-4,San Salvador,Nostra Signora del Rosario (Nuestra Señora del Rosario),1942-11-25,,,,ERR - Bonci: data l'incoronazione 29 ottobre 1940.
1320,1330,Colombia,San Juan de Pasto,Nostra Signora della Misericordia,8-12-1942,Capitolo,sì,1,yes,,nostra-signora-della-misericordia-nuestra-senora-4,San Juan de Pasto,Nostra Signora della Misericordia (Nuestra Señora de la Merced),1942-12-08,,,,ERR - Bonci: data l'incoronazione 25 marzo 1942 e la colloca a Pasto.
1321,1623,Spagna,Malaga,Santa Maria della Vittoria,8-2-1943,Capitolo,sì,1,yes,,santa-maria-della-vittoria-virgen-de-la-victoria,Malaga,Santa Maria della Vittoria (Virgen de la Victoria),1943-02-08,,,,ERR - Bonci: data l'incoronazione 26 ottobre 1940.
1322,1336,Ecuador,El Quinche,Nostra Signora della Presentazione di El Quinche,20-6-1943,B.P.,sì,1,yes,,nostra-signora-della-presentazione-di-el-quinche,El Quinche,Nostra Signora della Presentazione di El Quinche (Nuestra Señora de la Presentación del Quinche),1943-06-20,,,,"ERR - Bonci: data l'incoronazione 6 dicembre 1939, la colloca a Quito e la titola: Nostra Signora del Quinche Nuncupal."
1323,1704,Spagna,Mercadal,Vergine Maria di Monte Toro,12-9-1943,Capitolo,sì,1,yes,,vergine-maria-di-monte-toro-virgen-del-toro-merc,Mercadal,Vergine Maria di Monte Toro (Virgen del Toro),1943-09-12,,,,ERR - Bonci: data l'incoronazione 22 settembre 1942 e la colloca a Monte Toro.
1324,1246,Messico,Hidalgo de Parral,Nostra Signora de la Soledad,22-10-1943,B.P.,sì,1,yes,,nostra-signora-de-la-soledad-nuestra-senora-de-l,Hidalgo de Parral,Nostra Signora de la Soledad (Nuestra Señora de la Soledad de Parral),1943-10-22,,,,ERR - Bonci: non la cita.
1325,1344,Perù,Otuzco,Nostra Signora della Porta,27-10-1943,B.P.,sì,1,yes,,nostra-signora-della-porta-nuestra-senora-de-la,Otuzco,Nostra Signora della Porta (Nuestra Señora de la Puerta),1943-10-27,,,,ERR - Bonci: non la cita.
1326,1414,Italia,"L'Aquila, frazione di Poggio di Roio",Madonna di Roio,15-10-1944,Capitolo,sì,1,yes,,madonna-di-roio-madonna-della-croce-e-madonna-de,"L'Aquila, frazione di Poggio di Roio",Madonna di Roio (Madonna della Croce e Madonna della Transumanza),1944-10-15,,,,ERR - Bonci: scambia la data del decreto con la data di incoronazione e la colloca a Raio.
1327,1389,Francia,Rumilly,Nostra Signora dell'Elemosina,5-6-1945,#,no,#,no,petition refused or crowning uncertain (incoronazione #),,,,,,,,Bonci: data l'incoronazione 5 giugno 1945 e la titola: Nostra Signora di l'Aumone. Nessun riferimento in internet.
1328,1564,Italia,Valverde,Maria Santissima di Valverde,26-8-1945,Capitolo,sì,1,yes,,maria-santissima-di-valverde-valverde,Valverde,Maria Santissima di Valverde,1945-08-26,,,,ERR - Bonci: scambia la data del decreto con la data di incoronazione e la colloca ad Acireale.
1329,1444,Italia,"Grottaminarda, frazione di Carpignano",Madonna di Carpignano,#-8-1945,Capitolo,sì,1,yes,,madonna-di-carpignano-grottaminarda-frazione-di,"Grottaminarda, frazione di Carpignano",Madonna di Carpignano,1945-08,,,,ERR - Bonci: data l'incoronazione 4 maggio 1945.
1330,1484,Italia,Gavignano,Maria Santissima delle Grazie,3-10-1945,Capitolo,sì,1,yes,,maria-santissima-delle-grazie-gavignano,Gavignano,Maria Santissima delle Grazie,1945-10-03,,,,ERR - Bonci: scambia la data del decreto con la data di incoronazione.
1331,1469,Italia,Salerno,Madonna Immacolata,6-11-1945,#,no,#,no,petition refused or crowning uncertain (incoronazione #),,,,,,,,Bonci: data l'incoronazione 6 novembre 1945. Nessun riferimento in internet.
1332,1276,Messico,Zitacuaro,Nostra Signora dei Rimedi,21-11-1945,B.P.,sì,1,yes,,nostra-signora-dei-rimedi-nuestra-senora-de-los-7,Zitacuaro,Nostra Signora dei Rimedi (Nuestra Señora de los Remedios),1945-11-21,,,,ERR - Bonci: non la cita.
1333,1572,Italia,Salemi,Maria Santissima Immacolata,8-12-1945,Capitolo,sì,1,yes,,maria-santissima-immacolata-salemi,Salemi,Maria Santissima Immacolata,1945-12-08,,,,ERR - Bonci: non la cita.
1334,1249,Messico,Acámbaro,Nuestra Señora Del Refugio,8-1-1946,B.P.,sì,1,yes,,nuestra-senora-del-refugio-virgen-del-refugio-de,Acámbaro,Nuestra Señora Del Refugio (Virgen del Refugio de Pecadores),1946-01-08,,,,ERR - Bonci: data l'incoronazione 20 marzo 1946.
1335,1439,Italia,Zaccanopoli,Madonna della Neve,15-3-1946,#,no,#,no,petition refused or crowning uncertain (incoronazione #),,,,,,,,Bonci: data l'incoronazione 15 marzo 1946. Nessun riferimento in internet.
1336,1241,Messico,Azzobispo,Beata Vergine di Guadalupe,27-3-1946,#,no,#,no,petition refused or crowning uncertain (incoronazione #),,,,,,,,ERR - Bonci: data l'incoronazione 27 marzo 1946 e la colloca ad Azzobispo (località inesistente in Messico).
1337,1247,Messico,Città del Messico,Nostra Signora del Santissimo Rosario,27-3-1946,#,no,#,no,petition refused or crowning uncertain (incoronazione #),,,,,,,,Bonci: data l'incoronazione 27 marzo 1946. Nessun riferimento in internet.
1338,1512,Italia,"Montemarciano, frazione di Alberici",Madonna dei Lumi,25-4-1946,#,no,#,no,petition refused or crowning uncertain (incoronazione #),,,,,,,,Bonci: data l'incoronazione 25 aprile 1946. Nessun riferimento in internet.
1339,1359,Cina,Shanghai,Nostra Madre di Shanghai,8-5-1946,Capitolo,sì,1,yes,,nostra-madre-di-shanghai-our-lady-of-sheshan-sha,Shanghai,Nostra Madre di Shanghai (Our Lady of Sheshan),1946-05-08,,,,"Bonci: la titola: SS.ma Maria Vergine Ausiliatrice, Regina della Cina."
1340,1605,Portogallo,Ourem,Nostra Signora di Fátima,13-5-1946,B.P.,sì,1,yes,,nostra-signora-di-fatima-nossa-senhora-de-fatima,Ourem,Nostra Signora di Fátima (Nossa Senhora de Fátima),1946-05-13,,,,
1341,1272,Messico,Tlalpan,Immacolata Concezione,5-6-1946,#,no,#,no,petition refused or crowning uncertain (incoronazione #),,,,,,,,Bonci: data l'incoronazione 5 giugno 1946. Nessun riferimento in internet.
1342,1574,Italia,Scansano,Madonna delle Grazie,16-6-1946,#,no,#,no,petition refused or crowning uncertain (incoronazione #),,,,,,,,Bonci: data l'incoronazione 16 giugno 1946. Nessun riferimento in internet.
1343,1399,Francia,Verdun,Nostra Signora di Verdun,2-7-1946,B.P.,sì,1,yes,,notre-dame-de-verdun-notre-dame-des-prodiges-ver,Verdun,Notre-Dame de Verdun (Notre-Dame des Prodiges),1946-07-02,AAS,yes,,ERR - Bonci: non la cita.
1344,1506,Italia,Missaglia,Madonna Assunta,14-8-1946,Capitolo,sì,1,yes,,simulacrum-beatae-mariae-virginis-in-caelum-assu,Missaglia,Simulacrum Beatae Mariae Virginis in Caelum Assumptae,1946-08-14,AAS,,,ERR - Bonci: scambia la data del decreto con la data di incoronazione.
1345,1445,Italia,Salza Irpina,Maria Santissima delle Grazie,8-9-1946,Capitolo,sì,1,yes,,maria-santissima-delle-grazie-regina-di-salza-sa,Salza Irpina,Maria Santissima delle Grazie (Regina di Salza),1946-09-08,,,,ERR - Bonci: scambia la data del decreto con la data di incoronazione.
1346,1645,Spagna,Béjar,Vergine del Castagnetto,8-9-1946,B.P.,sì,1,yes,,vergine-del-castagnetto-virgen-del-castanar-beja,Béjar,Vergine del Castagnetto (Virgen del Castañar),1946-09-08,,,,ERR - Bonci: non la cita.
1347,1485,Italia,Montelanico,Maria Santissima del Soccorso,15-9-1946,Capitolo,sì,1,yes,,maria-santissima-del-soccorso-montelanico,Montelanico,Maria Santissima del Soccorso,1946-09-15,,,,ERR - Bonci: scambia la data del decreto con la data di incoronazione.
1348,1718,Spagna,Pamplona,Santa Maria la Reale del Sagrario,21-9-1946,B.P.,sì,1,yes,,santa-maria-la-reale-del-sagrario-santa-maria-la,Pamplona,Santa Maria la Reale del Sagrario (Santa María la Real del Sagrario),1946-09-21,,,,ERR - Bonci: data l'incoronazione 3 maggio 1946.
1349,1496,Italia,Sanremo,Madonna del Rosario,7-10-1946,Capitolo,sì,1,yes,,madonna-del-rosario-sanremo,Sanremo,Madonna del Rosario,1946-10-07,AAS,yes,,ERR - Bonci: non la cita.
1350,1280,Messico,El Pueblito,Nostra Signora del Pueblito,17-10-1946,B.P.,sì,1,yes,,del-pueblito-el-pueblito-near-queretaro,"El Pueblito, near Querétaro",del Pueblito,1946-10-17,AAS,yes,,ERR - Bonci: non la cita.
1351,1486,Italia,Roma,Madonna dell'Archetto,1-11-1946,Capitolo,sì,1,yes,,madonna-dell-archetto-santa-maria-causa-nostrae,"Rome, Cappella della Madonna dell'Archetto",Madonna dell'Archetto (Santa Maria Causa Nostrae Laetitiae),1946-11-01,,,,ERR - Bonci: data l'incoronazione 26 agosoto 1946.
1352,1721,Spagna,Ceuta,Vergine dell'Africa,10-11-1946,Capitolo,sì,1,yes,,vergine-dell-africa-virgen-de-africa-ceuta,Ceuta,Vergine dell'Africa (Virgen de África),1946-11-10,,,,ERR - Bonci: non la cita.
1353,1278,Messico,Heroica Puebla de Zaragoza,Nostra Signora de la Defensa,24-11-1946,Capitolo,sì,1,yes,,nostra-signora-de-la-defensa-vergine-de-la-defen,Heroica Puebla de Zaragoza,Nostra Signora de la Defensa (Vergine de la Defensa),1946-11-24,,,,"ERR - Bonci: scambia la data del decreto con la data di incoronazione, la colloca ad Angelopoli e la titola: Beta Vergine Maria ""a Defenzione"""
1354,1563,Italia,Scordia,Santa Maria Madre di Dio,#-#-1946,Capitolo,sì,1,yes,,santa-maria-madre-di-dio-beata-vergine-madre-di,Scordia,Santa Maria Madre di Dio (Beata Vergine Madre di Dio),1946,,,,ERR - Bonci: data l'incoronazione 9 agosto 1946.
1355,1266,Messico,Tamazula de Gordiano,Nostra Signora del Sagrario,2-2-1947,Capitolo,sì,1,yes,,nostra-signora-del-sagrario-virgen-del-sagrario,Tamazula de Gordiano,Nostra Signora del Sagrario (Virgen del Sagrario),1947-02-02,,,,ERR - Bonci: data l'incoronazione 19 novembre 1944 e la colloca a Guadalajara.
1356,1529,Italia,Corato,Vergine Santissima Incoronata,27-4-1947,#,sì,1,yes,,vergine-santissima-incoronata-corato,Corato,Vergine Santissima Incoronata,1947-04-27,,,,ERR - Bonci: data l'incoronazione 4 marzo 1947.
1357,1610,Spagna,Cadice,Santissima Vergine del Rosario,4-5-1947,Capitolo,sì,1,yes,,santissima-vergine-del-rosario-virgen-del-rosari,Cadice,Santissima Vergine del Rosario (Virgen del Rosario),1947-05-04,,,,ERR - Bonci: scambia la data del decreto con la data di incoronazione.
1358,1383,Belgio,Clairefontaine,Nostra Signora di Clairefontaine,6-5-1947,#,no,#,no,petition refused or crowning uncertain (incoronazione #),,,,,,,,Bonci: data l'incoronazione 6 maggio 1947. ERR - Bonci: la colloca a Namur e la titola: Notre Dame Claire Fontaine. Nessun riferimento in internet.
1359,1341,Perù,Cayma,Nostra Signora della Candelaria,11-5-1947,B.P.,sì,1,yes,,nostra-signora-della-candelaria-virgen-de-la-can,Cayma,Nostra Signora della Candelaria (Virgen de la Candelaria de Cayma),1947-05-11,,,,ERR - Bonci: non la cita.
1360,1624,Spagna,Ronda,Nostra Signora della Pace,15-5-1947,B.P.,sì,1,yes,,nostra-signora-della-pace-virgen-de-la-paz-ronda,Ronda,Nostra Signora della Pace (Virgen de la Paz),1947-05-15,,,,ERR - Bonci: non la cita.
1361,1526,Italia,Andria,Madonna del Carmine,1-6-1947,Capitolo,sì,1,yes,,madonna-del-carmine-andria,Andria,Madonna del Carmine,1947-06-01,,,,ERR - Bonci: scambia la data del decreto con la data di incoronazione.
1362,1586,Italia,Piove di Sacco,Madonna delle Grazie,1-6-1947,Capitolo,sì,1,yes,,madonna-delle-grazie-piove-di-sacco,Piove di Sacco,Madonna delle Grazie,1947-06-01,,,,ERR - Bonci: scambia la data del decreto con la data di incoronazione.
1363,1648,Spagna,Ágreda,Vergine dei Miracoli,7-6-1947,B.P.,sì,1,yes,,vergine-dei-miracoli-virgen-de-los-milagros-agre,Ágreda,Vergine dei Miracoli (Virgen de los Milagros),1947-06-07,,,,ERR - Bonci: non la cita.
1364,1540,Italia,Fonni,Madonna dei Martiri,8-6-1947,Capitolo,sì,1,yes,,madonna-dei-martiri-fonni,Fonni,Madonna dei Martiri,1947-06-08,,,,
1365,1441,Italia,Bagnoli Irpino,Immacolata Concezione,16-6-1947,Capitolo,sì,1,yes,,immacolata-concezione-bagnoli-irpino,Bagnoli Irpino,Immacolata Concezione,1947-06-16,,,,ERR - Bonci: non la cita.
1366,1503,Italia,Gardone Val Trompia,Madonna del Popolo,26-7-1947,Capitolo,sì,1,yes,,madonna-del-popolo-gardone-val-trompia,Gardone Val Trompia,Madonna del Popolo,1947-07-26,,,,ERR - Bonci: data l'incoronazione 14 luglio 1947 e la titola: Madonna del Sasso. Non esiste alcuna Madonna del Sasso a Gardone Val Trompia.
1367,1694,Spagna,Muxìa,Vergine della Barca,15-8-1947,Capitolo,sì,1,yes,,vergine-della-barca-virgen-de-la-barca-muxia,Muxìa,Vergine della Barca (Virgen de la Barca),1947-08-15,,,,ERR - Bonci: data l'incoronazione 29 luglio 1944 e la titola: Nuestra Senora de la Barca.
1368,1477,Italia,Alvito,Santa Maria del Campo,17-8-1947,Capitolo,sì,1,yes,,santa-maria-del-campo-alvito,Alvito,Santa Maria del Campo,1947-08-17,,,,ERR - Bonci: data l'incoronazione 1 agosto 1947.
1369,1421,Italia,Calvello,Madonna del Monte Saraceno,9-9-1947,Capitolo,sì,1,yes,,madonna-del-monte-saraceno-calvello,Calvello,Madonna del Monte Saraceno,1947-09-09,,,,ERR - Bonci: scambia la data del decreto con la data di incoronazione.
1370,1335,Ecuador,Guayaquil,Nostra Signora della Misericordia,14-9-1947,B.P.,sì,1,yes,,nuestra-senora-de-la-merced-guayaquil,Guayaquil,Nuestra Señora de la Merced,1947-09-14,AAS,yes,,ERR - Bonci: non la cita.
1371,1467,Italia,"Torre del Greco, contrada Leopardi",Madonna del Buon Consiglio,21-9-1947,Capitolo,sì,1,yes,,madonna-del-buon-consiglio-torre-del-greco-contr,"Torre del Greco, contrada Leopardi",Madonna del Buon Consiglio,1947-09-21,,,,ERR - Bonci: data l'incoronazione 15 settembre 1947.
1372,1671,Spagna,Sabadell,Nostra Signora della Fonte della Salute,19-10-1947,B.P.,sì,1,yes,,nostra-signora-della-fonte-della-salute-nuestra,Sabadell,Nostra Signora della Fonte della Salute (Nuestra Señora de la Fuente de la Salud),1947-10-19,,,,"ERR - Bonci: la colloca a Sabadel, data l'incoronazione 24 giugno 1947 e la titola: Beata Maria Vergine ""de la Fuente de la Salud""."
1373,1260,Messico,Ayotlàn,Nostra Signora de la Soledad,15-11-1947,Capitolo,sì,1,yes,,nostra-signora-de-la-soledad-madre-e-signora-de,Ayotlàn,Nostra Signora de la Soledad (Madre e Signora de la Soledad),1947-11-15,,,,ERR - Bonci: non la cita.
1374,1294,Argentina,Buenos Aires,Nostra Signora della Buona Speranza,22-11-1947,#,no,#,no,petition refused or crowning uncertain (incoronazione #),,,,,,,,Bonci: data l'incoronazione 22 novembre 1947. Nessun riferimento in internet.
1375,1461,Italia,Napoli,Madonna Stella Mattutina,15-3-1948,#,no,#,no,petition refused or crowning uncertain (incoronazione #),,,,,,,,Bonci: data l'incoronazione 15 marzo 1948. Nessun riferimento in internet.
1376,1594,Malta,Rabat,Nostra Signora della Salute,4-4-1948,B.P.,sì,1,yes,,nostra-signora-della-salute-our-lady-of-health-r,Rabat,Nostra Signora della Salute (Our Lady of Health),1948-04-04,,,,ERR - Bonci: data l'incoronazione 23 ottobre 1947 e la colloca a Notabile-Robato. Il nome storico in italiano di Rabat a Malta è Notabile di Rabato.
1377,1680,Spagna,Onil,Vergine della Salute,23-4-1948,Capitolo,sì,1,yes,,vergine-della-salute-virgen-de-la-salud-onil,Onil,Vergine della Salute (Virgen de la Salud),1948-04-23,,,,ERR - Bonci: data l'incoronazione 20 febbraio 1948.
1378,1617,Spagna,Lucena,Maria Santissima de Araceli,2-5-1948,B.P.,sì,1,yes,,maria-santissima-de-araceli-maria-santissima-de,Lucena,Maria Santissima de Araceli (Maria Santissima de Araceli),1948-05-02,,,,ERR - Bonci: scambia la data del decreto con la data di incoronazione.
1379,1409,Francia,Nizza,Nostra Signora delle Grazie,30-5-1948,,sì,1,yes,,nostra-signora-delle-grazie-notredamedesgraces-n,Nizza,Nostra Signora delle Grazie (Notre‑Dame‑des‑Grâces),1948-05-30,,,,ERR - Bonci: data l'incoronazione 11 aprile 1948.
1380,1449,Italia,Morcone,Madonna della Pace,30-5-1948,Capitolo,sì,1,yes,,madonna-della-pace-madonna-de-stampatis-morcone,Morcone,Madonna della Pace (Madonna de Stampatis),1948-05-30,,,,ERR - Bonci: scambia la data del decreto con la data di incoronazione.
1381,1722,Spagna,Melilla,Vergine della Vittoria,13-6-1948,B.P.,sì,1,yes,,vergine-della-vittoria-virgen-de-la-victoria-mel,Melilla,Vergine della Vittoria (Virgen de la Victoria),1948-06-13,,,,ERR - Bonci: data l'incoronazione 20 maggio 1947.
1382,1533,Italia,Trani,Madonna Addolorata,20-6-1948,Capitolo,sì,1,yes,,madonna-addolorata-trani,Trani,Madonna Addolorata,1948-06-20,,,,ERR - Bonci: scambia la data del decreto con la data di incoronazione.
1383,1262,Messico,Jalostotitlan,Nostra Signora dell'Assunzione,15-8-1948,Capitolo,sì,1,yes,,nostra-signora-dell-assunzione-nuestra-senora-de,Jalostotitlan,Nostra Signora dell'Assunzione (Nuestra Señora de la Asunción),1948-08-15,,,,ERR - Bonci: scambia la data del decreto con la data di incoronazione.
1384,1502,Italia,Bovegno,Madonna della Misericordia,15-8-1948,Capitolo,sì,1,yes,,madonna-della-misericordia-bovegno,Bovegno,Madonna della Misericordia,1948-08-15,,,,ERR - Bonci: non la cita.
1385,1488,Italia,San Vito Romano,Madonna di Compigliano,22-8-1948,Capitolo,sì,1,yes,,madonna-di-compigliano-san-vito-romano,San Vito Romano,Madonna di Compigliano,1948-08-22,,,,ERR - Bonci: non la cita.
1386,1542,Italia,"Sindia, località Cabu Abbas",Nostra Signora di Corte,4-9-1948,Capitolo,sì,1,yes,,sancta-maria-cabuabbas-nostra-signora-di-corte-s,Sindia,"Sancta Maria Cabuabbas, Nostra Signora di Corte",1948-09-04; 1998-09-04,Zander/Magister,yes,,ERR - Bonci: non la cita.
1387,1481,Italia,Norma,Madonna del Rifugio,8-9-1948,Capitolo,sì,1,yes,,madonna-del-rifugio-norma,Norma,Madonna del Rifugio,1948-09-08,,,,ERR - Bonci: non la cita.
1388,1482,Italia,Terracina,Madonna della Delibera,8-9-1948,Capitolo,sì,1,yes,,madonna-della-delibera-terracina,Terracina,Madonna della Delibera,1948-09-08,,,,ERR - Bonci: non la cita.
1389,1504,Italia,Rovato,Madonnadi Santo Stefano,19-9-1948,Capitolo,sì,1,yes,,madonnadi-santo-stefano-rovato,Rovato,Madonnadi Santo Stefano,1948-09-19,,,,ERR - Bonci: non la cita.
1390,1558,Italia,Biancavilla,Maria Santissima dell'Elemosina,3-10-1948,Capitolo,sì,1,yes,,maria-santissima-dell-elemosina-madre-della-mise,Biancavilla,Maria Santissima dell'Elemosina (Madre della Misericordia),1948-10-03,,,,ERR - Bonci: non la cita.
1391,1600,Polonia,Worto,Beata Vergine Maria di Worto,2-11-1948,#,no,#,no,petition refused or crowning uncertain (incoronazione #),,,,,,,,"ERR - Bonci: data l'incoronazione 2 novembre 1948, la colloca nella città di Worto (non esistente in Polonia)."
1392,1712,Spagna,Madrid,Vergine Immacolata de Almudena,10-11-1948,B.P.,sì,1,yes,,vergine-immacolata-de-almudena-virgen-de-la-almu,Madrid,Vergine Immacolata de Almudena (Virgen de la Almudena),1948-11-10,,,,ERR - Bonci scambia data decreto con l'incoronazione.
1393,1479,Italia,Sora,"Madonna ""Rifugio dei peccatori""",26-11-1948,#,no,#,no,petition refused or crowning uncertain (incoronazione #),,,,,,,,Bonci: data l'incoronazione 26 novembre 1948. Nessun riferimento in internet.
1394,1579,Italia,Prato,Madonna del Sacro Cingolo,5-4-1949,#,no,#,no,petition refused or crowning uncertain (incoronazione #),,,,,,,,Bonci: data l'incoronazione 5 aprile 1949. Nessun riferimento in internet.
1395,1401,Francia,Parigi,Nostra Signora di Guadalupe,26-4-1949,B.P.,sì,1,yes,,nostra-signora-di-guadalupe-vierge-de-guadalupe,Parigi,Nostra Signora di Guadalupe (Vierge de Guadalupe),1949-04-26,,,,ERR - Bonci: non la cita.
1396,1539,Italia,Parabita,Madonna della Coltura,15-5-1949,Capitolo,sì,1,yes,,madonna-della-coltura-parabita,Parabita,Madonna della Coltura,1949-05-15,,,,ERR - Bonci: scambia la data del decreto con la data di incoronazione e la titola: Madonna della Cultura Agricola.
1397,1639,Spagna,Santoña,Nostra Signora del Porto,3-8-1949,B.P.,sì,1,yes,,nostra-signora-del-porto-virgen-del-puerto-santo,Santoña,Nostra Signora del Porto (Virgen del Puerto),1949-08-03,,,,ERR - Bonci: data l'incoronazione 26 luglio 1943.
1398,1287,Messico,Izamal,Nostra Signora Immacolata di Izamal,22-8-1949,B.P.,sì,1,yes,,nuestra-senora-de-izamal-izamal,Izamal,Nuestra Señora de Izamal,1949-08-22,AAS,yes,,ERR - Bonci: non la cita.
1399,1534,Italia,Cerignola,Madonna di Ripalta,8-9-1949,B.P.,sì,2,yes,,madonna-di-ripalta-cerignola,Cerignola,Madonna di Ripalta,1949-09-08,,,,ERR - Bonci: non la cita.
1400,1728,Spagna,Tolosa,Vergine di Izaskun,11-9-1949,B.P.,sì,1,yes,,vergine-di-izaskun-virgen-de-izaskun-tolosa,Tolosa,Vergine di Izaskun (Virgen de Izaskun),1949-09-11,,,,ERR - Bonci: non la cita.
1401,1295,Argentina,Lomas de Zamora,Nostra Signora della Pace,30-9-1949,#,no,#,no,petition refused or crowning uncertain (incoronazione #),,,,,,,,ERR - Bonci: la colloca a La Paz. Nessun riferimento in internet.
1402,1500,Italia,Brignano Gera d'Adda,Madonna dei Campi,10-10-1949,#,no,#,no,petition refused or crowning uncertain (incoronazione #),,,,,,,,Bonci: data l'incoronazione 10 ottobre 1949. Nessun riferimento in internet.
1403,1730,Spagna,Bilbao,Cuore Immacolato di Maria,16-10-1949,B.P.,sì,1,yes,,cuore-immacolato-di-maria-inmaculado-corazon-de,Bilbao,Cuore Immacolato di Maria (Inmaculado Corazon de Maria),1949-10-16,,,,ERR - Bonci: data l'incoronazione 23 maggio 1948.
1404,1464,Italia,Torre del Greco,L'Immacolata,15-3-1950,#,no,#,no,petition refused or crowning uncertain (incoronazione #),,,,,,,,ERR - Bonci: data l'incoronazione 15 marzo 1950. Nessun riferimento in internet.
1405,1715,Spagna,Cascante,Nostra Signora del Romero,15-3-1950,#,no,#,no,petition refused or crowning uncertain (incoronazione #),,,,,,,,ERR - Bonci: data l'incoronazione 15 marzo 1950. Nessun riferimento in internet.
1406,1711,Spagna,Madrid,Nostra Signora di Atocha,15-3-1950,#,no,#,no,petition refused or crowning uncertain (incoronazione #),,,,,,,,ERR - Bonci: data l'incoronazione 15 marzo 1950; fu incoronata nel 1930.
1407,1243,Messico,Molina de Aragon,Reina del Senorio,26-5-1950,#,no,#,no,petition refused or crowning uncertain (incoronazione #),,,,,,,,ERR - Bonci: la colloca a Molina de Aragon in Messico. Molina de Aragon si trova in Spagna. Nessun riferimento in internet.
1408,1549,Italia,Sorso,"Beata Vergine di ""Noli me tollere""",26-5-1950,Capitolo,sì,1,yes,,beata-vergine-di-noli-me-tollere-sorso,Sorso,"Beata Vergine di ""Noli me tollere""",1950-05-26,,,,ERR - Bonci: data l'incoronazione 27 maggio 1950.
1409,1656,Spagna,Cuenca,Nostra Signora la Vergine della Luce,1-6-1950,B.P.,sì,1,yes,,nostra-signora-la-vergine-della-luce-virgen-de-l,Cuenca,Nostra Signora la Vergine della Luce (Virgen de la Luz),1950-06-01,,,,ERR - Bonci: non la cita.
1410,1576,Italia,"Capannori, frazione di Matraia",Madonna delle Grazie,6-6-1950,Capitolo,sì,1,yes,,madonna-delle-grazie-madonna-del-castellaccio-ca,"Capannori, frazione di Matraia",Madonna delle Grazie (Madonna del Castellaccio),1950-06-06,,,,
1411,1560,Italia,Fiumefreddo di Sicilia,Maria Santissima Immacolata,14-6-1950,Capitolo,sì,1,yes,,maria-santissima-immacolata-fiumefreddo-di-sicil,Fiumefreddo di Sicilia,Maria Santissima Immacolata,1950-06-14,,,,ERR - Bonci: non la cita.
1412,1433,Italia,"Corigliano-Rossano, frazione di Rossano",Maria Santissima Achiropita,18-6-1950,Capitolo,sì,1,yes,,maria-santissima-achiropita-corigliano-rossano-f,"Corigliano-Rossano, frazione di Rossano",Maria Santissima Achiropita,1950-06-18,,,,ERR - Bonci: data l'incoronazione 27 maggio 1950.
1413,1392,Francia,"La Prénessaye, villaggio di Querrien",Nostra Signora del Soccorso,14-8-1950,B.P.,sì,1,yes,,nostra-signora-del-soccorso-notre-dame-de-toute,"La Prénessaye, villaggio di Querrien",Nostra Signora del Soccorso (Notre-Dame de Toute Aide de Querrien),1950-08-14,,,,ERR - Bonci: non la cita.
1414,1326,Colombia,Medellin,Nostra Signora della Candelaria,15-8-1950,B.P.,sì,1,yes,,nostra-signora-della-candelaria-nuestra-senora-d,Medellin,Nostra Signora della Candelaria (Nuestra Señora de la Candelaria),1950-08-15,,,,ERR - Bonci: data l'incoronazione 25 marzo 1942.
1415,1386,Francia,Saint-Brienc,#,18-8-1950,#,no,#,no,petition refused or crowning uncertain (incoronazione #),,,,,,,,ERR - Bonci: data l'incoronazione 18 agosto 1950 e la colloca a Saint-Brienc. Nessun riferimento in internet.
1416,1575,Italia,Capannori,Madonna del Rosario,18-8-1950,Capitolo,sì,1,yes,,madonna-del-rosario-capannori,Capannori,Madonna del Rosario,1950-08-18,,,,Bonci: data l'incoronazione 18 agosto 1950.
1417,1690,Spagna,Montanchez,Vergine della Consolazione,10-9-1950,Capitolo,sì,1,yes,,vergine-della-consolazione-virgen-de-la-consolac,Montanchez,Vergine della Consolazione (Virgen de la Consolación),1950-09-10,,,,ERR - Bonci: scambia la data del decreto con la data di incoronazione.
1418,1497,Italia,"Lerici, frazione di San Terenzo al mare",Nostra Signora dell'Arena,10-9-1950,#,no,#,no,petition refused or crowning uncertain (incoronazione #),,,,,,,,Bonci: data l'incoronazione 10 settembre 1950. Nessun riferimento in internet.
1419,1491,Italia,Vignanello,Immacolata Concezione,12-9-1950,Capitolo,sì,1,yes,,immacolata-concezione-vignanello,Vignanello,Immacolata Concezione,1950-09-12,,,,"ERR - Bonci: data l'incoronazione 20 ottobre 1950, la titola: Immacolata di Vignanello e la colloca a Civita Castellana."
1420,1729,Spagna,Azkoitia,Nostra Signora di Urrategi,17-9-1950,Capitolo,sì,1,yes,,nostra-signora-di-urrategi-nuestra-virgencita-ma,Azkoitia,Nostra Signora di Urrategi (Nuestra Virgencita Madre de Urrategi),1950-09-17,,,,ERR - Bonci: scambia la data del decreto con la data di incoronazione.
1421,1683,Spagna,Carcagente,Nostra Signora delle Acque Vive,16-10-1950,Capitolo,sì,1,yes,,nostra-signora-delle-acque-vive-nuestra-senora-d,Carcagente,Nostra Signora delle Acque Vive (Nuestra Señora de Aguas Vivas),1950-10-16,,,,"ERR - Bonci: data l'incoronazione 6 giugno 1950, la colloca a Valencia e la titola: Nuestra Señora di Agnas Vivas."
1422,1387,Francia,Halluin,Nostra Signora delle Febbri,20-10-1950,#,no,#,no,petition refused or crowning uncertain (incoronazione #),,,,,,,,Bonci: data l'incoronazione 20 ottobre 1950. Nessun riferimento in internet.
1423,1626,Spagna,Espartinas,Nostra Signora di Loreto,12-11-1950,Capitolo,sì,1,yes,,nostra-signora-di-loreto-virgen-de-loreto-espart,Espartinas,Nostra Signora di Loreto (Virgen de Loreto),1950-11-12,,,,ERR - Bonci: scambia la data del decreto con la data di incoronazione e la collocata ad Aljarate.
1424,1263,Messico,Poncitlan,Nostra Signora del Rosario,19-11-1950,B.P.,sì,1,yes,,nostra-signora-del-rosario-virgen-del-rosario-po,Poncitlan,Nostra Signora del Rosario (Virgen del Rosario),1950-11-19,,,,ERR - Bonci: non la cita.
1425,1332,Ecuador,Cuenca,María Ausiliatrice,8-12-1950,B.P.,sì,1,yes,,maria-ausiliatrice-maria-auxiliadora-cuenca,Cuenca,María Ausiliatrice (María Auxiliadora),1950-12-08,,,,ERR - Bonci: non la cita.
1426,1415,Italia,Paganica,Madonna d'Appari,27-3-1951,#,no,#,no,petition refused or crowning uncertain (incoronazione #),,,,,,,,Bonci: data l'incoronazione 27 marzo 1951. Nessun riferimento in internet.
1427,1607,Spagna,Almería,Vergine del Mare,8-4-1951,Capitolo,sì,1,yes,,vergine-del-mare-virgen-del-mar-almeria,Almería,Vergine del Mare (Virgen del Mar),1951-04-08,,,,ERR - Bonci: non la cita.
1428,1583,Italia,"Perugia, frazione di San Martino in Colle",Madonna del Buon Consiglio,29-4-1951,#,no,#,no,petition refused or crowning uncertain (incoronazione #),,,,,,,,Bonci: data l'incoronazione 29 aprile 1951. Nessun riferimento in internet.
1429,1668,Spagna,Barcellona,Nostra Signora del Rosario di Pompei,6-5-1951,Capitolo,sì,1,yes,,nostra-signora-del-rosario-di-pompei-nuestra-sen,Barcellona,Nostra Signora del Rosario di Pompei (Nuestra Señora del Rosario de Pompeia),1951-05-06,,,,ERR - Bonci: data l'incoronazione 18 agosto 1948.
1430,1531,Italia,Molfetta,Madonna dei Martiri,1-7-1951,Capitolo,sì,1,yes,,madonna-dei-martiri-molfetta,Molfetta,Madonna dei Martiri,1951-07-01,,,,ERR - Bonci: scambia la data del decreto con la data di incoronazione.
1431,1429,Italia,Curinga,Madonna del Carmelo,16-7-1951,Capitolo,sì,1,yes,,madonna-del-carmelo-curinga,Curinga,Madonna del Carmelo,1951-07-16,,,,ERR - Bonci: data l'incoronazione 15 luglio 1951.
1432,1468,Italia,Cannalonga,Regina del Carmelo,16-8-1951,#,no,#,no,petition refused or crowning uncertain (incoronazione #),,,,,,,,Bonci: data l'incoronazione 16 agosto 1951. Nessun riferimento in internet.
1433,1528,Italia,Bitonto,Beata Vergine Immacolata,19-8-1951,B.P.,sì,1,yes,,beata-vergine-immacolata-maria-santissima-immaco,Bitonto,Beata Vergine Immacolata (Maria Santissima Immacolata),1951-08-19,,,,ERR - Bonci: data l'incoronazione 14 aprile 1934.
1434,1282,Messico,Charcas,Nostra Signora del Rosario,20-8-1951,Capitolo,sì,1,yes,,nostra-signora-del-rosario-virgen-del-rosario-ch,Charcas,Nostra Signora del Rosario (Virgen del Rosario),1951-08-20,,,,ERR - Bonci: non la cita.
1435,1593,Malta,Żabbar,Nostra Signora delle Grazie,2-9-1951,B.P.,sì,1,yes,,madonna-ss-ma-delle-grazie-zabbar-malta-zabbar-o,"Żabbar (OCR 'Zabar'), Malta","Madonna SS.ma delle Grazie (Żabbar, Malta)",1951-09-02,ACSP,,,ERR - Bonci: non la cita.
1436,1396,Francia,Pontivy,Nostra Signora della Gioia,23-9-1951,B.P.,sì,1,yes,,notre-dame-de-joie-pontivy,Pontivy,Notre-Dame de Joie,1951-09-23,AAS,yes,,ERR - Bonci: data l'incoronazione 6 novembre 1950.
1437,1343,Perù,Callao,Nostra Soiignora del Carmine de la Legua,7-10-1951,B.P.,sì,1,yes,,nostra-soiignora-del-carmine-de-la-legua-nuestra,Callao,Nostra Soiignora del Carmine de la Legua (Nuestra Señora del Carmen de la Legua),1951-10-07,,,,ERR - Bonci: non la cita.
1438,1614,Spagna,San Fernando,Nostra Signora del Carmine,12-10-1951,B.P.,sì,1,yes,,nostra-signora-del-carmine-nuestra-senora-del-ca,San Fernando,Nostra Signora del Carmine (Nuestra Señora del Carmen),1951-10-12,,,,ERR - Bonci: non la cita.
1439,1321,Cile,Casablanca,Nostra Signora de Lo Vasquez,13-10-1951,Capitolo,sì,1,yes,,nostra-signora-de-lo-vasquez-virgen-de-lo-vasque,Casablanca,Nostra Signora de Lo Vasquez (Virgen de Lo Vasquez),1951-10-13,,,,ERR - Bonci: scambia la data del decreto con la data di incoronazione e la colloca a Santiago del Cile.
1440,1251,Messico,Celaya,Nostra Signora del Carmine,24-11-1951,B.P.,sì,1,yes,,nostra-signora-del-carmine-nuestra-senora-del-ca-3,Celaya,Nostra Signora del Carmine (Nuestra Señora del Carmen),1951-11-24,,,,ERR - Bonci: non la cita.
1441,1592,Malta,Victoria,Madonna della Grazia Divina,27-1-1952,Capitolo,sì,1,yes,,madonna-della-grazia-divina-virgin-of-divine-gra,Victoria,Madonna della Grazia Divina (Virgin of Divine Grace),1952-01-27,,,,ERR - Bonci: data l'incoronazione 26 novembre 1951 e la colloca a Malta.
1442,1252,Messico,Leon,Vergine delle Tre Ave Marie,26-2-1952,#,no,#,no,petition refused or crowning uncertain (incoronazione #),,,,,,,,Bonci: data l'incoronazione 26 febbraio 1952. Nessun riferimento in internet.
1443,1292,Stati Uniti d'America,New York City,Nostra Signora di Guadalupe,26-2-1952,#,no,#,no,petition refused or crowning uncertain (incoronazione #),,,,,,,,Bonci: data l'incoronazione 26 febbraio 1952. Nessun riferimento in internet.
1444,1691,Spagna,Plasencia,Vergine del Porto,27-4-1952,Capitolo,sì,1,yes,,vergine-del-porto-virgen-del-puerto-plasencia,Plasencia,Vergine del Porto (Virgen del Puerto),1952-04-27,,,,ERR - Bonci: non la cita.
1445,1397,Francia,Brando,Nostra Signora delle Grazie,18-5-1952,B.P.,sì,1,yes,,nostra-signora-delle-grazie-notre-dame-des-grace,Brando,Nostra Signora delle Grazie (Notre-Dame des Grâces de Lavasina),1952-05-18,,,,ERR - Bonci: non la cita.
1446,1606,Repubblica di San Marino,Borgo Maggiore,Madonna della Consolazione,3-6-1952,#,no,#,no,petition refused or crowning uncertain (incoronazione #),,,,,,,,ERR - Bonci: la colloca a Borgo Maggiore di San Marino e data l'incoronazione 3 giugno 1952. Nessun riferimento in internet.
1447,1646,Spagna,El Cabaco,Nostra Signora della Roccia di Francia,4-6-1952,B.P.,sì,1,yes,,nostra-signora-della-roccia-di-francia-virgen-de,El Cabaco,Nostra Signora della Roccia di Francia (Virgen de la Peña de Francia),1952-06-04,,,,ERR - Bonci: data l'incoronazione 3 marzo 1951 e la colloca a Salamanca.
1448,1666,Spagna,Toledo,Vergine della Speranza,8-6-1952,Capitolo,sì,1,yes,,vergine-della-speranza-virgen-de-la-esperanza-to,Toledo,Vergine della Speranza (Virgen de la Esperanza),1952-06-08,,,,ERR - Bonci: data l'incoronazione 15 aprile 1952.
1449,1380,Belgio,Kortrijk,Madonna di Groeninghe,6-7-1952,B.P.,sì,1,yes,,madonna-di-groeninghe-notre-dame-de-groeninghe-k,Kortrijk,Madonna di Groeninghe (Notre-Dame de Groeninghe),1952-07-06,,,,ERR - Bonci: non la cita.
1450,1436,Italia,Gerace,Madonna dell'Arco,12-8-1952,#,no,#,no,petition refused or crowning uncertain (incoronazione #),,,,,,,,Bonci: data l'incoronazione 12 agosto 1952. Nessun riferimento in internet.
1451,1339,Perù,Chachapoyas,Vegine Assunta,15-8-1952,B.P.,sì,1,yes,,vegine-assunta-virgen-asunta-chachapoyas,Chachapoyas,Vegine Assunta (Virgen Asunta),1952-08-15,,,,ERR - Bonci: non la cita.
1452,1577,Italia,"Fosciandora, frazione di Migliano",Santa Maria della Stella,17-8-1952,Capitolo,sì,1,yes,,santa-maria-della-stella-fosciandora-frazione-di,"Fosciandora, frazione di Migliano",Santa Maria della Stella,1952-08-17,,,,ERR - Bonci: scambia la data del decreto con la data di incoronazione.
1453,1544,Italia,Oristano,Madonna del Rimedio,7-9-1952,B.P.,sì,1,yes,,madonna-del-rimedio-oristano,Oristano,Madonna del Rimedio,1952-09-07,,,,ERR - Bonci: non la cita.
1454,1720,Spagna,Ujué,Santa María de Ujué,8-9-1952,B.P.,sì,1,yes,,santa-maria-de-ujue-virgen-de-ujue-ujue,Ujué,Santa María de Ujué (Virgen de Ujué),1952-09-08,,,,ERR - Bonci: non la cita.
1455,1356,Venezuela,Guanare,Nostra Signora di Coromoto,11-9-1952,B.P.,sì,1,yes,,nuestra-senora-de-coromoto-guanare,Guanare,Nuestra Señora de Coromoto,1952-09-11; 1985-01-27,AAS,yes,,ERR - Bonci: non la cita.
1456,1304,Argentina,Salta,Vergine delle Lacrime,13-9-1952,B.P,sì,1,yes,,vergine-delle-lacrime-virgen-de-las-lagrimas-sal,Salta,Vergine delle Lacrime (Virgen de las Lagrimas),1952-09-13,,,,ERR - Bonci: non la cita.
1457,1329,Colombia,Ipiales,Nostra Signora di Las Lajas,16-9-1952,B.P.,sì,1,yes,,nuestra-senora-del-rosario-de-las-lajas-ipiales,Ipiales,Nuestra Señora del Rosario de las Lajas,1952-09-16,AAS,yes,,ERR - Bonci: scambia la data del decreto con la data di incoronazione e la colloca a Pasto.
1458,1686,Spagna,Sueca,Vergine di Sales,19-10-1952,B.P.,sì,1,yes,,vergine-di-sales-virgen-de-sales-sueca,Sueca,Vergine di Sales (Virgen de Sales),1952-10-19,,,,ERR - Bonci: non la cita.
1459,1264,Messico,San Juanito de Escobedo,Nostra Signora del Pueblito,18-1-1953,B.P.,sì,1,yes,,nostra-signora-del-pueblito-nuestra-senora-del-p,San Juanito de Escobedo,Nostra Signora del Pueblito (Nuestra Señora del Pueblito),1953-01-18,,,,ERR - Bonci: non la cita.
1460,1673,Spagna,Sant Ferriol,Santa María del Collel,15-3-1953,#,no,#,no,petition refused or crowning uncertain (incoronazione #),,,,,,,,"ERR - Bonci: data l'incoronazione 15 marzo 1953, la colloaca a Gerona e la titola: Santa Maria de Collel. Nessun riferimento in internet."
1461,1628,Spagna,Siviglia,Nostra Signora della Regola in Cadis,19-4-1953,#,no,#,no,petition refused or crowning uncertain (incoronazione #),,,,,,,,ERR - Bonci: data l'incoronazione 19 aprile 1953. Nessun riferimento in internet.
1462,1677,Spagna,Alcoy,Nostra Signora dei Gigli in Alcoy,19-4-1953,#,no,#,no,petition refused or crowning uncertain (incoronazione #),,,,,,,,ERR - Bonci: data l'incoronazione 19 aprile 1953 e la colloca a Valencia.
1463,1705,Spagna,La Frontera,Nostra Signora dei Re,17-5-1953,B.P.,sì,1,yes,,nostra-signora-dei-re-nuestra-senora-de-los-reye,La Frontera,Nostra Signora dei Re (Nuestra Señora de los Reyes),1953-05-17,,,,ERR - Bonci: non la cita.
1464,1316,Brasile,Recife,Nostra Signora della Penha,8-6-1953,#,no,#,no,petition refused or crowning uncertain (incoronazione #),,,,,,,,Bonci: data l'incoronazione 8 giugno 1953. Nessun riferimento in internet.
1465,1388,Francia,Yssingeaux,Madonna dei Penitenti,21-6-1953,B.P.,sì,1,yes,,madonna-dei-penitenti-notre-dame-des-penitents-y,Yssingeaux,Madonna dei Penitenti (Notre-Dame des Pénitents),1953-06-21,,,,ERR - Bonci: non la cita.
1466,1349,Perù,Lima,Nostra Signora del Miracolo,19-7-1953,B.P.,sì,1,yes,,nostra-signora-del-miracolo-nuestra-senora-del-m,Lima,Nostra Signora del Miracolo (Nuestra Señora del Milagro),1953-07-19,,,,ERR - Bonci: non la cita.
1467,1588,Lussemburgo,Kayl,Nostra Signora dei Minatori,26-7-1953,B.P.,sì,1,yes,,nostra-signora-dei-minatori-notre-dame-des-mineu,Kayl,Nostra Signora dei Minatori (Notre-Dame des Mineurs),1953-07-26,,,,ERR - Bonci: data l'incoronazione 19 aprile 1953.
1468,1315,Brasile,Belém,Nostra Signora di Nazareth dell'Esilio,15-8-1953,B.P.,sì,1,yes,,nossa-senhora-de-nazare-belem-do-para,Belém do Pará,Nossa Senhora de Nazaré,1953-08-15,AAS,yes,,ERR - Bonci: non la cita.
1469,1273,Messico,Santa Clara del Cobre,Nostra Signora del Sagrario,15-8-1953,Capitolo,sì,1,yes,,nostra-signora-del-sagrario-nuestra-senora-del-s,Santa Clara del Cobre,Nostra Signora del Sagrario (Nuestra Señora del Sagrario),1953-08-15,,,,ERR - Bonci: data l'incoronazione 15 marzo 1953 e la colloca a Morelia.
1470,1661,Spagna,"Corduente, villaggio di Ventosa",Vergine della Hoz,31-8-1953,B.P.,sì,1,yes,,vergine-della-hoz-virgen-de-la-hoz-corduente-vil,"Corduente, villaggio di Ventosa",Vergine della Hoz (Virgen de la Hoz),1953-08-31,,,,ERR - Bonci: non la cita.
1471,1451,Italia,Piana di Monte Verna,Santa Maria a Marciano,7-9-1953,Capitolo,sì,1,yes,,santa-maria-a-marciano-piana-di-monte-verna,Piana di Monte Verna,Santa Maria a Marciano,1953-09-07,,,,ERR - Bonci: la colloca a Chiazzo e scambia la data del decreto con la data di incoronazione.
1472,1692,Spagna,Trujillo,Vergine della Vittoria di Trujillo,18-10-1953,Capitolo,sì,1,yes,,vergine-della-vittoria-di-trujillo-virgen-de-la,Trujillo,Vergine della Vittoria di Trujillo (Virgen de la Victoria),1953-10-18,,,,ERR - Bonci: non la cita.
1473,1317,Brasile,Natal,Nostra Signora della Presentazione,21-11-1953,B.P.,sì,1,yes,,nossa-senhora-da-apresentacao-natal,Natal,Nossa Senhora da Apresentação,1953-11-21,AAS,,,ERR - Bonci: non la cita.
1474,1320,Cile,Santiago del Cile,Nostra Signora del Soccorso,25-11-1953,Capitolo,sì,1,yes,,nostra-signora-del-soccorso-nuestra-senora-del-s-2,Santiago del Cile,Nostra Signora del Soccorso (Nuestra Señora del Socorro de Santiago),1953-11-25,,,,ERR - Bonci: non la cita.
1475,1297,Argentina,Villa del Rosario,Nostra Signora del Rosario,20-2-1954,#,no,#,no,petition refused or crowning uncertain (incoronazione #),,,,,,,,"ERR - Bonci: la titola: Villa Real del Rosario, la colloca a Cordoba e data l'incoronazione 20 febbraio 1954."
1476,1394,Francia,La Guerche-de-Bretagne,Notre Dame de La Guerche,6-3-1954,#,no,#,no,petition refused or crowning uncertain (incoronazione #),,,,,,,,ERR - Bonci: data l'incoronazione 6 marzo 1954 e la colloca a La Guerce de Bretagne. Nessun riferimento in internet.
1477,1517,Italia,Riccia,Madonna del Carmine,6-3-1954,#,no,#,no,petition refused or crowning uncertain (incoronazione #),,,,,,,,Bonci: data l'incoronazione 6 marzo 1954. Nessun riferimento in internet.
1478,1559,Italia,Catania,Immacolata Concezione,1-4-1954,#,no,#,no,petition refused or crowning uncertain (incoronazione #),,,,,,,,Bonci: data l'incoronazione 1 aprile 1954. Nessun riferimento in internet.
1479,1476,Italia,"Monfalcone, frazione di Panzano",Madonna Marcelliana,4-4-1954,#,no,#,no,petition refused or crowning uncertain (incoronazione #),,,,,,,,Bonci: data l'incoronazione 4 aprile 1954. ERR - Bonci: la titola: Morcelliana. Nessun riferimento in internet.
1480,1480,Italia,Sora,Madonna dello Spirito Santo,8-4-1954,#,no,#,no,petition refused or crowning uncertain (incoronazione #),,,,,,,,Bonci: data l'incoronazione 8 aprile 1954 e la titola: Madonna dello Spirito Santo. Nessun riferimento in internet.
1481,1571,Italia,Chiaromonte Gulfi,Madonna di Gulfi,6-5-1954,Capitolo,sì,1,yes,,madonna-di-gulfi-chiaromonte-gulfi,Chiaromonte Gulfi,Madonna di Gulfi,1954-05-06,,,,ERR - Bonci: scambia la data del decreto con la data di incoronazione.
1482,1447,Italia,Circello,Maria Santissima del Carmelo,11-5-1954,#,no,#,no,petition refused or crowning uncertain (incoronazione #),,,,,,,,ERR - Bonci: data l'incoronazione 11 maggio 1954. Nessun riferimento in internet.
1483,1630,Spagna,Siviglia,Maria Ausiliatrice,13-5-1954,B.P.,sì,1,yes,,maria-ausiliatrice-maria-auxiliadora-de-sevilla,Siviglia,Maria Ausiliatrice (Maria Auxiliadora de Sevilla),1954-05-13,,,,ERR - Bonci: non la cita.
1484,1726,Spagna,Irun,Nostra Signora delle Canne,30-5-1954,Capitolo,sì,1,yes,,nostra-signora-delle-canne-virgen-del-juncal-iru,Irun,Nostra Signora delle Canne (Virgen del Juncal),1954-05-30,,,,ERR - Bonci: data l'incoronazione 10 ottobre 1954 e la colloca a San Sebastian.
1485,1650,Spagna,Villalpando,Beata Vergine Immacolata,13-6-1954,Capitolo,sì,1,yes,,beata-vergine-immacolata-inmaculada-concepcion-v,Villalpando,Beata Vergine Immacolata (Inmaculada Concepción),1954-06-13,,,,ERR - Bonci: data l'incoronazione 30 settembre 1949 e la colloca a Zamora.
1486,1372,Filippine,Piat,Nostra Signora della Visitazione di Piat,20-6-1954,Capitolo,sì,1,yes,,nostra-signora-della-visitazione-di-piat-nuestra,Piat,Nostra Signora della Visitazione di Piat (Nuestra Señora de Visitacion de Piat),1954-06-20,,,,ERR - Bonci: data l'incoronazione 10 ottobre 1954 e la colloca a Manila.
1487,1465,Italia,Torre del Greco,Vergine Immacolata,23-6-1954,Capitolo,sì,1,yes,,vergine-immacolata-torre-del-greco,Torre del Greco,Vergine Immacolata,1954-06-23,,,,ERR - Bonci: data l'incoronazione 8 novembre 1953: è la data della supplica.
1488,1437,Italia,"Oppido Mamertina, frazione di Tresilico",Madonna delle Grazie,2-7-1954,Capitolo,sì,1,yes,,madonna-delle-grazie-oppido-mamertina-frazione-d,"Oppido Mamertina, frazione di Tresilico",Madonna delle Grazie,1954-07-02,,,,ERR - Bonci: scambia la data del decreto con la data di incoronazione.
1489,1519,Italia,Stazzano,Madonna di Montespineto,25-7-1954,Capitolo,sì,1,yes,,madonna-di-montespineto-stazzano,Stazzano,Madonna di Montespineto,1954-07-25,,,,ERR - Bonci: la colloca a Tortona e scambia la data del decreto con la data di incoronazione.
1490,1590,Malta,Qala,Immacolata Concezione della Beata Vergine Maria di Cala,1-8-1954,Capitolo,sì,1,yes,,immacolata-concezione-della-beata-vergine-maria,Qala,Immacolata Concezione della Beata Vergine Maria di Cala (Immaculate Conception),1954-08-01,,,,ERR - Bonci: data l'incoronazione 21 febbraio 1954 e la colloca a Gozo con un titolo della Madonna inesistente: Immacolata Concezione della Beata Vergine Maria di Cala.
1491,1580,Italia,"Folgaria, frazione di Costa",Vergine Santissima delle Grazie,1-8-1954,Capitolo,sì,1,yes,,domina-nostra-a-gratiis-in-folgaria-folgaria,Folgaria,Domina Nostra a gratiis in Folgaria,1954-08-01,AAS,yes,,ERR - Bonci: scambia la data del decreto con la data di incoronazione.
1492,1453,Italia,"Casamicciola Terme, località Sentinella",Madonna Immacolata,3-8-1954,Capitolo,sì,1,yes,,madonna-immacolata-casamicciola-terme-localita-s,"Casamicciola Terme, località Sentinella",Madonna Immacolata,1954-08-03,,,,ERR - Bonci: scambia la data del decreto con la data di incoronazione.
1493,1240,Canada,Trois-Rivières,Nostra Signora del Capo,12-8-1954,B.P.,sì,2,yes,,nostra-signora-del-capo-nostra-signora-dei-tre-s,Trois-Rivières,Nostra Signora del Capo (Nostra Signora dei Tre Santi Rosari),1904-10-12; 1954-08-12,,,,ERR - Bonci: non la cita.
1494,1411,Inghilterra,Walsingham,Nostra Signora di Walsingham,15-8-1954,B.P.,sì,1,yes,,nostra-signora-di-walsingham-our-lady-of-walsing,Walsingham,Nostra Signora di Walsingham (Our Lady of Walsingham),1954-08-15,,,,ERR - Bonci: non la cita.
1495,1584,Italia,Ficulle,Madonna della Maestà,22-8-1954,B.P.,sì,1,yes,,madonna-della-maesta-ficulle,Ficulle,Madonna della Maestà,1954-08-22,,,,
1496,1432,Italia,Canna,Immacolata Concezione,29-8-1954,#,no,#,no,petition refused or crowning uncertain (incoronazione #),,,,,,,,Bonci: data l'incoronazione 29 agosto 1954. Nessun riferimento in internet.
1497,1501,Italia,Cividate al Piano,L'Addolorata dei Campiveri,29-8-1954,#,no,#,no,petition refused or crowning uncertain (incoronazione #),,,,,,,,Bonci: data l'incoronazione 29 agosto 1954. Nessun riferimento in internet.
1498,1505,Italia,Imbersago,Madonna del Bosco,29-8-1954,B.P.,sì,1,yes,,madonna-del-bosco-imbersago,Imbersago,Madonna del Bosco,1954-08-29,AAS,yes,,ERR - Bonci: non la cita.
1499,1649,Spagna,Toro,Vergine del Canto,5-9-1954,Capitolo,sì,1,yes,,vergine-del-canto-virgen-del-canto-toro,Toro,Vergine del Canto (Virgen del Canto),1954-09-05,,,,ERR - Bonci: data l'incoronazione 23 maggio 1954 e la colloca a Zamora.
1500,1611,Spagna,Chipiona,Nostra Signora della Regola,5-9-1954,B.P.,sì,1,yes,,nostra-signora-della-regola-virgen-de-regla-chip,Chipiona,Nostra Signora della Regola (Virgen de Regla),1954-09-05,,,,ERR - Bonci: non la cita.
1501,1547,Italia,Luogosanto,Nostra Signora di Luogosanto,8-9-1954,Capitolo,sì,1,yes,,nostra-signora-di-luogosanto-regina-di-gallura-l,Luogosanto,Nostra Signora di Luogosanto (Regina di Gallura),1954-09-08,,,,ERR - Bonci: la colloca a Tempio Pausania e scambia la data del decreto con la data di incoronazione.
1502,1434,Italia,Fagnano Castello,Beata Vergine Immacolata,8-9-1954,Capitolo,sì,1,yes,,beata-vergine-immacolata-fagnano-castello,Fagnano Castello,Beata Vergine Immacolata,1954-09-08,,,,ERR - Bonci: data l'incoronazione 20 ottobre 1954.
1503,1561,Italia,Militello in Val di Catania,Madonna della Stella,8-9-1954,Capitolo,sì,1,yes,,madonna-della-stella-militello-in-val-di-catania,Militello in Val di Catania,Madonna della Stella,1954-09-08,,,,ERR - Bonci: non la cita.
1504,1684,Spagna,El Puig,Vergine degli Angeli,9-9-1954,B.P.,sì,1,yes,,vergine-degli-angeli-virgen-de-los-angeles-el-pu,El Puig,Vergine degli Angeli (Virgen de los Ángeles),1954-09-09,,,,ERR - Bonci: non la cita.
1505,1695,Spagna,Mondoñedo,Nostra Signora dei Rimedi,12-9-1954,B.P.,sì,1,yes,,nostra-signora-dei-rimedi-virgen-de-los-remedios,Mondoñedo,Nostra Signora dei Rimedi (Virgen de los Remedios),1954-09-12,,,,ERR - Bonci: non la cita.
1506,1525,Italia,Altamura,Vergine Santissima del Buoncammino,15-9-1954,Capitolo,sì,1,yes,,vergine-santissima-del-buoncammino-altamura,Altamura,Vergine Santissima del Buoncammino,1954-09-15,,,,ERR - Bonci: scambia la data del decreto con la data di incoronazione.
1507,1552,Italia,Gela,Maria Santissima d'Alemanna,19-9-1954,Capitolo,sì,1,yes,,maria-santissima-d-alemanna-madonna-della-manna,Gela,Maria Santissima d'Alemanna (Madonna della Manna),1954-09-19,,,,ERR - Bonci: data l'incoronazione 10 ottobre 1954.
1508,1478,Italia,Settefrati,Madonna di Canneto,19-9-1954,Capitolo,sì,1,yes,,madonna-di-canneto-settefrati,Settefrati,Madonna di Canneto,1954-09-19,,,,ERR - Bonci: non la cita.
1509,1507,Italia,"Vercurago, frazione di Somasca","Madonna ""Mater Orphanorum""",19-9-1954,Capitolo,sì,1,yes,,madonna-mater-orphanorum-maria-madre-degli-orfan,"Vercurago, frazione di Somasca","Madonna ""Mater Orphanorum"" (Maria Madre degli Orfani)",1954-09-19,,,,ERR - Bonci: scambia la data del decreto con la data di incoronazione.
1510,1675,Spagna,"Vallbona de les Monges, villaggio di Rocallaura",Santa Maria del Tallat,21-9-1954,B.P.,sì,1,yes,,santa-maria-del-tallat-mare-de-deu-del-tallat-va,"Vallbona de les Monges, villaggio di Rocallaura",Santa Maria del Tallat (Mare de Déu del Tallat),1954-09-21,,,,ERR - Bonci: non la cita.
1511,1427,Italia,Catanzaro,Maria Santissima Immacolata,26-9-1954,Capitolo,sì,1,yes,,maria-santissima-immacolata-madonna-della-nicchi,Catanzaro,Maria Santissima Immacolata (Madonna della Nicchia),1954-09-26,,,,
1512,1621,Spagna,Quesada,Nostra Signora de Tíscar,29-9-1954,Capitolo,sì,1,yes,,nostra-signora-de-tiscar-virgen-de-tiscar-quesad,Quesada,Nostra Signora de Tíscar (Virgen de Tíscar),1954-09-29,,,,ERR - Bonci: non la cita.
1513,1428,Italia,Curinga,Maria Santissima lmmacolata,3-10-1954,Capitolo,sì,1,yes,,maria-santissima-lmmacolata-curinga,Curinga,Maria Santissima lmmacolata,1954-10-03,,,,ERR - Bonci: data l'incoronazione 9 febbraio 1953.
1514,1283,Messico,Apizaco,Nostra Signora della Misericordia,6-10-1954,B.P.,sì,1,yes,,nostra-signora-della-misericordia-virgen-de-la-m,Apizaco,Nostra Signora della Misericordia (Virgen de la Misericordia),1954-10-06,,,,ERR - Bonci: non la cita.
1515,1313,Brasile,São João del-Rei,Nostra Signora del Pilar,12-10-1954,B.P.,sì,1,yes,,nossa-senhora-do-pilar-sao-joao-del-rei,São João del-Rei,Nossa Senhora do Pilar,1954-10-12,AAS,,,ERR - Bonci: non la cita.
1516,1710,Spagna,Anguiano,Nostra Signora di Valvanera,15-10-1954,B.P.,sì,1,yes,,nostra-signora-di-valvanera-virgen-de-valvanera,Anguiano,Nostra Signora di Valvanera (Virgen de Valvanera),1954-10-15,,,,ERR - Bonci: non la cita.
1517,1724,Spagna,Vitoria-Gasteiz,Vergine Bianca,17-10-1954,B.P.,sì,1,yes,,vergine-bianca-la-virgen-blanca-vitoria-gasteiz,Vitoria-Gasteiz,Vergine Bianca (La Virgen Blanca),1954-10-17,,,,ERR - Bonci: non la cita.
1518,1435,Italia,Luzzi,Maria Santissima Immacolata,20-10-1954,Capitolo,sì,1,yes,,maria-santissima-immacolata-luzzi,Luzzi,Maria Santissima Immacolata,1954-10-20,,,,ERR - Bonci: scambia la data del decreto con la data di incoronazione.
1519,1345,Perù,Guadalupe,Nostra Signora di Guadalupe,24-10-1954,Capitolo,sì,1,yes,,nostra-signora-di-guadalupe-nuestra-senora-de-gu-3,Guadalupe,Nostra Signora di Guadalupe (Nuestra Señora de Guadalupe de Pacasmayo),1954-10-24,,,,ERR - Bonci: la colloca a Truxillo e data l'incoronazione 10 ottobre 1954.
1520,1554,Italia,Mussomeli,Immacolata Concezione,31-10-1954,Capitolo,sì,1,yes,,immacolata-concezione-mussomeli,Mussomeli,Immacolata Concezione,1954-10-31,,,,ERR - Bonci: non la cita.
1521,1244,Messico,Aguascalientes,Immacolata Concezione di San Diego,8-11-1954,B.P.,sì,1,yes,,immacolata-concezione-di-san-diego-virgen-de-la,Aguascalientes,Immacolata Concezione di San Diego (Virgen de la Inmacolada Concepciòn),1954-11-08,,,,ERR - Bonci: non la cita.
1522,1627,Spagna,Siviglia,Nostra Signora dei Dolori,21-11-1954,B.P.,sì,1,yes,,nostra-signora-dei-dolori-virgen-de-la-amargura,Siviglia,Nostra Signora dei Dolori (Virgen de la Amargura),1954-11-21,,,,ERR - Bonci: non la cita.
1523,1570,Italia,Torretta,Santa Maria delle Grazie,25-11-1954,#,no,#,no,petition refused or crowning uncertain (incoronazione #),,,,,,,,Bonci: data l'incoronazione 25 novembre 1954. Nessun riferimento in internet.
1524,1373,Filippine,Lapu-Lapu,Nostra Signora de la Regla,27-11-1954,Capitolo,sì,1,yes,,nostra-signora-de-la-regla-vergine-de-la-regla-l,Lapu-Lapu,Nostra Signora de la Regla (Vergine de la Regla),1954-11-27,,,,ERR - Bonci: scambia la data del decreto con la data di incoronazione.
1525,1375,India,"Bombay, quartiere di Bantra",Santa Maria del Monte,5-12-1954,B.P.,sì,1,yes,,our-lady-of-the-mount-bandra-bombay,"Bandra, Bombay",Our Lady of the Mount,1954-12-05,AAS,,,ERR - Bonci: non la cita.
1526,1708,Spagna,San Cristobal de La Laguna,Immacolata Concezione,5-12-1954,B.P.,sì,1,yes,,immacolata-concezione-nuestra-senora-de-la-conce,San Cristobal de La Laguna,Immacolata Concezione (Nuestra Señora de la Concepcion),1954-12-05,,,,ERR - Bonci: non la cita.
1527,1237,Guatemala,Città del Guatemala,"Immacolata Concezione, Vergine dei Re",5-12-1954,B.P.,sì,1,yes,,immacolata-concezione-vergine-dei-re-inmaculada,Città del Guatemala,"Immacolata Concezione, Vergine dei Re (Inmaculada Concepción, Virgen de los Reyes)",1954-12-05,,,,ERR - Bonci: non la cita.
1528,1714,Spagna,Yecla,Vergine del Castello,7-12-1954,B.P.,sì,1,yes,,vergine-del-castello-virgen-del-castillo-yecla,Yecla,Vergine del Castello (Virgen del Castillo),1954-12-07,,,,ERR - Bonci: non la cita.
1529,1290,Messico,Zacatecas,Immacolato Cuore di Maria,8-12-1954,B.P.,sì,1,yes,,immacolato-cuore-di-maria-purissimo-cuore-di-mar,Zacatecas,Immacolato Cuore di Maria (Purissimo Cuore di Maria),1954-12-08,,,,ERR - Bonci: non la cita.
1530,1713,Spagna,Cartagena,Immacolata Concezione,8-12-1954,#,no,#,no,petition refused or crowning uncertain (incoronazione #),,,,,,,,"ERR - Bonci: la colloca a Cartagine, data l'incoronazione 10 ottobre 1954 e la titola: B. Maria Vergine Purissima Concezione."
1531,1361,Filippine,Taal,Nostra Signora di Caysasay,8-12-1954,B.P.,sì,1,yes,,nostra-signora-di-caysasay-nuestra-senora-de-cay,Taal,Nostra Signora di Caysasay (Nuestra Señora de Caysasay),1954-12-08,,,,ERR - Bonci: non la cita.
1532,1308,Bolivia,Cotoca,Nostra Signora di Cotoca,8-12-1954,B.P.,sì,1,yes,,nostra-signora-di-cotoca-virgen-de-cotoca-cotoca,Cotoca,Nostra Signora di Cotoca (Virgen de Cotoca),1954-12-08,,,,ERR - Bonci: la colloca a Santa Cruz de la Sierra; la titola: Nostra Signora di Cotogà; data l'incoronazione 15 marzo 1953.
1533,1250,Messico,Apaseo el grande,Immacolata Concezione,15-12-1954,B.P.,sì,1,yes,,immacolata-concezione-inmaculada-concepcion-apas,Apaseo el grande,Immacolata Concezione (Inmaculada Concepción),1954-12-15,,,,ERR - Bonci: non la cita.
1534,1412,Irlanda,Knock,Nostra Signora di Knock,18-12-1954,B.P.,sì,1,yes,,nostra-signora-di-knock-our-lady-of-knock-knock,Knock,Nostra Signora di Knock (Our Lady of Knock),1954-12-18,,,,ERR - Bonci: non la cita.
1535,1508,Italia,Corbetta,Madonna dei Miracoli,17-4-1955,Capitolo,sì,1,yes,,madonna-dei-miracoli-corbetta,Corbetta,Madonna dei Miracoli,1955-04-17,,,,ERR - Bonci: non la cita.
1536,1230,Costa Rica,Paraíso,Nostra Signora di Ujarrás,27-4-1955,B.P.,sì,1,yes,,nostra-signora-di-ujarras-nuestra-senora-de-la-l,Paraíso,Nostra Signora di Ujarrás (Nuestra Señora de la Limpia Concepción del Rescate de Ujarrás),1955-04-27,,,,ERR - Bonci: non la cita.
1537,1489,Italia,Bassano Romano,Madonna della Pietà,21-5-1955,Capitolo,sì,1,yes,,madonna-della-pieta-bassano-romano,Bassano Romano,Madonna della Pietà,1955-05-21,,,,ERR - Bonci: non la cita.
1538,1637,Spagna,Ampuero,Nostra Signora della Buona Apparizione,29-5-1955,B.P.,sì,1,yes,,nostra-signora-della-buona-apparizione-nuestra-s,Ampuero,Nostra Signora della Buona Apparizione (Nuestra Señora de Bien Aparecida),1955-05-29,,,,ERR - Bonci: non la cita.
1539,1674,Spagna,Balaguer,Madre di Dio del Miracolo,30-5-1955,B.P.,sì,1,yes,,madre-di-dio-del-miracolo-mare-de-deu-del-miracl,Balaguer,Madre di Dio del Miracolo (Mare de Déu del Miracle),1955-05-30,,,,ERR - Bonci: non la cita.
1540,1652,Spagna,Hellín,Nostra Signora del Rosario,31-5-1955,B.P.,sì,1,yes,,nostra-signora-del-rosario-virgen-del-rosario-he,Hellín,Nostra Signora del Rosario (Virgen del Rosario),1955-05-31,,,,ERR - Bonci: non la cita.
1541,1581,Italia,Rovereto,Maria Ausiliatrice,2-6-1955,Capitolo,sì,1,yes,,maria-ausiliatrice-rovereto,Rovereto,Maria Ausiliatrice,1955-06-02,,,,ERR - Bonci: scambia la data del decreto con la data di incoronazione.
1542,1699,Spagna,Algaida,Madre di Dio ddella Cura,5-6-1955,B.P.,sì,1,yes,,madre-di-dio-ddella-cura-mare-de-deu-de-cura-alg,Algaida,Madre di Dio ddella Cura (Mare de Déu de Cura),1955-06-05,,,,ERR - Bonci: non la cita.
1543,1641,Spagna,Arévalo,Nostra Signora dei Dolori,26-6-1955,Capitolo,sì,1,yes,,nostra-signora-dei-dolori-virgen-de-las-angustia,Arévalo,Nostra Signora dei Dolori (Virgen de las Angustias),1955-06-26,,,,ERR - Bonci: non la cita.
1544,1688,Spagna,Campanario,Nostra Signora di Piedraescrita,24-8-1955,B.P.,sì,1,yes,,nostra-signora-di-piedraescrita-virgen-de-piedra,Campanario,Nostra Signora di Piedraescrita (Virgen de Piedraescrita),1955-08-24,,,,ERR - Bonci: non la cita.
1545,1535,Italia,Manfredonia,Madonna di Siponto,28-8-1955,B.P.,sì,1,yes,,madonna-di-siponto-manfredonia,Manfredonia,Madonna di Siponto,1955-08-28,,,,ERR - Bonci: non la cita.
1546,1318,Brasile,Santos,Nostra Signora di Montserrat,8-9-1955,B.P.,sì,1,yes,,nostra-signora-di-montserrat-nossa-senhora-do-mo,Santos,Nostra Signora di Montserrat (Nossa Senhora do Monte Serrat),1955-09-08,,,,ERR - Bonci: non la cita.
1547,1662,Spagna,"Siguenza, villaggio di Barbatona",Nostra Signora della Salute,8-9-1955,Capitolo,sì,1,yes,,nostra-signora-della-salute-viergen-de-la-salud,"Siguenza, villaggio di Barbatona",Nostra Signora della Salute (Viergen de la Salud),1955-09-08,,,,ERR - Bonci: data l'incoronazione 29 agosto 1954 la colloca Seguntinae e la titola: B.M.V. Salutio Infirmorum Pop. de la Salud.
1548,1698,Spagna,Ibiza,Nostra Signora delle Nevi,9-10-1955,B.P.,sì,1,yes,,nostra-signora-delle-nevi-virgen-de-las-nieves-i,Ibiza,Nostra Signora delle Nevi (Virgen de las Nieves),1955-10-09,,,,ERR - Bonci: non la cita.
1549,1663,Spagna,Illescas,Nostra Signora della Carità,12-10-1955,Capitolo,sì,1,yes,,nostra-signora-della-carita-virgen-de-la-caridad,Illescas,Nostra Signora della Carità (Virgen de la Caridad),1955-10-12,,,,ERR - Bonci: non la cita.
1550,1599,Paesi Bassi,Haastrecht,Nostra Signora di Haastrecht,18-10-1955,Capitolo,sì,1,yes,,nostra-signora-di-haastrecht-maria-ter-weghe-haa,Haastrecht,Nostra Signora di Haastrecht (Maria ter Weghe),1955-10-18,,,,ERR - Bonci: data l'incoronazione 12 novembre 1955 e la titola: Mariae Viatricis.
1551,1587,Italia,Rovigo,Beata Vergine Addolorata,21-11-1955,Capitolo,sì,1,yes,,beata-vergine-addolorata-rovigo,Rovigo,Beata Vergine Addolorata,1955-11-21,,,,ERR - Bonci: non la cita.
1552,1234,El Salvador,Cojutepeque,Immacolata Concezione,8-12-1955,#,sì,1,yes,,immacolata-concezione-inmaculada-concepcion-coju,Cojutepeque,Immacolata Concezione (Inmaculada Concepciòn),1955-12-08,,,,"ERR - Bonci: data l'incoronazione 10 ottobre 1954, la titola: B. Vergine Immacolata Concezione e la colloca a San Salvador."
1553,1548,Italia,Sassari,Madonna della Speranza,18-12-1955,Capitolo,sì,1,yes,,madonna-della-speranza-sassari,Sassari,Madonna della Speranza,1955-12-18,,,,ERR - Bonci: scambia la data del decreto con la data di incoronazione.
1554,1363,Filippine,Ermita,Nostra Signora della Guida,30-12-1955,B.P.,sì,1,yes,,nostra-signora-della-guida-nuestra-senora-de-gui,Ermita,Nostra Signora della Guida (Nuestra Señora de Guia),1955-12-30,,,,ERR - Bonci: non la cita.
1555,1364,Filippine,Bantay,Nostra Signora della Carità,12-1-1956,B.P.,sì,1,yes,,nostra-signora-della-carita-nuestra-senora-de-la-2,Bantay,Nostra Signora della Carità (Nuestra Señora de la Caridad de Bantay),1956-01-12,,,,ERR - Bonci: non la cita.
1556,1355,Venezuela,Barquisimeto,La Divina Pastora,14-1-1956,B.P.,sì,1,yes,,la-divina-pastora-la-divina-pastora-barquisimeto,Barquisimeto,La Divina Pastora (La Divina Pastora),1956-01-14,,,,ERR - Bonci: non la cita.
1557,1232,Cuba,L'Avana,Nostra Signora della Regla,24-2-1956,B.P.,sì,1,yes,,nostra-signora-della-regla-nuestra-senora-de-la,L'Avana,Nostra Signora della Regla (Nuestra Señora de la Regla),1956-02-24,,,,ERR - Bonci: non la cita.
1558,1253,Messico,Leon,Immacolato Cuore di Maria,15-4-1956,#,no,#,no,petition refused or crowning uncertain (incoronazione #),,,,,,,,ERR - Bonci: data l'incoronazione 15 aprile 1956 e la titola: Cuore di Maria.
1559,1337,Ecuador,Quito,Vergine Addolorata,22-4-1956,B.P.,sì,1,yes,,dolorosa-del-colegio-quito,Quito,Dolorosa del Colegio,1956-04-22,AAS,yes,,ERR - Bonci: non la cita.
1560,1545,Italia,Scano di Montiferro,Beata Vergine Regina di Tutti i Santi,13-5-1956,#,no,#,no,petition refused or crowning uncertain (incoronazione #),,,,,,,,Bonci: data l'incoronazione 13 maggio 1956. Nessun riferimento in internet.
1561,1689,Spagna,Coria,Nostra Signora di Argeme,20-5-1956,B.P.,sì,1,yes,,nostra-signora-di-argeme-virgen-de-argeme-coria,Coria,Nostra Signora di Argeme (Virgen de Argeme),1956-05-20,,,,ERR - Bonci: non la cita.
1562,1293,Argentina,Buenos Aires,Maria Ausiliatrice,24-5-1956,B.P,sì,1,yes,,maria-ausiliatrice-maria-auxiliadora-buenos-aire,Buenos Aires,Maria Ausiliatrice (María Auxiliadora),1956-05-24,,,,ERR - Bonci: non la cita.
1563,1598,Paesi Bassi,Maastricht,Nostra Sinora della Medaglia Miracolosa,27-5-1956,B.P.,sì,1,yes,,nostra-sinora-della-medaglia-miracolosa-onze-lie,Maastricht,Nostra Sinora della Medaglia Miracolosa (Onze Lieve Vrouw van de Wonderdadige),1956-05-27,,,,ERR - Bonci: non la cita.
1564,1651,Spagna,Albacete,Vergine dei Piantoni,27-5-1956,B.P.,sì,1,yes,,vergine-dei-piantoni-virgen-de-los-llanos-albace,Albacete,Vergine dei Piantoni (Virgen de los Llanos),1956-05-27,,,,ERR - Bonci: non la cita.
1565,1716,Spagna,Corella,Nostra Signora di Villar,10-6-1956,B.P.,sì,1,yes,,nostra-signora-di-villar-virgen-del-villar-corel,Corella,Nostra Signora di Villar (Virgen del Villar),1956-06-10,,,,ERR - Bonci: non la cita.
1566,1443,Italia,Gesualdo,Vergine Santissima delle Grazie,15-7-1956,#,no,#,no,petition refused or crowning uncertain (incoronazione #),,,,,,,,Bonci: data l'incoronazione 15 luglio 1956. Nessun riferimento in internet.
1567,1530,Italia,Corato,Santa Maria Greca,15-7-1956,#,no,#,no,petition refused or crowning uncertain (incoronazione #),,,,,,,,Bonci: data l'incoronazione 15 luglio 1956. Nessun riferimento in internet.
1568,1245,Messico,Ciudad del Carmen,Nostra Signora del Carmine,16-7-1956,Capitolo,sì,1,yes,,nostra-signora-del-carmine-nuestra-senora-del-ca-4,Ciudad del Carmen,Nostra Signora del Carmine (Nuestra Señora del Carmen),1956-07-16,,,,ERR - Bonci: non la cita.
1569,1426,Italia,Rotonda,Madonna della Consolazione,22-7-1956,#,no,#,no,petition refused or crowning uncertain (incoronazione #),,,,,,,,Bonci: data l'incoronazione 22 luglio 1956. Nessun riferimento in internet.
1570,1678,Spagna,Aspe,Nostra Signora della Neve,5-8-1956,B.P.,sì,1,yes,,nostra-signora-della-neve-virgen-de-las-nieves-a-2,Aspe,Nostra Signora della Neve (Virgen de las Nieves),1956-08-05,,,,ERR - Bonci: non la cita.
1571,1430,Italia,Rabato di Mileto,Madonna della Grotta,19-8-1956,#,no,#,no,petition refused or crowning uncertain (incoronazione #),,,,,,,,Bonci: data l'incoronazione 19 agosto 1956 e la colloca a Rabato di Mileto con titolo Madonna della Grotta.
1572,1369,Filippine,San Fernando,Nostra Signora dei Rimedi,8-9-1956,B.P.,sì,1,yes,,nostra-signora-dei-rimedi-virgen-de-los-remedios-2,San Fernando,Nostra Signora dei Rimedi (Virgen de los Remedios de Pampanga),1956-09-08,,,,ERR - Bonci: non la cita.
1573,1709,Spagna,Alfaro,"Santa Madre di Dio ""De el Burgo""",8-9-1956,B.P.,sì,1,yes,,santa-madre-di-dio-de-el-burgo-nuestra-senora-de,Alfaro,"Santa Madre di Dio ""De el Burgo"" (Nuestra Señora del Burgo)",1956-09-08,,,,ERR - Bonci: scambia la data del decreto con la data di incoronazione.
1574,1640,Spagna,Solorzano,Nostra Signora del Miracolo di Fresnedo,9-9-1956,B.P.,sì,1,yes,,nostra-signora-del-miracolo-di-fresnedo-nuestra,Solorzano,Nostra Signora del Miracolo di Fresnedo (Nuestra Señora del Milagro de Fresnedo),1956-09-09,,,,ERR - Bonci: data l'incoronazione 19 agosto 1956 e la titola: Nuestra Señora del Milagro de Fresuedo.
1575,1707,Spagna,Guía de Isora,Vergine della Luce,16-9-1956,B.P.,sì,1,yes,,vergine-della-luce-virgen-de-la-luz-guia-de-isor,Guía de Isora,Vergine della Luce (Virgen de la Luz),1956-09-16,,,,ERR - Bonci: non la cita.
1576,1442,Italia,Bonito,Madonna dell'Assunta,29-9-1956,Capitolo,sì,1,yes,,madonna-dell-assunta-bonito,Bonito,Madonna dell'Assunta,1956-09-29,,,,ERR - Bonci: non la cita.
1577,1622,Spagna,Villanueva del Arzobispo,Nostra Signora della Fuensanta,29-9-1956,B.P.,sì,1,yes,,nostra-signora-della-fuensanta-virgen-de-la-fuen,Villanueva del Arzobispo,Nostra Signora della Fuensanta (Virgen de la Fuensanta),1956-09-29,,,,ERR - Bonci: non la cita.
1578,1487,Italia,Roma,Madonna delle Grazie delle Fornaci,10-10-1956,B.P.,sì,1,yes,,madonna-delle-grazie-delle-fornaci-rome-santa-ma,"Rome, Santa Maria delle Grazie alle Fornaci fuori Porta Cavalleggeri",Madonna delle Grazie delle Fornaci,1956-10-10,,,,ERR - Bonci: non la cita.
1579,1281,Messico,Santiago de Querétaro,Nostra Signora di Guadalupe,10-1-1957,Capitolo,sì,1,yes,,nostra-signora-di-guadalupe-virgen-de-guadalupe,Santiago de Querétaro,Nostra Signora di Guadalupe (Virgen de Guadalupe),1957-01-10,,,,ERR - Bonci: non la cita.
1580,1665,Spagna,Talavera de la Reina,Nostra Signora del Prado,30-5-1957,B.P.,sì,1,yes,,nostra-signora-del-prado-virgen-del-prado-talave,Talavera de la Reina,Nostra Signora del Prado (Virgen del Prado),1957-05-30,,,,ERR - Bonci: scambia la data del decreto con la data di incoronazione e la colloca a Toledo
1581,1657,Spagna,Cuenca,Vergine Addolorata,31-5-1957,B.P.,sì,1,yes,,vergine-addolorata-virgen-de-las-angustias-cuenc,Cuenca,Vergine Addolorata (Virgen de las Angustias),1957-05-31,,,,ERR - Bonci: non la cita.
1582,1460,Italia,Napoli,Maria Santissima degli Angeli,2-6-1957,#,sì,1,yes,,maria-santissima-degli-angeli-napoli,Napoli,Maria Santissima degli Angeli,1957-06-02,,,,Bonci: data l'incoronazione 17 marzo 1957 e la colloca nel rione Miano. Nessun riferimento in internet.
1583,1562,Italia,Piedimonte Etneo,Maria Santissima della Vena,16-6-1957,#,no,#,no,petition refused or crowning uncertain (incoronazione #),,,,,,,,ERR - Bonci: la colloca a Aci Catena e data l'incoronazione 16 giugno 1957. Nessun riferimento in internet.
1584,1242,Messico,Ficarra,Maria Santissima Assunta,5-8-1957,#,no,#,no,petition refused or crowning uncertain (incoronazione #),,,,,,,,ERR - Bonci: data l'incoronazione 5 agosto 1957 e la colloca a Ficarra in Messico (nel Messico non esiste una località Ficarra).
1585,1556,Italia,Aci Catena,Maria Santissima della Catena,14-8-1957,B.P.,sì,1,yes,,maria-santissima-della-catena-aci-catena,Aci Catena,Maria Santissima della Catena,1957-08-14,,,,ERR - Bonci: la colloca a Acireale.
1586,1685,Spagna,Picassent,Nostra Signora di Vallivana,8-9-1957,Capitolo,sì,1,yes,,nostra-signora-di-vallivana-nuestra-senora-de-va,Picassent,Nostra Signora di Vallivana (Nuestra Señora de Vallivana),1957-09-08,,,,ERR - Bonci: data l'incoronazione 19 marzo 1957 e la colloca a Picasent.
1587,1424,Italia,Potenza,Beata Maria Vergine del Terremoto,22-9-1957,Capitolo,sì,1,yes,,beata-maria-vergine-del-terremoto-madonna-del-te,Potenza,Beata Maria Vergine del Terremoto (Madonna del Terremoto),1957-09-22,,,,ERR - Bonci: scambia la data del decreto con la data di incoronazione.
1588,1298,Argentina,Corrientes,Nostra Signora della Misericordia,24-9-1957,B.P,sì,1,yes,,nostra-signora-della-misericordia-nuestra-senora,Corrientes,Nostra Signora della Misericordia (Nuestra Señora de las Mercedes),1957-09-24,,,,ERR - Bonci: non la cita.
1589,1557,Italia,Acireale,Maria Santissima Immacolata,15-12-1957,#,no,#,no,petition refused or crowning uncertain (incoronazione #),,,,,,,,Bonci: data l'incoronazione 15 dicembre 1957. Nessun riferimento in internet.
1590,1422,Italia,Melfi,Madonna di Nazaret,15-12-1957,#,no,#,no,petition refused or crowning uncertain (incoronazione #),,,,,,,,Bonci: data l'incoronazione 15 dicembre 1957. Nessun riferimento in internet.
1591,1536,Italia,Manfredonia,Maria delle Grazie,20-4-1958,#,no,#,no,petition refused or crowning uncertain (incoronazione #),,,,,,,,Bonci: data l'incoronazione 20 aprile 1958 e la colloca nella chiesa di Santo Stefano Rotondo.
1592,1470,Italia,Sant'Arsenio,Madonna del Carmine,20-4-1958,#,no,#,no,petition refused or crowning uncertain (incoronazione #),,,,,,,,Bonci: data l'incoronazione 20 aprile 1958. Nessun riferimento in internet.
1593,1490,Italia,Capranica,Madonna delle Grazie,10-5-1958,Capitolo,sì,1,yes,,santa-maria-della-mentorella-santa-maria-delle-g,"Capranica Prenestina, frazione di Guadagnolo",Santa Maria della Mentorella (Santa Maria delle Grazie),1901-09-29; 1958-05-10,,,,ERR - Bonci: scambia la data del decreto con la data di incoronazione.
1594,1370,Filippine,Boac,Nostra Signora del Pronto Soccorso,10-5-1958,Capitolo,sì,1,yes,,nostra-signora-del-pronto-soccorso-nuestra-senor,Boac,Nostra Signora del Pronto Soccorso (Nuestra Señora del Pronto Socorro de Boac),1958-05-10,,,,ERR - Bonci: scambia la data del decreto con la data di incoronazione e la colloca a Mariuduque.
1595,1568,Italia,Marineo,Madonna della Dayna,18-5-1958,#,no,#,no,petition refused or crowning uncertain (incoronazione #),,,,,,,,Bonci: data l'incoronazione 18 maggio 1958. Nessun riferimento in internet.
1596,1717,Spagna,Estella,Nostra Signora di Puy,25-5-1958,B.P.,sì,1,yes,,nostra-signora-di-puy-nuestra-senora-del-puy-est,Estella,Nostra Signora di Puy (Nuestra Señora del Puy),1958-05-25,,,,ERR - Bonci: non la cita.
1597,1573,Italia,"Impruneta, frazione di Pozzolatico",Madonna delle Grazie,15-6-1958,#,no,#,no,petition refused or crowning uncertain (incoronazione #),,,,,,,,ERR - Bonci: la colloca a Firenze nella chiesa di Pozzolatico e data l'incoronazione 15 giugno 1958. A Firenze non esiste una chiesa di Pozzolatico.
1598,1499,Italia,Varazze,Madonna del Romito,15-6-1958,#,no,#,no,petition refused or crowning uncertain (incoronazione #),,,,,,,,Bonci: data l'incoronazione 15 giugno 1958. Nessun riferimento in internet.
1599,1723,Spagna,"Valdegovia, villaggio di Villanañe",Nostra Signora di Angosto,15-6-1958,Capitolo,sì,1,yes,,nostra-signora-di-angosto-nuestra-senora-de-ango,"Valdegovia, villaggio di Villanañe",Nostra Signora di Angosto (Nuestra Señora de Angosto),1958-06-15,,,,ERR - Bonci: data l'incoronazione 17 febbraio 1957 e la colloca Vitoria.
1600,1553,Italia,Gela,Madonna delle Grazie,1-7-1958,Capitolo,sì,1,yes,,madonna-delle-grazie-gela,Gela,Madonna delle Grazie,1958-07-01,,,,ERR - Bonci: scambia la data del decreto con la data di incoronazione.
1601,1495,Italia,Riva Ligure,Madonna del Santo Carmelo,6-7-1958,#,no,#,no,petition refused or crowning uncertain (incoronazione #),,,,,,,,Bonci: data l'incoronazione 6 luglio 1958. Nessun riferimento in internet.
1602,1578,Italia,"Buggiano, frazione di Buggiano Castello",Madonna della Salute,20-7-1958,#,no,#,no,petition refused or crowning uncertain (incoronazione #),,,,,,,,Bonci: data l'incoronazione 20 luglio 1958. Nessun riferimento in internet.
1603,1466,Italia,Torre del Greco,Madonna del Principio,25-7-1958,Capitolo,sì,1,yes,,madonna-del-principio-torre-del-greco,Torre del Greco,Madonna del Principio,1958-07-25,,,,ERR - Bonci: scambia la data del decreto con la data di incoronazione.
1604,1256,Messico,Purìsima del Rincon,Nostra Signora della Purissima Concezione,8-8-1958,Capitolo,sì,1,yes,,nostra-signora-della-purissima-concezione-la-pur,Purìsima del Rincon,Nostra Signora della Purissima Concezione (La Purisima Concepcion),1958-08-08,,,,ERR - Bonci: non la cita.
1605,1483,Italia,Cittareale,Madonna di Capo d'Acqua,24-8-1958,#,no,#,no,petition refused or crowning uncertain (incoronazione #),,,,,,,,Bonci: data l'incoronazione 24 agosto 1958. Nessun riferimento in internet.
1606,1446,Italia,Buonalbergo,Madonna della Macchia,8-9-1958,Capitolo,sì,1,yes,,madonna-della-macchia-buonalbergo,Buonalbergo,Madonna della Macchia,1958-09-08,,,,ERR - Bonci: scambia la data del decreto con la data di incoronazione.
1607,1514,Italia,Ostra,Beata Vergine Immacolata di Lourdes,12-9-1958,Capitolo,sì,1,yes,,beata-vergine-immacolata-di-lourdes-ostra,Ostra,Beata Vergine Immacolata di Lourdes,1958-09-12,,,,ERR - Bonci: la colloca a Senigaglia.
1608,1309,Brasile,Belo Horizonte,Nostra Signora di Lourdes,7-10-1958,#,no,#,no,petition refused or crowning uncertain (incoronazione #),,,,,,,,ERR - Bonci: data l'incoronazione 7 ottobre 1958 e la colloca a Belo Horizonte. Nessun riferimento in internet.
1609,1735,Svizzera,"Val Mara, frazione di Melano",Madonna del Castelletto,23-11-1958,#,no,#,no,petition refused or crowning uncertain (incoronazione #),,,,,,,,ERR - Bonci: la colloca a Melano di Lugano e data l'incoronazione 23 novembre 1958. Nessun riferimento in internet.
1610,1732,Svizzera,Coira,Santa Maria di Calanca,25-1-1959,#,no,#,no,petition refused or crowning uncertain (incoronazione #),,,,,,,,Bonci: data l'incoronazione 25 gennaio 1959. Nessun riferimento in internet.
1611,1325,Colombia,Rionegro,Nostra Signora del Rosario di Arma,8-2-1959,B.P.,sì,1,yes,,nostra-signora-del-rosario-di-arma-nuestra-senor,Rionegro,Nostra Signora del Rosario di Arma (Nuestra Señora del Rosario de Arma),1959-02-08,,,,ERR - Bonci: scambia la data del decreto con la data di incoronazione e la colloca a Sonson.
1612,1367,Filippine,Orani,Nostra Signora del Rosario,18-4-1959,Capitolo,sì,1,yes,,nostra-signora-del-rosario-nuestra-senora-del-ro-5,Orani,Nostra Signora del Rosario (Nuestra Señora del Rosario de Orani),1959-04-18,,,,ERR - Bonci: scambia la data del decreto con la data di incoronazione.
1613,1385,Croazia,Zagabria,Nostra Signora di Fatima,31-5-1959,B.P.,sì,1,yes,,nostra-signora-di-fatima-zagabria,Zagabria,Nostra Signora di Fatima,1959-05-31,,,,ERR - Bonci: non la cita.
1614,1681,Spagna,Orihuela,Nostra Signora di Monserrato,31-5-1959,,sì,2,yes,,nuestra-senore-de-monserrate-orihuela,Orihuela,Nuestra Señore De Monserrate,1920-05-31; 1959-05-31,Zander/Magister,yes,,ERR - Bonci: non la cita.
1615,1537,Italia,San Giovanni Rotondo,Madonna delle Grazie,2-7-1959,Capitolo,sì,1,yes,,madonna-delle-grazie-san-giovanni-rotondo,San Giovanni Rotondo,Madonna delle Grazie,1959-07-02,,,,ERR - Bonci: non la cita.
1616,1638,Spagna,"Santiurde de Toranzo, frazione di Iruz",Nostra Signora del Soto,6-9-1959,B.P.,sì,1,yes,,nuestra-senora-de-el-soto-iruz-valle-de-toranzo,Iruz (Valle de Toranzo),Nuestra Señora de El Soto,1959-09-06,AAS,,,ERR - Bonci: non la cita.
1617,1327,Colombia,La Strella,Nostra Signora di Chiquinquirà,13-9-1959,B.P.,sì,1,yes,,nostra-signora-di-chiquinquira-nuestra-senora-de-2,La Strella,Nostra Signora di Chiquinquirà (Nuestra Señora de Chiquinquirá de La Estrella),1959-09-13,,,,ERR - Bonci: non la cita.
1618,1459,Italia,Napoli,Vergine Addolorata,20-9-1959,#,no,#,no,petition refused or crowning uncertain (incoronazione #),,,,,,,,Bonci: data l'incoronazione 20 settembre 1959 e la colloca a Miano. Nessun riferimento in internet.
1619,1636,Spagna,"Carreño, zona Guimarán",Nostra Signora dei Rimedi,27-9-1959,B.P.,sì,1,yes,,nostra-signora-dei-rimedi-nuestra-senora-de-los-3,"Carreño, zona Guimarán",Nostra Signora dei Rimedi (Nuestra Señora de los Remedios),1959-09-27,,,,ERR - Bonci: non la cita.
1620,1670,Spagna,Igualada,Nostra Signora della Misericordia,11-10-1959,Capitolo,sì,1,yes,,nostra-signora-della-misericordia-mare-de-deu-de,Igualada,Nostra Signora della Misericordia (Mare de Déu de la Pietat),1959-10-11,,,,ERR - Bonci: data l'incoronazione 19 aprile 1959 e la colloca a Ignalada.
1621,1366,Filippine,Luna,Nostra Signora de Namacpacan,24-11-1959,Capitolo,sì,1,yes,,nostra-signora-de-namacpacan-nuestra-senora-de-n,Luna,Nostra Signora de Namacpacan (Nuestra Señora de Namacpacan),1959-11-24,,,,ERR - Bonci: data l'incoronazione 20 settebre 1959 e la colloca a Namacpacan.
1622,1254,Messico,Leon,Immacolata Concezione,8-12-1959,Capitolo,sì,1,yes,,immacolata-concezione-la-virgencita-del-seminari,Leon,Immacolata Concezione (La Virgencita del Seminario),1959-12-08,,,,ERR - Bonci: non la cita.
1623,1338,Ecuador,Baños de Agua Santa,Nostra Signora del Rosario dell'Acqua Santa,13-12-1959,B.P.,sì,1,yes,,nuestra-senora-del-rosario-de-agua-santa-de-bano,Baños (« Baños de Tungurahua »),Nuestra Señora del Rosario de Agua Santa de Baños,1959-12-13,AAS,yes,,ERR - Bonci: non la cita.
1624,1353,Venezuela,San Sebastián,Nostra Signora della Misericordia e Carità,22-1-1960,B.P.,sì,1,yes,,nostra-signora-della-misericordia-e-carita-virge,San Sebastián,Nostra Signora della Misericordia e Carità (Virgen de la Misericordia y Caridad),1960-01-22,,,,ERR - Bonci: non la cita.
1625,1376,Kuwait,Ahmadi,Nostra Signora d'Arabia,25-3-1960,B.P.,sì,1,yes,,nostra-signora-d-arabia-our-lady-of-arabia-ahmad,Ahmadi,Nostra Signora d'Arabia (Our Lady of Arabia),1960-03-25,,,,ERR - Bonci: non la cita.
1626,1438,Italia,Taurianova,Madonna del Carmine,27-3-1960,Capitolo,sì,1,yes,,madonna-del-carmine-taurianova,Taurianova,Madonna del Carmine,1960-03-27,,,,ERR - Bonci: data l'incoronazione 18 ottobre 1959.
1627,1402,Francia,Montebourg,Nostra Signora della Stella,1-5-1960,B.P.,sì,1,yes,,nostra-signora-della-stella-notre-dame-de-l-etoi,Montebourg,Nostra Signora della Stella (Notre-Dame de L'Étoile),1960-05-01,,,,ERR - Bonci: data l'incoronazione 20 settembre 1959 e la colloca a Montebourg Manche.
1628,1494,Italia,Voltri,Madonna delle Grazie,22-5-1960,#,no,#,no,petition refused or crowning uncertain (incoronazione #),,,,,,,,Bonci: data l'incoronazione 22 maggio 1960. Nessun riferimento in internet.
1629,1725,Spagna,Lekeitio,Nostra Signora della Antigua,12-6-1960,B.P.,sì,1,yes,,nostra-signora-della-antigua-nuestra-senora-de-l,Lekeitio,Nostra Signora della Antigua (Nuestra Señora de la Antigua),1960-06-12,,,,ERR - Bonci: non la cita.
1630,1291,Stati Uniti d'America,Santa Fe,Nostra Signora della Conquista,26-6-1960,B.P.,sì,1,yes,,nostra-signora-della-conquista-our-lady-of-the-c,Santa Fe,Nostra Signora della Conquista (Our Lady of the Conquest),1960-06-26,,,,ERR - Bonci: non la cita.
1631,1350,Perù,Paita,Nostra Signora della Misericordia,27-8-1960,B.P.,sì,1,yes,,nostra-signora-della-misericordia-nuestra-senora-3,Paita,Nostra Signora della Misericordia (Nuestra Señora de las Mercedes),1960-08-27,,,,ERR - Bonci: non la cita.
1632,1643,Spagna,Carrión de los Condes,Nostra Signora di Betlemme,28-8-1960,B.P.,sì,1,yes,,nostra-signora-di-betlemme-nuestra-senora-de-bel,Carrión de los Condes,Nostra Signora di Betlemme (Nuestra Señora de Belén),1960-08-28,,,,ERR - Bonci: non la cita.
1633,1719,Spagna,Roncesvalles,Santa Maria di Roncisvalle,8-9-1960,B.P.,sì,1,yes,,santa-maria-di-roncisvalle-virgen-de-roncesvalle,Roncesvalles,Santa Maria di Roncisvalle (Virgen de Roncesvalles),1960-09-08,,,,ERR - Bonci: non la cita.
1634,1687,Spagna,Utiel,Nostra Signora del Rimedio,8-9-1960,B.P.,sì,1,yes,,nostra-signora-del-rimedio-nuestra-senora-del-re,Utiel,Nostra Signora del Rimedio (Nuestra Señora del Remedio),1960-09-08,,,,ERR - Bonci: non la cita.
1635,1693,Spagna,La Coruña,Nostra Signora del Rosario,11-9-1960,B.P.,sì,1,yes,,nostra-signora-del-rosario-virgen-del-rosario-la,La Coruña,Nostra Signora del Rosario (Virgen del Rosario),1960-09-11,,,,ERR - Bonci: non la cita.
1636,1274,Messico,Tarímbaro,Nostra Signora della Scala,7-10-1960,B.P.,sì,1,yes,,nostra-signora-della-scala-virgen-de-la-escalera,Tarímbaro,Nostra Signora della Scala (Virgen de la Escalera),1960-10-07,,,,ERR - Bonci: non la cita.
1637,1371,Filippine,Zamboanga City,Nostra Signora del Pilar,12-10-1960,B.P.,sì,1,yes,,nostra-signora-del-pilar-nuestra-senora-del-pila-2,Zamboanga City,Nostra Signora del Pilar (Nuestra Señora del Pilar de Zamboanga),1960-10-12,,,,ERR - Bonci: non la cita.
1638,1619,Spagna,Guadix,Nostra Signora delle Grazie,30-10-1960,B.P.,sì,1,yes,,nostra-signora-delle-grazie-nuestra-senora-de-gr,Guadix,Nostra Signora delle Grazie (Nuestra Señora de Gracia),1960-10-30,,,,ERR - Bonci: non la cita.
1639,1289,Messico,Jerez de Garcìa Salinas,Vergine della Soledad,12-1-1961,Capitolo,sì,1,yes,,vergine-della-soledad-virgen-de-la-soledad-jerez,Jerez de Garcìa Salinas,Vergine della Soledad (Virgen de la Soledad),1961-01-12,,,,ERR - Bonci: non la cita.
1640,1618,Spagna,Granada,Nostra Signora del Rosario,14-5-1961,B.P.,sì,1,yes,,nostra-signora-del-rosario-nuestra-senora-del-ro-2,Granada,Nostra Signora del Rosario (Nuestra Señora del Rosario),1961-05-14,,,,ERR - Bonci: non la cita.
1641,1612,Spagna,Jerez de la Frontera,Nostra Sihnora della Misericordia,28-5-1961,B.P.,sì,1,yes,,nostra-sihnora-della-misericordia-nuestra-senora,Jerez de la Frontera,Nostra Sihnora della Misericordia (Nuestra Señora de la Merced),1961-05-28,,,,ERR - Bonci: non la cita.
1642,1527,Italia,Barletta,Madonna dello Sterpeto,28-5-1961,Capitolo,sì,1,yes,,madonna-dello-sterpeto-barletta,Barletta,Madonna dello Sterpeto,1961-05-28,,,,
1643,1664,Spagna,Ocaña,Nostra Signora dei Rimedi,11-6-1961,B.P.,sì,1,yes,,nostra-signora-dei-rimedi-nuestra-senora-de-los-4,Ocaña,Nostra Signora dei Rimedi (Nuestra Señora de los Remedios),1961-06-11,,,,ERR - Bonci: non la cita.
1644,1644,Spagna,"Santibáñez de la Peña, località Villafría de la Peña",Nostra Signora dell'Erica,21-9-1961,B.P.,sì,1,yes,,nostra-signora-dell-erica-virgen-del-brezo-santi,"Santibáñez de la Peña, località Villafría de la Peña",Nostra Signora dell'Erica (Virgen del Brezo),1961-09-21,,,,ERR - Bonci: non la cita.
1645,1303,Argentina,Mendoza,Nostra Signora del Rosario,20-10-1961,Capitolo,sì,1,yes,,nostra-signora-del-rosario-nuestra-senora-del-ro,Mendoza,Nostra Signora del Rosario (Nuestra Señora del Rosario),1961-10-20,,,,ERR - Bonci: data l'incoronazione 10 maggio 1954.
1646,1296,Argentina,Morón,Immacolata Concezione del Buon Viaggio,19-11-1961,B.P,sì,1,yes,,nuestra-senora-del-buen-viaje-moron,Morón,Nuestra Señora del Buen Viaje,1961-11-19,AAS,,,ERR - Bonci: non la cita.
1647,1314,Brasile,Ubá,Nostra Signora del Rosario,7-12-1961,B.P.,sì,1,yes,,nostra-signora-del-rosario-nossa-senhora-do-rosa,Ubá,Nostra Signora del Rosario (Nossa Senhora do Rosário),1961-12-07,,,,ERR - Bonci: non la cita.
1648,1302,Argentina,Maipú,Nostra Signora della Misericordia,17-12-1961,B.P,sì,1,yes,,nostra-signora-della-misericordia-nuestra-senora-2,Maipú,Nostra Signora della Misericordia (Nuestra Señora de la Merced),1961-12-17,,,,ERR - Bonci: non la cita.
1649,1258,Messico,Tulancingo de Bravo,Nostra Signora degli Angeli,26-1-1962,B.P.,sì,1,yes,,nostra-signora-degli-angeli-virgen-de-los-angele,Tulancingo de Bravo,Nostra Signora degli Angeli (Virgen de los Ángeles),1962-01-26,,,,ERR - Bonci: tralascia.
1650,1473,Italia,Bologna,Immacolata Concezione,13-5-1962,,sì,1,yes,,immacolata-concezione-bologna,Bologna,Immacolata Concezione,1962-05-13,,,,ERR - Bonci: tralascia.
1651,1660,Spagna,Tarancón,Nostra Signora di Riánsares,7-9-1962,B.P.,sì,1,yes,,nostra-signora-di-riansares-nuestra-senora-de-ri,Tarancón,Nostra Signora di Riánsares (Nuestra Señora de Riánsares),1962-09-07,,,,ERR - Bonci: tralascia.
1652,1634,Spagna,Luna,Nostra Signora di Monlora,26-9-1962,B.P.,sì,1,yes,,nostra-signora-di-monlora-nuestra-senora-de-monl,Luna,Nostra Signora di Monlora (Nuestra Señora de Monlora),1962-09-26,,,,ERR - Bonci: tralascia.
1653,1511,Italia,Loreto,Madonna di Loreto,4-10-1962,Capitolo,sì,3,yes,,madonna-di-loreto-loreto-lauretum,Loreto (Lauretum),Madonna di Loreto,1801-02-23; 1922-09-05; 1962-10-04,AAS,no,,ERR - Bonci: tralascia.
1654,1351,Uruguay,Florida,Nostra Signora dei Trentatré,12-11-1962,B.P.,sì,1,yes,,la-virgen-de-los-treinta-y-tres-florida,Florida,la Virgen de los Treinta y Tres,1962-11-12,AAS,,,ERR - Bonci: tralascia.
1655,1658,Spagna,Garaballa,Nostra Signora di Tejeda,26-5-1963,B.P.,sì,1,yes,,nostra-signora-di-tejeda-nuestra-senora-de-tejed,Garaballa,Nostra Signora di Tejeda (Nuestra Señora de Tejeda),1963-05-26,,,,ERR - Bonci: tralascia.
1656,1312,Brasile,Ouro Preto,Nostra Signora del Pilar,8-7-1963,B.P.,sì,1,yes,,nostra-signora-del-pilar-nossa-senhora-do-pilar,Ouro Preto,Nostra Signora del Pilar (Nossa Senhora do Pilar),1963-07-08,,,,ERR - Bonci: tralascia.
1657,1697,Spagna,A Cañiza,Nostra Signora de la Franqueira,21-7-1963,B.P.,sì,1,yes,,nostra-signora-de-la-franqueira-nuestra-senora-d,A Cañiza,Nostra Signora de la Franqueira (Nuestra Señora de la Franqueira),1963-07-21,,,,ERR - Bonci: data l'incoronazione 18 maggio 1958 e la colloca a Tuy.
1658,1310,Brasile,Conselheiro Lafaiete,Immacolata Concezione,15-8-1963,B.P.,sì,1,yes,,immacolata-concezione-nossa-senhora-da-conceicao,Conselheiro Lafaiete,Immacolata Concezione (Nossa Senhora da Conceição),1963-08-15,,,,ERR - Bonci: tralascia.
1659,1703,Spagna,Mahón,Nostra Signora delle Grazie,8-9-1963,B.P.,sì,1,yes,,nostra-signora-delle-grazie-nuestra-senora-de-gr-2,Mahón,Nostra Signora delle Grazie (Nuestra Señora de Gracia),1963-09-08,,,,ERR - Bonci: tralascia.
1660,1279,Messico,Còlon,Nostra Signora dei Dolori di Soriano,7-2-1964,Capitolo,sì,1,yes,,nostra-signora-dei-dolori-di-soriano-nuestra-sen,Còlon,Nostra Signora dei Dolori di Soriano (Nuestra Señora de los Dolores de Soriano),1964-02-07,,,,ERR - Bonci: tralascia.
1661,1706,Spagna,Las Palmas de Gran Canaria,Nostra Signora della Solitudine della Portineria,19-3-1964,B.P.,sì,1,yes,,nostra-signora-della-solitudine-della-portineria,Las Palmas de Gran Canaria,Nostra Signora della Solitudine della Portineria (Nuestra Señora de la Soledad de la Portería),1964-03-19,,,,ERR - Bonci: tralascia.
1662,1368,Filippine,Gapan,La Vergine Divina Pastora,26-4-1964,B.P.,sì,1,yes,,la-vergine-divina-pastora-la-virgen-divina-pasto,Gapan,La Vergine Divina Pastora (La Virgen Divina Pastora de Gapan),1964-04-26,,,,ERR - Bonci: tralascia.
1663,1632,Spagna,Utrera,Nostra Signora della Consolazione,1-5-1964,B.P.,sì,1,yes,,nostra-signora-della-consolazione-virgin-of-cons,Utrera,Nostra Signora della Consolazione (Virgin of Consolation),1964-05-01,,,,ERR - Bonci: tralascia.
1664,1405,Francia,Bourganeuf,Nostra Signora di Puy,4-5-1964,B.P.,sì,1,yes,,nostra-signora-di-puy-notre-dame-du-puy-bourgane,Bourganeuf,Nostra Signora di Puy (Notre-Dame du Puy),1964-05-04,,,,ERR - Bonci: tralascia.
1665,1413,Italia,Vasto,Madonna Incoronata,12-5-1964,Capitolo,sì,1,yes,,madonna-incoronata-vasto,Vasto,Madonna Incoronata,1964-05-12,,,,ERR - Bonci: data l'incoronazione 15 luglio 1940: a questa data fu realizzata la facciata della chiesa.
1666,1702,Spagna,Ciudadela,Maria Ausiliatrice,24-5-1964,B.P.,sì,1,yes,,maria-ausiliatrice-maria-auxiliadora-ciudadela,Ciudadela,Maria Ausiliatrice (María Auxiliadora),1964-05-24,,,,ERR - Bonci: tralascia.
1667,1629,Spagna,Siviglia,Nostra Signora della Speranza della Macarena,31-5-1964,B.P.,sì,1,yes,,nostra-signora-della-speranza-della-macarena-vir,Siviglia,Nostra Signora della Speranza della Macarena (Virgen de la Esperanza Macarena),1964-05-31,,,,ERR - Bonci: tralascia.
1668,1277,Messico,Monterrey,Nostra Signora del Roble,31-5-1964,Capitolo,sì,1,yes,,nostra-signora-del-roble-virgen-del-roble-monter,Monterrey,Nostra Signora del Roble (Virgen del Roble),1964-05-31,,,,ERR - Bonci: tralascia.
1669,1381,Belgio,Buggenhout,Nostra Signora dei Sette Dolori,30-8-1964,B.P.,sì,1,yes,,nostra-signora-dei-sette-dolori-onze-lieve-vrouw,Buggenhout,Nostra Signora dei Sette Dolori (Onze-Lieve-Vrouw van Smarten),1964-08-30,,,,ERR - Bonci: tralascia.
1670,1696,Spagna,Baños de Molgas,Nostra Signora dei Miracoli,6-9-1964,B.P.,sì,1,yes,,nostra-signora-dei-miracoli-virgen-de-los-milagr-2,Baños de Molgas,Nostra Signora dei Miracoli (Virgen de los Milagros),1964-09-06,,,,ERR - Bonci: tralascia.
1671,1323,Colombia,Carolina del Príncipe,Immacolata Concezione,8-12-1964,B.P.,sì,1,yes,,immacolata-concezione-virgen-inmaculada-concepci,Carolina del Príncipe,Immacolata Concezione (Virgen Inmaculada Concepción),1964-12-08,,,,ERR - Bonci: tralascia.
1672,1269,Messico,Tonaya,Vergine dell’Assunta,15-1-1965,B.P.,sì,1,yes,,vergine-dell-assunta-virgen-de-la-asuncion-tonay,Tonaya,Vergine dell’Assunta (Virgen de la Asunción),1965-01-15,,,,ERR - Bonci: tralascia.
1673,1532,Italia,Terlizzi,Madonna di Sovereto,17-1-1965,Capitolo,sì,1,yes,,madonna-di-sovereto-terlizzi,Terlizzi,Madonna di Sovereto,1965-01-17,,,,ERR - Bonci: tralascia.
1674,1352,Venezuela,San Mateo,Nostra Signora di Betlemme,31-1-1965,B.P.,sì,1,yes,,nostra-signora-di-betlemme-virgen-de-belen-san-m,San Mateo,Nostra Signora di Betlemme (Virgen de Belen),1965-01-31,,,,ERR - Bonci: tralascia.
1675,1608,Spagna,Huércal-Overa,Nostra Signora del Fiume,7-4-1965,B.P.,sì,1,yes,,nostra-signora-del-fiume-virgen-del-rio-huercal,Huércal-Overa,Nostra Signora del Fiume (Virgen del Río),1965-04-07,,,,ERR - Bonci: tralascia.
1676,1462,Italia,Pompei,Regina del Santissimo Rosario,23-4-1965,Papa Paolo VI,sì,2,yes,,regina-del-santissimo-rosario-madonna-di-pompei,Pompei,Regina del Santissimo Rosario (Madonna di Pompei),1887-05-08; 1965-04-23,,,,ERR - Bonci: tralascia.
1677,1616,Spagna,Cordova,Nostra Signora dei Dolori,9-5-1965,B.P.,sì,1,yes,,nostra-signora-dei-dolori-virgen-de-los-dolores,Cordova,Nostra Signora dei Dolori (Virgen de los Dolores),1965-05-09,,,,ERR - Bonci: tralascia.
1678,1265,Messico,Sayula,Immacolata Concezione,12-5-1965,B.P.,sì,1,yes,,immacolata-concezione-inmaculada-conception-sayu,Sayula,Immacolata Concezione (Inmaculada Conception),1965-05-12,,,,ERR - Bonci: tralascia.
1679,1285,Messico,Orizaba,Nostra Signora del Monte Carmelo,16-5-1965,B.P.,sì,1,yes,,nostra-signora-del-monte-carmelo-virgen-del-carm,Orizaba,Nostra Signora del Monte Carmelo (Virgen del Carmen),1965-05-16,,,,ERR - Bonci: tralascia.
1680,1667,Spagna,Toledo,Nostra Signora della Salute,31-5-1965,B.P.,sì,1,yes,,nostra-signora-della-salute-virgen-de-la-salud-t,Toledo,Nostra Signora della Salute (Virgen de la Salud),1965-05-31,,,,ERR - Bonci: tralascia.
1681,1455,Italia,Castellammare di Stabia,Madonna della Libera,27-6-1965,Capitolo,sì,1,yes,,madonna-della-libera-castellammare-di-stabia,Castellammare di Stabia,Madonna della Libera,1965-06-27,,,,ERR - Bonci: tralascia.
1682,1615,Spagna,Sanlúcar de Barrameda,Nostra Signora della Carità,15-8-1965,B.P.,sì,1,yes,,nostra-signora-della-carita-virgen-de-la-caridad-2,Sanlúcar de Barrameda,Nostra Signora della Carità (Virgen de la Caridad),1965-08-15,,,,ERR - Bonci: tralascia.
1683,1609,Spagna,Serón,Nostra Signora dei Rimedi,15-8-1965,B.P.,sì,1,yes,,nostra-signora-dei-rimedi-nuestra-senora-de-los-5,Serón,Nostra Signora dei Rimedi (Nuestra Señora de los Remedios),1965-08-15,,,,ERR - Bonci: tralascia.
1684,1620,Spagna,Jerez del Marquesado,Nostra Signora della Purificazione e Candela,9-9-1965,B.P.,sì,1,yes,,nostra-signora-della-purificazione-e-candela-vir,Jerez del Marquesado,"Nostra Signora della Purificazione e Candela (Virgen de la Purificación, La Tizná)",1965-09-09,,,,ERR - Bonci: tralascia.
1685,1348,Perù,Lima,Nostra Signora di Guadalupe,20-9-1965,B.P.,sì,1,yes,,nostra-signora-di-guadalupe-nuestra-senora-de-gu-4,Lima,Nostra Signora di Guadalupe (Nuestra Señora de Guadalupe),1965-09-20,,,,ERR - Bonci: tralascia.
1686,1257,Messico,Acapulco de Juàrez,Nostra Signora de la Soledad,8-12-1965,Capitolo,sì,1,yes,,nostra-signora-de-la-soledad-nuestra-senora-de-l-2,Acapulco de Juàrez,Nostra Signora de la Soledad (Nuestra Señora de la Soledad de Acapulco),1965-12-08,,,,ERR - Bonci: tralascia.
1687,1322,Cile,Viña del Mar,Nostra Signora di Lourdes,12-2-1966,B.P.,sì,1,yes,,nostra-signora-di-lourdes-nuestra-senora-de-lour,Viña del Mar,Nostra Signora di Lourdes (Nuestra Señora de Lourdes),1966-02-12,,,,ERR - Bonci: tralascia.
1688,1334,Ecuador,Latacunga,Nostra Signora della Misericordia,13-2-1966,B.P.,sì,1,yes,,nostra-signora-della-misericordia-nuestra-senora-5,Latacunga,Nostra Signora della Misericordia (Nuestra Señora de la Merced),1966-02-13,,,,ERR - Bonci: tralascia.
1689,1515,Italia,Senigallia,Santa Maria della Neve,19-5-1966,Capitolo,sì,1,yes,,santa-maria-della-neve-senigallia,Senigallia,Santa Maria della Neve,1966-05-19,,,,ERR - Bonci: tralascia.
1690,1653,Spagna,Bolaños de Calatrava,Nostra Signora del Monte,22-5-1966,B.P.,sì,1,yes,,nostra-signora-del-monte-nuestra-senora-maria-sa,Bolaños de Calatrava,Nostra Signora del Monte (Nuestra Señora María Santísima de los Ángeles del Monte de la Moheda),1966-05-22,,,,ERR - Bonci: tralascia.
1691,1682,Spagna,Alcira,Nostra Signora di Lluch,22-5-1966,B.P.,sì,1,yes,,nostra-signora-di-lluch-nuestra-senora-del-lluch,Alcira,Nostra Signora di Lluch (Nuestra Señora del Lluch),1966-05-22,,,,ERR - Bonci: tralascia.
1692,1676,Spagna,Valls,Madre di Dio del Lledó,26-6-1966,B.P.,sì,1,yes,,madre-di-dio-del-lledo-mare-de-deu-del-lledo-val,Valls,Madre di Dio del Lledó (Mare de Déu del Lledo),1966-06-26,,,,ERR - Bonci: tralascia.
1693,1301,Argentina,Formosa,Nostra Signora del Carmelo,16-7-1966,B.P,sì,1,yes,,nostra-signora-del-carmelo-nuestra-senora-del-ca,Formosa,Nostra Signora del Carmelo (Nuestra Señora del Carmen),1966-07-16,,,,ERR - Bonci: tralascia.
1694,1450,Italia,Pietrelcina,Madonna della Libera,6-8-1966,Capitolo,sì,1,yes,,madonna-della-libera-pietrelcina,Pietrelcina,Madonna della Libera,1966-08-06,,,,ERR - Bonci: tralascia.
1695,1440,Italia,Avellino,Madonna Assunta,14-8-1966,Capitolo,sì,1,yes,,madonna-assunta-avellino,Avellino,Madonna Assunta,1966-08-14,,,,ERR - Bonci: tralascia.
1696,1613,Spagna,Olvera,Nostra Signora dei Rimedi,15-8-1966,B.P.,sì,1,yes,,nostra-signora-dei-rimedi-nuestra-senora-de-los-6,Olvera,Nostra Signora dei Rimedi (Nuestra Señora de los Remedios),1966-08-15,,,,ERR - Bonci: tralascia.
1697,1259,Messico,Atengo,Vergine della Natività,30-8-1966,Capitolo,sì,1,yes,,vergine-della-nativita-virgen-de-natividad-de-at,Atengo,Vergine della Natività (Virgen de Natividad de Atengo),1966-08-30,,,,ERR - Bonci: tralascia.
1698,1354,Venezuela,Aregue,Nostra Signora di Chiquinquirá,2-10-1966,B.P.,sì,1,yes,,nostra-signora-di-chiquinquira-nuestra-senora-de,Aregue,Nostra Signora di Chiquinquirá (Nuestra Señora de Chiquinquirá),1966-10-02,,,,ERR - Bonci: tralascia.
1699,1418,Italia,Matera,Madonna di Picciano,9-10-1966,Capitolo,sì,1,yes,,madonna-di-picciano-matera,Matera,Madonna di Picciano,1966-10-09,,,,ERR - Bonci: tralascia.
1700,1267,Messico,Teocaltiche,Nostra Signora dei Dolori,11-11-1966,Capitolo,sì,1,yes,,nostra-signora-dei-dolori-nuestra-senora-de-los-2,Teocaltiche,Nostra Signora dei Dolori (Nuestra Señora de los Dolores),1966-11-11,,,,ERR - Bonci: tralascia.
1701,1333,Ecuador,Azogues,Nostra Signora della Nuvola,1-1-1967,B.P.,sì,1,yes,,nostra-signora-della-nuvola-nuestra-senora-de-la,Azogues,Nostra Signora della Nuvola (Nuestra Señora de la Nube),1967-01-01,,,,ERR - Bonci: tralascia.
1702,1357,Venezuela,Táriba,Nostra Signora della Consolazione di Táriba,12-3-1967,B.P.,sì,1,yes,,nostra-signora-della-consolazione-di-tariba-nues,Táriba,Nostra Signora della Consolazione di Táriba (Nuestra Señora de la Consolación de Táriba),1967-03-12,,,,ERR - Bonci: tralascia.
1703,1654,Spagna,Ciudad Real,Nostra Signora del Prado,28-5-1967,B.P.,sì,1,yes,,nostra-signora-del-prado-nuestra-senora-del-prad,Ciudad Real,Nostra Signora del Prado (Nuestra Señora del Prado),1967-05-28,,,,ERR - Bonci: tralascia.
1704,1701,Spagna,Inca,Santa Maria la Major,28-5-1967,B.P.,sì,1,yes,,santa-maria-la-major-santa-maria-la-major-inca,Inca,Santa Maria la Major (Santa Maria la Major),1967-05-28,,,,ERR - Bonci: tralascia.
1705,1672,Spagna,Queralbs,Nostra Signora di Nuria,13-7-1967,B.P.,sì,1,yes,,nostra-signora-di-nuria-virgen-de-nuria-queralbs,Queralbs,Nostra Signora di Nuria (Virgen de Núria),1967-07-13,,,,ERR - Bonci: tralascia.
1706,1299,Argentina,Nogoyá,Nostra Signora del Monte Carmelo,16-7-1967,B.P,sì,1,yes,,nostra-signora-del-monte-carmelo-nuestra-senora,Nogoyá,Nostra Signora del Monte Carmelo (Nuestra Señora del Carmen de Nogoyá),1967-07-16,,,,ERR - Bonci: tralascia.
1707,1288,Messico,Cerro del Bufa,Vergine del Patrocinio,15-9-1967,Capitolo,sì,1,yes,,vergine-del-patrocinio-virgen-del-patrocinio-cer,Cerro del Bufa,Vergine del Patrocinio (Virgen del Patrocinio),1967-09-15,,,,ERR - Bonci: tralascia.
1708,1268,Messico,Tequila,Immacolata Concezione,25-4-1968,B.P.,sì,1,yes,,immacolata-concezione-inmaculada-concepcion-tequ,Tequila,Immacolata Concezione (Inmaculada Concepción),1968-04-25,,,,ERR - Bonci: tralascia.
1709,1286,Messico,Tlacotalpan,Vergine della Candelaria,2-2-1969,B.P.,sì,1,yes,,vergine-della-candelaria-virgen-de-la-candelaria,Tlacotalpan,Vergine della Candelaria (Virgen de la Candelaria),1969-02-02,,,,ERR - Bonci: tralascia.
1710,1659,Spagna,San Clemente,Vergine della Rus,27-5-1969,B.P.,sì,1,yes,,vergine-della-rus-virgen-de-rus-san-clemente,San Clemente,Vergine della Rus (Virgen de Rus),1969-05-27,,,,ERR - Bonci: tralascia.
1711,1635,Spagna,Tauste,Nostra Signora di Sancho Abarca,22-9-1969,Capitolo,sì,1,yes,,nostra-signora-di-sancho-abarca-virgen-de-sancho,Tauste,Nostra Signora di Sancho Abarca (Virgen de Sancho Abarca),1969-09-22,,,,ERR - Bonci: tralascia.
1712,1679,Spagna,Elche,Vergine dell'Assunzione,29-12-1970,B.P.,sì,1,yes,,vergine-dell-assunzione-virgen-de-la-asuncion-el,Elche,Vergine dell'Assunzione (Virgen de la Asunción),1970-12-29,,,,ERR - Bonci: tralascia.
1713,1365,Filippine,Agoo,Nostra Signora della Carità,1-5-1971,B.P.,sì,1,yes,,nostra-signora-della-carita-nuestra-senora-de-ca,Agoo,Nostra Signora della Carità (Nuestra Señora de Caridad de Agoo),1971-05-01,,,,ERR - Bonci: tralascia.
1714,1324,Colombia,La Ceja,Nostra Signora del Carmine,25-7-1971,B.P.,sì,1,yes,,nostra-signora-del-carmine-nuestra-senora-del-ca-6,La Ceja,Nostra Signora del Carmine (Nuestra Señora del Carmen),1971-07-25,,,,ERR - Bonci: tralascia.
1715,1346,Perù,Huanchaco,Nostra Signora della Candelaria del Perpetuo Soccorso,8-12-1971,B.P.,sì,1,yes,,nostra-signora-della-candelaria-del-perpetuo-soc,Huanchaco,Nostra Signora della Candelaria del Perpetuo Soccorso (Nuestra Señora Candelaria del Socorro),1971-12-08,,,,ERR - Bonci: tralascia.
1716,1541,Italia,"Orane-Sarule, frazione di Monte Gonare",Nostra Signora di Gonare,28-5-1972,Capitolo,sì,1,yes,,nostra-signora-di-gonare-orane-sarule-frazione-d,"Orane-Sarule, frazione di Monte Gonare",Nostra Signora di Gonare,1972-05-28,,,,ERR - Bonci: scambia la data del decreto con la data di incoronazione.
1717,1647,Spagna,Cuéllar,Nostra Signora di El Henar,25-6-1972,Capitolo,sì,1,yes,,nostra-signora-di-el-henar-virgen-del-henar-cuel,Cuéllar,Nostra Signora di El Henar (Virgen del Henar),1972-06-25,,,,ERR - Bonci: tralascia.
1718,1625,Spagna,Dos Hermanas,Vergine di Valme,23-6-1973,Capitolo,sì,1,yes,,vergine-di-valme-virgen-de-valme-dos-hermanas,Dos Hermanas,Vergine di Valme (Virgen de Valme),1973-06-23,,,,ERR - Bonci: tralascia.
1719,1300,Argentina,Paraná,Vergine del Rosario,8-12-1973,B.P,sì,1,yes,,vergine-del-rosario-virgen-del-rosario-parana,Paraná,Vergine del Rosario (Virgen del Rosario),1973-12-08,,,,ERR - Bonci: tralascia.
1720,1377,Sri Lanka,Tewatte,Nostra Signora di Lanka,6-2-1974,B.P.,sì,1,yes,,nostra-signora-di-lanka-our-lady-of-lanka-tewatt,Tewatte,Nostra Signora di Lanka (Our Lady of Lanka),1974-02-06,,,,ERR - Bonci: tralascia.
1721,1631,Spagna,Siviglia,Beata Vergine de la Hiniesta,23-5-1974,Capitolo,sì,1,yes,,beata-vergine-de-la-hiniesta-virgen-de-la-hinies,Siviglia,Beata Vergine de la Hiniesta (Virgen de la Hiniesta),1974-05-23,,,,ERR - Bonci: data l'incoronazione 15 febbraio 1959.
1722,1284,Messico,Huamantla,Nostra Signora della Carità,15-8-1974,Capitolo,sì,1,yes,,nuestra-senora-de-la-caridad-huamantla,Huamantla,Nuestra Señora de la Caridad,1974-08-15,AAS,,,ERR - Bonci: tralascia.
1723,1271,Messico,Naucalpan de Juàrez,Vergine dei Rimedi,19-10-1974,Capitolo,sì,1,yes,,nuestra-senora-de-los-remedios-naucalpan,Naucalpan,Nuestra Señora de los Remedios,1974-10-19,AAS,,,ERR - Bonci: tralascia.
1724,1328,Colombia,Santa Marta,Immacolata Concezione,29-7-1975,B.P.,sì,1,yes,,immacolata-concezione-inmaculada-concepcion-sant,Santa Marta,Immacolata Concezione (Inmaculada Concepción),1975-07-29,,,,ERR - Bonci: tralascia.
1725,1595,Malta,Mosta,Nostra Signora dell'Assunzione,10-8-1975,B.P.,sì,1,yes,,beatae-mariae-virginis-in-caelum-assumptae-imago,Mosta,Beatae Mariae Virginis in caelum Assumptae imago,1975-08-10,AAS,,,ERR - Bonci: tralascia.
1726,1591,Malta,Victoria,Santa Maria Assunta,15-8-1975,B.P.,sì,1,yes,,santa-maria-assunta-our-lady-of-the-assumption-v,Victoria,Santa Maria Assunta (Our Lady of the Assumption),1975-08-15,,,,ERR - Bonci: tralascia.
1727,1360,Filippine,Joroan,Nostra Signora della Salvezza,25-8-1976,B.P.,sì,1,yes,,nostra-signora-della-salvezza-nuestra-senora-de,Joroan,Nostra Signora della Salvezza (Nuestra Señora de Salvación de Joroan),1976-08-25,,,,ERR - Bonci: tralascia.
1728,1239,Porto Rico,San Juan,Nostra Signora della Divina Provvidenza,5-12-1976,B.P.,sì,1,yes,,nostra-signora-della-divina-provvidenza-nuestra,San Juan,Nostra Signora della Divina Provvidenza (Nuestra Señora de la Divina Providencia),1976-12-05,,,,ERR - Bonci: tralascia.
1729,1543,Italia,Bonacardo,Nostra Signora di Bonacattu,22-5-1977,Capitolo,sì,1,yes,,nostra-signora-di-bonacattu-madonna-di-bonacattu,Bonacardo,Nostra Signora di Bonacattu (Madonna di Bonacattu),1977-05-22,,,,ERR - Bonci: tralascia.
1730,1633,Spagna,Villaverde del Río,Vergine delle Acque Sante,8-9-1979,B.P.,sì,1,yes,,vergine-delle-acque-sante-virgen-de-aguas-santas,Villaverde del Río,Vergine delle Acque Sante (Virgen de Aguas Santas),1979-09-08,,,,ERR - Bonci: tralascia.
1731,1319,Brasile,Lagarto,Nostra Signora della Pietà,11-12-1979,B.P.,sì,1,yes,,nostra-signora-della-pieta-nossa-senhora-da-pied,Lagarto,Nostra Signora della Pietà (Nossa Senhora da Piedade),1979-12-11,,,,ERR - Bonci: tralascia.
1732,1270,Messico,Ecatepec de Morelos,"Nostra Signora di Guadalupe, Nostra Signora della Salute degli Infermi",16-12-1979,B.P.,sì,1,yes,,nostra-signora-di-guadalupe-nostra-signora-della,Ecatepec de Morelos,"Nostra Signora di Guadalupe, Nostra Signora della Salute degli Infermi (Virgen de Guadalupe, Salud de los Enfermos)",1979-12-16,,,,ERR - Bonci: tralascia.
1733,1311,Brasile,Itabirito,Nostra Signora del Buon Viaggio,15-8-1980,B.P.,sì,1,yes,,nostra-signora-del-buon-viaggio-nossa-senhora-da,Itabirito,Nostra Signora del Buon Viaggio (Nossa Senhora da Boa Viagem),1980-08-15,,,,ERR - Bonci: tralascia.
1734,1238,Nicaragua,"Masaya, quartiere di Monimbo",Nostra Signora dell'Assunzione,16-8-1980,B.P.,sì,1,yes,,nuestra-senora-de-la-asuncion-monimbo,Monimbó,Nuestra Señora de la Asunción,1980-08-16,AAS,,,ERR - Bonci: tralascia.
1735,1374,Filippine,Jaro,Nostra Signora della Purificazione e Candela,20-2-1981,Papa Giovanni Paolo II,sì,1,yes,,nostra-signora-della-purificazione-e-candela-nue,Jaro,Nostra Signora della Purificazione e Candela (Nuestra Señora de la Purificación y la Candelaria),1981-02-20,,,,ERR - Bonci: tralascia.
1736,1248,Messico,Victoria de Durango,Nostra Signora di Guadalupe,17-10-1981,,sì,1,yes,,nostra-signora-di-guadalupe-nuestra-senora-de-gu-2,Victoria de Durango,Nostra Signora di Guadalupe (Nuestra Señora de Guadalupe),1981-10-17,,,,ERR - Bonci: tralascia.
