row,id,nation,localita,titolo,data_incoronazione,autorizza,data_verificata,incoronazione,match,image_id,image_locality,image_title,image_dates,image_series,date_agrees,annotazioni
0,9,Città del Vaticano,Città del Vaticano,Madonna della Febbre,27-8-1631,,,,rome-title+title+year,madonna-della-febbre-rome-vatican-basilica-sacri,"Rome, Vatican Basilica (sacristy)",Madonna della Febbre,1631-08-27; 1697-08-15,ACSP+LIT,yes,scheda not returned by the site API; fields from the date index only
1,101,Italia,Roma,Madonna dei Monti,3-9-1632,Conte Sforza,sì,1,church+title+year,santa-maria-de-monti-rome-santa-maria-ai-monti,"Rome, Santa Maria ai Monti",Santa Maria de' Monti,1632,LIT,yes,ERR - Frate Anselmo: data la coronazione 9 settembre 1632.
2,115,Italia,Roma,Madonna della Vittoria,6-7-1633,Conte Sforza,sì,1,church+title,santa-maria-della-vittoria-rome-santa-maria-dell,"Rome, Santa Maria della Vittoria",Santa Maria della Vittoria,1635-07-06,LIT,no,ERR - Bombelli: data l'incoronazione 6 luglio 1635 nel testo e 1633 nella didascalia dell'immagine. Briccolani: data l'incoronazione 1633.
3,58,Italia,Roma,Madonna di Strada Cupa,5-4-1634,Conte Sforza,sì,1,church+title+year,santa-maria-col-bambino-gesu-di-via-cupa-in-sant,"Rome, Santa Maria in Trastevere",Santa Maria col Bambino Gesù di via Cupa in Santa Maria in Trastevere,1634-04-05,LIT,yes,Bombelli: corona alla Madonna e al Bambino.
4,53,Italia,Roma,Madonna del Popolo,29-7-1634,Conte Sforza,sì,1,church+title+year,santa-maria-del-popolo-rome-santa-maria-del-popo,"Rome, Santa Maria del Popolo",Santa Maria del Popolo,1634,LIT,yes,Bombelli: il Bambino fu incoronato il 6 settembre 1667. Briccolani: il Bambino fu incoronato nel 1667. ERR - Frate Anselmo: data l'incoronazione 6 settembre 1667.
5,110,Italia,Roma,Madonna della Pace,29-7-1634,Conte Sforza,sì,1,church+title+year,madonna-della-pace-rome-santa-maria-della-pace,"Rome, Santa Maria della Pace",Madonna della Pace,1634-07-29,LIT,yes,
6,108,Italia,Roma,Madonna della Consolazione,7-9-1634,Conte Sforza,sì,1,church+title+year,santa-maria-della-consolazione-rome-santa-maria,"Rome, Santa Maria della Consolazione",Santa Maria della Consolazione,1634,LIT,yes,
7,47,Italia,Roma,Madonna Advocata,22-8-1635,Conte Sforza,sì,1,church+year,santa-maria-della-concezione-in-s-lorenzo-e-dama,"Rome, San Lorenzo in Damaso","Santa Maria della Concezione in S. Lorenzo, e Damaso",1635,LIT,yes,ERR - Frate Anselmo: la titola Santissima Concezione (antica confraternita a San Lorenzo in Damaso).
8,144,Italia,Roma,Madonna della SS Annunziata,30-12-1635,Conte Sforza,sì,1,church+title+year,santa-maria-annunziata-in-tor-de-specchi-rome-to,"Rome, Tor de' Specchi",Santa Maria Annunziata in Tor de' Specchi,1635-12-30,LIT,yes,Frate Anselmo: la titola Santa Maria Annuziata a Tor de' Specchi.
9,55,Italia,Roma,Madonna Advocata,29-3-1636,Conte Sforza,sì,1,church+year,santa-maria-in-araceli-rome-santa-maria-in-araco,"Rome, Santa Maria in Aracoeli",Santa Maria in Araceli,1636,LIT,yes,ERR - Frate Anselmo: la titola Santa Maria della Luce.
10,4,Città del Vaticano,Città del Vaticano,Madonna della Pietà,31-8-1637,Conte Sforza,sì,1,rome-title+title+year,madonna-della-pieta-michelangelo-s-pieta-rome-va,"Rome, Vatican Basilica (Pietà)",Madonna della Pietà (Michelangelo's Pietà),1637-08-31,LIT,yes,ERR - Frate Anselmo: data l'incoronazione 31 agosto 1633.
11,72,Italia,Roma,Madonna della Strada,14-8-1638,Conte Sforza,sì,1,church+title+year,santa-maria-della-strada-nella-chiesa-del-gesu-r,"Rome, Chiesa del Gesù",Santa Maria della Strada nella Chiesa del Gesù,1638,LIT,yes,
12,132,Italia,Roma,Madonna di Santa Teresa,16-12-1638,Conte Sforza,sì,1,church+title+year,santa-maria-in-santa-teresa-alle-quattro-fontane,"Rome, Santa Teresa alle Quattro Fontane",Santa Maria in Santa Teresa alle quattro Fontane,1638-09-16,LIT,yes,ERR - Frate Anselmo: data l'incoronazione 16 settembre 1638.
13,61,Italia,Roma,Madonna del Rosario,6-12-1640,Capitolo,sì,1,church+title+year,santa-maria-del-rosario-nella-chiesa-di-santa-ma,"Rome, Santa Maria sopra Minerva",Santa Maria del Rosario nella Chiesa di Santa Maria,1640; 1644-08-28,LIT,yes,Bombelli: corona al Bambino 15 dicembre 1654. ERR - Bombelli: data nell'immagine anno 1640. Briccolani: corona al Bambino anno 1654.
14,64,Italia,Roma,Madonna con il Bambino,4-3-1641,Capitolo,sì,1,church+year,santa-maria-in-s-agostino-rome-sant-agostino,"Rome, Sant'Agostino",Santa Maria in S. Agostino,1641; 1643,LIT,yes,
15,70,Italia,Roma,Madonna Advocata,14-3-1641,Capitolo,sì,1,church+year,santa-maria-nella-chiesa-de-ss-domenico-e-sisto,"Rome, monastery of the Dominican nuns of San Sisto (Santi Domenico e Sisto, Magnanapoli)","Santa Maria nella Chiesa de' SS. Domenico, e Sisto a Monte Magnanapoli",1641-01-14,LIT,yes,ERR - Frate Anselmo: la titola Santa Maria delle Grazie.
16,124,Italia,Roma,Madonna del Carmine,15-7-1641,Capitolo,sì,1,church+year,santa-maria-in-traspontina-rome-santa-maria-in-t,"Rome, Santa Maria in Traspontina",Santa Maria in Traspontina,1641-06-15,LIT,yes,Bombelli: corona al Bambino aprile 1651. ERR - Bombelli: incoronata il 16 giugno 1641. Briccolani: corona al Bambino 1651.
17,79,Italia,Roma,Madonna con Bambino,11-8-1641,Capitolo,sì,1,church+year,santa-maria-in-s-cosimato-in-trastevere-rome-san,"Rome, San Cosimato in Trastevere",Santa Maria in S. Cosimato in Trastevere,1641,LIT,yes,ERR - Briccolani: incoronazione nell'anno 1641 e del Bambino nel 1644.
18,10,Città del Vaticano,Città del Vaticano,Madonna della Febbre,31-1-1643,Capitolo,sì,1,rome-title+title,madonna-della-febbre-rome-vatican-basilica-sacri,"Rome, Vatican Basilica (sacristy)",Madonna della Febbre,1631-08-27; 1697-08-15,ACSP+LIT,no,
19,60,Italia,Roma,Madonna Advocata,1-2-1643,Capitolo,sì,1,church+year,santa-maria-in-via-lata-rome-santa-maria-in-via,"Rome, Santa Maria in Via Lata",Santa Maria in Via Lata,1643,LIT,yes,
20,104,Italia,Roma,Madonna del Pianto,20-5-1643,Capitolo,sì,1,church+title+year,santa-maria-del-pianto-rome-santa-maria-del-pian,"Rome, Santa Maria del Pianto",Santa Maria del Pianto,1643,LIT,yes,Briccolani: corona al Bambino anno 1651.
21,7,Città del Vaticano,Città del Vaticano,Madonna del Soccorso,17-11-1643,Capitolo,sì,1,rome-title+title+year,madonna-del-soccorso-rome-vatican-basilica-cappe,"Rome, Vatican Basilica (Cappella Gregoriana)",Madonna del Soccorso,1643-11-17,LIT,yes,Bombelli: corona al Bambino nel 1647. Briccolani: corona al Bambino nel 1647.
22,116,Italia,Roma,Madonna delle Grazie,9-6-1644,Capitolo,sì,1,church+title+year,santa-maria-delle-grazie-a-porta-angelica-rome-s,"Rome, Santa Maria delle Grazie a Porta Angelica",Santa Maria delle Grazie a Porta Angelica,1644-06-09,LIT,yes,
23,76,Italia,Roma,Madonna di Loreto,12-12-1644,Capitolo,sì,1,church+title+year,santa-maria-di-loreto-in-s-salvator-in-lauro-rom,"Rome, San Salvatore in Lauro",Santa Maria di Loreto in S. Salvator in Lauro,1644,LIT,yes,Bombelli: corona al Bambino due anni dopo l'incoronazione. Briccolani: corona al Bambino anno 1646.
24,80,Italia,Roma,Madonna con Bambino,5-1-1645,Capitolo,sì,1,,,,,,,,
25,5,Città del Vaticano,Città del Vaticano,Madonna della Colonna,7-2-1645,Capitolo,sì,1,rome-title+title+year,santa-maria-della-colonna-nella-basilica-vatican,"Rome, Vatican Basilica (Madonna della Colonna)",Santa Maria della Colonna nella Basilica Vaticana,1645-01-01,LIT,yes,Bombelli: corona al Bambino 11 ottobre 1645 con richiesta del giorno 12 giugno 1645. Briccolani: corona al Bambino anno 1645. ERR - Frate Anselmo: data l'incoronazione 1 gennaio 1645.
26,41,Italia,Roma,Santa Maria dell'Intercessione,17-6-1645,Capitolo,sì,1,church+title+year,santa-maria-nella-chiesa-di-s-alessio-rome-sant,"Rome, Sant'Alessio",Santa Maria nella Chiesa di S. Alessio,1645,LIT,yes,
27,6,Città del Vaticano,Città del Vaticano,Madonna della Colonna,11-10-1645,Capitolo,sì,1,rome-title+title+year,santa-maria-della-colonna-nella-basilica-vatican,"Rome, Vatican Basilica (Madonna della Colonna)",Santa Maria della Colonna nella Basilica Vaticana,1645-01-01,LIT,yes,
28,145,Italia,Roma,Santa Maria in Santa Marta,20-11-1645,Capitolo,sì,1,church+title+year,santa-maria-dentro-il-monastero-di-s-marta-al-co,"Rome, Santa Marta al Collegio Romano",Santa Maria dentro il Monastero di S. Marta al Collegio Romano,1645-11-20,LIT,yes,Bombelli: corona al Bambino 1 settembre 1646. Briccolani: corona al Bambino 1646.
29,102,Italia,Roma,Madonna dei Miracoli,11-1-1646,Capitolo,sì,1,church+title+year,santa-maria-de-miracoli-sulla-piazza-del-popolo,"Rome, Santa Maria dei Miracoli",Santa Maria de' Miracoli sulla Piazza del Popolo,1645,LIT,±1,ERR - Bombelli: data di incoronazione anno 1645 nella didascalia sotto l'immagine. Briccolani: corona al Bambino anno 1667.
30,127,Italia,Roma,Madonna del Pozzo,17-1-1646,Capitolo,sì,1,church+year,santa-maria-in-via-rome-santa-maria-in-via,"Rome, Santa Maria in Via",Santa Maria in Via,1646,LIT,yes,ERR - Frate Anselmo: data l'incoronazione 2 gennaio 1646.
31,111,Italia,Roma,Madonna della Purità,16-4-1646,Capitolo,sì,1,church+title+year,santa-maria-della-purita-in-borgo-rome-santa-mar,"Rome, Santa Maria della Purità in Borgo",Santa Maria della Purità in Borgo,1646-04-16,LIT,yes,Briccolani: corona al Bambino anno 1651. La data del decreto è posteriore a quella dell'incoronazione.
32,146,Italia,Roma,Santa Maria in Santa Marta,1-9-1646,Capitolo,sì,1,church+title+year,santa-maria-dentro-il-monastero-di-s-marta-al-co,"Rome, Santa Marta al Collegio Romano",Santa Maria dentro il Monastero di S. Marta al Collegio Romano,1645-11-20,LIT,±1,Bombelli: corona al Bambino 1 settembre 1646. Briccolani: corona al Bambino 1646.
33,114,Italia,Roma,Madonna della Scala,10-10-1646,Capitolo,sì,1,church+title+year,santa-maria-della-scala-in-trastevere-rome-santa,"Rome, Santa Maria della Scala (Trastevere)",Santa Maria della Scala in Trastevere,1646-10-10,LIT,yes,Bombelli: corona alla Madonna e al Bambino.
34,77,Italia,Roma,Madonna di Loreto,#-#-1646,Capitolo,sì,1,church+title,santa-maria-di-loreto-in-s-salvator-in-lauro-rom,"Rome, San Salvatore in Lauro",Santa Maria di Loreto in S. Salvator in Lauro,1644,LIT,no,
35,138,Italia,Roma,Santa Maria in Fonte,8-6-1647,Capitolo,sì,1,church+title+year,santa-maria-in-fonte-rome-san-giovanni-in-fonte,"Rome, San Giovanni in Fonte (Lateran baptistery)",Santa Maria in Fonte,1647,LIT,yes,Bombelli: corona alla Madonna e al Bambino.
36,109,Italia,Roma,Madonna delle Grazie,14-8-1647,Capitolo,sì,1,church+title+year,santa-maria-delle-grazie-nella-chiesa-della-cons,"Rome, Santa Maria delle Grazie al Foro Romano",Santa Maria delle Grazie nella Chiesa della Consolazione,1647,LIT,yes,Frate Anselmo: la colloca nell'Ospedale di Santa Maria della Consolazione.
37,69,Italia,Roma,Madonna delle Grotte,21-11-1647,Capitolo,sì,1,church+year,santa-maria-nel-monastero-de-ss-domenico-e-sisto,"Rome, Santi Domenico e Sisto (Magnanapoli), inner monastery","Santa Maria nel Monastero de' SS. Domenico, e Sisto",1647,LIT,yes,ERR - Frate Anselmo: la titola Madonna della Grotta.
38,8,Città del Vaticano,Città del Vaticano,Madonna del Soccorso,#-#-1647,Capitolo,sì,1,rome-title+title,madonna-del-soccorso-rome-vatican-basilica-cappe,"Rome, Vatican Basilica (Cappella Gregoriana)",Madonna del Soccorso,1643-11-17,LIT,no,ERR - Frate Anselmo: data l'incoronazione 17 novembre 1643.
39,49,Italia,Roma,Madonna del Rifugio,4-1-1648,#,no,#,church+year,santa-maria-della-salute-in-s-lorenzo-in-lucina,"Rome, San Lorenzo in Lucina",Santa Maria della Salute in S. Lorenzo in Lucina,1648,LIT,yes,Briccolani: non la cita. ERR - Frate Anselmo: riporta questa incoronazione che non esiste.
40,45,Italia,Roma,Madonna in San Giovanni dei Fiorentini,7-6-1648,Capitolo,sì,1,church+title+year,santa-maria-della-misericordia-in-s-giovanni-de,"Rome, San Giovanni dei Fiorentini",Santa Maria della Misericordia in S. Giovanni de Fiorentini,1648,LIT,yes,
41,50,Italia,Roma,Madonna della Sanità,26-7-1648,Capitolo,sì,1,church+title+year,santa-maria-della-salute-in-s-lorenzo-in-lucina,"Rome, San Lorenzo in Lucina",Santa Maria della Salute in S. Lorenzo in Lucina,1648,LIT,yes,Bombelli: corona alla Madonna e al Bambino. ERR - Frate Anselmo: data l'incoronazione 3 gennaio 1648. La data del decreto è posteriore a quella dell'incoronazione.
42,140,Italia,Roma,Santa Maria in Vallicella,9-7-1649,Capitolo,sì,1,church+title+year,santa-maria-in-vallicella-detta-la-chiesa-nuova,"Rome, Santa Maria in Vallicella",Santa Maria in Vallicella detta la Chiesa Nuova,1649,LIT,yes,
43,98,Italia,Roma,Madonna delle Catene,31-1-1650,Capitolo,sì,1,church+year,santa-maria-in-s-silvestro-a-monte-cavallo-rome,"Rome, San Silvestro al Quirinale",Santa Maria in S. Silvestro a Monte Cavallo,1650,LIT,yes,
44,87,Italia,Roma,Madonna di San Giovannino,3-6-1650,Capitolo,sì,1,church+title+year,santa-maria-in-s-giovannino-in-campo-marzo-de-pp,"Rome, San Giovannino in Campo Marzio (Mercedarians)",Santa Maria in S. Giovannino in Campo Marzo de' PP. della Mercede,1650-06-03,LIT,yes,
45,122,Italia,Roma,Santa Maria in Portico,26-11-1650,Capitolo,sì,1,church+year,santa-maria-in-portico-in-campitelli-rome-santa,"Rome, Santa Maria in Portico in Campitelli",Santa Maria in Portico in Campitelli,1650,LIT,yes,Bombelli:la titola Santa Maria in Portico in Campitelli. Briccolani: la titola Santa Maria in Portico in Campitelli.
46,130,Italia,Roma,Madonna di Costantinopoli,26-1-1651,Capitolo,sì,1,church+title+year,santa-maria-di-costantinopoli-a-capo-le-case-rom,"Rome, Santa Maria di Costantinopoli a Capo le Case",Santa Maria di Costantinopoli a capo le Case,1651-01-26,LIT,yes,ERR - Frate Anselmo: dat al'incoronazione 5 gennaio 1651.
47,93,Italia,Roma,Madonna delle Grazie,2-7-1651,Capitolo,sì,1,church+year,santa-maria-in-s-paolino-alla-regola-rome-san-pa,"Rome, San Paolino alla Regola",Santa Maria in S. Paolino alla Regola,1651,LIT,yes,Bombelli: corona alla Madonna e al Bambino.
48,141,Italia,Roma,Santa Maria in Campitelli,2-7-1651,Capitolo,sì,1,church+title+year,santa-maria-nell-oratorio-di-campitelli-rome-ora,"Rome, Oratorio di Campitelli",Santa Maria nell'Oratorio di Campitelli,1651,LIT,yes,Bombelli: la titola Madonna nell'Oratorio del Collegio de' PP. di Campitelli Briccolani: la titola Santa Maria nell'Oratorio in Campitelli.
49,42,Italia,Roma,Madonna della Salute,#-#-1651,Capitolo,sì,1,church+year,santa-maria-in-s-cosma-e-damiano-in-campo-vaccin,"Rome, Santi Cosma e Damiano","Santa Maria in S. Cosma, e Damiano in Campo Vaccino",1651,LIT,yes,ERR - Frate Anselmo: riporta come data di incoronazione la data del decreto; titola Madonna in SS. Cosma e Damiano in Campo Vaccino. Bombelli: corona alla Madonna e al Bambino.
50,105,Italia,Roma,Madonna del Pianto,#-#-1651,Capitolo,sì,1,church+title,santa-maria-del-pianto-rome-santa-maria-del-pian,"Rome, Santa Maria del Pianto",Santa Maria del Pianto,1643,LIT,no,
51,112,Italia,Roma,Madonna della Purità,#-#-1651,Capitolo,sì,1,church+title,santa-maria-della-purita-in-borgo-rome-santa-mar,"Rome, Santa Maria della Purità in Borgo",Santa Maria della Purità in Borgo,1646-04-16,LIT,no,
52,125,Italia,Roma,Madonna del Carmine,#-#-1651,Capitolo,sì,1,,,,,,,,
53,135,Italia,Roma,Santa Maria Liberatrice,7-1-1652,Capitolo,sì,1,church+year,santa-maria-nella-chiesa-di-s-anna-alli-falegnam,"Rome, Sant'Anna dei Falegnami",Santa Maria nella Chiesa di S. Anna alli Falegnami,1652,LIT,yes,
54,186,Italia,Avigliana,Madonna dei Laghi,14-4-1652,#,no,#,,,,,,,,"Briccolani: non la cita. ERR - Frate Anselmo: riporta questa incoronazione, ma non fu decretata dal Capitolo Vaticano."
55,52,Italia,Roma,Madonna della Rotonda,8-9-1652,Capitolo,sì,1,church+title+year,santa-maria-ad-martires-detta-la-rotonda-rome-pa,"Rome, Pantheon (Santa Maria ad Martyres)","Santa Maria ad Martires, detta la Rotonda",1652-09-08,LIT,yes,ERR - Frate Anselmo: data l'incoronazione 20 luglio 1652.
56,123,Italia,Roma,Santa Maria in Posterula,20-7-1653,Capitolo,sì,1,church+year,santa-maria-in-posterola-all-orso-rome-santa-mar,"Rome, Santa Maria in Posterula",Santa Maria in Posterola all'Orso,1653,LIT,yes,
57,128,Italia,Roma,Madonna Liberatrice,4-8-1653,Capitolo,sì,1,church+title+year,santa-maria-liberatrice-in-campo-vaccino-rome-sa,"Rome, Santa Maria Liberatrice",Santa Maria Liberatrice in Campo Vaccino,1653,LIT,yes,"ERR - Frate Anselmo: riporta come data di incoronazione la data del decreto; la colloca nella chiesa di Santa Maria Liberatrice in Campo Vaccino, già demolita."
58,66,Italia,Roma,Madonna nel Portico,15-8-1653,Capitolo,sì,1,church+year,santa-maria-nel-portico-di-s-apollinare-rome-san,"Rome, Sant'Apollinare (portico)",Santa Maria nel Portico di S. Apollinare,1653,LIT,yes,Bombelli: corona alla Madonna e al Bambino.
59,157,Italia,Ceranesi,Santa Maria della Guardia,31-5-1654,#,no,#,,,,,,,,Briccolani: non la cita. Frate Anselmo: non la cita.
60,75,Italia,Roma,Madonna Ausiliatrice,21-7-1654,Capitolo,sì,1,church+year,santa-maria-nella-chiesa-della-trinita-de-pelleg,"Rome, Santissima Trinità dei Pellegrini",Santa Maria nella Chiesa della Trinità de' Pellegrini,1654-06-21,LIT,yes,ERR - Frate Anselmo: la titola Santa Maria di Strada di Valle. ERR - Bombelli: erra la data (1954).
61,62,Italia,Roma,Madonna del Rosario,15-12-1654,Capitolo,sì,1,church+title,santa-maria-del-rosario-nella-chiesa-di-santa-ma,"Rome, Santa Maria sopra Minerva",Santa Maria del Rosario nella Chiesa di Santa Maria,1640; 1644-08-28,LIT,no,
62,97,Italia,Roma,Madonna delle Grazie,15-12-1654,Capitolo,sì,1,church+title+year,santa-maria-delle-grazie-in-s-salvator-in-lauro,"Rome, San Salvatore in Lauro",Santa Maria delle Grazie in S. Salvator in Lauro,1654,LIT,yes,
63,136,Italia,Roma,Madonna in Santo Spirito in Sassia,5-4-1655,Capitolo,sì,1,church+title+year,santa-maria-in-s-spirito-in-sassia-rome-santo-sp,"Rome, Santo Spirito in Sassia",Santa Maria in S. Spirito in Sassia,1655,LIT,yes,
64,107,Italia,Roma,Madonna Advocata,2-7-1655,Capitolo,sì,1,church+year,santa-maria-nella-chiesa-delle-monache-di-campo,"Rome, Santa Maria in Campo Marzio (nuns)",Santa Maria nella Chiesa delle Monache di Campo Marzo,1655,LIT,yes,Frate Anselmo: la titola Madonna delle Monache.
65,63,Italia,Roma,Madonna di Santa Prassede,16-8-1655,Capitolo,sì,1,church+year,santa-maria-in-s-prasede-rome-santa-prassede,"Rome, Santa Prassede",Santa Maria in S. Prasede,1655,LIT,yes,
66,120,Italia,Roma,Madonna di Monserrato,8-4-1656,Capitolo,sì,1,church+title+year,santa-maria-di-monserrato-rome-santa-maria-di-mo,"Rome, Santa Maria di Monserrato",Santa Maria di Monserrato,1656-04-08,LIT,yes,Bombelli: corona alla Madonna e al Bambino.
67,118,Italia,Roma,Madonna dell'Orto,19-8-1657,Capitolo,sì,1,church+title+year,santa-maria-dell-orto-in-trastevere-rome-santa-m,"Rome, Santa Maria dell'Orto",Santa Maria dell'Orto in Trastevere,1657-08-19,LIT,yes,Bombelli: corona alla Madonna e al Bambino.
68,95,Italia,Roma,Mater Divinae Gratiae,21-1-1658,Capitolo,sì,1,church+year,santa-maria-nella-chiesa-di-s-rocco-a-ripetta-ro,"Rome, San Rocco a Ripetta",Santa Maria nella Chiesa di S. Rocco a Ripetta,1658-01-21,LIT,yes,
69,88,Italia,Roma,Madonna di San Gregorio,14-9-1658,Capitolo,sì,1,church+title+year,santa-maria-nella-cappella-salviati-in-s-gregori,"Rome, San Gregorio al Celio (Cappella Salviati)",Santa Maria nella Cappella Salviati in S. Gregorio al Monte Celio,1658-09-14,LIT,yes,
70,147,Italia,Roma,Madonna del Sole,7-12-1658,Capitolo,sì,1,church+year,santa-maria-nell-oratorio-di-s-marcello-rome-ora,"Rome, Oratorio del Crocifisso di San Marcello",Santa Maria nell'Oratorio di S. Marcello,1658,LIT,yes,ERR - Frate Anselmo: data l'incoronazione 16 gennaio 1658 e nell'Oratorio di San Marcello.
71,43,Italia,Roma,Madonna del Carmine,20-1-1659,Capitolo,sì,1,church+year,santa-maria-in-s-martino-a-monti-rome-san-martin,"Rome, San Martino ai Monti",Santa Maria in S. Martino a' Monti,1659,LIT,yes,Bombelli: corona alla Madonna e al Bambino.
72,59,Italia,Roma,Madonna della Clemenza,2-11-1659,Capitolo,sì,1,church+title+year,santa-maria-della-clemenza-in-santa-maria-in-tra,"Rome, Santa Maria in Trastevere (Madonna della Clemenza)",Santa Maria della Clemenza in Santa Maria in Trastevere,1659-11-02,LIT,yes,
73,57,Italia,Roma,Madonna di Monte Santo,3-12-1659,Capitolo,sì,1,church+title+year,santa-maria-di-monte-santo-sulla-piazza-del-popo,"Rome, Santa Maria di Montesanto",Santa Maria di Monte Santo sulla piazza del Popolo,1659,LIT,yes,Bombelli: corona alla Madonna e al Bambino.
74,84,Italia,Roma,Madonna dei Miracoli,5-12-1659,Capitolo,sì,1,church+year,santa-maria-nella-chiesa-di-s-giacomo-degl-incur,"Rome, San Giacomo degli Incurabili",Santa Maria nella Chiesa di S. Giacomo degl'Incurabili,1659,LIT,yes,Bombelli: corona alla Madonna e al Bambino. Frate Anselmo: la colloca nell'Ospedale di San Giacomo degli Incurabili; la titola Madonna di San Giacomo.
75,31,Italia,Fontanellato,Santa Maria del Rosario,18-8-1660,#,no,#,place+title+year,madonna-del-rosario-di-fontanellato-fontanellato,Fontanellato,Madonna del Rosario di Fontanellato,1660; 1925,AAS+ASS,yes,Briccolani: non la cita. ERR - Frate Anselmo: data l'incoronazione 15 agosto 1660.
76,119,Italia,Roma,Madonna di Loreto dei Fornari,7-9-1660,Capitolo,sì,1,church+title+year,santa-maria-di-loreto-a-colonna-trajana-rome-san,"Rome, Santa Maria di Loreto (Colonna Traiana)",Santa Maria di Loreto a Colonna Trajana,1660,LIT,yes,"ERR - Bombelli: nella descrizione riporta l'anno 1760, nell'immagine 1660."
77,86,Italia,Roma,Madonna della Misericordia,6-11-1661,Capitolo,sì,1,church+title,santa-maria-della-misericordia-in-s-giovanni-de,"Rome, San Giovanni dei Fiorentini",Santa Maria della Misericordia in S. Giovanni de Fiorentini,1648,LIT,no,Bombelli: corona alla Madonna e al Bambino.
78,117,Italia,Roma,Madonna dell'Orazione,6-11-1661,Capitolo,sì,1,church+title+year,santa-maria-dell-orazione-nella-chiesa-della-mor,"Rome, Santa Maria dell'Orazione e Morte",Santa Maria dell'Orazione nella Chiesa della Morte a strada Giulia,1661,LIT,yes,Bombelli: corona alla Madonna e al Bambino.
79,185,Italia,"Garessio, frazione di Valsorda",Madonna delle Grazie,29-5-1662,#,no,#,,,,,,,,Briccolani: non la cita. ERR - Frate Anselmo: data l'incoronazione 23 gennaio 1662.
80,51,Italia,Roma,Santa Maria Nuova,12-9-1662,Capitolo,sì,1,church+year,santa-maria-in-s-francesca-romana-in-campo-vacci,"Rome, Santa Francesca Romana",Santa Maria in S. Francesca Romana in Campo Vaccino,1662,LIT,yes,
81,44,Italia,Roma,Madonna del Carmine,7-10-1662,Capitolo,sì,1,church+year,santa-maria-in-s-grisogono-in-trastevere-rome-sa,"Rome, San Crisogono",Santa Maria in S. Grisogono in Trastevere,1662-10-07,LIT,yes,"Bombelli: Mario Maffei Decano, e Bernardino Casali fecero la consegna delle corone al P. Emilio Boino, priore del convento."
82,83,Italia,Roma,Madonna di Scossacavalli,19-3-1664,Capitolo,sì,1,church+year,santa-maria-in-s-giacomo-scosciacavalli-rome-san,"Rome, San Giacomo Scossacavalli",Santa Maria in S. Giacomo Scosciacavalli,1664,LIT,yes,
83,85,Italia,Roma,Madonna della Lampada,19-3-1664,Capitolo,sì,1,church+year,santa-maria-in-s-giovanni-calabita-all-isola-rom,"Rome, San Giovanni Calibita",Santa Maria in S. Giovanni Calabita all'Isola,1664-03-19,LIT,yes,ERR - Frate Anselmo: data l'incoronazione 24 gennaio 1664.
84,68,Italia,Roma,Madonna delle Grazie,17-5-1665,Capitolo,sì,1,church+year,santa-maria-in-s-celso-in-banchi-rome-santi-cels,"Rome, Santi Celso e Giuliano",Santa Maria in S. Celso in Banchi,1665-05-17,LIT,yes,Bombelli: corona alla Madonna e al Bambino.
85,150,Italia,Roma,Madonna del Sole,18-5-1665,Capitolo,sì,1,church+title+year,santa-maria-del-sole-incontro-alla-bocca-della-v,"Rome, Santa Maria del Sole",Santa Maria del Sole incontro alla Bocca della Verità,1665; 1669-05-18,LIT,yes,"Bombelli: corona alla Madonna e al Bambino. ERR - Bombelli: data l'incoronazione il 18 maggio 1669 nel testo, mentre la data nell'immagine iniziale è 1665. Frate Anselmo: la colloca incontro la Bocca della Verità."
86,106,Italia,Roma,Madonna del Suffragio,25-1-1666,Capitolo,sì,1,church+title+year,santa-maria-nella-chiesa-del-suffraggio-rome-san,"Rome, Santa Maria del Suffragio",Santa Maria nella Chiesa del Suffraggio,1666,LIT,yes,Bombelli: corona alla Madonna e al Bambino.
87,99,Italia,Roma,Madonna del Gonfalone,30-4-1666,Capitolo,sì,1,church+year,santa-maria-nella-chiesa-di-s-lucia-del-confalon,"Rome, Santa Lucia del Gonfalone",Santa Maria nella Chiesa di S. Lucia del Confalone,1666-04-30,LIT,yes,Bombelli: corona alla Madonna e al Bambino.
88,54,Italia,Roma,Madonna del Popolo,6-9-1667,Capitolo,sì,1,church+title,santa-maria-de-miracoli-sulla-piazza-del-popolo,"Rome, Santa Maria dei Miracoli",Santa Maria de' Miracoli sulla Piazza del Popolo,1645,LIT,no,
89,81,Italia,Roma,Madonna del Rimedio,7-9-1667,Capitolo,sì,1,church+year,santa-maria-in-s-dionigi-alle-quattro-fontane-ro,"Rome, San Dionigi alle Quattro Fontane",Santa Maria in S. Dionigi alle quattro Fontane,1667-09-07,LIT,yes,Bombelli: corona alla Madonna e al Bambino.
90,100,Italia,Roma,Madonna degli Angeli,21-11-1667,Capitolo,sì,1,church+year,santa-maria-in-s-lucia-della-tinta-rome-santa-lu,"Rome, Santa Lucia della Tinta",Santa Maria in S. Lucia della Tinta,1667,LIT,yes,Bombelli: non fornisce la data di incoronazione. ERR - Frate Anselmo: data l'incoronazione 23 maggio 1667.
91,103,Italia,Roma,Madonna dei Miracoli,#-#-1667,Capitolo,sì,1,church+title,santa-maria-de-miracoli-sulla-piazza-del-popolo,"Rome, Santa Maria dei Miracoli",Santa Maria de' Miracoli sulla Piazza del Popolo,1645,LIT,no,
92,91,Italia,Roma,Madonna del Rosario,6-7-1668,Capitolo,sì,1,church+title+year,santa-maria-del-rosario-nella-chiesa-di-s-michel,"Rome, San Michele a Ripa",Santa Maria del Rosario nella Chiesa di S. Michele a Ripa,1668-07-06,LIT,yes,
93,129,Italia,Roma,Madonna della Salute,5-11-1668,Capitolo,sì,1,church+title+year,santa-maria-della-salute-nella-chiesa-della-mada,"Rome, Santa Maria Maddalena",Santa Maria della Salute nella Chiesa della Madalena,1668,LIT,yes,ERR - Frate Anselmo: data l'incoronazione 6 luglio 1668.
94,67,Italia,Roma,Santa Maria del Presepe,#-#-1669,Capitolo,no,1,,,,,,,,Bombelli: non la cita. Briccolani: non la cita. ERR - Frate Anselmo: data l'incoronazione 26 gennaio 1669.
95,113,Italia,Roma,Madonna della Quercia,6-9-1670,Capitolo,sì,1,church+title+year,santa-maria-della-quercia-rome-santa-maria-della,"Rome, Santa Maria della Quercia",Santa Maria della Quercia,1670,LIT,yes,
96,78,Italia,Roma,Madonna delle Grazie,31-1-1671,Capitolo,sì,1,church+year,santa-maria-in-s-biagio-della-pagnotta-rome-san,"Rome, San Biagio della Pagnotta",Santa Maria in S. Biagio della Pagnotta,1671-01-31,LIT,yes,Bombelli: corona alla Madonna e al Bambino.
97,56,Italia,Roma,Madonna in Cosmedin,23-11-1672,Capitolo,sì,1,church+title+year,santa-maria-in-cosmedin-detta-la-bocca-della-ver,"Rome, Santa Maria in Cosmedin",Santa Maria in Cosmedin detta la Bocca della Verità,1672,LIT,yes,Bombelli: corona alla Madonna e al Bambino.
98,30,Italia,Modena,Santa Maria Ausiliatrice del Popolo Modenese,4-4-1673,#,no,#,,,,,,,,Briccolani: non la cita.
99,149,Italia,Roma,Madonna della Clemenza,15-4-1673,Capitolo,sì,1,church+year,santa-maria-nella-cappella-di-s-aniceto-del-pala,"Rome, Palazzo Altemps, chapel of Sant'Aniceto",Santa Maria nella Cappella di S. Aniceto del Palazzo Altemps,1673-04-12,LIT,yes,"ERR - Bombelli: riporta come anno incoronazione l'anno 2673, mentre nell'immagine è stampato 1673. ERR - Frate Anselmo: data la coronazione 15 aprile 1674."
100,32,Italia,Reggio Emilia,Santa Maria della Ghiara (Ghiaia),13-5-1674,#,no,#,,,,,,,,Briccolani: non la cita.
101,134,Italia,Roma,Madonna delle monache di Sant'Ambrogio,15-11-1674,Capitolo,sì,1,church+title+year,santa-maria-in-s-ambrogio-della-massima-a-piazza,"Rome, Sant'Ambrogio della Massima",Santa Maria in S. Ambrogio della Massima a Piazza Mattei,1674,LIT,yes,
102,96,Italia,Roma,Madonna di San Gioacchino,7-2-1675,Capitolo,sì,1,church+year,santa-maria-in-s-salvatore-delle-cupelle-rome-sa,"Rome, San Salvatore alle Coppelle",Santa Maria in S. Salvatore delle Cupelle,1675,LIT,yes,
103,73,Italia,Roma,Madonna alle cappellette,3-3-1676,Capitolo,sì,1,church+year,santa-maria-nelle-stanze-di-s-ignazio-al-gesu-ro,"Rome, Chiesa del Gesù (Stanze di Sant'Ignazio)",Santa Maria nelle Stanze di S. Ignazio al Gesù,1676-03-03,LIT,yes,Bombelli: corona alla Madonna e al Bambino.
104,121,Italia,Roma,Madonna di Santa Maria in Monterone,6-5-1676,Capitolo,sì,1,church+title+year,santa-maria-in-monterone-rome-santa-maria-in-mon,"Rome, Santa Maria in Monterone",Santa Maria in Monterone,1676-05-06,LIT,yes,Bombelli: corona alla Madonna e al Bambino.
105,131,Italia,Roma,Santa Maria Portae Paradisi,29-7-1676,Capitolo,sì,1,church+title+year,santa-maria-porta-paradisi-in-s-giacomo-degli-in,"Rome, Santa Maria Porta Paradisi",Santa Maria Porta Paradisi in S. Giacomo degli Incurabili,1676-07-29,LIT,yes,Bombelli: corona alla Madonna e al Bambino. Frate Anselmo: la colloca in San Giacomo degli Incurabili.
106,82,Italia,Roma,Madonna della Pietà,6-2-1677,Capitolo,sì,1,church+title+year,santa-maria-della-pieta-nell-oratorio-del-p-cara,"Rome, Oratorio del Caravita",Santa Maria della Pietà nell'Oratorio del P. Caravita,1677,LIT,yes,Bombelli: corona alla Madonna e al Bambino.
107,126,Italia,Roma,Madonna con il Bambino,29-5-1677,Capitolo,sì,1,church+year,s-maria-in-trevi-detta-li-crociferi-rome-santa-m,"Rome, Santa Maria in Trivio (Crociferi)",S. Maria in Trevi detta li Crociferi,1677-05-29,LIT,yes,
108,133,Italia,Roma,Madonna delle Grazie,1-12-1677,Capitolo,sì,1,church+title+year,santa-maria-in-s-adriano-in-campo-vaccino-rome-s,"Rome, Sant'Adriano al Foro",Santa Maria in S. Adriano in Campo Vaccino,1677-12-01,LIT,yes,Bombelli: corona alla Madonna e al Bambino.
109,48,Italia,Roma,Madonna del Rifugio,28-7-1678,Capitolo,sì,1,church+year,santa-maria-delle-grazie-in-s-lorenzo-in-lucina,"Rome, San Lorenzo in Lucina (Madonna delle Grazie)",Santa Maria delle Grazie in S. Lorenzo in Lucina,1678-07-28,LIT,yes,Bombelli: corona alla Madonna e al Bambino. ERR - Frate Anselmo: la titola anche Madonna delle Grazie.
110,65,Italia,Roma,Madonna della Purità,7-12-1678,Capitolo,sì,1,church+title+year,santa-maria-della-purita-in-s-andrea-della-valle,"Rome, Sant'Andrea della Valle",Santa Maria della Purità in S. Andrea della Valle,1678,LIT,yes,Bombelli: corona alla Madonna e al Bambino.
111,71,Italia,Roma,Madonna delle Grazie,13-3-1679,Capitolo,sì,1,church+year,santa-maria-in-s-vincenzo-ed-anastasio-a-trevi-r,"Rome, Santi Vincenzo e Anastasio a Trevi","Santa Maria in S. Vincenzo, ed Anastasio a Trevi",1679-03-13,LIT,yes,ERR - Bombelli: data l'incoronazione 13 marzo 1679. ERR - Frate Anselmo: data l'incoronazione 13 marzo 1679. La data del decreto è posteriore a quella dell'incoronazione.
112,148,Italia,Roma,Madonna delle Gioie,8-7-1679,Capitolo,sì,1,church+year,santa-maria-nell-oratorio-vicino-alla-scala-sant,"Rome, Scala Santa",Santa Maria nell'Oratorio vicino alla Scala Santa,1679-07-08,LIT,yes,Frate Anselmo: la titola Santa Maria.
113,205,Italia,Montepulciano,Madonna di San Biagio,12-10-1681,Capitolo,sì,1,place+title+year,santa-maria-in-s-biagio-di-montepulciano-montepu,"Montepulciano, San Biagio",Santa Maria in S. Biagio di Montepulciano,1681,LIT,yes,ERR - Frate Anselmo: scambia la data di incoronazione con quella del decreto.
114,207,Italia,Siena,Madonna di Provenzano,1-11-1681,Capitolo,sì,1,place+title+year,santa-maria-di-provenzano-siena-provenzano,Siena (Provenzano),Santa Maria di Provenzano,1681,LIT,yes,
115,152,Italia,Velletri,Madonna delle Grazie,2-5-1682,Capitolo,sì,1,place+title+year,santa-maria-delle-grazie-di-velletri-velletri,Velletri,Santa Maria delle Grazie di Velletri,1682,LIT,yes,
116,172,Italia,Ripatransone,Madonna di San Giovanni,10-5-1682,Capitolo,sì,1,place+year,s-maria-di-ripatransone-ripatransone,Ripatransone,S. Maria di Ripatransone,1682,LIT,yes,ERR - Frate Anselmo: la colloca in San Giovanni.
117,175,Italia,Camerino,Santa Maria in Via,14-6-1682,Capitolo,sì,1,,,,,,,,ERR - Frate Anselmo: data l'incoronazione 14 giugno 1684.
118,39,Italia,Genazzano,Madonna del Buon Consiglio,17-11-1682,Capitolo,sì,1,place+year,santa-maria-del-buonconsiglio-di-genazano-genazz,Genazzano,Santa Maria del Buonconsiglio di Genazano,1682,LIT,yes,ERR - Frate Anselmo: data l'incoronazione 15 novembre 1682.
119,173,Italia,Fermo,Santa Maria a Mare,22-10-1683,Capitolo,sì,1,place+title+year,santa-maria-al-mare-fermo-diocese,Fermo (diocese),Santa Maria al Mare,1683,LIT,yes,
120,158,Italia,Genova,Santa Maria della Pietà,28-11-1683,Capitolo,sì,1,place+title+year,santa-maria-del-soccorso-di-genova-genoa-genova,Genoa (Genova),Santa Maria del Soccorso di Genova,1683,LIT,yes,
121,155,Italia,Vallerano,Santa Maria dei Ruscelli,29-1-1684,Capitolo,sì,1,place+title+year,santa-maria-de-ruscelli-vallerano,Vallerano,Santa Maria de Ruscelli,1684,LIT,yes,
122,46,Italia,Roma,Santa Maria del Transito o del Riposo,10-8-1684,Capitolo,sì,1,church+title+year,santa-maria-del-transito-in-s-giovanni-laterano,"Rome, San Giovanni in Laterano",Santa Maria del Transito in S. Giovanni Laterano,1684-08-10,LIT,yes,ERR - Frate Anselmo: data l'incoronazione 15 agosto 1684.
123,211,Italia,"Panicale, frazione di Tavernelle",Santa Maria Assunta,30-1-1685,Capitolo,sì,1,place+title+year,santa-maria-di-mongiovino-di-citta-della-pieve-m,"Mongiovino (Panicale), diocese of Città della Pieve",Santa Maria di Mongiovino di Città della Pieve,1685,LIT,yes,ERR - Frate Anselmo: la colloca nella località Mongiovine.
124,137,Italia,Roma,Madonna della Misericordia,28-11-1686,Capitolo,sì,1,church+year,santa-maria-nella-chiesa-delle-monache-dello-spi,"Rome, Santo Spirito (nuns)",Santa Maria nella Chiesa delle Monache dello Spirito Santo,1686-11-28,LIT,yes,
125,192,Italia,Cortona,Madonna dell'Ellera,8-2-1687,Capitolo,sì,1,place+year,santa-maria-in-santa-maria-nuova-cortona,Cortona,Santa Maria in Santa Maria Nuova,1687,LIT,yes,ERR - Su internet la data di incoronazione è 30 maggio 1687.
126,143,Italia,Roma,Madonna Antica,17-6-1687,Capitolo,sì,1,church+year,santa-maria-nel-monastero-di-tor-de-specchi-rome,"Rome, Tor de' Specchi (monastery)",Santa Maria nel Monastero di Tor de' Specchi,1687-06-17,LIT,yes,Bombelli: corona alla Madonna e al Bambino.
127,200,Italia,Lucca,Santa Maria del Soccorso,7-9-1687,#,no,#,,,,,,,,Briccolani: non la cita. Frate Anselmo: la cita. Nessun riferimento in internet.
128,29,Italia,Forlì,Santa Maria delle ferita o del fuoco,12-10-1687,Capitolo,sì,1,,,,,,,,"Frate Anselmo riporta una seconda data nell'appendice, che è quella riportata ora, priam c'era, mentre prima era 5 febbraio 1686. La colloca nella chieaa della Madonna del Fuoco"
129,182,Italia,Urbino,Santa Maria della Misericordia,16-10-1687,Capitolo,sì,1,place+year,santa-maria-nella-metropolitana-di-urbino-urbino,Urbino,Santa Maria nella Metropolitana di Urbino,1687,LIT,yes,ERR - Frate Anselmo: data l'incoronazione 11 febbraio 1687.
130,181,Italia,Pesaro,Santa Maria delle Grazie,19-10-1687,Capitolo,sì,1,place+title+year,santa-maria-nella-chiesa-di-s-marco-de-serviti-d,Pesaro,Santa Maria nella Chiesa di S. Marco de' Serviti di Pesaro,1687,LIT,yes,ERR - Frate Anselmo: data l'incoronazione 9 febbraio 1687.
131,142,Italia,Roma,Santa Maria della Clausura,12-9-1688,Capitolo,sì,1,church+year,santa-maria-nel-monastero-delle-monache-di-campo,"Rome, Santa Maria in Campo Marzio (monastery)",Santa Maria nel Monastero delle Monache di Campo Marzo,1688-09-12,LIT,yes,Bombelli: data incoronazione non precisata.
132,40,Italia,Grottaferrata,Madonna di Grottaferrata,16-11-1688,Capitolo,sì,1,place+year,santa-maria-di-grotta-ferrata-grottaferrata,Grottaferrata,Santa Maria di Grotta Ferrata,1688,LIT,yes,
133,201,Italia,Lucca,Santa Maria del Sasso,30-4-1690,Capitolo,sì,1,place+title+year,santa-maria-del-sasso-nella-chiesa-degli-agostin,Lucca,Santa Maria del Sasso nella Chiesa degli Agostiniani di Lucca,1690-04-30,LIT,yes,ERR - Briccolani: data l'incoronazione anno 1689. ERR - Frate Anselmo: data la coronazione 30 aprile 1690.
134,199,Italia,Livorno,Madonna di Montenero,4-5-1690,Capitolo,sì,1,place+year,santa-maria-di-monte-nero-montenero-livorno,Montenero (Livorno),Santa Maria di Monte Nero,1690,LIT,yes,
135,167,Italia,Tirano in Valtellina,Madonna di Tirano,29-9-1690,Capitolo,sì,1,place+title+year,madonna-di-tirano-tirano-valtellina,Tirano (Valtellina),Madonna di Tirano,1690-09-29,AAS+ACSP+LIT,yes,
136,166,Italia,Milano,Santa Maria Assunta,17-2-1691,Capitolo,sì,1,place+title+year,santa-maria-assunta-nella-chiesa-di-santa-maria,Milan (Milano),Santa Maria Assunta nella Chiesa di Santa Maria,1691,LIT,yes,ERR - Frate Anselmo: data l'incoronazione 19 febbraio 1691.
137,34,Italia,Rimini,Santa Maria della Colonnella,19-2-1693,Capitolo,sì,1,place+year,santa-maria-della-colonella-nella-chiesa-de-pp-d,Rimini,Santa Maria della Colonella nella Chiesa de PP. del Terz'Ordine di S. Francesco,1693,LIT,yes,
138,92,Italia,Roma,Madonna delle Scuole Pie di San Pantaleo,25-3-1694,Capitolo,sì,1,church+title+year,ss-ma-madonna-e-suo-bambino-di-s-pantaleo-in-rom,"Rome, San Pantaleo",SS.ma Madonna e suo Bambino di S. Pantaleo in Roma,1694-03-25,ACSP+LIT,yes,"Bombelli: corona consegnata a Gianfrancesco, Generale dell'Ordne di San Pietro Calasanzio, che probabilmente la incoronò."
139,35,Italia,Frosinone,Madonna della Neve,31-5-1694,Capitolo,sì,1,place+title+year,santa-maria-della-neve-di-frosinone-frosinone,Frosinone,Santa Maria della Neve di Frosinone,1694,LIT,yes,ERR - Frate Anselmo: riporta come data di incoronazione la data del decreto.
140,90,Italia,Roma,Madonna dell'Addolorata,17-4-1695,Capitolo,sì,1,church+title+year,santa-maria-de-sette-dolori-in-san-marcello-rome,"Rome, San Marcello al Corso",Santa Maria de' Sette Dolori in San Marcello,1695-04-17,ACSP+LIT,yes,
141,213,Italia,Spoleto,Madonna di Loreto,2-3-1696,Capitolo,sì,1,place+year,santa-maria-lauretana-nella-chiesa-de-chierici-r,Spoleto,Santa Maria Lauretana nella Chiesa de Chierici Regolari di S. Paolo di Spoleto,1696,LIT,yes,
142,178,Italia,Macerata,Madonna delle Vergini,21-10-1696,Capitolo,sì,1,place+title+year,s-maria-delle-vergini-nella-chiesa-de-carmelitan,Macerata,S. Maria delle Vergini nella Chiesa de' Carmelitani di Macerata,1696,LIT,yes,
143,89,Italia,Roma,Madonna della Salute,6-12-1696,Capitolo,sì,1,church+title,santa-maria-della-salute-in-s-lorenzo-in-lucina,"Rome, San Lorenzo in Lucina",Santa Maria della Salute in S. Lorenzo in Lucina,1648,LIT,no,Bombelli: corona alla Madonna e al Bambino.
144,11,Città del Vaticano,Città del Vaticano,Madonna della Febbre,14-8-1697,Capitolo,sì,2,rome-title+title+year,madonna-della-febbre-rome-vatican-basilica-sacri,"Rome, Vatican Basilica (sacristy)",Madonna della Febbre,1631-08-27; 1697-08-15,ACSP+LIT,yes,ERR - Frate Anselmo: non la cita.
145,74,Italia,Roma,SS. Nome di Maria,8-9-1703,Capitolo,sì,1,church+title+year,santa-maria-nella-chiesa-del-nome-di-maria-rome,"Rome, Santissimo Nome di Maria",Santa Maria nella Chiesa del Nome di Maria,1703,ACSP+LIT,yes,Bombelli: corona alla Madonna e al Bambino.
146,209,Italia,Città di Castello,Madonna di Belvedere,11-11-1703,Capitolo,sì,1,place+title+year,santa-maria-di-belvedere-citta-di-castello,Città di Castello,Santa Maria di Belvedere,1703-11-11,ACSP+LIT,yes,ERR - Frate Anselmo: riporta come data di incoronazione la data del decreto.
147,162,Italia,Calizzano,Madonna delle Grazie,#-#-1703,#,no,#,,,,,,,,Briccolani: non la cita. Frate Anselmo: non la cita.
148,151,Italia,Tolfa,Madonna di Cibona,1-6-1704,Capitolo,sì,1,,,,,,,,ERR - Frate Anselmo: data l'incoronazione 6 marzo 1704.
149,208,Italia,Siena,Santa Maria del Presepe,7-6-1704,Capitolo,sì,1,place+title+year,santa-maria-del-presepe-delle-monache-di-tutti-i,Siena,Santa Maria del Presepe delle Monache di tutti i Santi di Siena,1704-06-07,ACSP+LIT,yes,ERR - Frate Anselmo: riporta come data di incoronazione 6 marzo 1704.
150,215,Italia,Orvieto,Madonna di San Brizio,8-6-1704,Capitolo,sì,1,place+title+year,madonna-di-san-brizio-orvieto,Orvieto,Madonna di San Brizio,1704-06-08,ACSP+LIT,yes,ERR - Frate Anselmo: data l'incoronazione 7 marzo 1705.
151,26,Italia,Bologna,Madonna del Carmine,10-8-1704,#,no,#,place+title+year,beata-maria-virgo-de-monte-carmelo-bologna,Bologna,Beata Maria Virgo de Monte Carmelo,1704,AAS,yes,Briccolani: non la cita. Frate Anselmo: non la cita.
152,196,Italia,San Giovanni Valdarno,Santa Maria delle Grazie,8-9-1704,Capitolo,sì,1,place+title+year,madonna-delle-grazie-della-terra-di-s-giovanni-v,San Giovanni (Valdarno),Madonna delle Grazie della Terra di S. Giovanni (Valdarno),1704-09-08,ACSP+LIT,yes,"ERR - Frate Anselmo: data l'incoronazione 9 marzo 1705. Bonci: essendo la Madonna raccontata nel suo libro, corregge la data fornita da frate Anselmo."
153,188,Italia,Otranto,Madonna delle Grazie,7-3-1705,Capitolo,sì,1,place+title+year,simulacro-miracoloso-della-ss-ma-vergine-della-c,Otranto,Simulacro miracoloso della SS.ma Vergine della Cattedrale d'Otranto (eletta Padrona sotto il titolo della Natività),1705-03-07,ACSP+LIT,yes,ERR - Briccolani: data l'incoronazione anno 1704.
154,28,Italia,Bertinoro,Santa Maria del Lago,9-8-1705,Capitolo,sì,1,place+title+year,santa-maria-del-lago-bertinoro,Bertinoro,Santa Maria del Lago,1705-08-09,ACSP+LIT,yes,ERR - Briccolani: data l'incoronazione anno 1704.
155,204,Italia,Montepulciano,Madonna di San Martino,6-11-1707,Capitolo,sì,1,place+title+year,madonna-di-san-martino-b-ma-vergine-detta-di-s-m,Montepulciano,Madonna di San Martino (B.ma Vergine detta di S. Martino),1707-11-06,ACSP+LIT,yes,ERR - Frate Anselmo: data l'incoronazione 11 marzo 1707.
156,33,Italia,Pennabilli,Santa Maria delle Grazie,15-8-1708,Capitolo,sì,1,place+title+year,santa-maria-nella-chiesa-di-s-cristofaro-della-p,Penna (Penna e Billi / Pennabilli),Santa Maria nella Chiesa di S. Cristofaro della Penna de' Billi,1708-08-15,ACSP+LIT,yes,ERR - Frate Anselmo: data l'incoronazione 17 marzo 1708.
157,184,Italia,Carrù,Santa Maria dei Ronchi,21-9-1709,#,no,#,,,,,,,,"Briccolani: non la cita. ERR - Frate Anselmo: cita l'incoronazione, ma non esiste incoronazione."
158,216,Italia,Verona,Santa Maria della Ghiaia,3-11-1709,Capitolo,sì,1,place+year,beata-vergine-della-giara-madonna-di-loreto-dei,Verona,"Beata Vergine della Giara (Madonna di Loreto) dei PP. Teatini, Verona",1709-11-10,ACSP+LIT,yes,
159,164,Italia,Caravaggio,Santa Maria del Fonte,30-9-1710,Capitolo,sì,1,place+title+year,santa-maria-fonte-de-miracoli-caravaggio,Caravaggio,Santa Maria Fonte de' Miracoli,1710-09-29,ACSP+LIT,yes,
160,16,Italia,"Mercogliano, frazione di Montevergine",Santa Maria di Monte Vergine,14-5-1712,Capitolo,sì,1,place+title+year,santa-maria-di-montevergine-madonna-di-monte-ver,"Montevergine (Monte Vergine, near Avellino) — reading uncertain","Santa Maria di Montevergine (Madonna di Monte Vergine, anticamente detta di Costantinopoli)",1712-05-14,ACSP+LIT,yes,
161,210,Italia,Foligno,Madonna del Pianto,14-5-1713,Capitolo,sì,1,place+year,santa-maria-della-pianta-in-foligno-foligno,Foligno,Santa Maria della Pianta in Foligno,1713-05-14,ACSP+LIT,yes,ERR - Frate Anselmo: data l'incoronazione 18 marzo 1713.
162,27,Italia,Imola,Santa Maria del Piratello,15-8-1714,Capitolo,sì,1,place+year,santa-maria-del-peratello-imola,Imola,Santa Maria del Peratello,1714-08-15,ACSP+LIT,yes,
163,38,Italia,Frascati,Madonna di Capo Croce,28-10-1714,Capitolo,sì,1,place+title+year,madonna-di-capocroce-b-v-detta-di-capo-croce-fra,Frascati,Madonna di Capocroce (B. V. detta di Capo croce),1713-10-28,AAS+ACSP+LIT,±1,Briccolani: data l'incoronazione anno 1714.
164,174,Italia,"Appignano, contrada Forano",Santa Maria di Forano,8-9-1715,Capitolo,sì,1,place+title+year,santa-maria-di-forano-forano-appignano-diocese-o,"Forano (Appignano), diocese of Osimo",Santa Maria di Forano,1715,LIT,yes,"ERR - Frate Anselmo: erra la città, incoronata ad Osimo e scambia data l'incoronazione con quella del decreto."
165,12,Croazia,"Fiume, sobborgo di Tersatto",Madonna di Tersato,28-10-1715,Capitolo,sì,1,place+year,madonna-di-tersatto-vera-effigie-della-madre-di,"Tersatto (Trsat), near Fiume (Rijeka) — 'Loci Tarsacti in Dalmatia'",Madonna di Tersatto (Vera Effigie della Madre di Dio dipinta da S. Luca),1715-09-08,AAS+ACSP+LIT,yes,ERR - Frate Anselmo: data l'incoronazione 21 marzo 1715.
166,156,Italia,Viterbo,Madonna Liberatrice,12-11-1715,Capitolo,sì,1,place+title+year,santa-maria-nella-chiesa-della-ssma-trinita-di-v,Viterbo,Santa Maria nella Chiesa della SSma Trinità di Viterbo,1715-11-12,ACSP+LIT,yes,ERR - Frate Anselmo: data l'incoronazione 22 marzo 1715.
167,202,Italia,Pistoia,Santa Maria dell'Umiltà,20-9-1716,Capitolo,sì,1,place+title+year,santa-maria-dell-umilta-di-pistoja-pistoia,Pistoia,Santa Maria dell'Umiltà di Pistoja,1716,LIT,yes,
168,94,Italia,Roma,Santa Maria della Lettera,2-5-1717,Capitolo,sì,1,church+year,santa-maria-in-s-pietro-in-montorio-rome-san-pie,"Rome, San Pietro in Montorio",Santa Maria in S. Pietro in Montorio,1717-05-02,LIT,yes,Bombelli: corona alla Madonna e al Bambino.
169,226,Slovenia,Nova Gorica,Santa Maria del Monte Santo,6-6-1717,Capitolo assenso,sì,1,,,,,,,,ERR - Frate Anselmo: la titola Santa Maria delle Grazie e la colloca a Gorizia. Corona commissionata dalla comunità dei fedeli.
170,195,Italia,Pieve Santo Stefano,Madonna dei Lumi,8-6-1717,#,no,#,,,,,,,,Briccolani: non la cita. Frate Anselmo: la cita.
171,220,Polonia,Czestochowa,Madonna Nera di Częstochowa,8-9-1717,Capitolo assenso,sì,1,place+title+year,santa-maria-di-chiaromonte-czestochoviensi-czest,Częstochowa (Jasna Góra),Santa Maria di Chiaromonte Czestochoviensi,1717-09-08,AAS+LIT,yes,Corona commissionata dalla comunità dei fedeli.
172,203,Italia,Montalcino,Santa Maria del Soccorso,8-5-1718,Capitolo,sì,1,place+title+year,santa-maria-del-soccorso-di-monte-alcino-montalc,Montalcino,Santa Maria del Soccorso di Monte Alcino,1718,LIT,yes,ERR - Frate Anselmo: data l'incoronazione 24 marzo 1718.
173,217,Lituania,Trakai,Madre di Dio di Trakai,4-9-1718,Capitolo assenso,sì,1,place+year,traku-dievo-motina-matka-boza-trocka-trakai-trok,Trakai (Troki),Trakų Dievo Motina (Matka Boża Trocka),1718-09-04,LIT,yes,Briccolani: non la cita. Frate Anselmo: non la cita. Corona commissionata dalla comunità dei fedeli.
174,2,Austria,Brün,Santa Maria Annunziata dei PP. Agostiniani,26-3-1719,B.P.,no,#,,,,,,,,Briccolani: non la cita. ERR - Frate Anselmo: data l'incoronazione 26 marzo 1719 e il nome della località. La località corretta è Brno e la data di incoronazione è un'altra.
175,183,Italia,"Biella, frazione di Oropa",Santa Maria di Oropa,29-8-1720,#,no,#,place+title,imago-simulacrum-b-mariae-v-de-oropa-oropa-biell,Oropa (Biella),Imago (Simulacrum) B. Mariae V. de Oropa,,AAS,,"Briccolani: non la cita. ERR - Frate Anselmo: cita l'incoronazione, ma non esiste incoronazione: fu incoronata per iniziativa della Congregazzione Amministrativa del santuario."
176,170,Italia,Osimo,Santa Maria della Misericordia,8-9-1720,Capitolo,sì,1,place+title+year,santa-maria-della-misericordia-d-osimo-osimo,Osimo,Santa Maria della Misericordia d'Osimo,1720,LIT,yes,
177,176,Italia,Macerata,Madonna della Misericordia,25-8-1721,Capitolo,sì,1,place+title+year,santa-maria-della-misericordia-di-macerata-macer,Macerata,Santa Maria della Misericordia di Macerata,1721-08-24,AAS+LIT,yes,ERR - Frate Anselmo: data l'incoronazione 27 marzo 1721.
178,15,Italia,Reggio Calabria,Santa Maria della Consolazione,15-9-1722,Capitolo,sì,1,,,,,,,,ERR - Briccolani: non la cita. ERR - Frate Anselmo: indica la data di incoronazione 25 settembre 1722.
179,187,Italia,"Castrignano del Capo, frazione di Santa Maria di Leuca",Santa Maria de Finibus Terrae,21-11-1722,Capitolo,sì,1,place+title+year,b-v-di-leuca-santa-maria-di-leuca-de-finibus-ter,"Santa Maria di Leuca (Finibus Terrae), diocese of Alessano","B. V. di Leuca (Santa Maria di Leuca, 'de Finibus Terrae')",1721,ACSP+LIT,±1,ERR - Briccolani data l'incoronazione anno 1721. ERR - Frate Anselmo: data l'incoronazione 22 novembre 1722. Frate Anselmo: la titola Santa Maria del Capo di Santa Maria di Leuca.
180,18,Italia,Benevento,Santa Maria delle Grazie,3-4-1723,Capitolo,sì,1,place+title+year,santa-maria-delle-grazie-di-benevento-benevento,Benevento,Santa Maria delle Grazie di Benevento,1723,LIT,yes,
181,17,Italia,Sant'Angelo a Scala,Santa Maria Incoronata,23-4-1723,Capitolo,sì,1,,,,,,,,ERR - Frate Anselmo: la colloca a Benevento e data l'incoronazione 28 marzo 1723.
182,222,Polonia,Koden,Nostra Signora di Koden,15-8-1723,Capitolo,sì,1,place+year,matka-boza-kodenska-koden,Kodeń,Matka Boża Kodeńska,1723-08-15,LIT,yes,Briccolani: non la cita. Frate Anselmo: non la cita.
183,227,Ucraina,Sokal,Nostra Signora di Sokal,8-7-1724,Capitolo,sì,1,place+year,matka-boza-sokalska-sokal,Sokal,Matka Boża Sokalska,1724-09-08,LIT,yes,Briccolani: non la cita. Frate Anselmo: non la cita.
184,21,Italia,Napoli,Santa Maria della Purità,7-9-1724,Capitolo,sì,1,place+year,santa-maria-nella-chiesa-di-s-paolo-maggiore-de,Napoli,Santa Maria nella Chiesa di S. Paolo Maggiore de' Teatini di Napoli,1724-09-07,ACSP+LIT,yes,
185,13,Italia,Pereto-Rocca di Botte,Santa Maria dei Bisognosi,5-11-1724,Capitolo,sì,1,place+title+year,santa-maria-de-bisognosi-sul-monte-cassoli-peret,"Pereto / Rocca di Botte (Monte Carsoli), diocese of the Marsi",Santa Maria de' Bisognosi sul Monte Cassoli,1724,LIT,yes,Frate Anselmo: la colloca sul Monte Carsoli.
186,22,Italia,Napoli,Santa Maria delle Grazie,12-5-1726,Capitolo,sì,1,,,,,,,,Briccolani: non la cita. Le corone erano pronte il 16 aprile 1726.
187,37,Italia,"Ariccia, frazione di Galloro",Madonna di Galloro,10-6-1726,Capitolo,sì,1,place+title+year,santa-maria-di-galloro-galloro-ariccia,Galloro (Ariccia),Santa Maria di Galloro,1726,LIT,yes,
188,171,Italia,Ostra,Santa Maria della Rosa,1-9-1726,Capitolo,sì,1,,,,,,,,Briccolani: non la cita.
189,212,Italia,Perugia,Santa Maria in Fiorenzo,4-11-1726,Capitolo,sì,1,place+title+year,santa-maria-nella-chiesa-di-s-fiorenzo-di-perugi,Perugia,Santa Maria nella Chiesa di S. Fiorenzo di Perugia,1726-11-04,ACSP+LIT,yes,ERR - Frate Anselmo: data l'incoronazione 1 aprile 1726.
190,219,Polonia,Podkamien,Santa Maria di Podkamien,15-8-1727,Capitolo assenso,sì,1,,,,,,,,Briccolani: non la cita. ERR - Frate Anselmo: riporta come data di incoronazione 30 marzo 1725 e cita la città Podscawen (non esiste). Corona commissionata dalla comunità dei fedeli.
191,154,Italia,Grotte di Castro,Madonna del Suffragio,23-5-1728,Capitolo,sì,1,place+title+year,santa-maria-del-suffraggio-nella-collegiata-di-s,Grotte di Castro,Santa Maria del Suffraggio nella Collegiata di S. Giovan Batista delle Grotte,1728,AAS+LIT,yes,ERR - Frate Anselmo: data l'incoronazione 14 aprile 1726.
192,197,Italia,Arcidosso,Madonna delle Grazie,29-8-1728,#,no,#,,,,,,,,Briccolani: non la cita. Frate Anselmo: non la cita.
193,139,Italia,Roma,Santa Maria degli Angeli,31-7-1729,Capitolo,sì,1,church+title+year,santa-maria-degli-angeli-nella-chiesa-di-s-agata,"Rome, Sant'Agata dei Tessitori",Santa Maria degli Angeli nella Chiesa di S. Agata de Tessitori,1729-07-31,LIT,yes,Bombelli: corona alla Madonna e al Bambino.
194,36,Italia,Albano Laziale,Santa Maria della Rotonda,22-8-1729,Capitolo,sì,1,place+title+year,santa-maria-della-rotonda-d-albano-albano,Albano,Santa Maria della Rotonda d'Albano,1729,LIT,yes,
195,3,Bielorussia,Zhyrovichy,Madre di Dio di Zhyrovichy,19-9-1730,Capitolo assenso,sì,1,place+year,matka-boza-zyrowicka-zyrowice-zhyrovichy,Żyrowice (Zhyrovichy),Matka Boża Żyrowicka,1730-09-19,LIT,yes,Briccolani: non la cita. ERR - Frate Anselmo: riporta come data di incoronazione la data del decreto; indica come località Zyrovic. Corona commissionata dalla comunità dei fedeli.
196,180,Italia,San Severino Marche,Santa Maria del Glorioso o della Pietà,16-9-1731,Capitolo,sì,1,place+title+year,santa-maria-del-glorioso-di-s-severino-san-sever,San Severino Marche,Santa Maria del Glorioso di S. Severino,1731,LIT,yes,Frate Anselmo: la colloca a Sanseverino. ERR - Bonci: la colloca a San Terenzo al Mare (frazione di Lerici in Liguria).
197,221,Polonia,Jaroslaw,Santa Maria Addolorata,27-4-1732,#,no,#,place+title+year,matka-boza-bolesna-jaroslawska-jaroslaw,Jarosław,Matka Boża Bolesna Jarosławska,1732; 1755-09-08,AAS+LIT,yes,ERR - Frate Anselmo: riporta questa data di incoronazione.
198,223,Repubblica Ceca,Pribram,Vergine Maria del Monte Sacro,22-6-1732,Capitolo assenso,sì,1,place+year,nostra-signora-di-svata-hora-svata-hora-pribram,"Svatá Hora, Příbram",Nostra Signora di Svatá Hora,1732-06-22,LIT,yes,ERR - Frate Anselmo: data l'incoronazione 18 aprile 1731 e riporta la città Praga. Corona commissionata dalla comunità dei fedeli.
199,165,Italia,Cremona,Santa Maria Lauretana,17-8-1732,Capitolo,sì,1,place+title+year,santa-maria-lauretana-nella-chiesa-di-s-abbondio,Cremona,Santa Maria Lauretana nella Chiesa di S. Abbondio de Teatini di Cremona,1732-08-17,LIT,yes,ERR - Frate Anselmo: data l'incoronazione 20 aprile 1732.
200,225,Repubblica Ceca,Olomouc,Vergine Maria della Collina Sacra,21-9-1732,B.P.,sì,1,place+year,panna-maria-svatokopecka-svaty-kopecek-olomouc,Svatý Kopeček (Olomouc),Panna Maria Svatokopecká,1732-09-21; 1995-05-21,AAS+LIT,yes,ERR - Frate Anselmo: la colloca nella località di Olmutz e data l'incoronazione 16 giugno 1732.
201,23,Italia,Napoli,Immacolata Concezione,7-12-1733,Capitolo,sì,1,place+title+year,santissima-concezione-nella-chiesa-della-congreg,Napoli (Suor Orsola Benincasa),Santissima Concezione nella Chiesa della Congregazione della V. Orsola Benincasa in Napoli,1733,LIT,yes,
202,191,Italia,Trapani,Madonna di Trapani,14-3-1734,Capitolo,sì,1,place+title+year,santa-maria-nella-chiesa-de-carmelitani-di-trapa,"Trapani, Carmelite sanctuary of the Annunziata",Santa Maria nella Chiesa de Carmelitani di Trapani,1734,LIT,yes,
203,190,Italia,Palermo,Santa Maria della Provvidenza,18-3-1734,Capitolo,sì,1,place+year,santa-maria-della-providenza-nella-chiesa-de-tea,Palermo,Santa Maria della Providenza nella Chiesa de' Teatini di Palermo,1734,LIT,yes,ERR - Frate Anselmo: data l'incoronazione 19 luglio 1734.
204,224,Repubblica Ceca,Brno,Santa Maria di San Tommaso,10-5-1736,Capitolo assenso,sì,1,place+title+year,santa-maria-annunziata-nella-chiesa-di-s-tommaso,"Brno, St Thomas (Augustinians)",Santa Maria Annunziata nella Chiesa di S. Tommaso degli Agostiniani di Bruna,1736-05-10,LIT,yes,ERR - Frate Anselmo: l'incoronazione sarebbe avvenuta il 26 marzo 1719.
205,168,Italia,Varese,Santa Maria del Sacro Monte,5-7-1739,Capitolo,sì,1,place+title+year,santa-maria-in-monte-sacro-monte-di-varese,Sacro Monte di Varese,Santa Maria in Monte,1739,LIT,yes,
206,160,Italia,"Genova, quartiere di Cornigliano",Santa Maria Incoronata,2-8-1740,B.P.,no,#,,,,,,,,"Briccolani non la cita. ERR - Frate Anselmo: data l'incoronazione 2 agosto 1740, la collocata in Val di Polcevera con incoronazione dovuta a brve Papale."
207,1,Messico,Città del Messico,Nostra Signora di Guadalupe,1-10-1740,#,no,#,,,,,,,,"ERR - Frate Anselmo: riporta il giorno 1 ottobre 1740 come data di incoronazione, ma questa fu la data della richiesta inviata al Capitolo. ERR - Briccolani: data l'incoronazione anno 1740. Per vicende politiche non fu incoronata nel 1740. Fu incoronata nel 1895."
208,206,Italia,Montepulciano,Madonna delle Grazie,24-9-1741,Capitolo,sì,1,place+title+year,santa-maria-delle-grazie-nella-chiesa-de-carmeli,Montepulciano,Santa Maria delle Grazie nella Chiesa de' Carmelitani di Monte Pulciano,1741-09-24,LIT,yes,ERR - Frate Anselmo: data l'incoronazione 3 ottobre 1741.
209,193,Italia,Cortona,Santa Maria della Manna,8-10-1741,Capitolo,sì,1,place+title+year,santa-maria-della-manna-cortona-manna,Cortona (Manna),Santa Maria della Manna,1741,LIT,yes,ERR - Frate Anselmo: data l'incoronazione 2 ottobre 1741.
210,153,Italia,Acquapendente,Santa Maria delle Grazie,20-5-1742,Capitolo,sì,1,place+title+year,santa-maria-delle-grazie-nella-chiesa-degli-agos,Acquapendente,Santa Maria delle Grazie nella Chiesa degli Agostiniani di Aquapendente,1742-05-20,LIT,yes,ERR - Frate Anselmo: data l'incoronazione 5 ottobre 1742.
211,163,Italia,Gallivaggio,Santa Maria di Gallivaggio,24-6-1742,Capitolo,sì,1,place+title+year,madonna-di-gallivaggio-madre-della-misericordia,"Gallivaggio (Valle Spluga), diocese of Como","Madonna di Gallivaggio, Madre della Misericordia",1742-06-23,LIT,yes,ERR - Frate Anselmo: data l'incoronazione 6 ottobre 1742.
212,24,Italia,Maiori,Santa Maria Avvocata,23-5-1743,Capitolo,sì,1,place+title+year,santa-maria-de-avvocata-nella-chiesa-dell-eremo,"Maiori (Eremo dell'Avvocata), diocese of Amalfi",Santa Maria de Avvocata nella Chiesa dell'Eremo de' Camandolesi,1743,LIT,yes,
213,14,Italia,Tagliacozzo,Santa Maria dell'Oriente,4-9-1743,#,no,#,,,,,,,,Briccolani: non la cita.
214,214,Italia,Amelia,Santa Maria Assunta,9-5-1745,Capitolo,sì,1,place+title+year,santa-maria-assunta-nella-cattedrale-d-amelia-am,Amelia,Santa Maria Assunta nella Cattedrale d'Amelia,1745,LIT,yes,
215,169,Italia,Jesi,Santa Maria delle Grazie,19-9-1745,Capitolo,sì,1,place+title+year,santa-maria-delle-grazie-nella-chiesa-de-carmeli-2,Jesi,Santa Maria delle Grazie nella Chiesa de' Carmelitani di Jesi,1745,LIT,yes,ERR - Frate Anselmo: data l'incoronazione 8 ottobre 1745.
216,159,Italia,Genova,Santa Maria della Fortuna,24-11-1745,#,no,#,,,,,,,,Briccolani: non la cita. Frate Anselmo: la cita. Nessun riferimento in internet.
217,198,Italia,"Cinigiano, frazione di Monticello Amiata",Madonna della Consolazione,4-6-1747,Capitolo,sì,1,place+title+year,madonna-della-consolazione-madonna-di-valle-prat,Monticello Amiata,"Madonna della Consolazione, Madonna di Valle Prata",1747-06-04,LIT,yes,ERR - Frate Anselmo: data l'incoronazione 13 ottobre 1747 e la colloca a Chiusi.
218,179,Italia,San Severino Marche,Santa Maria dei Lumi dei PP. Barnabiti,17-9-1747,Capitolo,sì,1,place+title+year,santa-maria-de-lumi-nella-chiesa-de-bernabiti-di,San Severino Marche,Santa Maria de' Lumi nella Chiesa de' Bernabiti di S. Severino,1747,LIT,yes,Frate Anselmo: la colloca a Sanseverino. ERR - Bonci: la colloca a San Terenzo al Mare (frazione di Lerici in Liguria).
219,20,Italia,Meta,Santa Maria del Lauro,2-6-1748,Capitolo,sì,1,,,,,,,,Briccolani: non la cita.
220,177,Italia,Macerata,Madonna della Salute,11-5-1749,Capitolo,sì,1,place+title+year,beata-vergine-della-salute-macerata,Macerata,Beata Vergine della Salute,1749-05-11,LIT,yes,Briccolani: non la cita. Frate Anselmo: non la cita.
221,19,Italia,Giugliano,Santa Maria della Pace o della Pietà,25-5-1749,Capitolo,sì,1,place+title+year,santa-maria-della-pace-di-giuliano-giugliano-in,Giugliano in Campania,Santa Maria della Pace di Giuliano,1749,LIT,yes,ERR - Frate Anselmo: data l'incoronazione 27 maggio 1749.
222,25,Italia,Nocera Superiore,Santa Maria Materdomini,10-6-1749,#,no,#,,,,,,,,ERR - Briccolani: data l'incoronazione anno 1759. ERR - Frate Anselmo: data l'incoronazione 29 ottobre 1759.
223,194,Italia,Monte San Savino,Madonna delle Vertighe,14-9-1749,Capitolo,sì,1,place+title+year,santa-maria-delle-vertighe-di-monte-savino-monte,Monte San Savino,Santa Maria delle Vertighe di Monte Savino,1749,LIT,yes,ERR - Frate Anselmo: data l'incoronazione 14 ottobre 1749. Frate Anselmo la cita.
224,161,Italia,Monterosso al mare,Santa Maria di Soviore,10-8-1750,Capitolo,sì,1,place+title+year,santa-maria-de-soviore-di-monte-rosso-monterosso,Monterosso al Mare,Santa Maria de Soviore di Monte Rosso,1749,LIT,±1,ERR - Briccolani; data l'incoronazione anno 1749.
225,218,Lituania,Vilnius,Nostra Signora di Sapieha,8-9-1750,Capitolo assenso,sì,1,place+year,matka-boza-swietomichalska-sapiezynska-vilnius-w,"Vilnius (Wilno), St Michael's",Matka Boża Świętomichalska (Sapieżyńska),1750-09-08,LIT,yes,"Briccolani: non la cita. ERR - Frate Anselmo: riporta come data di incoronazione 13 luglio 1732; la titola Santa Maria Rutena, delle Francescane e la colloca a Wilna. Corona commissionata dalla comunità dei fedeli."
226,189,Italia,Palermo,"Santa Maria ""Libera inferni""",16-10-1750,Capitolo,sì,1,place+title+year,madonna-di-libera-inferni-s-maria-libera-inferni,Palermo,"Madonna di Libera Inferni (S. Maria Libera Inferni, formerly S. Maria Maggiore / della Presentazione)",1750,ACSP+LIT,yes,
227,736,Ucraina,Leopoli,Madre di Dio Vittoriosa,1-7-1751,B.P.,sì,1,,,,,,,,ERR - Frate Anselmo: non la cita.
228,239,Austria,Bergheim,Maria Plain,14-7-1751,B.P.,sì,1,,,,,,,,ERR - Frate Anselmo: non la cita.
229,681,Italia,Piancastagnaio,Madonna di San Pietro,26-9-1751,Capitolo,sì,1,,,,,,,,Briccolani: la cita in località Piano de Castrenaro nella diocesi di Suana (Sovana). ERR - Briccolani: data l'incoronazione anno 1752. ERR - Frate Anselmo: non la cita.
230,609,Italia,Avigliana,Madonna dei Laghi,30-4-1752,#,no,#,,,,,,,,Briccolani non la cita. Frate Anselmo: data l'incoronazione 30 aprile 1752. Nessun riferimento in internet.
231,658,Italia,Monte San Giuliano,Santa Maria di Custonaci,28-8-1752,Capitolo,sì,1,,,,,,,,ERR - Briccolani: data l'incoronazione anno 1753. ERR - Frate Anselmo: la titola di Custonacci e data l'incoronazione 26 ottobre 1753.
232,345,Italia,Pescasseroli,Madonna Incoronata,8-9-1752,#,sì,1,,,,,,,,Briccolani: non la cita. Frate Anselmo: non la cita.
233,665,Italia,"Sorano, frazione di Sovana",Santa Maria di S. Pietro del Piano Castrenaro,24-10-1752,#,no,#,place+title+year,santa-maria-di-s-pietro-del-piano-castrenaro-cas,"Castro (Piano di Castro), diocese of Sovana",Santa Maria di S. Pietro del Piano Castrenaro,1752,LIT,yes,"ERR - Briccolani non la cita. Frate Anselmo: data l'incoronazione 24 ottobre 1752. ERR: Frate Anselmo: inserisce erroneamente questa località, invece è la Madonna del paese di Piancastagnaio della diocesi di Sovana."
234,552,Italia,Antegnate,Santa Maria del Rosario,29-4-1753,Capitolo,sì,1,place+title,santa-maria-del-rosario-nella-chiesa-di-s-michel-2,Antegnate,Santa Maria del Rosario nella Chiesa di S. Michel Arcangelo di Antegnate,1751,LIT,no,ERR - Briccolani: data l'incoronazione anno 1751. ERR - Frate Anselmo: data l'incoronazione 17 ottobre 1751.
235,582,Italia,"San Severino Marche, frazione di Gaglianvecchio",Santa Maria delle Vaccarecce,9-9-1753,#,no,#,,,,,,,,Briccolani non la cita. Frate Anselmo: la vuole coronata per Breve papale (B.P.). ERR - Bonci: la colloca a San Terenzo al Mare. Nessun riferimento in internet.
236,691,Italia,Narni Scalo,Santa Maria del Ponte,5-5-1754,Capitolo,sì,1,place+title+year,madonna-del-ponte-narni,Narni,Madonna del Ponte,1754-05-05,AAS+LIT,yes,
237,368,Italia,Benevento,Santa Maria Annunziata,10-5-1754,Capitolo,sì,1,place+title+year,s-maria-annunziata-in-benevento-benevento,Benevento,S. Maria Annunziata in Benevento,1754,LIT,yes,Frate Anselmo: data l'incoronazione 27 ottobre 1754.
238,528,Italia,"Genova, quartiere di Cornigliano",Santa Maria Incoronata,2-8-1754,#,no,#,,,,,,,,"Briccolani non la cita. ERR - Frate Anselmo: data l'incoronazione 2 agosto 1740, con Breve Papale e collocata la Madonna in Val di Polcevera. ERR - Bonci: cita questa incoronazione alla data 2 agosto 1754."
239,519,Italia,Ceranesi,Santa Maria della Guardia,#-#-1754,#,no,#,,,,,,,,Briccolani non la cita. Frate Anselmo: non la cita. Informazione presa da internet.
240,712,Polonia,Dobrzyn nad Wisla,Santa Maria di Skepe,18-5-1755,Capitolo,sì,1,,,,,,,,ERR - Briccolani non la cita. ERR - Frate Anselmo: non la cita.
241,507,Italia,Tivoli,Santa Maria di Quintiliolo,8-6-1755,Capitolo,sì,1,,,,,,,,ERR - Briccolani: data l'incoronazione 1765.
242,715,Polonia,Jaroslaw,Santa Maria Addolorata,8-9-1755,Capitolo,sì,1,place+title+year,matka-boza-bolesna-jaroslawska-jaroslaw,Jarosław,Matka Boża Bolesna Jarosławska,1732; 1755-09-08,AAS+LIT,yes,ERR - Briccolani non la cita. ERR - Frate Anselmo: riporta la data d’incoronazione 27 aprile 1732.
243,741,Ucraina,Berdychiv,Nostra Signora Berdychiv,16-7-1756,B.P.,sì,1,place+title+year,matka-boza-berdyczowska-berdychiv-berdyczow-berd,Berdyczów (Berdychiv),Matka Boża Berdyczowska (Berdychiv),1756-07-16,AAS+LIT,yes,ERR - Frate Anselmo: non la cita.
244,346,Italia,Scurcola Marsicana,Santa Maria della Vittoria,25-9-1757,Capitolo,sì,1,,,,,,,,ERR - Briccolani non la cita. ERR - Frate Anselmo: data l'incoronazione 2 settembre 1757.
245,664,Italia,Grosseto,Madonna delle Grazie,6-5-1759,Capitolo,sì,1,,,,,,,,ERR - Briccolani: data l'incoronazione 1774. ERR - Frate Anselmo: data l'incoronazione 19 novembre 1774.
246,587,Italia,"Visso, frazione di Cupi","Santa Maria di Macereto, o di Loreto",26-8-1759,Capitolo,sì,1,place+title+year,santa-maria-di-macereto-di-visso-macereto-visso,Macereto (Visso),Santa Maria di Macereto di Visso,1759,LIT,yes,"ERR - Frate Anselmo: la titola di Macerata, o di Loreto."
247,646,Italia,"Cefalù, frazione di Gibilmanna",Maria Santissima di Gibilmanna,17-8-1760,Capitolo,sì,1,place+title,madonna-di-gibilmanna-gibilmanna-diocese-of-cefa,Gibilmanna (diocese of Cefalù),Madonna di Gibilmanna,,LIT,,
248,406,Italia,Napoli,Santa Maria Addolorata del Buoncammino,15-8-1761,Capitolo,sì,1,,,,,,,,ERR - Briccolani non la cita.
249,450,Italia,Fontanellato,Santa Maria del Rosario,18-8-1761,#,no,#,,,,,,,,Briccolani non la cita. ERR - Frate Anselmo: indica che fu coronata la seconda volta.
250,255,Bielorussia,Byalynichy,Nostra signora di Byalynichy,20-9-1761,B.P.,sì,1,place+year,matka-boza-bialynicka-bialynicze-byalynichy,Białynicze (Byalynichy),Matka Boża Białynicka,1761-09-29,LIT,yes,ERR - Frate Anselmo: non la cita.
251,648,Italia,Monreale,Santa Maria del Popolo,8-9-1762,Capitolo,sì,1,place+title+year,santa-maria-del-popolo-nella-metropolitana-di-mo,Monreale,Santa Maria del Popolo nella Metropolitana di Montereale,1761,LIT,±1,ERR - Briccolani: la cita nella località Montereale e data l'incoronazione nel 1761. ERR - Frate Anselmo: data l'incoronazione 31 agosto 1761.
252,710,Polonia,Rzeszów,Santa Maria Assunta,8-9-1763,Capitolo,sì,1,place+title+year,matka-boza-rzeszowska-rzeszow,Rzeszów,Matka Boża Rzeszowska,1763-09-08,LIT,yes,ERR - Frate Anselmo: non la cita.
253,504,Italia,Roma,Madonna nell'Oratorio,12-5-1765,Capitolo,sì,1,church+year,santa-maria-della-prima-primaria-congregazione-n,"Rome, Collegio Romano (Prima Primaria)",Santa Maria della Prima primaria Congregazione nel Collegio Romano,1765-05,LIT,yes,ERR - Bombelli: decreto 26 luglio 1762.
254,481,Italia,Monterotondo,Santa Maria del Diluvio,2-6-1765,Capitolo,sì,1,place+year,santa-maria-in-s-rocco-di-monte-rotondo-monterot,Monterotondo,Santa Maria in S. Rocco di Monte Rotondo,1765,LIT,yes,ERR - Frate Anselmo: data l'incoronazione 7 novembre 1765.
255,566,Italia,"Chiesa in Valmalenco, frazione di Primolo",Santa Maria delle Grazie,11-8-1765,Capitolo,sì,1,,,,,,,,ERR: Briccolani: la colloca in Valle Valenza in Valtellina. ERR - Frate Anselmo: la colloca in Valle Valenza in Valtellina e data l'incoronazione 8 novembre 1765 (inverte il mese con il giorno).
256,692,Italia,Padova,Santa Maria,#-9-1765,Capitolo,sì,1,,,,,,,,ERR - Frate Anselmo: data l'incoronazione 4 novembre 1764.
257,422,Italia,Cava de' Tirreni,Santa Maria dell'Olmo,15-6-1766,Capitolo,sì,1,place+title+year,madonna-dell-olmo-cava-de-tirreni,Cava de' Tirreni,Madonna dell’Olmo,1766-06-15; 1924,LIT,yes,ERR - Briccolani: data l'incoronazione 1764.
258,716,Polonia,Przemysl,Nostra Signora di Jackowa,15-8-1766,Capitolo,sì,1,place+title+year,matka-boza-jackowa-przemysl-dominicans,"Przemyśl, Dominicans",Matka Boża Jackowa,1766-08-15,AAS+LIT,yes,ERR - Frate Anselmo: non la cita.
259,721,Polonia,Miedniewice villaggio del comune di Zyrardow,Sacra Famiglia,7-6-1767,B.P.,sì,1,place+title+year,swieta-rodzina-miedniewicka-miedniewice,Miedniewice,Święta Rodzina Miedniewicka,1767-06-07,LIT,yes,ERR - Frate Anselmo: non la cita.
260,532,Italia,"Rapallo, frazione di Montallegro",Santa Maria di Montallegro,27-7-1767,Capitolo,sì,1,,,,,,,,ERR - Briccolani: data l'incoronazione 1763.
261,720,Polonia,Chelm,Nostra Signora di Chelm,17-9-1767,B.P.,sì,1,place+title,nostra-signora-di-chelm-chelm,Chełm,Nostra Signora di Chelm,1765-09-15,LIT,no,"In alcuni testi l'incoronazione è datata 15 settembre 1765, il Capitolo aveva fissato questa data ma per motivi sconosciuti fu rimandata. ERR - Frate Anselmo: non la cita."
262,361,Italia,Avellino,Santa Maria di Costantinopoli,4-6-1769,Capitolo,sì,1,,,,,,,,ERR - Briccolani: data l'incoronazione 1766.
263,535,Italia,Santa Margherita Ligure,Madonna della Rosa,27-7-1769,#,no,#,,,,,,,,ERR - Frate Anselmo: data l'incoronazione 27 luglio 1769. Nessun riferimento in internet.
264,423,Italia,Maiori,Santa Maria a Mare,13-8-1769,Capitolo,sì,1,place+title+year,santa-maria-del-mare-in-maggiore-maiori,Maiori,Santa Maria del Mare in Maggiore,1768,LIT,±1,ERR - Briccolani: data l'incoronazione 1768.
265,521,Italia,Chiavari,Santa Maria dell'Orto,8-9-1769,Capitolo,sì,1,place+title,santa-maria-dell-orto-di-chiaveri-chiavari-clava,"Chiavari (Clavarium), Liguria",Santa Maria dell'Orto di Chiaveri,1767,LIT,no,ERR - Briccolani: data l'incoronazione 1767. ERR - Frate Anselmo: data l'incoronazione 18 settembre 1769.
266,632,Italia,Monopoli,Santa Maria della Madia,8-7-1770,Capitolo,sì,1,place+title+year,santa-maria-di-monopoli-monopoli-apulia,Monopoli (Apulia),Santa Maria di Monopoli,1769,AAS+LIT,±1,ERR - Briccolani: data l'incoronazione 1769.
267,700,Italia,Verona,Santa Maria del Popolo,8-9-1770,Capitolo,sì,1,,,,,,,,ERR - Briccolani: data l'incoronazione nel 1759.
268,549,Italia,Savona,Santa Maria della Misericordia,16-11-1770,#,no,#,place+title+year,nostra-signora-della-misericordia-savona,Savona,Nostra Signora della Misericordia,1770; 1815-05-10,AAS+LIT,yes,"ERR - Briccolani: data l'incoronazione 1770. ERR - Frate Anselmo: data l'incoronazione 16 novembre 1770. Questa incoronazione non è avvenuta nel 1770, bensì nel 1815, 45 anni dopo."
269,401,Italia,Napoli,Santa Maria di Portosalvo,30-6-1771,Capitolo,sì,1,,,,,,,,ERR - Briccolani: data l'incoronazione 1770.
270,663,Italia,Castel del Piano,Santissima Madonna delle Grazie,7-9-1771,Capitolo,sì,1,place+year,santa-maria-assunta-del-castello-del-piano-caste,"Castel del Piano, diocese of Chiusi",Santa Maria Assunta del Castello del Piano,1771,LIT,yes,"Briccolani: la titola Santa Maria Assunta. ERR - Frate Anselmo: la colloca a Chiusi, nel Castello del Piano. ERR - Frate Anselmo: data l'incoronazione 16 novembre 1771."
271,545,Italia,"Sestri Levante, frazione di San Bartolomeo della Ginestra",Santa Maria del Soccorso,15-9-1771,#,no,#,,,,,,,,"Frate Anselmo: data l'incoronazione 15 settembre 1771, voluta con un Breve Papale. Nessun riferimento in internet."
272,598,Italia,Monchiero,Santa Maria del Rosario,15-8-1772,Capitolo,sì,1,place+year,image-monchiero,Monchiero,,1772,LIT,yes,ERR - Briccolani: data l'incoronazione 1772.
273,629,Italia,Bari,Madonna di Costantinopoli,19-9-1772,Capitolo,sì,1,place+title+year,santa-maria-di-costantinopoli-di-bari-bari,Bari,Santa Maria di Costantinopoli di Bari,1771,LIT,±1,ERR - Briccolani: data l'incoronazione 1771.
274,387,Italia,Napoli,Santa Maria del Principio,8-1-1773,Capitolo,sì,1,place+title+year,santa-maria-del-principio-nella-chiesa-di-santa,Napoli (Santa Restituta),Santa Maria del Principio nella Chiesa di Santa Restituta di Napoli,1773-01-08,LIT,yes,ERR - Briccolani: data l'incoronazione 1772.
275,738,Ucraina,Poczajow,Nostra Signora di Poczajow,8-9-1773,Capitolo,sì,1,place+year,santa-maria-della-nativita-pozcaioviens-luceorie,Poczajów (Pochaiv),"Santa Maria della Natività Pozcaioviens, Luceorien diaecesis",1773-09-08,LIT,yes,Briccolani non la cita. ERR - Frate Anselmo: data l'incoronazione 9 novembre 1770 e la colloca in località Luck.
276,412,Italia,Piano di Sorrento,Santa Maria del Rosario,26-9-1773,Capitolo,sì,1,place+title+year,santa-maria-del-rosario-nella-chiesa-della-santi,Piano di Sorrento,Santa Maria del Rosario nella Chiesa della Santissima Trinità del Piano,1773-09-26,LIT,yes,"ERR - Frate Anselmo: la colloca a Sorrento, aggiungendo ""al Piano""."
277,740,Ucraina,Lutsk,Santa Maria della Natività,17-11-1773,#,no,#,,,,,,,,Frate Anselmo: data l'incoronazione 17 novembre 1773 e la colloca a Luceornia. Nessun riferimento in internet.
278,367,Italia,Paternopoli,Santa Maria della Consolazione,12-5-1774,Capitolo,sì,1,,,,,,,,"ERR - Briccolani: non la cita. ERR - Frate Anselmo: la colloca ad Avellino, nella chiesa ""di Palerno"". ERR - Frate Anselmo: data la coronazione 22 maggio 1774."
279,737,Ucraina,Ivano-Frankivsk,Nostra Signora Regina della Pace di Yaniv,29-5-1774,B.P.,sì,1,,,,,,,,ERR - Frate Anselmo: non la cita.
280,391,Italia,Napoli,Santa Maria dei Miracoli,25-11-1775,Capitolo,sì,1,place+title+year,santa-maria-de-miracoli-nella-chiesa-delle-monac,Napoli (Monache della Provvidenza),Santa Maria de' Miracoli nella Chiesa delle Monache della Providenza in Napoli,1775,LIT,yes,Frate Anselmo: data l'incoronazione 25 novembre 1775.
281,2000,Ucraina,Leopoli,Santissima Vergine Maria delle Grazie,12-5-1776,Capitolo,sì,1,,,,,,,,ERR - Frate Anselmo: non la cita.
282,546,Italia,"Vezzano Ligure, frazione di Vezzano Superiore",Santa Maria del Soccorso,#-9-1776,Capitolo,sì,1,place+title,santa-maria-del-soccorso-di-vezzano-vezzano-ligu,Vezzano Ligure,Santa Maria del Soccorso di Vezzano,1772,LIT,no,ERR - Briccolani: data l'incoronazione 1772. ERR - Frate Anselmo: scambia la data del decreto con quello di incoronazione.
283,534,Italia,Santa Margherita Ligure,Madonna della Rosa,25-11-1776,Capitolo,sì,1,place+title+year,dei-genetricis-imago-a-rosa-santa-margherita-lig,Santa Margherita Ligure,Dei Genetricis Imago « a Rosa »,1776,AAS,yes,ERR - Briccolani la colloca nella diocesi di Genova (non specifica la località) e la corona nell'anno 1769. ERR - Frate Anselmo: data l'incoronazione 27 novembre 1776 e come seconda volta: questa è la prima volta.
284,468,Italia,Itri,Santa Maria della Civita,20-7-1777,Capitolo,sì,1,place+title+year,santa-maria-di-civita-nella-chiesa-d-itri-itri,Itri,Santa Maria di Civita nella Chiesa d'Itri,1777,LIT,yes,ERR - Frate Anselmo: data l'incoronazione 21 luglio 1777.
285,735,Ucraina,Bołszowce,Nostra signora di Bołszowce,15-8-1777,B.P.,sì,1,place+title+year,matka-boza-bolszowiecka-bolszowce-bilshivtsi,Bołszowce (Bilshivtsi),Matka Boża Bołszowiecka,1777-08-15,LIT,yes,ERR - Frate Anselmo: non la cita.
286,365,Italia,Marzano di Nola,Santa Maria dell'Abbondanza,29-7-1778,Capitolo,sì,1,place+year,santa-maria-di-marzano-marzano-diocese-of-nola,Marzano (diocese of Nola),Santa Maria di Marzano,1778,LIT,yes,
287,467,Italia,Cori,Santa Maria del Soccorso,20-9-1778,Capitolo,sì,1,place+title+year,santa-maria-del-soccorso-di-cori-cori,Cori,Santa Maria del Soccorso di Cori,1778,LIT,yes,ERR - Frate Anselmo: data incoronazione 18 settembre 1778.
288,568,Italia,Fabriano,Santa Maria della Misericordia,1-10-1778,#,no,1,place+title+year,santa-maria-della-misericordia-di-fabriano-fabri,Fabriano,Santa Maria della Misericordia di Fabriano,1778,LIT,yes,Frate Anselmo: data l'incoronazione 1 ottobre 1778. Nessun riferimento in internet.
289,647,Italia,"Cefalù, frazione di Gibilmanna",Santa Maria del Grande Giubileo,2-10-1778,#,no,#,,,,,,,,ERR - Frate Anselmo: data l'incoronazione 2 ottobre 1778 e la indica come seconda incoronazione. Nessun riferimento in internet.
290,734,Ucraina,Latyczów,Santa Maria di Latyczòw,4-10-1778,Capitolo,sì,1,place+title+year,matka-boza-latyczowska-latyczow-letychiv,Latyczów (Letychiv),Matka Boża Latyczowska,1778-10-04,LIT,yes,"ERR - Briccolani: non la cita. Frate Anselmo: data l'incoronazione 4 ottobre 1778. ERR - Frate Anselmo: la colloca a Atyczow (Pinsk), sbagliando la collocazione nell'elenco per località."
291,581,Italia,Muccia,Santa Maria di Col de' Venti,8-10-1778,Capitolo,sì,1,place+title+year,santa-maria-di-col-de-venti-della-muccia-muccia,Muccia (Col di Venti),Santa Maria di Col de' Venti della Muccia,1778,LIT,yes,
292,655,Italia,Calatafimi Segesta,Maria Santissima di Giubino,5-5-1779,Capitolo,sì,1,,,,,,,,ERR - Briccolani: data l'incoronazione 1778 e la titola Madonna delle Grazie. ERR - Frate Anselmo: scambia la data di incoronazione con quella del decreto.
293,439,Italia,Ferrara,Santa Maria delle Grazie,24-5-1779,Capitolo,sì,1,place+title+year,santa-maria-delle-grazie-nella-metropolitana-di,Ferrara,Santa Maria delle Grazie nella Metropolitana di Ferrara,1778,LIT,±1,ERR - Briccolani: data l'incoronazione 1778.
294,733,Ucraina,Mezhyrich,Nostra Signora di Mezhyrich,15-8-1779,B.P.,sì,1,,,,,,,,ERR - Frate Anselmo: non la cita.
295,650,Italia,Palermo,Santa Maria della Pace,#-9-1779,Capitolo,sì,1,,,,,,,,ERR - Briccolani: data l'incoronazione 1778. Frate Anselmo: non la cita.
296,472,Italia,"Scandriglia, frazione di Ponticelli Sabino",Santa Maria delle Grazie,3-10-1779,Capitolo,sì,1,place+title+year,santa-maria-delle-grazie-ponticelli-sabina,Ponticelli (Sabina),Santa Maria delle Grazie,1778,LIT,±1,ERR - Frate Anselmo: scambia la data del decreto con la data di incoronazione.
297,381,Italia,Gragnano,Santa Maria di Costantinopoli,10-10-1779,Capitolo,sì,1,place+title+year,santa-maria-di-costantinopoli-nella-chiesa-di-gr,"Gragnano, diocese of Lettere",Santa Maria di Costantinopoli nella Chiesa di Granani,1778,LIT,±1,ERR - Briccolani: data l'incoronazione 1778. ERR - Frate Anselmo: data l'incoronazione 24 ottobre 1779.
298,510,Italia,Acquapendente,Maria Santissima Immacolata Concezione,28-5-1780,Capitolo,sì,1,,,,,,,,ERR - Briccolani: data l'incoronazione 1778. ERR - Frate Anselmo: scambia la data del decreto con quella dell'incoronazione.
299,394,Italia,Napoli,Santa Maria della Potenza,9-7-1780,Capitolo,sì,1,place+title+year,santa-maria-della-potenza-nella-chiesa-di-s-gior,Napoli (San Giorgio Maggiore),Santa Maria della Potenza nella Chiesa di S. Giorgio maggiore di Napoli,1779,LIT,±1,ERR - Briccolani: data l'incoronazione 1779.
300,564,Italia,Casalpusterlengo,Madonna dei Cappuccini,3-9-1780,Capitolo,sì,1,place+year,santa-maria-nella-chiesa-de-cappucini-di-casal-p,Casalpusterlengo,Santa Maria nella Chiesa de Cappucini di Casal Posterlengo,1780-09-03,LIT,yes,Frate Anselmo: la titola Santa Maria Lauretana di S. Salvatore.
301,624,Italia,Acquaviva delle Fonti,Santa Maria di Costantinopoli,4-9-1781,Capitolo,sì,1,place+title+year,santa-maria-di-costantinopoli-nella-chiesa-di-s,Acquaviva delle Fonti,Santa Maria di Costantinopoli nella Chiesa di S. Eustachio della Città d'Aquaviva,1780,LIT,±1,ERR - Briccolani: data l'incoronazione 1780. ERR - Frate Anselmo: data l'incoronazione 27 ottobre 1781.
302,635,Italia,Foggia,Santa Maria dei Sette Veli o Iconavetere,24-5-1782,Capitolo,sì,1,place+title+year,santa-maria-dei-sette-veli-nella-chiesa-collegia,Foggia,Santa Maria dei Sette Veli nella Chiesa Collegiata di Foggia,1781,LIT,±1,ERR - Briccolani: data l'incoronazione 1781.
303,442,Italia,Cesena,Santa Maria del Popolo,3-6-1782,Papa Pio VI,sì,1,,,,,,,,ERR - Briccolani non la cita. ERR - Frate Anselmo: scambia la data del decreto con la data dell'incoronazione.
304,678,Italia,Monsummano,Santa Maria del Fonte Nuovo,25-8-1782,#,sì,1,place+title+year,madonna-di-fontenuova-monsummano-terme,Monsummano Terme,Madonna di Fontenuova,1782,AAS,yes,ERR - Briccolani non la cita.
305,418,Italia,"Vico Equense, frazione di Seiano",Santa Maria delle Grazie,6-7-1783,#,no,#,,,,,,,,Briccolani non la cita. ERR - Frate Anselmo: data l'incoronazione 2 luglio 1783.
306,427,Italia,Positano,Santa Maria di Positano,15-8-1783,Capitolo,sì,1,place+title+year,santa-maria-nella-chiesa-di-s-vito-di-positano-p,Positano,Santa Maria nella Chiesa di S. Vito di Positano,1783,LIT,yes,
307,352,Italia,Conflenti,Santa Maria delle Grazie,31-8-1783,Capitolo,sì,1,place+title+year,santa-maria-di-tutte-le-grazie-della-quercia-nel,Conflenti,Santa Maria di tutte le Grazie della Quercia nella Chiesa di Conflenti Inferiori,1782,LIT,±1,ERR - Briccolani: data l'incoronazione 1782. ERR - Frate Anselmo: la colloca a Confuenti.
308,649,Italia,Palermo,Santa Maria della Provvidenza,17-3-1784,#,no,#,place+year,santa-maria-del-presepio-nell-oratorio-de-minori,Palermo (Sant'Antonio di Padova),Santa Maria del Presepio nell'Oratorio de' Minori Riformati,1784-10-29,LIT,yes,Briccolani non la cita. ERR - Frate Anselmo: riporta un duplicato o un cinquantenario di una incoronazione avvenuta nel 1734.
309,654,Italia,Alcamo,Santa Maria dei Miracoli,21-6-1784,Capitolo,sì,1,place+title,santa-maria-de-miracoli-nella-chiesa-d-alcami-al,Alcamo,Santa Maria de' Miracoli nella Chiesa d'Alcami,1782,LIT,no,ERR - Briccolani: data l'incoronazione 1782. ERR - Frate Anselmo: data l'incoronazione 17 dicembre 1786.
310,651,Italia,Palermo,"Santa Maria del Presepio, dei Frati Minori",29-10-1784,Capitolo,sì,#,place+title+year,santa-maria-del-presepio-nell-oratorio-de-minori,Palermo (Sant'Antonio di Padova),Santa Maria del Presepio nell'Oratorio de' Minori Riformati,1784-10-29,LIT,yes,Nessun riferimento in internet.
311,570,Italia,Jesi,Santa Maria della Misericordia,8-9-1785,#,no,1,place+title+year,santa-maria-della-misericordia-nella-chiesa-di-s,Jesi (San Pietro),Santa Maria della Misericordia nella Chiesa di S. Pietro di Jesi,1784,LIT,±1,ERR - Briccolani: data l'incoronazione 1784. Frate Anselmo: data l'incoronazione 8 settembre 1785. Nessun riferimento in internet.
312,407,Italia,Napoli,Santa Maria delle Grazie,2-7-1786,Capitolo,sì,1,place+title+year,santa-maria-delle-grazie-alla-pietra-del-pesce-i,Napoli (Pietra del Pesce),Santa Maria delle Grazie alla Pietra del Pesce in Napoli,1786,LIT,yes,
313,703,Lituania,Šiluva,Nostra Signora di Šiluva,8-9-1786,B.P.,sì,1,place+year,siluvos-dievo-motina-matka-boza-szydlowska-szydl,"Szydłów (Šiluva), Samogitia",Šiluvos Dievo Motina (Matka Boża Szydłowska),1786-09-08,LIT,yes,ERR - Frate Anselmo: non la cita.
314,428,Italia,Roccadaspide,Santa Maria delle Grazie,19-12-1786,Capitolo,sì,1,,,,,,,,Briccolani: non la cita. ERR - Frate Anselmo: cita questa incoronazione e la colloca a Capaccio.Val di Novi (Vallo di Novi) antico nome di Vallo della Lucania.
315,653,Italia,Vittoria,Santa Maria Lauretana,29-6-1787,Capitolo,sì,1,,,,,,,,ERR - Briccolani: data l'incoronazione 1785. Frate Anselmo: la colloca nella provincia di Siragusa. ERR - Frate Anselmo: data la coronazione il 31 ottobre 1785.
316,405,Italia,Napoli,Santa Maria delle Grazie,17-7-1787,#,no,#,place+title+year,santa-maria-delle-grazie-alla-pietra-del-pesce-i,Napoli (Pietra del Pesce),Santa Maria delle Grazie alla Pietra del Pesce in Napoli,1786,LIT,±1,ERR - Briccolani: non la cita. Frate Anselmo: data l'incoronazione 17 luglio 1787. Nessun riferimento in internet.
317,380,Italia,Forio d'Ischia,Santa Maria di Loreto (Lauretana),29-7-1787,Capitolo,sì,1,place+title+year,santa-maria-lauretana-di-forigi-forio-ischia,Forio (Ischia),Santa Maria Lauretana di Forigi,1786,LIT,±1,ERR - Briccolani: data l'incoronazione 1786. ERR - Frate Anselmo: data l'incoronazione 25 luglio 1787.
318,425,Italia,Pagani,Santa Maria del Carmine,22-9-1787,Capitolo,sì,1,,,,,,,,ERR - Briccolani: data l'incoronazione 1785.
319,430,Italia,Vallo della Lucania,Santa Maria delle Grazie,8-6-1788,Capitolo,sì,1,place+title,santa-maria-delle-grazie-nella-chiesa-de-domenic,"Vallo della Lucania (Novi Velia), diocese of Capaccio",Santa Maria delle Grazie nella Chiesa de' Domenicani di Val di Novi,1786,LIT,no,Briccolani: la colloca in Val di Novi. ERR - Briccolani: data l'incoronazione 1786. ERR - Frate Anselmo: la incorona il giorno 8 dicembre 1785 e la titola Santa Maria nella Chiesa dei PP. Domenicani.
320,619,Italia,Valperga,Santa Maria della Natività o di Belmonte,17-8-1788,Capitolo,sì,1,place+title+year,santa-maria-della-nativita-di-belmonte-valperga,Valperga,"Santa Maria della Natività, di Belmonte",1788-08-17,LIT,yes,
321,524,Italia,Cicagna,Santa Maria dei Miracoli,14-9-1790,Capitolo,sì,1,place+title+year,nostra-signora-dei-miracoli-cicagna,Cicagna,Nostra Signora dei Miracoli,1790-09-14; 1814-09-14,LIT,yes,ERR - Briccolani: non la cita. ERR - Frate Anselmo: data l'incoronazione 16 settembre 1790.
322,483,Italia,Palombara Sabina,Santa Maria della Neve,17-10-1790,Capitolo,sì,1,place+title+year,santa-maria-della-neve-palombara-sabina,Palombara Sabina,Santa Maria della Neve,1790,LIT,yes,ERR - Frate Anselmo: la colloca nel paese di Palombaro in provincia di Chieti e data l'incoronazione 22 dicembre 1790.
323,683,Italia,Sinalunga,Madonna del Rifugio,6-9-1793,Capitolo,sì,1,,,,,,,,ERR - Briccolani: non la cita. Frate Anselmo: non la cita.
324,493,Italia,Roma,Santa Maria della Misericordia,15-9-1793,Capitolo,sì,1,church+year,santa-maria-nella-chiesa-parrochiale-di-s-benede,"Rome, San Benedetto in Piscinula",Santa Maria nella Chiesa Parrochiale di S. Benedetto in Piscinula,1793,LIT,yes,ERR - Briccolani: data l'incoronazione 1791. ERR - Frate Anselmo: data l'incoronazione 16 settembre 1793.
325,382,Italia,Ischia,Santa Maria di Costantinopoli,25-8-1794,Capitolo,sì,1,place+title,santa-maria-di-costantinopoli-d-ischia-ischia,Ischia,Santa Maria di Costantinopoli d'Ischia,1791,LIT,no,ERR - Briccolani: data l'incoronazione 1791. ERR - Frate Anselmo: data l'incoronazione 24 agosto 1794.
326,426,Italia,"Pellezzano, frazione di Capriglia",Santa Maria delle Grazie,20-5-1795,Capitolo,sì,1,,,,,,,,ERR - Frate Anselmo: non la cita.
327,351,Italia,Catanzaro,Santa Maria di Mezzogiorno,2-7-1797,Capitolo,sì,1,,,,,,,,ERR - Frate Anselmo: non la cita.
328,643,Italia,Enna,Madonna della Visitazione,6-7-1797,Capitolo,sì,1,place+year,image-enna,Enna,,1797,LIT,yes,ERR - Frate Anselmo: non la cita.
329,672,Italia,Lucca,Santa Maria dei Miracoli,24-9-1797,Capitolo,sì,1,place+title+year,madonna-dei-miracoli-lucca-san-tommaso-in-peller,Lucca (San Tommaso in Pelleria),Madonna dei Miracoli,1797-09-27,LIT,yes,Frate Anselmo: data l'incoronazione 24 settembre 1797. Nessun riferimento in internet.
330,656,Italia,Castellammare del Golfo,Madonna del Soccorso,16-9-1798,B.P.,sì,1,,,,,,,,ERR - Frate Anselmo: non la cita.
331,689,Italia,Spoleto,Santa Maria della Sacra Icone,30-6-1800,Papa Pio VII,sì,1,,,,,,,,
332,571,Italia,Loreto,Madonna di Loreto,23-2-1801,Papa Pio VII,sì,1,,,,,,,,Frate Anselmo: data l'incoronazione 23 febbraio 1801.
333,372,Italia,Casaluce,Santa Maria di Casaluce,13-9-1801,Capitolo,sì,1,,,,,,,,
334,400,Italia,Napoli,Santa Maria di Piedigrotta,5-9-1802,Capitolo,sì,1,,,,,,,,
335,392,Italia,Napoli,Santa Maria delle Grazie,26-9-1802,Capitolo,sì,1,,,,,,,,ERR - Frate Anselmo: data l'incoronazione 26 settembre 1803.
336,657,Italia,Mazara del Vallo,Madonna del Paradiso,10-7-1803,Capitolo,sì,1,,,,,,,,ERR - Frate Anselmo: la colloca a Mazzara del Vallo.
337,408,Italia,Napoli,"Santa Maria ""Mater Dei""",14-8-1803,Capitolo,sì,1,,,,,,,,
338,383,Italia,Massa Lubrense,Santa Maria della Lobra,12-8-1804,Capitolo,sì,1,place+title+year,madonna-della-lobra-massa-lubrense,Massa Lubrense,Madonna della Lobra,1804-08-12,LIT,yes,
339,404,Italia,Napoli,Santa Maria della Purità (sull'arco dei Barrettari),23-9-1804,Capitolo,sì,1,,,,,,,,ERR - Frate Anselmo: data l'incoronazione 23 novembre 1804.
340,371,Italia,Caivano,Santa Maria delle Grazie,12-5-1805,Capitolo,sì,1,,,,,,,,
341,611,Italia,Chieri,Santa Maria delle Grazie,3-9-1805,#,no,#,,,,,,,,ERR - Frate Anselmo: data l'incoronazione il 3 settembre 1805. La Madonna fu incoronata dal Capitolo Vaticano nell'anno 1905. Nessun riferimento in internet.
342,660,Italia,San Giovanni Valdarno,Santa Maria delle Grazie,22-12-1805,#,no,#,,,,,,,,ERR - Frate Anselmo: data l'incoronazione 22 dicembre 1805. Bonci non la cita. Questa incoronazione non è mai avvenuta.
343,636,Italia,Lucera,Santa Maria Assunta,15-8-1806,Capitolo,sì,1,,,,,,,,ERR - Frate Anselmo: data l'incoronazione 15 agosto 1805.
344,444,Italia,Cesena,Santa Maria del Monte o di S. Mauro,1-5-1814,Papa Pio VII,sì,1,,,,,,,,
345,567,Italia,Ancona,Santa Maria Regina di tutti i Santi,13-5-1814,Papa Pio VII,sì,1,,,,,,,,
346,586,Italia,Treia,Madonna della Misericordia,17-5-1814,Pio VII,sì,1,,,,,,,,ERR - Frate Anselmo: non la cita.
347,580,Italia,Montegiorgio,Madonna Addolorata,17-5-1814,Pio VII,sì,1,,,,,,,,ERR - Frate Anselmo: non la cita.
348,577,Italia,"Caldarola, frazione di Pievefavera",Madonna della Pietà,17-5-1814,Pio VII,sì,1,,,,,,,,ERR - Frate Anselmo: non la cita.
349,584,Italia,Tolentino,Madonna della Tempesta,17-5-1814,Papa Pio VII,sì,1,,,,,,,,ERR - Frate Anselmo: non la cita.
350,585,Italia,Tolentino,Madonna della Tempesta,17-5-1814,Papa Pio VII,sì,1,,,,,,,,
351,576,Italia,Caldarola,Madonna del Monte,17-5-1814,Pio VII,sì,1,,,,,,,,ERR - Frate Anselmo: non la cita.
352,659,Italia,Arezzo,Madonna del Conforto,15-8-1814,Capitolo,sì,1,,,,,,,,
353,550,Italia,Savona,Santa Maria della Misericordia,10-5-1815,Papa Pio VII,sì,1,place+title+year,nostra-signora-della-misericordia-savona,Savona,Nostra Signora della Misericordia,1770; 1815-05-10,AAS+LIT,yes,ERR - Briccolani: data l'incoronazione 1770. ERR - Frate Anselmo: data l'incoronazione 16 novembre 1770 e la numera come seconda incoronazione.
354,435,Italia,Imola,Santa Maria delle Grazie,15-8-1815,Capitolo,sì,1,,,,,,,,
355,253,Belgio,Arlon,Santa Maria Regina della Pace,14-9-1815,#,no,#,,,,,,,,Frate Anselmo: data la coronazione 14 settembre 1815. Nessun riferimento in internet.
356,578,Italia,Mogliano,Santa Maria del Soccorso,12-11-1815,Papa Pio VII,sì,#,,,,,,,,"A Mogliano, questa Madonna, oggi non esiste."
357,462,Italia,Arpino,Santa Maria Assunta,15-8-1816,Capitolo,sì,1,,,,,,,,Frate Anselmo: la cita in appendice.
358,258,Francia,Dunkerque,Nostra Signora delle Dune,8-9-1816,#,no,#,,,,,,,,Frate Anselmo: data l'incoronazione 8 settembre 1816 con Breve Papale. Nessun riferimento in internet.
359,494,Italia,Roma,Santa Maria Addolorata,19-10-1816,#,no,#,,,,,,,,Frate Anselmo: data l'incoronazione 19 ottobre 1816. Nessun riferimento in internet.
360,583,Italia,Sarnano,Santa Maria Consolatrice degli Afflitti,26-12-1816,#,no,#,,,,,,,,Frate Anselmo: data l'incoronazione 26 dicembre 1816. Nessun riferimento in internet.
361,357,Italia,Scigliano,Santa Maria di Monserrato,12-7-1818,B.P.,sì,1,,,,,,,,
362,517,Italia,Camogli,Santa Maria del Boschetto,30-8-1818,B.P.,sì,1,,,,,,,,ERR - Frate Anselmo: data l'incoronazione 12 agosto 1817.
363,476,Italia,"Ariccia, frazione di Galloro",Madonna di Galloro,20-10-1818,Papa Pio VII,sì,2,place+title,santa-maria-di-galloro-galloro-ariccia,Galloro (Ariccia),Santa Maria di Galloro,1726,LIT,no,ERR - Frate Anselmo: data l'incoronazione 23 dicembre 1816.
364,644,Italia,Piazza Armerina,Maria Santissima delle Vittorie,#-#-1818,Capitolo,sì,1,,,,,,,,ERR - Frate Anselmo: non la cita.
365,674,Italia,Buti,Madonna del Rosario,#-#-1819,Capitolo,sì,1,,,,,,,,ERR - Frate Anselmo: non la cita.
366,594,Italia,"Biella, frazione di Oropa",Santa Maria di Oropa,27-8-1820,#,no,#,place+title,imago-simulacrum-b-mariae-v-de-oropa-oropa-biell,Oropa (Biella),Imago (Simulacrum) B. Mariae V. de Oropa,,AAS,,ERR - Frate Anselmo: data l'incoronazione 31 dicembre 1820.
367,542,Italia,San Bartolomeo al Mare,Santa Maria della Rovere,8-9-1821,Capitolo,sì,1,place+title+year,madonna-della-rovere-san-bartolomeo-al-mare,San Bartolomeo al Mare,Madonna della Rovere,1821-09-08,LIT,yes,ERR - Frate Anselmo: la colloca a Cervo.
368,465,Italia,Villa Santo Stefano,Santa Maria dello Spirito Santo,9-9-1821,Capitolo,sì,1,,,,,,,,ERR - Frate Anselmo: non la cita.
369,520,Italia,Ceranesi,Santa Maria della Guardia,26-7-1822,#,no,#,,,,,,,,"Frate Anselmo: data l'incoronazione 26 luglio 1822, con Breve Papale. Fu un rito locale."
370,531,Italia,Montoggio,Santa Maria delle Tre Fontane,8-9-1822,Capitolo,sì,1,,,,,,,,Frate Anselmo: la colloca nel comune di Montobbio. ERR - Frate Anselmo: data l'incoronazione 1 settembre 1822.
371,591,Italia,Molare,"Santa Maria ""Auxilium Christianorum""",10-8-1823,Capitolo,sì,1,,,,,,,,
372,623,Italia,Re,Santa Maria del Sangue,5-8-1824,Capitolo,sì,1,,,,,,,,ERR - Frate Anselmo: la colloca a Re in Val Vegezzo.
373,533,Italia,Recco,Santa Maria del Suffragio,8-9-1824,Capitolo,sì,1,,,,,,,,ERR - Frate Anselmo: data l'incoronazione 26 dicembre 1823.
374,363,Italia,Castelfranci,Santa Maria del Soccorso,27-8-1826,Capitolo,sì,1,,,,,,,,Bolla Papale datata 7 agosto 1826.
375,388,Italia,Napoli,Immacolata Concezione,30-12-1826,Capitolo,sì,1,place+title+year,immacolata-immacolata-di-placido-baccher-naples,Naples,Immacolata (Immacolata di Placido Baccher),1826-12-30,AAS,yes,
376,477,Italia,Artena,Madonna delle Grazie,17-5-1828,Capitolo,sì,1,,,,,,,,ERR - Frate Anselmo: non la cita.
377,618,Italia,Torino,Madonna della Consolata,20-6-1829,Capitolo,sì,1,,,,,,,,
378,474,Italia,Albano Laziale,Santa Maria della Rotonda,22-8-1829,Capitolo,sì,2,place+title,santa-maria-della-rotonda-d-albano-albano,Albano,Santa Maria della Rotonda d'Albano,1729,LIT,no,ERR - Frate Anselmo: data l'incoronazione 23 dicembre 1829.
379,662,Italia,Fucecchio,Santa Maria delle Vedute,20-5-1830,Capitolo,sì,1,,,,,,,,ERR - Frate Anselmo: data l'incoronazione 20 maggio 1800.
380,362,Italia,Castel Baronia,Santa Maria delle Fratte,15-8-1832,Capitolo,sì,1,,,,,,,,Frate Anselmo: data l'incoronazione 15 agosto 1832.
381,341,Italia,Lanciano,Santa Maria del Ponte,15-9-1833,Capitolo,sì,1,place+title+year,madonna-del-ponte-lanciano,Lanciano,Madonna del Ponte,1833,AAS,yes,
382,356,Italia,Cosenza,Santa Maria del Pilerio,12-6-1836,Capitolo,sì,1,,,,,,,,
383,612,Italia,Cuorgné,Santa Maria delle Grazie,31-7-1836,Capitolo,sì,1,,,,,,,,
384,679,Italia,Prato,Santa Maria delle Carceri,14-8-1836,Capitolo,sì,1,,,,,,,,ERR - Frate Anselmo: data l'incoronazione 16 agosto 1836.
385,497,Italia,Roma,Santa Maria di Loreto,9-12-1836,Capitolo,sì,2,church+title,santa-maria-di-loreto-in-s-salvator-in-lauro-rom,"Rome, San Salvatore in Lauro",Santa Maria di Loreto in S. Salvator in Lauro,1644,LIT,no,
386,563,Italia,Crema,Santa Maria della Croce,4-9-1837,Capitolo,sì,1,,,,,,,,ERR - Frate Anselmo: data l'incoronazione 18 settembre 1837.
387,489,Italia,Roma,"Santa Maria ""Salus Populi Romani""",15-8-1838,Papa Gregorio XVI,sì,1,,,,,,,,
388,342,Italia,Avezzano,Madonna di Pietraquaria,16-9-1838,Capitolo,sì,1,,,,,,,,ERR - Frate Anselmo: non la cita.
389,470,Italia,"Fara in Sabina, frazione di Farfa",Santa Maria Assunta,10-4-1840,Capitolo,sì,1,,,,,,,,ERR - Frate Anselmo: data l'incoronazione 20 dicembre 1840.
390,389,Italia,Napoli,Immacolata Concezione,2-2-1841,Capitolo,sì,1,,,,,,,,
391,403,Italia,Napoli,Santa Maria del Brasile,14-11-1841,Capitolo,sì,1,,,,,,,,
392,229,Canada,Varennes,Sant'Anna di Varennes,26-7-1842,B.P.,sì,1,,,,,,,,ERR - Frate Anselmo: non la cita.
393,579,Italia,Mogliano,Santa Maria Addolorata,16-9-1842,#,no,#,,,,,,,,Frate Anselmo: data l'incoronazione 16 settembre 1842 con Breve Papale. Nessun riferimento in internet.
394,241,Belgio,Bruxelles,Nostra Signora della Misericordia,25-5-1843,Capitolo,sì,1,,,,,,,,Frate Anselmo la vuole coronata per Breve Papale.
395,589,Italia,Alessandria,Santa Maria della Salve,28-5-1843,Capitolo,sì,1,place+title+year,madonna-della-salve-alessandria,Alessandria,Madonna della Salve,1843-05-28,LIT,yes,ERR - Frate Anselmo: data l'incoronazione 8 maggio 1842.
396,348,Italia,Matera,Santa Maria della Bruna,2-7-1843,Capitolo,sì,1,place+title+year,madonna-della-bruna-matera,Matera,Madonna della Bruna,1843,AAS,yes,
397,575,Italia,Fermo,Santa Maria del Pianto,8-9-1843,Capitolo,sì,1,,,,,,,,ERR - Frate Anselmo: data l'incoronazione 10 settembre 1843.
398,523,Italia,"Chiavari, località Bacezza",Santa Maria dell'Olivo,15-8-1845,#,no,#,,,,,,,,Frate Anselmo: data l'incoronazione 15 agosto 1845. Nessun riferimento in internet.
399,539,Italia,Castellaro,Santa Maria di Lampedusa,8-9-1845,Capitolo,sì,1,,,,,,,,
400,512,Italia,Castel Sant'Elia,"Santa Maria ""ad Rupes""",17-5-1846,#,no,#,place+title,santa-maria-ad-rupes-castel-sant-elia-sancti-eli,"Castel Sant'Elia (sancti Eliae Castrum), vallis Suppentonia",Santa Maria ad Rupes,,AAS,,"ERR - Frate Anselmo: data l'incoronazione 17 maggio 1846, ma è un errore visto che poi riporta una successiva incoronazione il 17 maggio 1896."
401,540,Italia,Chiusavecchia,Santa Maria dell'Oliveto,8-9-1846,#,sì,#,,,,,,,,Frate Anselmo: data l'incoronazione 8 settembre 1846.
402,384,Italia,Meta,Santa Maria del Lauro,2-6-1847,#,no,#,,,,,,,,ERR - Frate Anselmo: data la incoronazzione 2 giugno 1847. Da notare che rispetto alla prima incoronazione (2-6-1748) i numeri dell’anno sono scambiati. Nessun riferimento in internet.
403,677,Italia,Pisa,Madonna di Sotto gli Organi,15-8-1847,Capitolo,sì,1,,,,,,,,ERR - Frate Anselmo: non la cita.
404,402,Italia,Napoli,Santa Maria dei Sette Dolori,3-2-1850,Papa Pio IX,sì,1,,,,,,,,ERR - Frate Anselmo: madonna incoronata da papa Pio XI.
405,455,Italia,Rimini,Santa Maria della Misericordia,15-8-1850,B.P.,sì,1,,,,,,,,Frate Anselmo: la vuole incoronata per Breve Papale.
406,595,Italia,"Farigliano, frazione di Mellea",Santa Maria delle Grazie,1-9-1850,Capitolo,sì,1,,,,,,,,
407,487,Italia,Roma,Santa Maria del Parto,2-7-1851,Capitolo,sì,1,church+title,santa-maria-in-s-agostino-rome-sant-agostino,"Rome, Sant'Agostino",Santa Maria in S. Agostino,1641; 1643,LIT,no,
408,506,Italia,Tivoli,Madonna delle Grazie,17-8-1851,Capitolo,sì,1,,,,,,,,ERR - Frate Anselmo: la titola Santa Maria Maggiore.
409,473,Italia,Toffia,Madonna della Speranza,8-9-1851,Capitolo,sì,1,,,,,,,,ERR - Frate Anselmo: non la cita.
410,630,Italia,Capurso,Santa Maria del Pozzo,20-5-1852,Capitolo,sì,1,place+title+year,madonna-del-pozzo-capurso,Capurso,Madonna del Pozzo,1852-05-20,LIT,yes,
411,610,Italia,Avigliana,Madonna dei Laghi,22-8-1852,#,no,#,,,,,,,,ERR - Frate Anselmo: ritiene che è stata incoronata per la terza volta. Nessun riferimento in internet.
412,661,Italia,Firenze,Santissima Annunziata,8-9-1852,Capitolo,sì,1,,,,,,,,
413,299,Francia,Parigi,Nostra Signora delle Vittorie,9-7-1853,Papa Pio IX,sì,1,,,,,,,,"Frate Anselmo: la titola Cuore di Maria, antico titolo della chiesa. ERR - Frate Anselmo: data l'incoronazione 4 luglio 1853."
414,321,Francia,Rocamadour,Nostra Signora di Rocamadour,8-9-1853,B.P.,sì,1,,,,,,,,ERR - Frate Anselmo: non la cita.
415,409,Italia,"Napoli, zona di Caponapoli",Santa Maria delle Grazie,21-11-1853,Capitolo,sì,1,place+title,santa-maria-delle-grazie-alla-pietra-del-pesce-i,Napoli (Pietra del Pesce),Santa Maria delle Grazie alla Pietra del Pesce in Napoli,1786,LIT,no,
416,485,Italia,Roma,Immacolata Concezione,8-12-1854,Capitolo,sì,2,church+title,santa-maria-della-concezione-in-s-lorenzo-e-dama,"Rome, San Lorenzo in Damaso","Santa Maria della Concezione in S. Lorenzo, e Damaso",1635,LIT,no,ERR - Frate Anselmo: data l'incoronazione 15 dicembre 1854.
417,256,Città del Vaticano,Città del Vaticano,Immacolata Concezione,8-12-1854,Papa Pio IX,sì,2,rome-title+title+year,madonna-immacolata-rome-vatican-basilica-cappell,"Rome, Vatican Basilica (Cappella del Coro)",Madonna Immacolata,1854-12-08,LIT,yes,
418,337,Francia,Mauriac,Nostra Signora dei Miracoli,13-5-1855,B.P.,sì,1,place+year,notre-dame-des-miracles-mauriac,Mauriac,Notre-Dame des Miracles,1855,AAS,yes,ERR - Frate Anselmo: non la cita.
419,334,Francia,Saint-Étienne-le-Laus,Nostra Signora di Laus,23-5-1855,B.P.,sì,1,,,,,,,,ERR - Frate Anselmo: la colloca a GAP.
420,289,Francia,Chartres,Nostra Signora del Pillar,31-5-1855,B.P.,sì,1,,,,,,,,"ERR - Frate Anselmo: scambia la data del decreto con quella dell'incoronazione e la titola Santa Maria ""Virgo Paritura"" o della Breccia."
421,508,Italia,Tivoli,Santa Maria di Quintiliolo,10-6-1855,Capitolo,sì,2,,,,,,,,ERR - Frate Anselmo: non la cita.
422,329,Francia,Torce en Vallée,Nostra Signora di Torcé,2-7-1855,B.P.,sì,1,,,,,,,,"ERR - Frate Anselmo: la colloca a Le Mans, che in realtà è la diocesi."
423,687,Italia,Perugia,Santa Maria delle Grazie,8-9-1855,Capitolo,sì,1,,,,,,,,
424,269,Francia,Marsanne,Nostra Signora del Buon Soccorso di Fresneau,8-9-1855,B.P.,sì,1,,,,,,,,ERR - Frate Anselmo: non la cita.
425,318,Francia,Rodez,Immacolata Concezione,19-12-1855,#,no,#,,,,,,,,Frate Anselmo: data la coronazione 19 dicembre 1855 con Breve Papale. Nessun riferimento in internet.
426,543,Italia,Taggia,Cuore Immacolato di Maria,1-6-1856,B.P.,sì,1,place+year,sacrum-cor-immaculatum-beatae-mariae-virginis-ta,Taggia,Sacrum Cor Immaculatum Beatae Mariae Virginis,1856,AAS,yes,
427,271,Francia,Puy en Velay,Nostra Signora di Puy,8-6-1856,B.P.,sì,1,,,,,,,,ERR -Frate Anselmo: la titola Santa Maria di Mont Anis.
428,312,Francia,Verdelais,Nostra Signora Consolatrice degli Afflitti,2-7-1856,B.P.,sì,1,place+title+year,notre-dame-de-verdelais-verdelais,Verdelais,Notre-Dame de Verdelais,1856-07-02,AAS,yes,ERR - Frate Anselmo. non la cita.
429,451,Italia,Lugo,Madonna del Molino,8-9-1856,Pio IX,sì,1,place+title+year,madonna-del-molino-lugo,Lugo,Madonna del Molino,1856,AAS,yes,ERR - Frate Anselmo: non la cita.
430,333,Francia,Manosque,Santa Maria di Romigier,14-9-1856,#,no,#,,,,,,,,Frate Anselmo: data l'incoronazione 14 settembre 1856 con Breve Papale. Nessun riferimento in internet.
431,627,Italia,Andria,Santa Maria dei Miracoli,26-4-1857,Capitolo,sì,1,,,,,,,,ERR - Frate Anselmo: data l'incoronazione 3 maggio 1857.
432,701,Italia,Verona,Madonna della Salute,6-5-1857,Capitolo,sì,1,,,,,,,,ERR - Frate Anselmo: non la cita.
433,433,Italia,Bologna,Madonna di San Luca,10-6-1857,Papa Pio IX,sì,1,,,,,,,,
434,257,Francia,Liesse-Notre Dame,Nostra Signora di Liesse o dell'Allegrezza,18-8-1857,B.P.,sì,1,,,,,,,,ERR - Frate Anselmo: la colloca a Soissons.
435,607,Italia,Varallo,Santa Maria del Sacro Monte,20-8-1857,Capitolo,sì,1,place+title+year,vergine-del-sacro-monte-varallo-sacro-monte,Varallo (Sacro Monte),Vergine del Sacro Monte,1857-08-20; 1862-08-17,LIT,yes,
436,280,Francia,Guingamp,Nostra Signora del Buon Soccorso,8-9-1857,Capitolo,sì,1,,,,,,,,ERR - Frate Anselmo: data l'incoronazione 3 settembre 1857.
437,331,Francia,Aix en Provence,Nostra Signora della Sede,8-12-1857,B.P.,sì,1,,,,,,,,ERR - Frate Anselmo: la titola Santa Maria della Sede o della Speranza.
438,301,Francia,Parigi,Nostra Signora della Santa Speranza,5-4-1858,B.P.,sì,1,,,,,,,,ERR - Frate Anselmo: non la cita.
439,285,Francia,Le Faou,Nostra Signora di Rumengol,30-5-1858,B.P.,sì,1,,,,,,,,ERR - Frate Anselmo. non la cita.
440,551,Italia,"Albino, frazione di Desenzano al Serio",Santa Maria del Miracolo della Gamba,10-10-1858,Capitolo,sì,1,,,,,,,,
441,690,Italia,"Amelia, frazione di Foce",Santa Maria delle Grazie,13-6-1859,Capitolo,sì,1,,,,,,,,ERR - Frate Anselmo: data l'incoronazione 13 giugno 1858.
442,603,Italia,"Ameno, frazione di Vacciago",Madonna della Bocciola,8-9-1859,Capitolo,sì,1,,,,,,,,ERR - Frate Anselmo: non la cita
443,294,Francia,Haguenau,Nostra Signora di Marienthal,19-9-1859,B.P.,sì,1,,,,,,,,ERR - Frate Anselmo. non la cita.
444,695,Italia,Chioggia,Madonna della Navicella,25-9-1859,B.P.,sì,1,,,,,,,,ERR - Frate Anselmo: non la cita.
445,328,Francia,LavaI,Nostra Signora d'Avesnieres,8-5-1860,B.P.,sì,1,,,,,,,,"ERR - Frate Anselmo: data l'incoronazione 5 settembre 1860 e la cita a Laval nell'elenco per data, ma non la cita per quello per località."
446,246,Belgio,Gent,Nostra Signora delle Fiandre,9-5-1860,B.P.,sì,1,,,,,,,,ERR - Frate Anselmo: non la cita.
447,293,Francia,Blois,Nostra Signora degli Aiuti,20-5-1860,B.P.,sì,1,,,,,,,,
448,273,Francia,Valfleury,Nostra Signora di Valfleury,31-5-1860,B.P.,sì,1,,,,,,,,ERR - Frate Anselmo: non la cita.
449,621,Italia,"Crodo, frazione di Mozzio",Santa Maria della Vita,9-9-1860,#,no,#,,,,,,,,Frate Anselmo: data l'incoronazione 9 settembre 1860 con un Breve Papale. Nessun riferimento in internet.
450,652,Italia,Partinico,Madonna del Ponte,15-8-1861,Capitolo,sì,1,,,,,,,,ERR - Frate Anselmo: non la cita.
451,267,Francia,Aurillac,Nostra Signora del Sacro Cuore,15-6-1862,#,no,#,,,,,,,,ERR - Frate Anselmo: data l'incoronazione 15 giugno 1862. Si veda quanto riportato nel campo Note.
452,608,Italia,Varallo,Santa Maria del Sacro Monte,17-8-1862,Capitolo,sì,2,place+title+year,vergine-del-sacro-monte-varallo-sacro-monte,Varallo (Sacro Monte),Vergine del Sacro Monte,1857-08-20; 1862-08-17,LIT,yes,
453,671,Italia,Lucca,Madonna della Rosa,18-9-1862,Capitolo,sì,1,,,,,,,,Frate Anselmo: non la cita.
454,495,Italia,Roma,Mater Divinae Gratiae,7-6-1863,#,no,#,,,,,,,,Frate Anselmo: data l'incoronazione 7 giugno 1863. Nessun riferimento in internet.
455,456,Italia,Grado,Madonna di Barbana,15-8-1863,Capitolo,sì,1,place+title+year,madonna-di-barbana-grado-isola-di-barbana,Grado (Isola di Barbana),Madonna di Barbana,1863-08-15,LIT,yes,ERR - Frate Anselmo: la colloca a Barbana e la titola Immacolata Concezione.
456,457,Italia,"Grado, località Barbana",Madonna di Barbana,15-8-1863,B.P.,sì,1,place+title+year,madonna-di-barbana-grado-isola-di-barbana,Grado (Isola di Barbana),Madonna di Barbana,1863-08-15,LIT,yes,ERR - Frate Anselmo: non la cita.
457,291,Francia,Cléry Saint André,Nostra Signora di Clery,8-9-1863,B.P.,sì,1,,,,,,,,
458,514,Italia,Piansano,Santa Maria del Rosario,4-10-1863,Capitolo,sì,1,,,,,,,,ERR - Frate Anselmo: data l'incoronazione 1 agosto 1863.
459,698,Italia,Pellestrina,Beata Vergine dell'Apparizione,11-10-1863,B.P.,sì,1,,,,,,,,ERR - Frate Anselmo: la colloca a Chioggia e la titola di Pallestrino e con Breve Papale. Non la cita nell'elenco per località.
460,315,Francia,Poitiers,"Nostra Signora ""des Cles""",29-11-1863,B.P.,sì,1,,,,,,,,ERR - Frate Anselmo: data l'incoronazione 30 novembre 1863.
461,421,Italia,"Campagna, località Avigliano",Santa Maria di Avigliano,27-1-1864,#,no,#,,,,,,,,Frate Anselmo: data l'incoronazione 27 gennaio 1864. Nessun riferimento in internet.
462,606,Italia,Sizzano,Immacolata Concezione,10-4-1864,#,no,#,,,,,,,,Frate Anselmo: data l'incoronazione 10 aprile 1864. Nessun riferimento in internet.
463,336,Francia,Goult,Nostra Signora des Lumières,30-7-1864,B.P.,sì,1,,,,,,,,ERR - Frate Anselmo: la colloca ad Avignone.
464,722,Slovacchia,Šaštín-Stráže,Nostra Signora dei Sette Dolori,8-9-1864,B.P.,sì,1,place+year,sedembolestna-panna-maria-sastin-sastin-straze,Šaštín-Stráže,Sedembolestná Panna Mária (Šaštín),1864,AAS,yes,ERR - Frate Anselmo: non la cita.
465,283,Francia,Saint Brieuc,Nostra Signora d'Espérance,30-7-1865,B.P.,sì,1,place+title+year,notre-dame-d-esperance-briconium-saint-brieuc-br,"Briconium (Saint-Brieuc), Brittany",Notre-Dame d'Esperance,1865,ASS,yes,ERR - Frate Anselmo: non la cita.
466,296,Francia,Nancy,Nostra Signora de Bonsecours,3-9-1865,B.P.,sì,1,,,,,,,,ERR - Frate Anselmo: non la cita.
467,324,Francia,Monléon-Magnoac,Nostra Signora di Garaison,17-9-1865,Capitolo,sì,1,,,,,,,,ERR - Frate Anselmo: non la cita.
468,704,Lussemburgo,Lussemburgo,Nostra Signora del Lussemburgo,2-7-1866,B.P.,sì,1,,,,,,,,ERR - Frate Anselmo: non la cita.
469,313,Francia,Saint-Vincent-de-Paul,Nostra Signora di Buglose,9-9-1866,B.P.,sì,1,,,,,,,,ERR .- Frate Anselmo: la colloca a Laudes e la titola di Bugliose.
470,479,Italia,Genazzano,Madonna del Buon Consiglio,30-4-1867,Capitolo,sì,2,,,,,,,,
471,502,Italia,Roma,Santa Maria del Perpetuo Soccorso,23-6-1867,Capitolo,sì,1,,,,,,,,
472,247,Belgio,Hasselt,"Santa Maria"" Virga Jesse""",15-8-1867,Capitolo,sì,1,place+title+year,virga-jesse-hasselt,Hasselt,Virga Jesse,1867-08-15,LIT,yes,ERR - Frate Anselmo: scambia la data del decreto con la data dell'incoronazione.
473,739,Ucraina,Zarvanytsia,Nostra Signora di Zarwanick,28-8-1867,B.P.,sì,1,,,,,,,,ERR - Frate Anselmo: non la cita.
474,640,Italia,Monserrato,Beata Vergine di Monserrato,21-10-1867,#,no,#,,,,,,,,"ERR - Frate Anselmo: nella vista per data la colloca nella località Monserrato (diocesi di Novara) e coronata con Breve Papale. Non ci sono Madonne con il titolo ""Santa Maria Madre della Divina Provvidenza"" nella diocesi di Novara. ERR - Frate Anselmo: nella vista per località, alla stessa data si trova una Madonna diversa, si veda la scheda relativa a: Italita/Sardegna/Cagliari/Monserrato"
475,605,Italia,Novara,Santa Maria Madre della Divina Provvidenza,21-10-1867,#,no,#,,,,,,,,"ERR - Frate Anselmo: nella vista per località la colloca a Monserrato (diocesi di Cagliari) e coronata senza Breve Papale. ERR - Frate Anselmo: nella vista per data, alla stessa data, si trova una Madonna diversa, si veda la scheda relativa a: Italita/Piemonte/Novara/Monserrato, dove Monserrato non esiste come località in Piemonte. Nessun riferimento in internet."
476,676,Italia,Pietrasanta,Madonna del Sole,24-5-1868,Capitolo,sì,1,,,,,,,,
477,501,Italia,Roma,Madonna della Salute,30-8-1868,Capitolo,sì,2,church+title,santa-maria-della-salute-nella-chiesa-della-mada,"Rome, Santa Maria Maddalena",Santa Maria della Salute nella Chiesa della Madalena,1668,LIT,no,
478,287,Francia,Josselin,Nostra Signora du Roncier,8-9-1868,B.P.,sì,1,,,,,,,,ERR - Frate Anselmo: non la cita.
479,622,Italia,Ornavasso,Santa Maria del Boden,8-9-1868,#,no,#,,,,,,,,Frate Anselmo: data l'incoronazione 8 settembre 1868 e con Breve Papale.
480,288,Francia,Sainte-Anne d'Auray,Sant'Anna d'Auray,30-9-1868,B.P.,sì,1,,,,,,,,ERR - Frate Anselmo: non la cita.
481,303,Francia,Le Morne Rouge,Nostra Signora de la Delivrande,8-12-1868,Capitolo,sì,1,,,,,,,,ERR - Frate Anselmo: non la cita.
482,290,Francia,Issoudun,Nostra Signora del Sacro Cuore di Gesù,25-2-1869,B.P.,sì,1,place+year,notre-dame-du-sacre-coeur-issoudun,Issoudun,Notre-Dame du Sacre-Coeur,1869,AAS+ASS,yes,ERR - Frate Anselmo: data l'incoronazione 8 settembre 1869.
483,319,Francia,Rochefort-du-Gard,Nostra Signora delle Grazie,11-5-1869,B.P.,sì,1,,,,,,,,ERR - Frate Anselmo: non la cita.
484,264,Francia,Pradelles,Nostra Signora di Pradelles,18-7-1869,B.P.,sì,1,,,,,,,,ERR - Frate Anselmo: non la cita.
485,600,Italia,Vicoforte,Santa Maria di Vicoforte,15-8-1869,Capitolo,sì,1,,,,,,,,
486,731,Svizzera,Delémont,Nostra Signora di Vorbourg,12-9-1869,B.P.,sì,1,,,,,,,,ERR - Frate Anselmo: non la cita.
487,332,Francia,Tarascona,Nostra Signora del Buon Rimedio,15-10-1869,B.P.,sì,1,,,,,,,,ERR - Frate Anselmo: non la cita.
488,639,Italia,Cagliari,Santa Maria di Bonaria,24-4-1870,Capitolo,sì,1,place+title+year,nostra-signora-di-bonaria-cagliari-calaris,Cagliari (Calaris),Nostra Signora di Bonaria,1870-04-24; 1926-04-24,AAS+ASS+LIT,yes,
489,460,Italia,Udine,Madonna delle Grazie,6-9-1870,Capitolo,sì,1,place+title+year,beata-maria-virgo-mater-gratiarum-udine-utinum,Udine (Utinum),Beata Maria Virgo Mater Gratiarum,1870,AAS,yes,
490,436,Italia,Bondeno,Santa Maria della Pioppa,11-9-1870,#,sì,1,,,,,,,,
491,604,Italia,Novara,Madonna delle Grazie,29-5-1871,Capitolo,sì,1,,,,,,,,ERR - Frate Anselmo: data l'incoronazione 18 dicembre 1871.
492,617,Italia,Strambino,Santa Maria del Rosario,22-10-1871,Capitolo,sì,1,,,,,,,,ERR - Frate Anselmo: data l'incoronazione 31 ottobre 1871.
493,343,Italia,Luco dei Marsi,Maria Santissima dell'Ospedale,19-4-1872,Capitolo,sì,1,,,,,,,,Frate Anselmo: non la cita.
494,503,Italia,Roma,Santa Maria in Sassia,4-6-1872,#,no,#,church+title,santa-maria-in-s-spirito-in-sassia-rome-santo-sp,"Rome, Santo Spirito in Sassia",Santa Maria in S. Spirito in Sassia,1655,LIT,no,Frate Anselmo: data l'incoronazione 4 giugno 1872 per opera di papa Pio IX. Nessun riferimento in internet.
495,553,Italia,Ardesio,Santa Maria delle Grazie,24-6-1872,Capitolo,sì,1,place+title+year,madonna-delle-grazie-ardesio,Ardesio,Madonna delle Grazie,1872-06-24,LIT,yes,
496,278,Francia,Jouhe,Nostra Signora di Mont Roland,2-8-1872,B.P.,sì,1,,,,,,,,ERR - Frate Anselmo: la colloca a Mont Rolland.
497,484,Italia,Rocca di Papa,Santa Maria del Tufo,18-8-1872,Capitolo,sì,1,,,,,,,,
498,304,Francia,Douvres de la Delivrande,Nostra Signora de la Delivrande,22-8-1872,B.P.,sì,1,place+title+year,notre-dame-de-la-delivrande-douvres-la-delivrand,Douvres-la-Délivrande,Notre Dame De La Délivrande,1872-08-22,LIT,yes,ERR - Frate Anselmo: data l'incoronazione 23 agosto 1872.
499,245,Belgio,Montaigu-Zichem,Nostra Signora di Montaigu,25-8-1872,B.P.,sì,1,,,,,,,,ERR - Frate Anselmo: non la cita.
500,347,Italia,Città Sant'Angelo,Santa Maria Addolorata,29-9-1872,#,no,#,,,,,,,,Frate Anselmo: data l'incoronazione 29 settembre 1872. Nessun riferimento in internet.
501,311,Francia,Arcachon,Nostra Signora di Arcachon,16-7-1873,B.P.,sì,1,place+title,notre-dame-d-arcachon-arcachon,Arcachon,Notre-Dame d'Arcachon,1870,AAS,no,ERR - Frate Anselmo: la colloca ad Archechon.
502,270,Francia,Notre Dame de l'Osier,Nostra Signora de l'Osier,8-9-1873,B.P.,sì,1,,,,,,,,ERR - Frate Anselmo: data l'incoronazione 9 settembre 1873.
503,297,Francia,Saxon-Sion,Santa Maria di Sion,10-9-1873,B.P.,sì,1,place+title+year,notre-dame-de-sion-mons-sion-sion-vaudemont-loth,"Mons Sion (Sion-Vaudémont), Lotharingia",Notre-Dame de Sion,1873,AAS,yes,
504,307,Francia,La Chapelle Saint Laurent,Nostra Signora della Pietà,21-9-1873,B.P.,sì,1,,,,,,,,ERR - Frate Anselmo: la colloca a Pitie.
505,554,Italia,Campolongo,Santa Maria Addolorata,14-12-1873,#,no,#,,,,,,,,"ERR - Frate Anselmo: riporta questa incoronazione, la cui data però è quella del decreto della Madonna di Ponte di Nossa, duplicando, erroneamente, un'incoronazione."
506,325,Francia,Tolosa,Nostra Signora la Nera,31-5-1874,B.P.,sì,1,,,,,,,,
507,555,Italia,Ponte di Nossa,Santa Maria delle Lagrime,31-5-1874,Capitolo,sì,1,,,,,,,,
508,260,Francia,Lilla,Nostra Signora de la Treille,21-6-1874,B.P.,sì,1,,,,,,,,ERR - Frate Anelmo: non la cita. Pio IX benedì le due tiare. Il Breve era datato 5 agosto 1873.
509,378,Italia,"Castellammare di Stabia, frazione di Pozzano",Santa Maria di Pozzano,2-7-1874,Capitolo,sì,1,place+title+year,santa-maria-di-pozzano-castellammare-di-stabia-c,Castellammare di Stabia (Castrum Maris seu Stabia),Santa Maria di Pozzano,1874-07-02,AAS+LIT,yes,
510,416,Italia,Sant'Anastasia,Santa Maria dell'Arco,8-9-1874,B.P.,sì,1,,,,,,,,
511,694,Italia,Caorle,Madonna dell'Angelo,13-9-1874,B.P.,sì,1,,,,,,,,
512,244,Belgio,Hal,Nostra Signora di Hal,4-10-1874,B.P.,sì,1,place+year,notre-dame-de-hal-onze-lieve-vrouw-van-halle-hal,Halle (Hal),Notre-Dame de Hal / Onze-Lieve-Vrouw van Halle,1874-10-04,AAS,yes,ERR - Frate Anselmo: la colloca nella ciità di Malines.
513,596,Italia,"Fossano, frazione di Cussanio",Santa Maria Madre della Provvidenza,9-6-1875,#,no,#,,,,,,,,Frate Anselmo: data l'incoronazione 9 giugno 1875. Nessun riferimento in internet.
514,276,Francia,Clermont-Ferrand,Nostra Signora del Porto,20-6-1875,B.P.,sì,1,,,,,,,,"ERR - Frate Anselmo: data l'incoronazione 30 giugno 1875. La titola ""du Pont"", invece è ""du Port""."
515,254,Belgio,Walcourt,Nostra Signora di Walcourt,11-7-1875,B.P.,sì,1,place+year,signum-beatae-mariae-virginis-durateum-argento-o,Walcourt,"signum Beatae Mariae Virginis, durateum, argento obductum, arte « Romanica » conspicuum",1875,AAS,yes,
516,390,Italia,Napoli,Santa Maria della Bruna,11-7-1875,Capitolo,sì,1,place+title+year,madonna-del-carmine-la-bruna-naples-neapolis,Naples (Neapolis),"Madonna del Carmine, «la Bruna»",1875,AAS,yes,
517,262,Francia,Saint Omer,Nostra Signora dei Miracoli,18-7-1875,B.P.,sì,1,,,,,,,,
518,379,Italia,Ercolano,Santa Maria di Pugliano,13-8-1875,Capitolo,sì,1,,,,,,,,"Frate Anselmo: la colloca nella località di Resina, attuale Ercolano."
519,432,Italia,Bologna,Santa Maria della Vittoria,15-8-1875,B.P.,sì,1,place+title+year,beata-maria-virgo-cum-divino-puero-iesu-a-victor,Bologna (Bononia),"Beata Maria Virgo cum Divino puero Iesu, a Victoria dicta",1875-08-15,ASS,yes,
520,322,Francia,Marvejols,Nostra Signora de la Carce,15-8-1875,B.P.,sì,1,,,,,,,,
521,327,Francia,Saint-Geroge-des-Gardes,Nostra Signora des Gardes,8-9-1875,B.P.,sì,1,,,,,,,,ERR - Frate Anselmo: la colloca a Angers.
522,302,Francia,Rambluzin et Benoite Vaux,Nostra Signora de Benoit Vaux,8-9-1875,B.P.,sì,1,,,,,,,,ERR - Frate Anselmo: la colloca a Verdun.
523,228,Algeria,Bologhine,Nostra Signora d'Africa,30-4-1876,B.P.,sì,1,,,,,,,,Frate Anselmo: la colloca ad Algeri.
524,316,Francia,Lourdes,Nostra Signora di Lourdes o Nostra Signora del Rosario o Madonna di Lourdes,3-7-1876,B.P.,sì,1,place+title,notre-dame-de-lourdes-lourdes,Lourdes,Notre-Dame de Lourdes,,AAS,,
525,317,Francia,Calmont,Nostra Signora di Ceignac,9-7-1876,Capitolo,sì,1,,,,,,,,ERR - Frate Anselmo: la colloca a Ceissac e la titola Santa Maria di Ceissac.
526,243,Belgio,Mechelen,Nostra Signora di Hanswijk,30-7-1876,B.P.,sì,1,place+title+year,onze-lieve-vrouw-van-hanswijk-notre-dame-de-hans,Mechelen (Malines),Onze-Lieve-Vrouw van Hanswijk / Notre-Dame de Hanswijk,1876-07-30,AAS,yes,ERR - Frate Anselmo: non la cita.
527,633,Italia,Bovino,Santa Maria di Valleverde,29-8-1876,Capitolo,sì,1,place+title+year,madonna-di-valleverde-bovino,Bovino,Madonna di Valleverde,1876-08-29,LIT,yes,
528,547,Italia,Mallare,Santa Maria dell'Eremita della Rotonda,10-9-1876,Capitolo,sì,1,place+title+year,santa-maria-dell-eremita-nostra-signora-della-mi,Mallare (Eremita),"Santa Maria dell’Eremita, Nostra Signora della Misericordia",1876-09-10,LIT,yes,
529,469,Italia,Itri,Santa Maria della Civita,20-7-1877,B.P.,sì,2,place+title,santa-maria-di-civita-nella-chiesa-d-itri-itri,Itri,Santa Maria di Civita nella Chiesa d'Itri,1777,LIT,no,ERR - Frate Anselmo: non la cita.
530,709,Olanda,Roermond,Nostra Signora 't Zand,19-8-1877,B.P.,sì,1,,,,,,,,ERR - Frate Anselmo: la colloca a Ruremonda. Santa Maria di Sabloules.
531,305,Francia,Douvres-la-Délivrande,Nostra Signora de la Delivrande,22-8-1877,#,no,#,place+title,notre-dame-de-la-delivrande-douvres-la-delivrand,Douvres-la-Délivrande,Notre Dame De La Délivrande,1872-08-22,LIT,no,"ERR - Frate Anselmo: la colloca in Normandia non citando la località, ma mai eseguita l'incoronazione."
532,718,Polonia,Stara Wies,Nostra Signora di Stara Wiejska,8-9-1877,B.P.,sì,1,,,,,,,,ERR - Frate Anselmo: la colloca a Starowics e la titola Santa Maria dei Morenti o Moribondi.
533,355,Italia,Tropea,Santa Maria della Romania,9-9-1877,Capitolo,sì,1,,,,,,,,
534,335,Francia,Apt,Sant'Anna di Apt,9-9-1877,B.P.,sì,1,,,,,,,,ERR - Frate Anselmo: non la cita.
535,667,Italia,Bagni di Lucca,Santa Maria Addolorata,23-9-1877,#,no,#,,,,,,,,Frate Anselmo: data l'incoronazione 23 settembre 1877. Nessun riferimento in internet.
536,480,Italia,Marino,Santa Maria del Rosario,14-10-1877,#,no,#,,,,,,,,Frate Anselmo: data l'incoronazione 14 ottobre 1877. Nessun riferimento in internet.
537,707,Olanda,Den Bosch,Dolce Madre,27-3-1878,B.P.,sì,1,,,,,,,,ERR - Frate Anselmo: la colloca a Bois le Duc e la titola Santa Maria Boscodcense.
538,530,Italia,Montebruno,Santa Maria Assunta,14-6-1878,#,no,#,,,,,,,,Frate Anselmo: data l'incoronazione 14 giugno 1878. Nessun riferimento in internet.
539,268,Francia,Murat,Nostra Signora degli Olivi,18-6-1878,B.P.,sì,1,,,,,,,,ERR - Frate Anselmo: non la cita.
540,438,Italia,"Copparo, frazione di Tamara",Santa Maria del Carmine,25-8-1878,#,no,#,,,,,,,,Frate Anselmo: data l'incoronazione 25 agosto 1878. Nessun riferimento in internet.
541,453,Italia,Solarolo,Santa Maria della Salute,18-5-1879,Capitolo,sì,1,,,,,,,,
542,475,Italia,Albano Laziale,Santa Maria della Rotonda,3-8-1879,#,no,#,place+title,santa-maria-della-rotonda-d-albano-albano,Albano,Santa Maria della Rotonda d'Albano,1729,LIT,no,"ERR - Frate Anselmo: cita questa incoronazione. Questo è il 50° dopo il 1829, non un'incoronazione."
543,592,Italia,Ponzone,Santa Maria della Pieve,10-8-1879,Capitolo,sì,1,,,,,,,,ERR - Frate Anselmo: data l'incoronazione 10 agosto 1878.
544,526,Italia,Genova,Santa Maria dell'Apparizione,15-8-1879,#,no,#,,,,,,,,Frate Anselmo: data l'incoronazione 15 agosto 1879. Nessun riferimento in internet.
545,522,Italia,Chiavari,Santa Maria delle Grazie della Pineta,17-8-1879,Capitolo,sì,1,,,,,,,,
546,272,Francia,La Salette-Fallavaux,Nostra Signora Riconciliatrice dei Peccatori,21-8-1879,B.P.,sì,1,,,,,,,,
547,615,Italia,Ribordone,Santa Maria di Loreto,27-8-1879,#,no,#,,,,,,,,ERR - Frate Anselmo: la colloca a Ivrea.
548,374,Italia,Frignano Maggiore,Santa Maria di Frignano,14-9-1879,#,no,#,,,,,,,,Frate Anselmo: data l'incoronazione 14 settembre 1879. Nessun riferimento in internet.
549,511,Italia,Acquapendente,Maria Santissima Immacolata Concezione,28-5-1880,#,no,#,,,,,,,,Frate Anselmo: data l'incoronazione 28 maggio 1880. Nessun riferimento in internet.
550,499,Italia,Roma,"Santa Maria Consolatrice degli Afflitti,",30-5-1880,#,no,#,,,,,,,,Frate Ansellmo: data l'incoronazione 30 maggio 1880. Nessun riferimento in internet.
551,417,Italia,Sorrento,Santa Maria del Carmine,11-7-1880,Capitolo,sì,1,place+title+year,santa-maria-del-carmine-sorrento,Sorrento,Santa Maria del Carmine,1880-07-11; 1980,LIT,yes,
552,732,Svizzera,Orselina,Madonna del Sasso,14-8-1880,B.P.,sì,1,,,,,,,,ERR - Frate Anselmo: data l'incoronazione 15 agosto 1880 e la colloca a Locarno.
553,434,Italia,"Castiglione dei Pepoli, frazione di Baragazza",Santa Maria delle Grazie,15-8-1880,#,no,#,,,,,,,,Frate Anselmo: data l'incoronazione 15 agosto 1880. ERR - Frate Anselmo: la colloca a Boccadirio. Nessun riferimento in internet.
554,265,Francia,Lablachère,Santa Maria del Buon Soccorso,21-8-1880,#,sì,1,place+year,notre-dame-de-bon-secours-lablachere,Lablachère,Notre-Dame de Bon Secours,1880,AAS,yes,ERR - Frate Anselmo: la colloca a Blachere; la titola Santa Maria de la Blachere e data l'incoronazione 27 settembre 1880.
555,614,Italia,Ozegna,Santa Maria del Convento,29-8-1880,Capitolo,sì,1,,,,,,,,
556,590,Italia,Castellazzo Bormida,Santa Maria della Creta,12-9-1880,Capitolo,sì,1,,,,,,,,
557,482,Italia,Nettuno,"Santa Maria delle Grazie, Protettrice di Nettuno",28-5-1881,Capitolo,sì,1,place+title+year,nostra-signora-delle-grazie-nettuno,Nettuno,Nostra Signora delle Grazie,1881-05-28,LIT,yes,
558,395,Italia,Napoli,Santa Maria Addolorata,1-6-1881,B.P.,sì,1,,,,,,,,
559,275,Francia,Besse et Saint Anastaise,Nostra Signora di Vassivière,3-7-1881,B.P.,sì,1,,,,,,,,ERR - Frate Anselmo: non la cita.
560,705,Malta,La Valletta,Nostra Signora del Monte Carmelo,15-7-1881,Capitolo,sì,1,place+year,our-lady-of-mount-carmel-valletta,Valletta,Our Lady of Mount Carmel,1881-07-15,LIT,yes,ERR - Frate Anselmo: data l'incoronazione 15 giugno 1886.
561,723,Spagna,Vera de Moncayo,Nostra Signora di Veruela,31-7-1881,Capitolo,sì,1,,,,,,,,ERR - Frate Anselmo: non la cita.
562,420,Italia,"Avigliano, frazione di Campagna",Santa Maria di Avigliano,7-8-1881,#,no,#,,,,,,,,Frate Anselmo: data l'incoronazione 7 agosto 1881. Nessun riferimento in internet.
563,509,Italia,Zagarolo,Santa Maria delle Grazie,7-8-1881,#,no,#,,,,,,,,Frate Anselmo: data l'incoronazione 7 agosto 1881. Nessun riferimento in internet.
564,360,Italia,"San Luca, frazione di Polsi",Santa Maria Madre del Buon Pastore,30-8-1881,#,no,#,place+title+year,madonna-di-polsi-madonna-della-montagna-polsi-as,"Polsi (Aspromonte, Calabria)",Madonna di Polsi (Madonna della Montagna),1881-08-30,AAS,yes,Frate Anselmo: data l'incoronazione 30 agosto 1881. Nessun riferimento in internet.
565,625,Italia,Acquaviva delle Fonti,Santa Maria di Costantinopoli,4-9-1881,#,sì,2,place+title,santa-maria-di-costantinopoli-nella-chiesa-di-s,Acquaviva delle Fonti,Santa Maria di Costantinopoli nella Chiesa di S. Eustachio della Città d'Aquaviva,1780,LIT,no,Frate Anselmo: la colloca ad Acquaviva. ERR - Bonci: la colloca ad Acquaviva in provincia di Salerno. ERR - Frate Anselmo: scambia la data del decreto con quella dell'incoronazione.
566,645,Italia,"Patti, frazione di Tindari",Madonna di Tindari,7-9-1881,#,no,#,,,,,,,,ERR - Frate Anselmo: data l'incoronazione 8 settembre 1881. Incoronazione mai avvenuta in questa data.
567,251,Belgio,Chièvres,Nostra Signora di Tongre,8-9-1881,B.P.,sì,1,,,,,,,,ERR - Frate Anselmo: non la cita.
568,458,Italia,San Vito al Tagliamento,Santa Maria della Rosa,8-9-1881,B.P.,sì,1,,,,,,,,ERR - Frate Anselmo: la colloca a Concordia.
569,726,Spagna,Monistrol de Montserrat,Nostra Signora di Montserrat,11-9-1881,Capitolo,sì,1,place+title+year,nuestra-senora-de-montserrat-la-moreneta-montser,Montserrat,"Nuestra Señora de Montserrat, La Moreneta",1881-09-11,LIT,yes,
570,414,Italia,"Piano di Sorrento, frazione di Mortora",Santa Maria di Galatea,25-9-1881,#,sì,1,,,,,,,,
571,696,Italia,Follina,Madonna del Sacro Calice,13-8-1882,#,no,#,,,,,,,,"Frate Anslemo: data l'incoronazione 13 agosto 1882. ERR - Frate Anselmo: la colloca a Tollina. Frate Anselmo: la colloca nella diocesi di Cedena, attuale diocesi di Vittorio Veneto dal 1939. Nessun riferimento in internet."
572,717,Polonia,Przemysl,Santa Maria in Kalwaria,15-8-1882,Capitolo,sì,1,,,,,,,,ERR - Frate Anselmo: data l'incoronazione 16 aprile 1882 e la colloca a Premislia.
573,393,Italia,Napoli,Santa Maria Addolorata,12-11-1882,#,no,#,,,,,,,,Frate Anselmo: data l'incoronazione 12 novembre 1882. Nessun riferimento in internet.
574,601,Italia,Vicoforte,Santa Maria di Vicoforte,29-12-1882,#,no,#,,,,,,,,Frate Anselmo: data l'incoronazione 29 dicembre 1882. Nessun riferimento in internet.
575,505,Italia,"Roma, zona Castel di Leva",Madonna del Divino Amore,13-5-1883,B.P.,sì,1,,,,,,,,
576,541,Italia,"Montalto Carpasio, frazione di Montalto Ligure",Santa Maria dell'Acqua Santa,3-6-1883,#,no,#,,,,,,,,Frate Anselmo: data l'incoronazione il 3 giugno 1883 con Breve Papale. Nessun riferimento in internet.
577,326,Francia,Nantes,Santa Maria di Tondes Aides,24-6-1883,B.P.,sì,1,,,,,,,,
578,642,Italia,Catania,Santa Maria del Carmine,15-7-1883,Capitolo,sì,1,,,,,,,,ERR - Frate Anselmo: data l'incoronazione 16 luglio 1883.
579,536,Italia,"Santa Margherita Ligure, quartiere di Corte",Santa Maria della Lettera,27-7-1883,#,no,#,,,,,,,,Frate Anselmo: data l'incoronazione 27 luglio 1883 con un Breve Papale. Nessun riferimento in internet.
580,713,Polonia,Cracovia,Nostra Signora di Piaskowej (Piasek),8-9-1883,Capitolo,sì,1,,,,,,,,ERR - Frate Anselmo: data l'incoronazione 16 aprile 1882.
581,727,Spagna,Escorca,Vergine di Lluc,10-8-1884,B.P.,sì,1,,,,,,,,ERR - Frate Anselmo: non la cita.
582,708,Olanda,Oostrum,Nostra Signora della Preservazione degli Infermi,14-9-1884,B.P.,sì,1,,,,,,,,ERR - Frate Anselmo: non la cita.
583,396,Italia,Napoli,Madonna Stella Mattutina,7-12-1884,#,no,#,,,,,,,,Frate Anselmo: data l'incoronazione 7 dicembre 1884. Nessun riferimento in internet.
584,599,Italia,Sommariva del Bosco,Santa Maria di San Giovanni,6-5-1885,#,no,#,,,,,,,,Frate Anselmo: data l'incoronazione 6 maggio 1885. Nessun riferimento in internet.
585,410,Italia,Nola,Santa Maria della Misericordia,17-5-1885,#,no,#,,,,,,,,Frate Anselmo: data l'incoronazione 17 maggio 1885. Nessun riferimento in internet.
586,670,Italia,"Capannori, frazione di Gragnano",Madonna di Belvedere,17-5-1885,B.P.,sì,1,,,,,,,,Frate Anselmo: data l'incoronazione 17 maggio 1885
587,447,Italia,Spilamberto,Santa Maria della Rondine,17-5-1885,#,no,#,,,,,,,,Frate Anselmo: data l'incoronazione 17 maggio 1885. Nessun riferimento in internet.
588,492,Italia,Roma,Madonna della Strada,14-6-1885,Capitolo,sì,2,church+title,santa-maria-della-strada-nella-chiesa-del-gesu-r,"Rome, Chiesa del Gesù",Santa Maria della Strada nella Chiesa del Gesù,1638,LIT,no,
589,496,Italia,Roma,Mater Divinae Gratiae,12-7-1885,#,no,#,,,,,,,,Frate Anselmo: data l'incoronazione 12 luglio 1885. Nessun riferimento in internet. L'incoronazione sarebbe stata la terza di questa Madonna.
590,263,Francia,Boulogne sur Mer,Santa Maria Protettrice dei Naviganti,23-8-1885,B.P.,sì,1,,,,,,,,ERR - Frate Anselmo: data l'incoronazione 6 agosto 1885.
591,684,Italia,Weissenstein/Pietralba,Santa Maria Addolorata o Veissensteinese,24-8-1885,Capitolo,sì,1,,,,,,,,ERR - Frate Anselmo: scambia la data del decreto con quella dell'incoronazione.
592,443,Italia,Cesena,Santa Maria delle Grazie,18-10-1885,#,no,#,,,,,,,,Frate Anselmo: data l'incoronazione 18 ottobre 1885. Nessun riferimento in internet.
593,399,Italia,Napoli,Santa Maria della Libera,15-11-1885,Capitolo,sì,1,place+title+year,madonna-della-libera-napoli-donnaregina,Napoli (Donnaregina),Madonna della Libera,1885-11-15,LIT,yes,
594,231,Messico,Jacona,Nostra Signora della Speranza,14-2-1886,B.P.,sì,1,,,,,,,,ERR - Frate Anselmo: la colloca a Iacona.
595,238,India,Villianur,Nostra Signora di Lourdes di Villianur,8-5-1886,B.P.,sì,1,,,,,,,,ERR - Frate Anselmo: non la cita.
596,730,Spagna,Oñati,Nostra Signora di Aràntzazu,6-6-1886,Capitolo,sì,1,,,,,,,,ERR - Frate Anselmo: scambia la data del decreto con quella d'incronazione; la titola Santa Maria a Rubo o di Aranzazu e la colloca ad Aranzazu.
597,529,Italia,"Lumarzo, frazione di Pannesi",Santa Maria del Bosco,13-6-1886,#,no,#,,,,,,,,Frate Anselmo: data l'incoronazione 13 giugno 1886 e con Breve papale. Nessun riferimento in internet.
598,366,Italia,Moschiano,Madonna della Carità,14-6-1886,Capitolo,sì,1,,,,,,,,ERR - Frate Anselmo: la colloca a Moschiano di Lauro.
599,557,Italia,Stezzano,Santa Maria dei Campi o della Preghiera,18-7-1886,#,no,#,place+title,madonna-dei-campi-nostra-signora-della-preghiera,Stezzano,"Madonna dei Campi, Nostra Signora della Preghiera",1896-09-05,LIT,no,"ERR - Frate Anselmo: data l'incoronazione 18 luglio 1886. Nessun riferimento in internet. Frate Anselmo: inserisce un'altra incoronazione nella stessa località, ma nel 1896."
600,358,Italia,Strongoli,Santa Maria delle Grazie,15-8-1886,#,no,#,,,,,,,,Frate Anselmo: data l'incoronazione 15 agosto 1886. Nessun riferimento in internet.
601,419,Italia,Visciano,Santa Maria del Carpinello,22-8-1886,Capitolo,sì,1,place+title+year,madonna-consolatrice-del-carpinello-visciano,Visciano,Madonna Consolatrice del Carpinello,1886-04-20,AAS,yes,
602,559,Italia,Brescia,Santa Maria delle Grazie,8-9-1886,Capitolo,sì,1,place+title+year,madonna-delle-grazie-brixia-brescia,Brixia (Brescia),Madonna delle Grazie,1886,AAS,yes,
603,561,Italia,Castelleone,Santa Maria della Misericordia,12-9-1886,Capitolo,sì,1,place+title+year,santa-maria-della-misericordia-castelleone,Castelleone,Santa Maria della Misericordia,1886-09-12,LIT,yes,ERR - Frate Anselmo: data l'incoronazione 11 aprile 1886.
604,613,Italia,Moretta,Madonna del Pilone,5-10-1886,#,no,#,,,,,,,,ERR - Frate Anselmo: data l'incoronazione 25 novembre 1886.
605,282,Francia,Rostrenen,Nostra Signora di Rostrenen,24-2-1887,#,no,#,,,,,,,,"Frate Anselmo: data l'incoronazione 24 febbraio 1887. In base alla nota riporta nel campo ""Note"" è probabile che la data riportata da frate Anselmo sia quella del decreto."
606,234,Argentina,Lujàn,Nostra Signora di Lujan,8-5-1887,B.P.,sì,1,place+title+year,la-pura-y-limpia-concepcion-del-rio-lujan-nuestr,Luján,La Pura y Limpia Concepción del Río Luján (Nuestra Señora de Luján),1887,AAS,yes,ERR - Frate Anselmo: la colloca a Buenos Aires.
607,415,Italia,Pompei,Regina del SS.mo Rosario,8-5-1887,B.P.,sì,1,,,,,,,,ERR - Frate Anselmo: la vuole incoronata nella Valle di Pompei.
608,669,Italia,Capannori,Beata Vergine del Monte Carmelo,7-8-1887,#,no,#,,,,,,,,Frate Anselmo: data l'incoronazione 7 agosto 1887 con Breve Papale. Nessun riferimento in internet.
609,714,Polonia,Kalwaria Zebrzydowska,Madonna di Kalwaria,15-8-1887,Capitolo,sì,1,place+title+year,obraz-matki-bozej-kalwaryjskiej-our-lady-of-kalw,Kalwaria Zebrzydowska,Obraz Matki Bożej Kalwaryjskiej (Our Lady of Kalwaria),1887-08-15,AAS,yes,"ERR - Frate Anselmo: la colloca a Cracovia, specificando dopo ""Calvaria, Zebrvydvoviz"". ERR - data l'incoronazione 21 dicembre 1886."
610,525,Italia,Genova,Santa Maria della Guardia,28-8-1887,#,no,#,,,,,,,,Frate Anselmo: data l'incoronazione 28 agosto 1887 e con breve Papale. Nessun riferimento in internet.
611,398,Italia,Napoli,"Santa Maria della Provvidenza, Aiuto dei Cristiani",13-11-1887,#,sì,1,,,,,,,,"ERR - Frate Anselmo: titola la chiesa Santa Maria della Provvidenza, Aiuto dei Cristiani, dei PP. Barnabiti."
612,634,Italia,Foggia,Santa Maria Addolorata Liberatrice del Colera,29-4-1888,Capitolo,sì,1,,,,,,,,ERR - Frate Anselmo. Data l'incoronazione 19 aprile 1888.
613,638,Italia,Laterza,Santa Maria Madre del Signore,20-5-1888,Capitolo,sì,1,place+year,mater-domini-laterza,Laterza,Mater Domini,1888-05-20,LIT,yes,ERR - Frate Anselmo: scambia la data del decreto con quella dell'incoronazione.
614,413,Italia,Piano di Sorrento,Santa Maria Delle Grazie,10-6-1888,Capitolo,sì,1,,,,,,,,ERR - Frate Anselmo: la colloca a Sorrento.
615,675,Italia,"Montopoli in Val d'Arno, frazione di San Romano",Santa Maria delle Grazie,24-6-1888,#,no,#,,,,,,,,Frate Anselmo: data l'incoronazione 24 giugno 1888. Nessun riferimento in internet.
616,370,Italia,Pietradefusi,Santa Maria dell'Arco,5-8-1888,Capitolo,sì,1,,,,,,,,ERR - Frate Anselmo: scambia la data del decreto con quella dell'incoronazione.
617,620,Italia,Valperga,Santa Maria della Natività o di Belmonte,17-8-1888,B.P.,sì,2,,,,,,,,ERR - Frate Anselmo: la colloca a Torino e a Belmonte sopra Superga.
618,286,Francia,Le Folgoët,Nostra Signora di Folgoet,8-9-1888,B.P.,sì,1,,,,,,,,ERR - Frate Anselmo: non la cita.
619,386,Italia,Napoli,Santa Maria della Pazienza,8-9-1888,#,no,1,,,,,,,,Frate Anselmo: data l'incoronazione 8 settembre 1888. Nessun riferimento in internet.
620,686,Italia,Monte di Canoscio,Santa Maria del Transito,16-9-1888,Capitolo,sì,1,place+title+year,madonna-del-transito-canoscio-citta-di-castello,Canoscio (Città di Castello),Madonna del Transito,1888,AAS,yes,ERR - Frate Anselmo: data l'incoronazione 19 settembre 1888.
621,725,Spagna,Barcellona,Nostra Signora della Mercede,21-10-1888,Capitolo,sì,1,,,,,,,,ERR - Frate Anselmo: data l'incoronazione 13 marzo 1888.
622,491,Italia,Roma,"Santa Maria della Divina Provvidenza, Aiuto dei Cristiani",11-11-1888,Capitolo,sì,1,,,,,,,,
623,320,Francia,Montpellier,Nostra Signora delle Tavole,20-3-1889,Capitolo,sì,1,,,,,,,,Frate Anselmo: data l'incoronazione 24 gennaio 1888.
624,397,Italia,Napoli,Santa Maria dell'Aiuto,24-5-1889,B.P.,sì,1,,,,,,,,
625,448,Italia,Bedonia,Santa Maria di San Marco,7-7-1889,B.P.,sì,1,,,,,,,,
626,424,Italia,Novi Velia,Santa Maria del Monte di Novi Velia,15-8-1889,Capitolo,sì,1,,,,,,,,ERR - Frate Anselmo: la colloca a Novi Veglia.
627,385,Italia,Napoli,Santa Maria del Rosario,29-9-1889,Capitolo,sì,1,,,,,,,,
628,728,Spagna,Candelaria,Nostra Signora della Candelaria,13-10-1889,B.P.,sì,1,,,,,,,,ERR - Frate Anselmo: data l'incoronazione 14 luglio 1889 e la colloca a Tenerife (Isole Canarie).
629,516,Italia,Arenzano,Santa Maria Annunziata delle Olivette,24-3-1890,Capitolo,sì,1,place+title+year,nostra-signora-dell-annunziata-delle-olivette-ar,Arenzano,Nostra Signora dell’Annunziata delle Olivette,1890,LIT,yes,ERR - Frate Anselmo: data l'incoronazione 9 marzo 1890.
630,295,Francia,L'Épine,Nostra Signora di L'Epine,3-6-1890,B.P.,sì,1,,,,,,,,ERR - Frate Anselmo: non la cita
631,471,Italia,"Poggio Mirteto, località Colle Rosa",Santa Maria della Misericordia,29-6-1890,Capitolo,sì,1,,,,,,,,Frate Anselmo: la colloca a Poggio Mirteto in Colle di Rose.
632,266,Francia,Saint Romain d'Ay,Nostra Signora d'Ay,20-7-1890,#,no,#,,,,,,,,"ERR - Frate Anselmo: la titola Santa Maria Ausiliatrice, collocandola ad Ay (Viviers). ERR - Frate Anselmo: la vuole incoronata in data 20 luglio 1890 con Breve Papale."
633,527,Italia,"Genova, frazione di Acquasanta",Santa Maria dell'Acquasanta,27-7-1890,B.P.,sì,1,,,,,,,,
634,593,Italia,Serralunga di Crea,Santa Maria del Santo Monte,5-8-1890,B.P.,sì,1,place+year,assumptio-dei-genetricis-a-gulielmo-caccia-quem,Monte Crea (Montferrat),"Assumptio Dei Genetricis, a Gulielmo Caccia, quem et « Moncalvo » appellant, coloribus expressa",1890-08-05,AAS,yes,
635,680,Italia,Montepulciano,Madonna della Quercia,15-8-1890,Capitolo,sì,1,,,,,,,,ERR - Frate Anselmo: la titola della Quercia.
636,248,Belgio,Tongeren,Nostra Signora di Tongeren,31-8-1890,B.P.,sì,1,,,,,,,,ERR - Frate Anselmo: non la cita
637,449,Italia,Berceto,Santa Maria delle Grazie,9-9-1890,Capitolo,sì,1,,,,,,,,ERR - Frate Anselmo: scambia la data del decreto con quella dell'incoronazione.
638,597,Italia,"Fossano, frazione di Cussanio",Santa Maria Madre della Provvidenza,7-11-1890,#,no,#,,,,,,,,Frate Anselmo: data l'incoronazione 7 novembre 1890 e la vuole coronata per la seconda volta con Breve Papale. Nessun riferimento in internet.
639,626,Italia,Adelfia,Santa Maria del Principio,8-1-1891,#,no,#,,,,,,,,Frate Anselmo: la colloca a Canneto. ERR - Frate Anselmo: data l'incoronazione 27 febbraio 1892.
640,235,Argentina,San Fernando del Valle de Catamarca,Nostra Signora del Valle,12-4-1891,B.P.,sì,1,place+title+year,nuestra-senora-del-valle-catamarca,Catamarca,Nuestra Señora del Valle,1891,AAS,yes,ERR - Frate Anselmo: data l'incoronazione 5 aprile 1891.
641,572,Italia,Poggio San Marcello,Santa Maria del Soccorso,10-5-1891,#,no,#,,,,,,,,Frate Anselmo: data l'incoronazione 10 maggio 1891. Nessun riferimento in internet.
642,359,Italia,Bagnara Calabra,Santa Maria di Monte Carmelo,16-7-1891,Capitolo,sì,1,,,,,,,,ERR - Frate Anselmo: scambia la data del decreto con quella dell'incoronazione.
643,464,Italia,Vallecorsa,Santa Maria della Sanità,22-11-1891,#,no,#,,,,,,,,ERR - Frate Anselmo: data l’incoronazione 22 novembre 1891. Nessun riferimento in internet.
644,488,Italia,Roma,Santa Maria Immacolata del Miracolo,17-1-1892,Capitolo,sì,1,,,,,,,,
645,490,Italia,Roma,Santa Maria della Pietà,7-2-1892,#,no,#,,,,,,,,Frate Anselmo: data l'incoronazione 7 febbraio 1892. Nessun riferimento in internet.
646,310,Francia,Périgueux,Nostra Signora Du Grand Pouvoir,24-5-1892,Capitolo,sì,1,place+title+year,notre-dame-du-grand-pouvoir-perigueux,Périgueux,Notre Dame Du Grand Pouvoir,1892-05-24,LIT,yes,ERR - Frate Anselmo: scambia la data del decreto con quella dell'incoronazione e la colloca a Périgneux
647,338,Germania,Kevelaer,Nostra Signora Consolatrix Afflictorum,1-6-1892,B.P.,sì,1,place+title,trosterin-der-betrubten-kevelaer-kevelaer,Kevelaer,Trosterin der Betrübten (Kevelaer),1890,AAS,no,ERR - Frate Anselmo: non la cita.
648,377,Italia,Castellammare di Stabia,Santa Maria dell'Orto,21-8-1892,Capitolo,sì,1,,,,,,,,
649,350,Italia,Viggiano,Santa Maria del Monte,4-9-1892,Capitolo,sì,1,place+title+year,madonna-del-monte-di-viggiano-viggiano,Viggiano,Madonna del Monte di Viggiano,1892-09-04; 1991-04-28,AAS+LIT,yes,
650,308,Francia,Pays de Belvès,Nostra Signora Addolorata,8-9-1892,#,sì,#,,,,,,,,ERR - Frate Anselmo: data l'incoronazione 1 febbraio 1888 e la colloca a N.S. di Capelon a Perigueux.
651,562,Italia,Crema,Madonna delle Grazie,8-9-1892,Capitolo,sì,1,,,,,,,,ERR - Frate Anselmo: non la cita.
652,306,Francia,Aixe sur Vienne,Nostra Signora di Arliquet,25-9-1892,B.P.,sì,1,,,,,,,,ERR - Frate Anselmo: non la cita.
653,236,Argentina,Cordoba,Nostra Signora del Rosario del Milagro,1-10-1892,B.P.,sì,1,place+title+year,nuestra-senora-del-milagro-cordoba,Córdoba,Nuestra Señora del Milagro,1892,AAS,yes,ERR - Frate Anselmo: non la cita.
654,556,Italia,"San Giovanni Bianco, frazione di San Gallo",Santa Maria della Costa,23-10-1892,#,no,#,,,,,,,,Frate Anselmo: data l'incoronazione 23 ottobre 1892. Nessun riferimento in internet.
655,437,Italia,Comacchio,Santa Maria del Popolo,10-1-1893,#,no,#,,,,,,,,Frate Anselmo: data l'incoronazione 10 gennaio 1893. ERR - Frate Anselmo: la colloca a Ferrara. Nessun riferimento in internet.
656,697,Italia,Isola di San Giorgio Maggiore,"Santa Maria ""Auxilium Christianorum""",26-2-1893,Capitolo,no,#,place+title+year,maria-ausiliatrice-madonna-del-soccorso-dei-cris,"Isola di San Giorgio Maggiore, Venice",Maria Ausiliatrice (Madonna del soccorso dei Cristiani),1893,AAS,yes,Frate Anselmo: data l'incoronazione 26 febbraio 1893. Nessun riferimento in internet.
657,411,Italia,"Palma Campania, frazione di Vico di Palma",Santa Maria delle Grazie,23-4-1893,#,no,#,,,,,,,,Frate Anselmo: data l'incoronazione 23 aprile 1893. Nessun riferimento in internet.
658,353,Italia,Crotone,Santa Maria di Capo Colonna,7-5-1893,Capitolo,sì,1,,,,,,,,
659,548,Italia,Millesimo,Santa Maria del Deserto,13-5-1893,Capitolo,sì,1,,,,,,,,ERR - Frate Anselmo: data l'incoronazione 14 maggio 1893.
660,369,Italia,Cerreto Sannita,Santa Maria delle Grazie,2-7-1893,#,sì,1,,,,,,,,
661,339,Inghilterra,West Grinstead,"S.M. della Consolazione, ""Solatrix Gementium""",12-7-1893,B.P.,sì,1,,,,,,,,ERR - Frate Anselmo: data l'incoronazione 26 febbraio 1893.
662,544,Italia,Riomaggiore,Santa Maria di Montenero,23-7-1893,#,no,#,,,,,,,,ERR - Frate Anselmo: data l'incoronazione 23 luglio 1893. Non fu un’incoronazione del Capitolo.
663,314,Francia,Sarrance,Nostra Signora di Sarrance,26-7-1893,B.P.,sì,1,,,,,,,,ERR - Frate Anselmo: non la cita.
664,641,Italia,Cuglieri,Santa Maria della Neve,5-8-1893,Capitolo,sì,1,place+title+year,santa-maria-della-neve-sancta-maria-ad-nives-cug,Cuglieri (Sardinia),"Santa Maria della Neve, Sancta Maria ad Nives",1893-08-05,AAS+LIT,yes,
665,431,Italia,"Alto Reno Terme, frazione di Porretta Terme",Santa Maria del Ponte,15-8-1893,B.P.,sì,1,,,,,,,,ERR - Frate Anselmo: la colloca in località Bagni della Porretta.
666,240,Austria,Innsbruck,Madonna sotto le Quattro Colonne,10-9-1893,B.P.,sì,1,,,,,,,,ERR - Frate Anselmo: non la cita.
667,446,Italia,Montiano,Santa Maria del Rosario,10-9-1893,#,no,#,,,,,,,,Frate Anselmo: data l'incoronazione 10 settembre 1893. Nessun riferimento in internet.
668,277,Francia,Clermont-Ferrand,Nostra Signora d'Orcival,3-5-1894,B.P.,sì,1,,,,,,,,ERR - Frate Anselmo: data l'incoronazione 28 gennaio 1894.
669,259,Francia,Cambrai,Nostra Signora delle Grazie,14-5-1894,Capitolo,sì,1,,,,,,,,ERR - Frate Anselmo: scambia la data del decreto con quella di incoronazione.
670,309,Francia,Périgueux,Nostra Signora de la Garde,20-5-1894,#,no,#,,,,,,,,ERR - Frate Anselmo: la colloca a Périgneux o Périgueux (utilizza nomi diversi nell'elenco per località o per data) con incoronazione datata 20 maggio 1894.
671,375,Italia,Piedimonte Matese,Santa Maria Immacolata,20-5-1894,Capitolo,sì,1,,,,,,,,ERR - Frate Anselmo: scambia la data del decreto con quella dell'incoronazione e la colloca a Piedimonte d'Alife.
672,588,Italia,Cantalupo nel Sannio,Santa Maria del Rosario,5-6-1894,#,no,#,,,,,,,,Frate Anselmo: data l'incoronazione 5 giugno 1894. Nessun riferimento in internet.
673,518,Italia,Ceranesi,Santa Maria della Guardia,10-6-1894,B.P.,sì,3,,,,,,,,ERR - Frate Anselmo: la colloca a Genova in Val di Polcevera.
674,685,Italia,"Baselga di Piné, frazione di Montagnaga",Santa Maria di Caravaggio,11-8-1894,#,sì,1,place+title+year,madonna-di-pine-montagnaga-di-pine,Montagnaga di Piné,Madonna di Piné,1894-08-11,LIT,yes,
675,441,Italia,Bagno di Romagna,Santa Maria del Sangue,12-8-1894,Capitolo,sì,1,,,,,,,,
676,323,Francia,Mende,Vergine Nera di Mende,15-8-1894,B.P.,sì,1,,,,,,,,ERR - Frate Anselmo: non la cita.
677,284,Francia,Châteauneuf du Faou,Nostra Signora delle Porte,26-8-1894,B.P.,sì,1,,,,,,,,ERR - Frate Anselmo: data l'incoronazione 10 dicembre 1893 e la colloca a Quimper.
678,637,Italia,Panni,Santa Maria del Bosco,27-8-1894,Capitolo,sì,1,,,,,,,,Frate Anselmo: la colloca a Bovino.
679,298,Francia,Ligny en Barrois,Nostra Signora des Vertus,25-9-1894,Capitolo,sì,1,,,,,,,,Il 17 giugno 1894 fu consegnata la richiesta al Capitolo. ERR - Frate Anselmo: data l'incoronazione 17 giugno 1894.
680,344,Italia,Massa d'Albe,Santa Maria del Fulmine,13-1-1895,#,no,#,,,,,,,,"Frate Anselmo: la colloca a Massa Corona, attuale Massa d'Albe. Frate Anselmo: data l'incoronazione 13 gennaio 1895. Nessun riferimento in internet."
681,486,Italia,Roma,Santa Maria del Bambino Gesù di Aracoeli,2-5-1895,Capitolo,sì,1,,,,,,,,ERR - Frate Anselmo: data l'incoronazione 30 novembre 1895.
682,498,Italia,Roma,Madonna degli Angeli,12-5-1895,#,no,#,,,,,,,,Frate Anselmo: data l'incoronazione 12 maggio 1895. Nessun riferimento in internet.
683,673,Italia,Pontremoli,Santa Maria del Popolo,14-7-1895,#,no,#,,,,,,,,Frate Anselmo: data l'incoronazione 14 luglio 1895. Nessun riferimento in internet.
684,565,Italia,Busto Arsizio,Santa Maria dell'Aiuto,14-7-1895,Capitolo,sì,1,,,,,,,,ERR - Frate Anselmo: data l'incoronazione 23 giugno 1895.
685,668,Italia,Camaiore,Madonna della Pietà,29-9-1895,Capitolo,sì,1,,,,,,,,ERR - Frate Anselmo: non la cita.
686,230,Messico,Città del Messico,Nostra Signora di Guadalupe,12-10-1895,Capitolo,sì,1,,,,,,,,ERR - Frate Anselmo: non la cita.
687,233,Stati Uniti d'America,New Orleans,Nostra Signora del Pronto Soccorso,10-11-1895,B.P.,sì,1,,,,,,,,ERR - Frate Anselmo: non la cita.
688,454,Italia,Reggio Emilia,Santa Maria della Ghiara,12-4-1896,#,no,#,,,,,,,,"ERR - Frate Anselmo: data l'incoronazione 12 aprile 1896, ma non è stata un'incoronazione del Capitolo Vaticano."
689,513,Italia,Castel Sant'Elia,"Santa Maria ""ad Rupes""",17-5-1896,Capitolo,sì,1,place+title,santa-maria-ad-rupes-castel-sant-elia-sancti-eli,"Castel Sant'Elia (sancti Eliae Castrum), vallis Suppentonia",Santa Maria ad Rupes,,AAS,,
690,682,Italia,Poggibonsi,Santa Maria del Romituzzo,17-6-1896,#,no,#,,,,,,,,"ERR - Frate Anselmo: data questa incoronazione 17 giugno 1896, ma è la data del decreto. L'incoronazione avverrà nel 1926."
691,252,Belgio,Huy,Nostra Signora de la Sarte,29-6-1896,B.P.,sì,1,place+title,notre-dame-de-la-sarte-huy,Huy,Notre Dame De La Sarte,1900,LIT,no,ERR - Frate Anselmo: scambia la data del decreto con la data di incoronazione e la colloca a Liegi.
692,574,Italia,Offida,Santa Maria Addolorata,30-8-1896,Capitolo,sì,1,,,,,,,,ERR - Frate Anselmo: data l'incoronazione 14 giugno 1896.
693,558,Italia,Stezzano,Santa Maria dei Campi o della Preghiera,5-9-1896,Capitolo,sì,1,place+title+year,madonna-dei-campi-nostra-signora-della-preghiera,Stezzano,"Madonna dei Campi, Nostra Signora della Preghiera",1896-09-05,LIT,yes,"ERR - Frate Anselmo: la titola Santa Maria della preghiera, nel santuario dei campi. Questa è l'incoronazione valida rispetto a quella riportata da Frate Anselmo nella stessa località, ma nel 1886."
694,459,Italia,Trieste,Madonna Addolorata,20-9-1896,Capitolo,sì,#,,,,,,,,
695,466,Italia,Cori,Santa Maria del Rosario,4-10-1896,Capitolo,sì,1,,,,,,,,
696,354,Italia,Palmi,Santa Maria del Carmine,16-11-1896,Capitolo,sì,1,,,,,,,,ERR - Frate Anselmo: data l'incoronazione 16 luglio 1896.
697,440,Italia,Sant'Egidio,Santa Maria del Poggetto,10-1-1897,#,no,#,,,,,,,,ERR - Frate Anselmo: scambia la data dell'incoronazione con quella del decreto. L'incoronazione avverrà nel 1901.
698,631,Italia,Conversano,Santa Maria del Fonte,24-5-1897,Capitolo,sì,1,,,,,,,,ERR - Frate Anselmo: data l'incoronazione 26 maggio 1897.
699,261,Francia,Valenciennes,Nostra Signora del Santo Cordone,7-6-1897,B.P.,sì,1,,,,,,,,ERR - Frate Anselmo. non la cita.
700,300,Francia,Parigi,Nostra Signora della Medaglia Miracolosa,26-7-1897,B.P.,sì,1,,,,,,,,
701,279,Francia,Paray le Monial,Nostra Signora di Romay,5-8-1897,B.P.,sì,1,,,,,,,,ERR - Frate Anselmo: non la cita.
702,376,Italia,Castellammare di Stabia,Santa Maria di Portosalvo,8-8-1897,Capitolo,sì,1,place+title+year,santa-maria-di-portosalvo-castellammare-di-stabi,Castellammare di Stabia (Portosalvo),Santa Maria di Portosalvo,1897-08-08,LIT,yes,
703,693,Italia,Treviso,Santa Maria delle Grazie,15-8-1897,Capitolo,sì,1,place+year,la-madonna-grande-treviso,Treviso,La Madonna Grande,1897,AAS,yes,ERR - Frate Anselmo: scambia la data del decreto con la data dell'incoronazione. Non cita l'incoronazione nell'elenco per località.
704,250,Belgio,Wavre,Nostra Signora di Basse Wavre,8-9-1897,B.P.,sì,1,,,,,,,,ERR - Frate Anselmo: non la cita.
705,445,Italia,"Galeata, frazione di Pianetto",Santa Maria dei Miracoli,30-9-1897,#,no,#,,,,,,,,Frate Anselmo: data l'incoronazione 30 settembre 1897. Nessun riferimento in internet.
706,249,Belgio,"Saint-Truiden, frazioen di Kortenbos",Nostra Signora di Kortenbos,1-5-1898,B.P.,sì,1,,,,,,,,ERR - Frate Anselmo: non la cita.
707,478,Italia,"Capranica Prenestina, frazione di Guadagnolo",Santa Maria della Mentorella,17-7-1898,#,no,#,,,,,,,,ERR - Frate Anselmo: la colloca a Tivoli; data l'incoronazione17 agosto 1898. L'incoronazione avvenne nel 1901.
708,711,Polonia,Rzeszów,Santa Maria Assunta,31-7-1898,#,no,#,place+title,matka-boza-rzeszowska-rzeszow,Rzeszów,Matka Boża Rzeszowska,1763-09-08,LIT,no,"ERR - Frate Anselmo: la colloca a Ressova (Premislia). Frate Anselmo: data l’incoronazione 31 luglio 1898, ma la stessa non è mai avvenuta."
709,573,Italia,Senigallia,Santa Maria della Speranza,28-8-1898,#,no,#,,,,,,,,Frate Anselmo: data l'incoronazione 28 agosto 1898. Nessun riferimento in internet.
710,688,Italia,Perugia,Santa Maria delle Grazie,4-9-1898,B.P.,sì,2,,,,,,,,Frate Anselmo: data l'incoronazione 4 novembre 1898.
711,292,Francia,Ferrières En Gàtinais,Nostra Signora di Betlemme,6-9-1898,B.P.,sì,1,,,,,,,,Frate Anselmo: data l'incoronazione 12 maggio 1898.
712,569,Italia,Fabriano,Santa Maria del Buon Gesù,8-9-1898,Capitolo,sì,1,place+title+year,madonna-del-buon-gesu-fabriano,Fabriano,Madonna del Buon Gesù,1898-09-08,AAS,yes,ERR - Frate Anselmo: data l'incoronazione 19 marzo 1898.
713,373,Italia,Caserta,Santa Maria Addolorata,9-10-1898,Capitolo,sì,1,,,,,,,,
714,340,Italia,"Casalbordino, frazione di Miracoli",Santa Maria dei Miracoli,11-6-1899,Capitolo,sì,1,place+year,beata-maria-virgo-a-miraculis-casalbordino,Casalbordino,Beata Maria Virgo « a Miraculis »,1899-06-11,AAS,yes,ERR - Frate Anselmo: data l'incoronazione 13 dicembre 1896.
715,500,Italia,Roma,Santa Maria in Portico,16-7-1899,Capitolo,sì,2,,,,,,,,
716,242,Belgio,Anversa,Nostra Signora di Anversa,15-8-1899,B.P.,sì,1,,,,,,,,ERR - Frate Anselmo: non la cita.
717,515,Italia,Valentano,Madonna della Salute,20-8-1899,Capitolo,sì,1,,,,,,,,ERR - Frate Anselmo: non la cita.
718,628,Italia,Andria,Madonna dell'AItomare,3-9-1899,Capitolo,sì,1,,,,,,,,
719,719,Polonia,Stara Wies,Nostra Signora di Stara Wiejska,8-9-1899,Capitolo,sì,1,,,,,,,,ERR - Frate Anselmo: non la cita.
720,616,Italia,Rivoli,Santa Maria della Stella,17-9-1899,Capitolo,sì,1,,,,,,,,
721,699,Italia,"Caprino Veronese, frazione di Spiazzi",Santa Maria Addolorata,17-9-1899,Capitolo,sì,1,,,,,,,,ERR - Frate Anselmo: scambia la data del decreto con quella d'incoronazione e la colloca a Verona.
722,706,Malta,Mellieħa,Nostra Signora di Mellieħa,24-9-1899,B.P.,sì,1,,,,,,,,ERR - Frate Anselmo: non la cita.
723,364,Italia,Castelvetere sul Calore,Santa Maria delle Grazie,28-9-1899,#,no,#,,,,,,,,Frate Anselmo: data l'incoronazione 28 settembre 1899. Nessun riferimento in internet.
724,461,Italia,Alatri,Santa Maria della Libera,4-11-1899,#,no,#,,,,,,,,"ERR - Frate Anselmo: data l'incoronazione 4 novembre 1899, ma è la data del decreto. Sarà incoronata nel 1901."
725,560,Italia,Rezzato,Santa Maria di Valverde,23-11-1899,Capitolo,sì,1,,,,,,,,ERR - Frate Anselmo: data l'incoronazione 11 settembre 1898.
726,232,Messico,Patzcuaro,Nostra Signora della Salute,8-12-1899,Capitolo,sì,1,place+title+year,nuestra-senora-de-la-salud-patzcuaro,Pátzcuaro,Nuestra Señora de la Salud,1899,AAS,yes,ERR - Frate Anselmo: non la cita.
727,330,Francia,La Trinité,Nostra Signora del Laghetto,19-4-1900,#,sì,1,,,,,,,,ERR - Frate Anselmo: data l'incoronazione 11 settembre 1898. ERR - Frate Anselmo: la colloca a Nizza.
728,452,Italia,Ravenna,Santa Maria Greca,21-4-1900,Capitolo,sì,1,,,,,,,,ERR - Frate Anselmo: data l'incoronazione 2 aprile 1900.
729,281,Francia,Rostrenen,Nostra Signora di Rostrenen,2-7-1900,Capitolo,sì,1,,,,,,,,"Frate Anselmo: data l'incoronazione 24 febbraio 1887. In base alla nota riporta nel campo ""Note"" è probabile che la data riportata da frate Anselmo sia quella del decreto."
730,237,Argentina,Itatí,Nostra Signora di Itatí,16-7-1900,B.P.,sì,1,,,,,,,,ERR - Frate Anselmo: non la cita.
731,537,Italia,"Serra Riccò, frazione di San Cipriano","Santa Maria ""Causa Nostrae Laetitiae""",26-7-1900,#,no,#,,,,,,,,Frate Anselmo: data l'incoronazione 26 luglio 1900 e la colloca a San Cipriano. Nessun riferimento in internet.
732,602,Italia,"Villanova Mondovì, frazione di Madonna del Pasco",Santa Maria del Pasco,15-8-1900,Capitolo,sì,1,place+title+year,madonna-del-pasco-villanova-mondovi,Villanova Mondovì,Madonna del Pasco,1900-08-15,LIT,yes,ERR - Frate Anselmo: data l'incoronazione 18 febbraio 1900.
733,429,Italia,Sarno,Santa Maria delle Tre Corone,15-8-1900,Capitolo,sì,1,,,,,,,,
734,538,Italia,Sori,Santa Maria delle Grazie,15-8-1900,#,no,#,,,,,,,,Frate Anselmo: data l'incoronazione 15 agosto 1900. Nessun riferimento in internet.
735,463,Italia,Ausonia,Santa Maria del Piano,22-8-1900,#,no,#,,,,,,,,Frate Anselmo: data l'incoronazione 22 agosto 1900. Nessun riferimento in internet.
736,702,Italia,Vicenza,Santa Maria di Monte Berico,25-8-1900,Capitolo,sì,1,,,,,,,,
737,274,Francia,Lione,Nostra Signora di Fourvière,8-9-1900,B.P.,sì,1,,,,,,,,ERR - Frate Anselmo: non la cita.
738,729,Spagna,"Bilbao, distretto di Begoña",Nostra Signora de la Begoña,8-9-1900,Capitolo,sì,1,place+title+year,virgen-de-begona-bilbao,Bilbao,Virgen de Begoña,1900-09-08,LIT,yes,ERR - Frate Anselmo: scambia la data del decreto con quella dell'incoronazione.
739,724,Spagna,Barcellona,Nostra Signora de la Bonanova,8-9-1900,Capitolo,sì,1,,,,,,,,ERR - Frate Anselmo: scambia la data del decreto con quella dell'incoronazione.
740,349,Italia,Lagonegro,Santa Maria di Monte Sirino,16-9-1900,#,no,#,,,,,,,,"Frate Anselmo: riporta la data 16 settembre 1900, ma non fu un'incoronazione. Nessun riferimento in internet."
741,666,Italia,Portoferraio,Santa Maria di Loreto,#-10-1900,Capitolo,sì,1,,,,,,,,ERR - Frate Anselmo: scambia la data del decreto con la data di incoronazione.
742,864,Italia,"Tursi, frazione di Anglona",Madonna di Anglona,19-5-1901,Capitolo,sì,1,,,,,,,,
743,814,Francia,Albert,Nostra Signora di Brebières,19-6-1901,Capitolo,sì,1,,,,,,,,ERR - Frate Anselmo: data l'incoronazione 21 giugno 1901 e la titola: Santa Maria di Brebières o delle Pecore.
744,838,Francia,Marcillac-Vallon,Nostra Signora de Foncourrieu,30-6-1901,Capitolo,sì,1,,,,,,,,"ERR - Frate Anselmo: data l'incoronazione 29 maggio 1901, la colloca a Marcillac e la titola: Santa Maria de Foncourrièen."
745,999,Italia,"Genova, quartiere di Sampierdarena",Madonna di Belvedere,1-9-1901,Capitolo,sì,1,,,,,,,,
746,951,Italia,Alatri,Santa Maria della Libera,8-9-1901,Capitolo,sì,1,,,,,,,,Frate Anselmo: la titola: Santa Maria della Liberatrice.
747,939,Italia,"Ferrara, frazione di Sant'Egidio",Madonna del Poggetto,8-9-1901,Capitolo,sì,1,,,,,,,,"Frate Anselmo: la colloca a S. Egidio. ERR - Frate Anselmo: data l'incoronazione 10 gennaio 1897 nell'elenco per date, mentre nell'elenco per località riporta due date: 10 gennaio 1897 e 17 settembre 1901. ERR - Bonci: data l'incoronazione 10 gennaio 1897."
748,1002,Italia,"Borghetto di Vara, frazione di L'Ago",Madonna di Roverano,8-9-1901,Capitolo,sì,1,,,,,,,,ERR - Frate Anselmo: scambia la data del decreto con quella di incoronazione
749,990,Italia,Viterbo,Madonna Liberatrice,15-9-1901,#,no,#,place+title,santa-maria-nella-chiesa-della-ssma-trinita-di-v,Viterbo,Santa Maria nella Chiesa della SSma Trinità di Viterbo,1715-11-12,ACSP+LIT,no,ERR Frate Anselmo: data l'incoronazione 21 luglio 1901.
750,938,Italia,"Ferrara, frazione di Sant'Egidio",Madonna del Poggetto,15-9-1901,#,no,#,,,,,,,,Frate Anselmo: la colloca a S. Egidio. ERR - Frate Anselmo: data l'incoronazione 10 gennaio 1897.
751,964,Italia,"Capranica Prenestina, frazione di Guadagnolo",Santa Maria della Mentorella,29-9-1901,Capitolo,sì,1,,,,,,,,ERR - Frate Anselmo: scambia la data del decreto con la data dell'incoronazione e la colloca a Tivoli.
752,937,Italia,Bologna,Madonna del Sacro Cuore di Gesù,24-11-1901,Capitolo,sì,1,,,,,,,,
753,772,Cile,Andacollo,Nostra Signora del Rosario de Andacollo,26-12-1901,Capitolo,sì,1,,,,,,,,ERR - Frate Anselmo: scambia la data del decreto con quello dell'incoronazione.
754,1000,Italia,"Recco, frazione di Megli",Madonna delle Grazie,8-6-1902,Capitolo,sì,1,,,,,,,,
755,884,Italia,Avellino,Madonna delle Grazie,1-7-1902,Capitolo,sì,1,,,,,,,,Frate Anselmo: indica che è dei PP. Cappucini
756,1022,Italia,Treviglio,Madonna delle Lacrime,10-8-1902,#,no,#,,,,,,,,"ERR - Frate Anselmo: riporta questa incoronazione, ma è il giorno in cui fu inaugurata la nuova fabbrica. Nessun riferimento in internet."
757,1224,Svizzera,Friburgo,Nostra Signora di Friburgo,21-8-1902,B.P.,sì,1,,,,,,,,ERR - Frate Anselmo: non la cita.
758,965,Italia,Civitavecchia,Madonna delle Grazie,8-9-1902,Capitolo,sì,1,,,,,,,,
759,952,Italia,Arpino,Madonna di Loreto,8-9-1902,Capitolo,sì,1,,,,,,,,
760,766,Argentina,Salta,Nostra Signora del Miracolo,13-9-1902,B.P.,sì,1,,,,,,,,ERR - Frate Anselmo: data l'incoronazione 26 luglio 1899.
761,961,Italia,Lenola,Madonna del Colle,15-9-1902,#,no,#,,,,,,,,Frate Anselmo: data l'incoronazione 15 settembre 1902. Nessun riferimento in internet.
762,752,Messico,Leon,Nostra Signora della Luce,8-10-1902,Capitolo,sì,1,,,,,,,,ERR - Frate Anselmo: non la cita
763,982,Italia,Roma,Santa Maria Avvocata Nostra,19-10-1902,#,no,#,,,,,,,,Frate Anselmo: data l'incoronazione 19 ottobre 1902. Nessun riferimento in internet.
764,1073,Italia,Torino,Santa Maria Ausiliatrice,17-5-1903,B.P.,sì,1,place+title+year,maria-ausiliatrice-turin,Turin,Maria Ausiliatrice,1903-05-27,AAS+ASS,yes,
765,1100,Italia,Lucca,Madonna della Misericordia,17-5-1903,Capitolo,sì,1,,,,,,,,
766,1085,Italia,Sambuca di Sicilia,Maria Santissima dell'Udienza,17-5-1903,Capitolo,sì,1,,,,,,,,ERR - Frate Anselmo: la colloca a Sambuca Zabut.
767,975,Italia,Roma,Santissimo Nome di Maria,24-5-1903,Capitolo,sì,2,church+title,santa-maria-nella-chiesa-del-nome-di-maria-rome,"Rome, Santissimo Nome di Maria",Santa Maria nella Chiesa del Nome di Maria,1703,ACSP+LIT,no,
768,812,Francia,Dunkerque,Nostra Signora delle Dune,1-6-1903,B.P.,sì,1,place+title+year,notre-dame-des-dunes-dunkerque-dunkirk,Dunkerque (Dunkirk),Notre-Dame des Dunes,1903,ASS,yes,ERR - Frate Anselmo: data l'incoronazione 25 aprile 1903.
769,1067,Italia,Morozzo,"Madonna Assunta, detta anche del Castello Murato",19-6-1903,#,no,#,,,,,,,,Frate Anselmo: data l'incoronazione 19 giugno 1903. Nessun riferimento in internet.
770,1077,Italia,Postua,Madonna Addolorata,15-8-1903,Capitolo,sì,1,,,,,,,,ERR - Frate Anselmo: data l'incoronazione 16 agosto 1903.
771,1014,Italia,"Bergamo, Borgo Santa Caterina",Santa Maria Addolorata,17-8-1903,Capitolo,sì,1,,,,,,,,
772,874,Italia,San Sosti,Madonna del Pettoruto,6-9-1903,Capitolo,sì,1,place+title+year,maria-santissima-del-pettoruto-s-sosti-san-sosti,"S. Sosti (San Sosti), Calabria",Maria Santissima del Pettoruto,1903,AAS,yes,
773,753,Messico,San Giovanni dei Laghi,Nostra Signora di San Giovanni dei Laghi,28-12-1903,#,no,#,,,,,,,,"ERR - Frate Anselmo: nell'elenco per date data l'incoronazione 28 dicembre 1903, mettendo tra parentesi: Decretata, mentre nell'elenco per località mette sotto un'unica località due date: 28 dicembre 1903 e 4 dicembre 1904. ERR - Bonci: data l'incoronazione 28 dicembre 1903."
774,891,Italia,Arpaia,Madonna delle Grazie,28-2-1904,Capitolo,sì,1,,,,,,,,Frate Anselmo: data l'incoronazione 28 febbraio 1904.
775,994,Italia,Genova,Madonna del Monte,25-3-1904,#,no,#,,,,,,,,Frate Anselmo: data l'incoronazione 25 marzo 1904. Nessun riferimento in internet.
776,973,Italia,Roma,Madonna della Misericordia,6-4-1904,#,no,#,,,,,,,,"Frate Anselmo: data l'incoronazione 6 aprile 1904, in Vaticano per mano di papa Pio X. Nessun riferimento in internet."
777,987,Italia,Tarquinia,Madonna di Valverde,8-5-1904,Capitolo,sì,1,,,,,,,,Frate Anselmo: la colloca a Corneto Tarquinia.
778,862,Italia,Collecorvino,Madonna dei Miracoli,28-5-1904,#,no,#,,,,,,,,Frate Anselmo: data l'incoronazione 28 maggio 1904 con Breve Papale. Nessun riferimento in internet.
779,1037,Italia,Milano,Maria Bambina,31-5-1904,B.P.,sì,1,,,,,,,,ERR - Frate Anselmo: non la cita.
780,1057,Italia,Campobasso,Madonna del Monte,5-6-1904,Capitolo,sì,1,,,,,,,,ERR - Frate Anselmo: scambia la data del decreto con la data di incoronazione.
781,1145,Portogallo,"Braga, frazione di Espinho",Nostra Signora di Sameiro,12-6-1904,B.P.,sì,1,place+year,deiparae-immaculatae-simulacrum-braga,Braga,Deiparae Immaculatae simulacrum,1904,AAS,yes,ERR - Frate Anselmo: data l'incoronazione 4 dicembre 1904.
782,1076,Italia,Torino,Madonna della Consolata,18-6-1904,B.P.,sì,1,,,,,,,,ERR - Frate Anselmo: non la cita.
783,1036,Italia,Milano,Madonna dell'Albero,24-6-1904,#,no,#,,,,,,,,Frate Anselmo: data l'incoronazione 24 giugno 1904. Nessun riferimento in internet.
784,853,Germania,Telgte,Nostra Signora Addolorata,3-7-1904,B.P.,sì,1,,,,,,,,ERR - Frate Anselmo: non la cita.
785,761,Stati Uniti d'America,New York City,Nostra Signora del Carmine,10-7-1904,Capitolo,sì,1,,,,,,,,ERR - Frate Anselmo: scambia la data del decreto con la data di incoronazione.
786,940,Italia,Campogalliano,Madonna della Sassòla,14-8-1904,Capitolo,sì,1,,,,,,,,ERR - Frate Anselmo: scambia la data del decreto con quella di incoronazione.
787,754,Messico,San Giovanni dei Laghi,Nostra Signora di San Giovanni dei Laghi,15-8-1904,B.P.,sì,1,,,,,,,,ERR - Frate Anselmo: data l'incoronazione 4 dicembre 1904. ERR - Bonci: data l'incoronazione 4 dicembre 1904.
788,1210,Spagna,Lugo,Vergine dagli Occhi Grandi,15-8-1904,B.P.,sì,1,place+title+year,virgen-de-los-ojos-grandes-lugo,Lugo,Virgen de Los Ojos Grandes,1904-08-15,LIT,yes,ERR - Frate Anselmo: data l'incoronazione 22 giugno 1904
789,902,Italia,Sessa Aurunca,Madonna Avvocata del Popolo,1-9-1904,Capitolo,sì,1,place+title+year,madonna-avvocata-del-popolo-sessa-aurunca,Sessa Aurunca,Madonna Avvocata del Popolo,1904-09-11,AAS+LIT,yes,ERR - Frate Anselmo: data l'incoronazione 11 settembre 1904.
790,771,Brasile,Aparecida,Nostra Signora della Concezione Aparecida,8-9-1904,Capitolo,sì,1,place+title+year,nossa-senhora-da-conceicao-aparecida-aparecida,Aparecida,Nossa Senhora da Conceição Aparecida,1904-09-08,AAS+LIT,yes,"ERR - Frate Anselmo: riporta la data 28 dicembre 1903 e tra parentesi (Decretata); la colloca a San Paolo. Inoltre, riporta due registrazioni per questa Madonna, una alla data 28 dicembre 1903 (scrivendo tra parentesi: Decretata) e l'altra 8 settembre 1904."
791,1140,Polonia,Tarnobrzeg,Nostra Signora di Dzikòw,8-9-1904,Capitolo,sì,1,,,,,,,,ERR - Frate Anselmo: scambia la data del decreto con la data dell'incoronazione; la colloca a Dzikowic e la titola: Santa Maria Miracolosa.
792,1028,Italia,Tignale,Madonna di Monte Castello,8-9-1904,Capitolo,sì,1,,,,,,,,ERR - Frate Anselmo: scambia la dat del decreto con la data di incoronazione.
793,1059,Italia,"Gavi, borgata di Valle",Madonna delle Grazie,8-9-1904,Capitolo,sì,1,place+title+year,madonna-delle-grazie-di-valle-gavi-valle,Gavi (Valle),Madonna delle Grazie di Valle,1904-09-08,LIT,yes,ERR - Frate Anselmo: scambia la data del decreto con la data di incoronazione.
794,842,Francia,Quézac,Nostra Signora di Quézac,11-9-1904,Capitolo,sì,1,,,,,,,,ERR - Frate Anselmo: data l'incoronazione 25 dicembre 1914.
795,856,Germania,Neviges,Immacolata Concezione,11-9-1904,Capitolo,sì,1,,,,,,,,"ERR - Frate Anselmo: data l'incoronazione 29 aprile 1904, la colloca a Hardenberg e la titola Santa Maria."
796,959,Italia,Sora,Immacolata Concezione,11-9-1904,B.P.,sì,1,,,,,,,,
797,807,Belgio,Arlon,Nostra Signora d'Arlon,14-9-1904,Capitolo,sì,1,place+title+year,notre-dame-reine-de-la-paix-notre-dame-d-arlon-a,Arlon,"Notre Dame Reine de la Paix, Notre Dame d’Arlon",1904-09-14,LIT,yes,"ERR - Frate Anselmo: data l'incoronazione 17 luglio 1904, la colloca ad Arlun e la titola: Santa Maria, nella Chiesa di Santo Donato."
798,916,Italia,"Ottaviano, frazione di San Gennarello",Immacolata Concezione,15-9-1904,Capitolo,sì,1,,,,,,,,"ERR - Frate Anselmo: la colloca a Nola, a San Gennariello."
799,1070,Italia,Carmagnola,Immacolata Concezione,25-9-1904,Capitolo,sì,1,,,,,,,,ERR - Frate Anselmo: scambia la data del decreto con la data di incoronazione.
800,1134,Polonia,Tuchow,Nostra Signora della Visitazione,2-10-1904,Capitolo,sì,1,,,,,,,,ERR - Frate Anselmo: data l'incoronazione 6 luglio 1904
801,1188,Spagna,Reus,Vergine della Misericordia,9-10-1904,B.P.,sì,1,place+title+year,mare-de-deu-de-la-misericordia-reus,Reus,Mare de Déu de La Misericòrdia,1904-10-09,LIT,yes,ERR - Frate Anselmo: data l'incoronazione 11 giugno 1904.
802,746,Canada,Trois-Rivières,Nostra Signora del Capo,12-10-1904,Capitolo,sì,1,,,,,,,,ERR - Frate Anselmo: non la cita.
803,1031,Italia,Dongo,Madonna del Fiume,23-10-1904,B.P.,sì,1,,,,,,,,
804,1162,Spagna,Siviglia,Vergine dei Re,4-12-1904,Capitolo,sì,1,,,,,,,,ERR - Frate Anselmo: scambia la data del decreto con la data di incoronazione.
805,918,Italia,Portici,Immacolata Concezione,4-12-1904,#,no,#,,,,,,,,Frate Anselmo: data l'incoronazione 4 dicembre 1904 con Breve Papale. Nessun riferimento in internet.
806,1075,Italia,Torino,Immacolata Concezione,4-12-1904,#,no,#,,,,,,,,Frate Anselmo: data l'incoronazione 4 dicembre 1904 con Breve Papale. Nessun riferimento in internet.
807,810,Città del Vaticano,Città del Vaticano,Immacolata Concezione,8-12-1904,Papa Pio X,sì,2,rome-title+title,santa-maria-della-concezione-in-s-lorenzo-e-dama,"Rome, San Lorenzo in Damaso","Santa Maria della Concezione in S. Lorenzo, e Damaso",1635,LIT,no,ERR - Frate Anselmo: la colloca a Roma.
808,880,Italia,Ariano Irpino,Immacolata Concezione,11-12-1904,#,no,#,,,,,,,,Frate Anselmo: la colloca a Ariano e non indica la diocesi; la titola Immacolata Concezione e data l'incoronazione il giorno 11 dicembre 1904 per Breve Papale. ERR - Bonci: la colloca a Ariano nella diocesi di Ferrara. Nessun riferimento in internet.
809,923,Italia,Sorrento,Immacolata Concezione,11-12-1904,#,no,#,,,,,,,,Frate Anselmo: data l'incoronazione 11 dicembre 1904 con Breve Papale. Nessun riferimento in internet.
810,1090,Italia,Messina,Immacolata Concezione,11-12-1904,#,no,#,,,,,,,,Frate Anselmo: data l'incoronazione 11 dicembre 1904 con Breve Papale. Nessun riferimento in internet.
811,833,Francia,Parigi,Nostra Signora degli Infermi,11-12-1904,Capitolo,sì,1,,,,,,,,ERR - Frate Anselmo: non la cita.
812,907,Italia,Frattamaggiore,Immacolata Concezione,11-12-1904,B.P.,sì,1,,,,,,,,ERR - Frate Anselmo: scambia la data del decreto con la data di incoronazione.
813,976,Italia,Roma,Immacolata Concezione,22-1-1905,#,no,#,,,,,,,,Frate Anselmo: data l'incoronazione 22 gennaio 1905 con Brve Papale. Nessun riferimento in internet.
814,1125,Malta,Cospicua,Immacolata Concezione di Cospicua,25-1-1905,B.P.,sì,1,,,,,,,,ERR - Frate Anselmo: non la cita.
815,1226,Ucraina,Leopoli,Santa Maria della Consolazione,28-4-1905,Capitolo,sì,1,,,,,,,,Frate Anselmo: la colloca a Leopoli nella Polonia e data l'incoronazione 15 febbraio 1905
816,963,Italia,Albano Laziale,Santa Maria della Rotonda,14-5-1905,Capitolo,sì,3,place+title,santa-maria-della-rotonda-d-albano-albano,Albano,Santa Maria della Rotonda d'Albano,1729,LIT,no,ERR - Frate Anselmo: data l'incoronazione 22 gennaio 1905.
817,873,Italia,Praia a Mare,Madonna della Grotta,14-5-1905,Capitolo,sì,1,,,,,,,,ERR - Frate Anselmo: la colloca a Praia d'Ajetta.
818,1164,Spagna,Saragozza,Nostra Signora del Pilar,20-5-1905,Capitolo,sì,1,,,,,,,,ERR - Frate Anselmo: data l'incoronazione 22 gennaio 1905.
819,978,Italia,Roma,Immacolata Concezione,1-6-1905,Capitolo,sì,1,,,,,,,,
820,998,Italia,"Genova, quartiere di Oregina",Madonna di Loreto,1-6-1905,Capitolo,sì,1,place+title+year,madonna-di-loreto-oregina-genoa-oregina,Genoa (Oregina),"Madonna di Loreto, Oregina",1905-06-01,LIT,yes,ERR - Frate Anselmo: scambia la data del decreto con la data di incoronazione.
821,804,Belgio,Peruwelz,Nostra Signora del Buon Soccorso,3-7-1905,Capitolo,sì,1,,,,,,,,ERR - Frate Anselmo: non la cita.
822,1061,Italia,Novi Ligure,Madonna Lagrimosa,5-8-1905,Capitolo,sì,1,place+title+year,santa-maria-lagrimosa-novi-ligure,Novi Ligure,Santa Maria Lagrimosa,1905,LIT,yes,ERR - Frate Anselmo: scambia la data del decreto con la data di incoronazione.
823,983,Italia,Segni,Madonna Addolorata,13-8-1905,#,no,#,,,,,,,,Frate Anselmo: data l'incoronazione 13 agosto 1905. Nessun riferimento in internet.
824,877,Italia,Seminara,Madonna dei Poveri,15-8-1905,Capitolo,sì,1,,,,,,,,ERR - Frate Anselmo: scambia la data del decreto con la data di incoronazione.
825,819,Francia,Myans,Nostra Signora di Myans,17-8-1905,B.P.,sì,1,,,,,,,,ERR - Frate Anselmo: non la cita.
826,1071,Italia,Chieri,Santa Maria delle Grazie,3-9-1905,Capitolo,sì,1,,,,,,,,ERR - Frate Anselmo: scambia la data del decreto con quello dell'incoronazione.
827,1211,Spagna,Teror,Vergine del Pino,7-9-1905,Capitolo,sì,1,place+title+year,nuestra-senora-del-pino-teror-gran-canaria,Teror (Gran Canaria),Nuestra Señora del Pino,1905-09-07,LIT,yes,ERR - Frate Anselmo: scambia la data del decreto con la data dell'incoronazione e la colloca a Teso.
828,917,Italia,"Palma Campania, frazione di Vico",Madonna delle Grazie,10-9-1905,#,no,#,,,,,,,,Frate Anselmo: data l'incoronazione 10 settembre 1905. Nessun riferimento in internet.
829,967,Italia,Gallicano nel Lazio,Madonna delle Grazie,10-9-1905,Capitolo,sì,1,,,,,,,,ERR - Frate Anselmo: scambia la data del decreto con la data di incoronazione.
830,989,Italia,Vetralla,Immacolata Concezione,10-9-1905,Capitolo,sì,1,,,,,,,,ERR - Frate Anselmo: scambia la data del decreto con la data di incoronazione.
831,896,Italia,Bellona,Maria Santissima di Gerusalemme,17-4-1906,Capitolo,sì,1,,,,,,,,ERR - Frate Anselmo: riporta due incoronazioni per questa Madonna; la prima datata 17 aprile 1905 e la seconda 10 dicembre 1905. Nell'elenco per località riporta due date: 17 aprile 1905 e 10 dicembre 1905.
832,1206,Spagna,Frengenal de La Sierra,Nostra Signora dei Rimedi,27-4-1906,B.P.,sì,1,,,,,,,,ERR - Frate Anselmo: scambia la data del decreto con la data di incoronazione.
833,894,Italia,San Lorenzo Maggiore,Madonna della Strada,2-6-1906,Capitolo,sì,1,,,,,,,,ERR - Frate Anselmo: scambia la data del decreto con la data di incoronazione.
834,935,Italia,Scafati,Madonna delle Vergini,21-7-1906,Capitolo,sì,1,,,,,,,,ERR - Frate Anselmo: scambia la data del decreto con la data di incoronazione.
835,1181,Spagna,Siguenza,Vergine della Mayor,17-8-1906,B.P.,sì,1,,,,,,,,ERR - Frate Anselmo: non la cita.
836,1069,Italia,Orta San Giulio,Madonna delle Grazie,2-9-1906,Capitolo,sì,1,place+title+year,madonna-delle-grazie-orta-san-giulio,Orta San Giulio,Madonna delle Grazie,1906-09-02,LIT,yes,"ERR - Frate Anselmo: scambia la data del decreto con la data di incoronazione e la colloca ad Orta Novarese, attuale Orta San Giulio."
837,863,Italia,Spoltore,Madonna del Popolo,2-9-1906,Capitolo,sì,1,,,,,,,,ERR - Frate Anselmo: scambia la data del decreto con la data di incoronazione.
838,1187,Spagna,Montblanch,Vergine della Serra,9-9-1906,B.P.,sì,1,,,,,,,,ERR - Frate Anselmo: scambia la data del decreto con la data di incoronazione.
839,1115,Italia,Lendinara,Madonna del Pilastrello,19-9-1906,Capitolo,sì,1,place+title+year,madonna-del-pilastrello-lendinara,Lendinara,Madonna del Pilastrello,1906,AAS,yes,ERR - Frate Anselmo: scambia la data del decreto con la data di incoronazione e la titola: Santa Maria di Loreto.
840,934,Italia,San Valentino Torio,Madonna della Consolazione,1-10-1906,Capitolo,sì,1,,,,,,,,ERR - Frate Anselmo: scambia la data del decreto con la data di incoronazione.
841,985,Italia,Montefiascone,Madonna delle Grazie,#-#-1906,Capitolo,sì,1,,,,,,,,ERR - Frate Anselmo: scambia la data del decreto con la data di incoronazione.
842,1034,Italia,"Curtatone, frazione di Grazie",Madonna delle Grazie,17-2-1907,#,no,#,,,,,,,,Frate Anselmo: data l'incoronazione 17 febbraio 1907. ERR - Frate Anselmo: la colloca a Mantova. Nessun riferimento in internet.
843,991,Italia,Viterbo,Madonna della Quercia,21-5-1907,#,no,#,,,,,,,,ERR - Frate Anselmo: data l'incoronazione 12 maggio 1907.
844,861,Italia,Castellammare Adriatico,Madonna dei Sette Dolori,3-6-1907,Capitolo,sì,1,,,,,,,,ERR - Frate Anselmo: scambia la data del decreto con la data di incoronazione.
845,795,Belgio,Leuven,Nostra Signora della Febbre,19-6-1907,B.P.,sì,1,,,,,,,,ERR - Frate Anselmo: non la cita.
846,1160,Spagna,Malaga,Maria Ausiliatrice,30-6-1907,B.P.,sì,1,,,,,,,,ERR - Frate Anselmo: non la cita.
847,899,Italia,Formicola,Madonna del Castello,4-8-1907,Capitolo,sì,1,,,,,,,,ERR - Frate Anselmo: scambia la data del decreto con la data di incoronazione.
848,1086,Italia,Sciacca,Madonna del Soccorso,15-8-1907,Capitolo,sì,1,place+title+year,maria-santissima-del-soccorso-sciacca-thermae-se,Sciacca (Thermae Selinuntinae),Maria Santissima del Soccorso,1907-08-15,AAS,yes,ERR - Frate Anselmo: scambia la data del decreto con la data di incoronazione.
849,1148,Slovenia,"Radovljica, villaggio di Brezje",Santa Maria Aiuto dei Cristiani,1-9-1907,B.P.,sì,1,,,,,,,,ERR - Frate Anselmo: non la cita.
850,1175,Spagna,Caudete,Nostra Signora della Grazia,7-9-1907,B.P.,sì,1,,,,,,,,ERR - Frate Anselmo: scambia la data del decreto con la data di incoronazione.
851,956,Italia,Monte San Giovanni Campano,Madonna del Suffragio,13-9-1907,Capitolo,sì,1,,,,,,,,ERR - Frate Anselmo: scambia la data del decreto con la data di incoronazione.
852,1016,Italia,Clusone,Madonna Addolorata,22-9-1907,Capitolo,sì,1,,,,,,,,ERR - Frate Anselmo: scambia la data del decreto con la data di incoronazione.
853,786,Filippine,Quezon City,Nostra Signora di La Naval de Manila,5-10-1907,B.P.,sì,1,,,,,,,,ERR - Frate Anselmo: non la cita.
854,1184,Spagna,Canet de Mar,Nostra Signora della Misericordia,10-11-1907,B.P.,sì,1,place+title+year,nuestra-senora-de-la-misericordia-canet-de-mar,Canet de Mar,Nuestra Señora de la Misericordia,1907,AAS,yes,ERR - Frate Anselmo: scambia la data del decreto con la data di incoronazione.
855,824,Francia,Mièges,Beata Vergine di Miège,16-2-1908,#,no,#,,,,,,,,Frate Anselmo: data l'incoronazione 16 febbraio 1908. Nessun riferimento in internet.
856,1132,Polonia,Cracovia,Santa Maria Dolorosa,8-3-1908,Capitolo,sì,1,,,,,,,,Frate Anselmo: data l'incoronazione 8 marzo 1908 e la colloca nells chiesa dei PP. Conventuali. Nessun riferimento in internet.
857,828,Francia,Rennes,Nostra Signora della Buona Novella,25-3-1908,Capitolo,sì,1,place+year,notre-dame-des-miracles-et-vertus-rennes,Rennes,Notre-Dame des Miracles et Vertus,1908,AAS,yes,ERR - Frate Anselmo: non la cita.
858,829,Francia,Rennes,Nostra Signora dei Miracoli e delle Virtù,25-3-1908,Capitolo,sì,1,place+title+year,notre-dame-des-miracles-et-vertus-rennes,Rennes,Notre-Dame des Miracles et Vertus,1908,AAS,yes,ERR - Frate Anselmo: non la cita.
859,887,Italia,Quindici,Madonna delle Grazie,5-4-1908,#,no,#,,,,,,,,Frate Anselmo: data l'incoronazione 5 aprile 1908. Nessun riferimento in internet.
860,886,Italia,Mugnano del Cardinale,Madonna delle Grazie,5-4-1908,#,no,#,,,,,,,,Frate Anselmo: data l'incoronazione 5 aprile 1908. Nessun riferimento in internet.
861,825,Francia,Cuiseaux,Nostra Signora del Noce,22-4-1908,Capitolo,sì,1,,,,,,,,ERR - Frate Anselmo: scambia la data del decreto con la data di incoronazione.
862,799,Belgio,Lebbeke,Nostra Signora della Natività,26-4-1908,B.P.,sì,1,,,,,,,,ERR - Frate Anselmo: non la cita.
863,750,Messico,Guanajuato,Nostra Signora di Guanajuato,31-5-1908,Capitolo,sì,1,place+title,nuestra-senora-de-guanajuato-santa-fe-de-guanaju,Santa Fe de Guanajuato,Nuestra Señora de Guanajuato,,AAS,,ERR - Frate Anselmo: non la cita.
864,936,Italia,Scafati,Madonna dei Bagni,5-7-1908,Capitolo,sì,1,,,,,,,,Frate Anselmo: la colloca a Angri. ERR - Frate Anselmo: scambia la data del decreto con la data di incoronazione.
865,823,Francia,Jouhe,Nostra Signora del Mont Roland,30-8-1908,Capitolo,sì,1,,,,,,,,ERR - Frate Anselmo: data l'incoronazione 10 novembre 1907 e la colloca a Jouhe.
866,791,Austria,Mariazell,Magna Mater Austriae,8-9-1908,Capitolo,sì,1,,,,,,,,ERR - Frate Anselmo: data l'incoronazione 10 novembre 1907 è la colloca nel Santuario presso dell'Abbazia di S. Maberto.
867,898,Italia,Casal di Principe,Madonna Preziosa,8-9-1908,Capitolo,sì,1,place+title+year,santa-maria-preziosa-casal-di-principe,Casal di Principe,Santa Maria Preziosa,1908-09-08; 1958,LIT,yes,ERR - Frate Anselmo: scambia la data del decreto con la data di incoronazione.
868,1168,Spagna,Ponferrada,Nostra Signora de la Encina,8-9-1908,B.P.,sì,1,place+title+year,nuestra-senora-de-la-encina-virgen-de-la-encina,Ponferrada (region « El Bierzo »),"Nuestra Señora De La Encina, Virgen De La Encina",1908-09-08,AAS+LIT,yes,ERR - Frate Anselmo: data l'incoronazione 18 luglio 1908.
869,792,Austria,Matrei am Brenner,Santa Maria Waldrast,8-9-1908,Capitolo,sì,1,,,,,,,,"ERR - Frate Anselmo: la colloca a Valdrast, la titola Santa Maria Valdrastana e data l'incoronazione 26 aprile 1908."
870,850,Germania,Mariental,Santa Maria Addolorata,13-9-1908,#,no,#,,,,,,,,"Frate Anselmo: nell'elenco per date la titola: Santa Maria Perdolentis cum puero Iesu, mentre nell'elenco per località la titola S.M. Addolorata. Data l'incoronazione 13 settembre 1908. ERR - Frate Anselmo: la colloca nel regno di Prussia."
871,1020,Italia,"Sant'Omobono Terme, frazione di Cepino",Madonna della Cornabusa,4-10-1908,Capitolo,sì,1,,,,,,,,"ERR - Frate Anselmo: data l'incoronazione 29 marzo 1901 e la colloca a Bergamo, a Valle Imagna."
872,846,Francia,Vion,Nostra Signora della Quercia,6-10-1908,Capitolo,sì,1,place+title+year,notre-dame-du-chene-vion,Vion,Notre Dame Du Chêne,1908-10-06,LIT,yes,"ERR - Frate Anselmo: la colloca a Sablé e nell'elenco per date data data l'incoronazione 28 maggio 1928 (è un refuso di stampa), mentre nell'elenco per località riporta 28 maggio 1908. Nessun riferimento in internet."
873,925,Italia,"Amalfi, frazione di Pastena",Madonna del Carmine,11-10-1908,#,no,#,,,,,,,,Frate Anselmo: data l'incoronazione 11 ottobre 1908. Nessun riferimento in internet.
874,1163,Spagna,Villanueva de Sigena,Vergine del Coro,8-11-1908,B.P.,sì,1,,,,,,,,"ERR - Frate Anselmo: la colloca a Sigena e nell'elenco per date data riporta 28 maggio 1928 (è un refuso di stampa), mentre nell'elenco per località riporta 28 maggio 1908."
875,895,Italia,Sant'Agata dei Goti,Madonna del Carmine,22-11-1908,#,no,#,,,,,,,,Frate Anselmo: data l'incoronazione 22 novembre 1908. Nessun riferimento in internet.
876,757,Messico,Oaxaca de Juarez,Nostra Signora de Soledad,18-1-1909,Capitolo,sì,1,place+title+year,nuestra-senora-de-la-soledad-antequera-oaxaca,Antequera (Oaxaca),Nuestra Señora de la Soledad,1909-01-18,AAS,yes,"ERR - Frate Anselmo: scambia la data del decreto con la data di incoronazione, la colloca a Antequera e la titola: Santa Maria Addolorata ""de la Soledad""."
877,997,Italia,"Genova, quartiere di Albaro",Immacolata Concezione,24-1-1909,Capitolo,sì,1,place+year,santa-maria-dell-orto-genoa-cremeno,Genoa (Cremeno),Santa Maria dell’Orto,1909-08-22,LIT,yes,ERR - Frate Anselmo: scambia la data del decreto con la data di incoronazione.
878,1157,Spagna,Andùjar,Nostra Signora della Testa,23-4-1909,Capitolo,sì,1,place+title+year,virgen-de-la-cabeza-andujar,Andújar,Virgen De La Cabeza,1909-04-23; 1960,AAS+LIT,yes,ERR - Frate Anselmo: scambia la data del decreto con la data di incoronazione.
879,1084,Italia,Sassari,Madonna delle Grazie,9-5-1909,Capitolo,sì,1,place+title+year,madonna-delle-grazie-sassari,Sassari,Madonna delle Grazie,1909-05-09,LIT,yes,ERR - Frate Anselmo: scambia la data del decreto con la data di incoronazione.
880,820,Francia,Gray,Nostra Signora di Gray,16-5-1909,Capitolo,sì,1,place+title+year,notre-dame-de-gray-gray,Gray,Notre-Dame de Gray,1909,AAS,yes,ERR - Frate Anselmo: non la cita.
881,946,Italia,Guastalla,Madonna della Porta,22-5-1909,Capitolo,sì,1,place+title,della-porta-guastalla,Guastalla,della Porta,,AAS,,"ERR - Frate Anselmo: scambia la data del decreto con la data di incoronazione e nell'elenco per date data mette 14 febbraio 1908 (è un refuso di stampa), mentre nell'elenco per località riporta 14 luglio 1909 ."
882,1113,Italia,Padova,Madonna Costantinopolitana,23-5-1909,B.P.,sì,1,place+title+year,madonna-costantinopolitana-padua-patavium,Padua (Patavium),Madonna Costantinopolitana,1909-05-23,AAS,yes,ERR - Frate Anselmo: non la cita.
883,929,Italia,"Cava de' Tirreni, frazione di Santa Maria del Rovo",Madonna del Rovo,9-6-1909,Capitolo,sì,1,,,,,,,,ERR - Frate Anselmo: scambia la data del decreto con la data di incoronazione e la colloca a Passiano.
884,848,Francia,Hyères,Nostra Signora della Consolazione,21-6-1909,Capitolo,sì,1,,,,,,,,ERR - Frate Anselmo: data l'incoronazione 13 dicembre 1908
885,760,Messico,Tlaxcala,Nostra Signora di Ocotlan,31-7-1909,Capitolo,sì,1,,,,,,,,"ERR - Frate Anselmo: data l'incoronazione: 11 novembre 1906 e la titola: Santa Maria de Ocotlan, sulla cima di un monte vicino."
886,859,Italia,Arielli,Madonna delle Grazie,8-8-1909,Capitolo,sì,1,,,,,,,,ERR - Frate Anselmo: scambia la data del decreto con la data di incoronazione.
887,996,Italia,"Genova, frazione di Cremeno",Madonna dell'Orto,22-8-1909,Capitolo,sì,1,place+title+year,santa-maria-dell-orto-genoa-cremeno,Genoa (Cremeno),Santa Maria dell’Orto,1909-08-22,LIT,yes,ERR - Frate Anselmo: scambia la data del decreto con la data di incoronazione e la colloca a Cremeno.
888,808,Belgio,Foy-Notre-Dame,Nostra Signora di Foy,8-9-1909,Capitolo,sì,1,,,,,,,,"ERR - Frate Anselmo: la colloca a Foy, data l'incoronazione 6 giugno 1909. Nessun riferimento in internet."
889,1137,Polonia,Tuliglowy,Nostra Signora dell'Immacolata Concezione,8-9-1909,Capitolo,sì,1,,,,,,,,ERR - Frate Anselmo: data l'incoronazione 22 novembre 1908.
890,749,Messico,Celaya,Nostra Signora della Immacolata Concezione,12-10-1909,Capitolo,sì,1,,,,,,,,ERR - Frate Anselmo: non la cita.
891,932,Italia,Nocera Inferiore,Madonna Addolorata,12-12-1909,#,no,#,,,,,,,,Frate Anselmo: data l'incoronazione 12 dicembre 1909. ERR - Frate Anselmo: la colloca a Nocera dei Pagani. Nessun riferimento in internet.
892,811,Francia,Bollezeele,Nostra Signora della Visitazione,16-5-1910,Capitolo,sì,1,,,,,,,,ERR - Frate Anselmo: la colloca a Bollezcele e scambia la data del decreto con la data di incoronazione.
893,1001,Italia,Arcola,Madonna degli Angeli,16-5-1910,B.P.,sì,1,,,,,,,,ERR - Frate Anselmo: non la cita.
894,1065,Italia,Caraglio,Santa Maria Regina degli Apostoli,22-5-1910,Capitolo,sì,1,place+title+year,madonna-del-castello-regina-degli-apostoli-carag,Caraglio,"Madonna del Castello, Regina degli Apostoli",1910-05-22,LIT,yes,ERR - Frate Anselmo: data l'incoronazione 12 dicembre 1909.
895,875,Italia,Bivongi,Santa Maria Madre Nostra,17-7-1910,#,no,#,,,,,,,,Frate Anselmo: data l'incoronazione 17 luglio 1910. Nessun riferimento in internet.
896,1128,Malta,Birkirkara,Santa Maria Tal Herba,7-8-1910,Capitolo,sì,1,,,,,,,,"ERR - Frate Anselmo: scambia la data del decreto con quella di incoronazione, la colloca a Birchircara e la titola: Santa Maria Tal Herba, cioè della Fuga."
897,1054,Italia,San Ginesio,Madonna della Misericordia,18-8-1910,Capitolo,sì,1,,,,,,,,ERR - Frate Anselmo: scambia la data del decreto con la data di incoronazione.
898,797,Belgio,Montaigu-Zichem,Nostra Signora del Sacro Cuore,21-8-1910,B.P.,sì,1,,,,,,,,ERR - Frate Anselmo: non la cita.
899,1196,Spagna,"Morella, frazione di Vallivana",Vergine di Vallivana,28-8-1910,Capitolo,sì,1,place+title,virgen-de-vallivana-morella,Morella,Virgen de Vallivana,,AAS,,ERR - Frate Anselmo: data l'incoronazione 2 luglio 1910.
900,782,Venezuela,Valencia,Nostra Signora del Soccorso,13-11-1910,Capitolo,sì,1,place+title+year,nuestra-senora-del-socorro-valentia-valencia,Valentia (Valencia),Nuestra Señora del Socorro,1910,AAS,yes,ERR - Frate Anselmo: data l'incoronazione 5 aprile 1908.
901,1190,Spagna,Valls,Vergine della Candela,2-2-1911,Capitolo,sì,1,,,,,,,,Frate Anselmo: la titola: Santa Maria de la Candela. ERR - Frate Anselmo: scambia la data del decreto con la data di incoronazione.
902,1225,Turchia,Istanbul,Santa Maria Drapéris,25-3-1911,Capitolo,sì,1,place+title+year,santa-maria-draperis-istanbul,Istanbul,Santa Maria Draperis,1911-03-25,LIT,yes,ERR - Frate Anselmo: data l'incoronazione 20 luglio 1910 e la colloca a Pera di Costantinopoli.
903,905,Italia,"Castellammare di Stabia, frazione di Quisisana",Madonna della Sanità,21-4-1911,Capitolo,sì,1,place+title+year,beata-vergine-della-sanita-castellammare-di-stab,Castellammare di Stabia (Quisisana),Beata Vergine della Sanità,1912-04-21,LIT,±1,ERR - Frate Anselmo: data incoronazione il 18 febbraio 1911.
904,1109,Italia,Montefalco,Madonna della Stella,21-5-1911,Capitolo,sì,1,,,,,,,,ERR - Frate Anselmo: data l'incoronazione 15 agosto 1910 e la colloca a Spoleto.
905,1189,Spagna,Tarragona,Vergine del Claustro,9-7-1911,B.P.,sì,1,,,,,,,,ERR - Frate Anselmo: data l'incoronazione 16 marzo 1911.
906,783,Venezuela,El Valle de Espiritu Santo,Nostra Signora della Valle,8-9-1911,Capitolo,sì,1,place+title+year,virgen-del-valle-el-valle-del-espiritu-santo-isl,El Valle del Espíritu Santo (Isla Margarita),Virgen del Valle,1911-09-08,LIT,yes,ERR - Frate Anselmo: scambia la data del decreto con la data di incoronazione.
907,765,Argentina,Mendoza,Vergine del Carmelo de Cuyo,8-9-1911,Capitolo,sì,1,,,,,,,,ERR - Frate Anselmo: data l'incoronazione 2 dicembre 1910 e la titola: Santa Maria de Monte Carmelo dei Francescani.
908,851,Germania,Werl,Madre di Dio,13-9-1911,Capitolo,sì,1,place+year,imago-beatae-mariae-virginis-olim-sanctae-mariae,Werl,Imago Beatae Mariae Virginis (olim « Sanctae Mariae ad pratum » Susatii),1911,AAS,yes,"Frate Anselmo: la titola: Santa Maria, nella Chiesa dei Minori di S. Francesco. ERR - Frate Anselmo: data l'incoronazione 3 marzo 1911 e la colloca nella Prussia."
909,1064,Italia,Masserano,Madonna degli Infermi,#-9-1911,Capitolo,sì,1,,,,,,,,Frate Anselmo: la titola anche: detta di S. Teonesto. ERR - Frate Anselmo: data l'incoronazione 8 gennaio 1911.
910,915,Italia,"Napoli, zona Pizzofalcone",Madonna del Buon Consiglio,6-1-1912,Capitolo,sì,1,,,,,,,,Frate Anselmo: la colloca nella Chiesa di San Marco di Palazzo in Santa Maria degli Angeli. ERR - Frate Anselmo: data l'incoronazione 26 settembre 1912.
911,926,Italia,Capaccio Paestum,Madonna del Granato,2-5-1912,Capitolo,sì,1,,,,,,,,Frate Anselmo: la colloca sul monte Calpazio. ERR - Frate Anselmo: data l'incoronazione 12 gennaio 1911.
912,817,Francia,Laurie,Nostra Signora di Laurie,27-5-1912,Capitolo,sì,1,,,,,,,,ERR - Frate Anselmo: data l'incoronazione 22 gennaio 1905.
913,921,Italia,San Paolo Belsito,Madonna Addolorata,6-6-1912,#,no,#,,,,,,,,Frate Anselmo: data l'incoronazione 6 giugno 1912. Nessun riferimento in internet.
914,822,Francia,Velars-sur-Ouche,Nostra Signora dello Stagno,4-7-1912,Capitolo,sì,1,,,,,,,,ERR - Frate Anselmo: non la cita.
915,836,Francia,Lestelle-Bétharram,Nostra Signora di Betharram,28-7-1912,Papa Pio X,sì,1,place+title+year,notre-dame-du-beau-rameau-betharram,Bétharram,Notre-Dame du Beau Rameau,1912,AAS,yes,ERR - Frate Anselmo: data l'incoronazione 9 maggio 1909 e la titola Santa Maria du Calvaire.
916,801,Belgio,Melsele,Nostra Signora di Gaverland,4-8-1912,Capitolo,sì,1,,,,,,,,ERR - Frate Anselmo: non la cita.
917,1149,Slovenia,"Pirano, frazione di Strugnano",Nostra Signora della Visione,14-8-1912,Capitolo,sì,1,,,,,,,,ERR - Frate Anselmo: data l'incoronazione 28 giugno 1910.
918,1147,Repubblica Ceca,Chvalcov,Nostra Signora dell'Ostia Santa,15-8-1912,Capitolo,sì,1,,,,,,,,ERR - Frate Anselmo: non la cita.
919,1129,Olanda,Maastricht,"Santa Maria ""Stella del Mare""",15-8-1912,Capitolo,sì,1,place+title+year,sterre-der-zee-star-of-the-sea-maastricht,Maastricht,Sterre der Zee (Star of the Sea),1912,AAS,yes,ERR - Frate Anselmo: data l'incoronazione 14 dicembre 1911.
920,1229,Ucraina,Hnizdyczów,Nostra Signora di Kochawinska,15-8-1912,Capitolo,sì,1,,,,,,,,"ERR - Frate Anselmo: la colloca a Hochawina nell'elenco per date, ma non la inserisce nell'elenco per località; mentre nell'elenco per località si trova a Kochawina. Erra anche il titolo della. Madonna. ERR - Frate Anselmo: data l'incoronazione 29 giugno 1912."
921,888,Italia,San Potito - Ultra,Madonna del Soccorso,7-9-1912,Capitolo,sì,1,,,,,,,,ERR - Frate Anselmo: scambia la data del decreto con la data di incoronazione.
922,768,Argentina,San Miguel de Tucumán,Nostra Signora della Merced,24-9-1912,Capitolo,sì,1,,,,,,,,ERR - Frate Anselmo: data l'incoronazione 6 giugno 1912 e la colloca a Tucuman.
923,900,Italia,Gricignano di Aversa,Madonna del Buon Consiglio,25-1-1913,#,no,#,,,,,,,,ERR - Frate Anselmo: data l'incoronazione 25 gennaio 1913. Nessun riferimento in internet.
924,1006,Italia,Albenga,Madonna di Pontelungo,23-3-1913,#,no,#,,,,,,,,ERR - Frate Anselmo: la colloca a Ponte Lungo e data l'incoronazione 23 marzo 1913. Nessun riferimento in internet.
925,1089,Italia,Caltagirone,Madonna di Conadomini,31-5-1913,Capitolo,sì,1,place+title,madonna-di-conadomini-madonna-del-monte-caltagir,Caltagirone,Madonna di Conadomini (Madonna del Monte),,AAS,,ERR - Frate Anselmo: scambia la data del decreto con la data di incoronazione.
926,835,Francia,Honfleur,Nostra Signora della Grazia,19-6-1913,Capitolo,sì,1,,,,,,,,ERR - Frate Anselmo: non la cita.
927,834,Francia,Équemauville,Nostra Signora delle Grazie,20-6-1913,Capitolo,sì,1,,,,,,,,ERR - Frate Anselmo: scambia la data del decreto con la data di incoronazione.
928,821,Francia,Pouilly-en-Auxois,Nostra Signora del Ritrovamento,6-7-1913,B.P.,sì,1,,,,,,,,ERR - Frate Anselmo: non la cita.
929,841,Francia,Clermont-l'Hérault,Nostra Signora di Peyrou,24-7-1913,B.P.,sì,1,,,,,,,,ERR - Frate Anselmo: non la cita.
930,854,Germania,"Salzkotten, quartiere di Verne",Vergine Maria di Verne,17-8-1913,B.P.,sì,1,,,,,,,,Frate Anselmo: la titola: Santa Maria di Verne. ERR - Frate Anselmo: data l'incoronazione 21 luglio 1913 e la colloca nella Prussia.
931,826,Francia,Plonévez-Porzay,Sant'Anna la Palud,31-8-1913,B.P.,sì,1,,,,,,,,ERR - Frate Anselmo: non la cita.
932,969,Italia,Poli,Madonna Addolorata,31-8-1913,Capitolo,sì,1,,,,,,,,
933,815,Francia,Monistrol-d'Allier,Nostra Signora di Estours,7-9-1913,B.P.,sì,1,,,,,,,,ERR - Frate Anselmo: non la cita.
934,1153,Spagna,Granada,Nostra Signora dei Dolori,20-9-1913,B.P.,sì,1,,,,,,,,ERR - Frate Anselmo: data l'incoronazione 5 maggio 1913. Bonci: data 20 settembre 1913.
935,790,Austria,"Lesachtal, frazione di Maria Luggau",Santa Maria Addolorata,28-9-1913,Capitolo,sì,1,,,,,,,,"ERR - Frate Anselmo: data l'incoronazione 3 maggio 1913, la titola: Santa Maria Dolorosa collocandola a S. Maria Luggan."
936,893,Italia,Morcone,Madonna della Pace,12-10-1913,#,no,#,,,,,,,,Frate Anselmo: data l'incoronazione 12 ottobre 1913. Nessun riferimento in internet.
937,984,Italia,Vicovaro,Madonna Avvocata Nostra,13-10-1913,Capitolo,sì,1,,,,,,,,ERR - Frate Anselmo: scambia la data del decreto con la data di incoronazione e la colloca a Tivoli.
938,839,Francia,Saint Affrique,Nostra Signora della Misericordia,#-#-1913,Capitolo,sì,1,,,,,,,,ERR - Frate Anselmo: data l'incoronazione 24 dicembre 1912.
939,1080,Italia,Mesagne,Madonna del Carmine,17-3-1914,Capitolo,sì,1,,,,,,,,ERR - Frate Anselmo: data l'incoronazione 12 marzo 1914.
940,800,Belgio,Lede,Nostra Signora di Lede,14-4-1914,B.P.,sì,1,,,,,,,,ERR - Frate Anselmo: non la cita.
941,1004,Italia,"Luni, frazione di Ortonovo",Madonna Addolorata,21-5-1914,Capitolo,sì,1,,,,,,,,ERR - Frate Anselmo: scambia la data del decreto con la data di incoronazione.
942,1019,Italia,Oneta,Madonna del Frassino,19-7-1914,Capitolo,sì,1,,,,,,,,ERR - Frate Anselmo: scambia la data del decreto con la data di incoronazione.
943,1094,Italia,Modica,Madonna delle Grazie,22-7-1914,#,no,#,,,,,,,,ERR - Frate Anselmo: data l'incoronazione 22 luglio 1914.
944,954,Italia,Ceprano,Madonna Addolorata,26-7-1914,#,no,#,,,,,,,,Frate Anselmo: data l'incoronazione 26 luglio 1914. Nessun riferimento in internet.
945,913,Italia,"Napoli, quartiere di Ponticelli",Madonna della Neve,2-8-1914,Capitolo,sì,1,place+title+year,madonna-della-neve-napoli-ponticelli,Napoli (Ponticelli),Madonna della Neve,1914-08-02,LIT,yes,ERR - Frate Anselmo: scambia la data del decreto con la data di incoronazione e la colloca a Ponticelli.
946,879,Italia,Zungri,Madonna della Neve,25-8-1914,Capitolo,sì,1,,,,,,,,ERR - Frate Anselmo: data l'incoronazione 10 febbraio 1914.
947,906,Italia,Cicciano,Madonna degli Angeli,12-4-1915,Capitolo,sì,1,,,,,,,,ERR - Frate Anselmo: scambia la data del decreto con la data di incoronazione.
948,909,Italia,Napoli,Madonna Annunziata,18-4-1915,Capitolo,sì,1,place+title+year,vergine-annunziata-napoli-annunziata-maggiore,Napoli (Annunziata Maggiore),Vergine Annunziata,1915-04-18,LIT,yes,"ERR - Frate Anselmo: scambia la data del decreto con la data di incoronazione. La colloca ""nella chiesa del Brefotrofio""."
949,1008,Italia,Savona,Santa Maria della Misericordia,19-4-1915,B.P.,sì,2,place+title,nostra-signora-della-misericordia-savona,Savona,Nostra Signora della Misericordia,1770; 1815-05-10,AAS+LIT,no,ERR - Frate Anselmo: non la cita.
950,1205,Spagna,"Valencia, quartiere Campanar",Vergine de Campanar,25-4-1915,B.P.,sì,1,,,,,,,,ERR - Frate Anselmo: data l'incoronazione 22 febbraio 1915.
951,1045,Italia,Ostra,Madonna Apparve,15-8-1915,Capitolo,sì,1,,,,,,,,ERR - Frate Anselmo: scambia la data del decreto con la data di incoronazione.
952,974,Italia,Roma,"Santa Maria della Divina Provvidenza, Aiuto dei Cristiani",21-11-1915,#,no,#,,,,,,,,Frate Anselmo: data l'incoronazione 21 novembre 1915. Nessun riferimento in internet.
953,1183,Spagna,Berga,Nostra Signora di Queralt,3-9-1916,Capitolo,sì,1,,,,,,,,ERR - Frate Anselmo: scambia la data del decreto con la data di incoronazione.
954,1150,Spagna,El Puerto de Santa Maria,Vergine dei Miracoli,8-9-1916,B.P.,sì,1,,,,,,,,ERR - Frate Anselmo: data l'incoronazione 15 marzo 1915.
955,1011,Italia,Albino,Madonna di Guadalupe,8-9-1916,Capitolo,sì,1,,,,,,,,ERR - Frate Anselmo: data l'incoronazione il 16 aprile 1916.
956,1170,Spagna,Segovia,Santa Maria della Fuenciscla,24-9-1916,B.P.,sì,1,,,,,,,,ERR - Frate Anselmo: data l'incoronazione 12 ottobre 1915 e la colloca a Legovia. ERR - Bonci: la colloca a Legovia e data l'incoronazione 12 ottobre 1915.
957,966,Italia,Frascati,Madonna delle Scuole Pie,19-8-1917,Capitolo,sì,1,,,,,,,,ERR - Frate Anselmo: scambia la data del decreto con la data di incoronazione.
958,1172,Spagna,Valladolid,Vergine di San Lorenzo,21-10-1917,B.P.,sì,1,,,,,,,,ERR - Frate Anselmo: data l'incoronazione 15 marzo 1916.
959,1139,Polonia,Rudnik nad Sanem,Santa Maria,21-12-1917,#,no,#,,,,,,,,"Frate Anselmo: nell'elenco per date la titola: Santa Maria nella Chiesa Parrocchiale, mentre nell'elenco per località la titola: S.M. Rudicense. Nessun riferimento in internet."
960,1165,Spagna,Covadonga,Nostra Signora di Covadonga,8-9-1918,Capitolo,sì,1,,,,,,,,ERR - Frate Anselmo: scambia la data del decreto con la data di incoronazione e la colloca a Cavadonga. ERR - Bonci: commette gli stessi errori di frate Anselmo.
961,773,Cile,Santiago del Cile,Santa Maria della Mercede,22-9-1918,Capitolo,sì,1,,,,,,,,ERR - Frate Anselmo: scambia la data del decreto con la data di incoronazione.
962,779,Ecuador,Quito,Vergine della Misericordia,15-12-1918,Capitolo,sì,1,,,,,,,,ERR - Frate Anselmo: data l'incoronazione 16 luglio 1917.
963,1012,Italia,Albino,Madonna di Guadalupe,6-3-1919,Papa Benedetto XV,sì,2,place+year,madonna-del-pianto-albino,Albino,Madonna del Pianto,1919-09-21,LIT,yes,ERR - Frate Anselmo: non la cita.
964,1024,Italia,Villa di Serio,Madonna del Buon Consiglio,27-4-1919,Capitolo,sì,1,,,,,,,,ERR - Frate Anselmo: scambia la data del decreto con la data di incoronazione.
965,1200,Spagna,Cullera,Nostra Signora del Castello,15-5-1919,B.P.,sì,1,,,,,,,,ERR - Frate Anselmo: scambia la data del decreto con la data di incoronazione.
966,1204,Spagna,Valencia,Nostra Signora del Soccorso,31-5-1919,Capitolo,sì,1,,,,,,,,"Frate Anselmo: la titola: Santa Maria del Soccorso, nel Collegio delle Relig. di Gesù e Maria e data l'incoronazione 11 maggio 1919. ERR - Bonci: data l'incoronazione 11 maggio 1918."
967,1156,Spagna,Almonte,Nostra Signora del Rocio,8-6-1919,B.P.,sì,1,,,,,,,,ERR - Frate Anselmo: data l'incoronazione 8 settembre 1918.
968,775,Colombia,Chiquinquirà,Nostra Signora del Rosario de Cinquinquiricà,9-7-1919,Capitolo,sì,1,place+title+year,nuestra-senora-del-rosario-de-chiquinquira-chiqu,Chiquinquirá,Nuestra Señora del Rosario de Chiquinquirá,1919,AAS,yes,ERR - Frate Anselmo: data l'incoronazione 8 gennaio 1910.
969,809,Belgio,Namur,Nostra Signora al Bastione,20-7-1919,Capitolo,sì,1,place+title,notre-dame-du-rempart-namur,Namur,Notre-Dame du Rempart,,AAS,,ERR - Frate Anselmo: data l'incoronazione 20 febbraio 1919.
970,1013,Italia,"Albino, frazione di Vall'Alta",Madonna del Monte Altino,23-7-1919,Capitolo,sì,1,place+title+year,madonna-di-altino-vall-alta-di-albino,Vall'Alta di Albino,Madonna di Altino,1919-07-23,LIT,yes,ERR - Frate Anselmo: scambia la data del decreto con la data di incoronazione e la titola Madonna della Fontana.
971,860,Italia,Chieti,Madonna della Consolazione o della Cintura,26-7-1919,#,no,#,,,,,,,,Frate Anselmo: data l'incoronazione 26 luglio 1919. Nessun riferimento in internet.
972,1079,Italia,Canosa di Puglia,Madonna della Fonte,3-8-1919,Capitolo,sì,1,,,,,,,,ERR - Frate Anselmo: scambia la data del decreto con la data di incoronazione.
973,878,Italia,Parghelia,Madonna di Portosalvo,10-8-1919,Capitolo,sì,1,,,,,,,,"Frate Anselmo: data l'incoronazione 20 febbraio 1918, ma tra parentesi riporta: ""solenn. 10-VIII-1919"""
974,903,Italia,"Teano, frazione di Borgonuovo",Madonna della Libera,15-8-1919,#,no,#,,,,,,,,ERR - Frate Anselmo: data l'incoronazione 15 agosto 1919. Nessun riferimento in internet.
975,1141,Polonia,Borek Stary,Nostra Signora di Borek,15-8-1919,Capitolo,sì,1,,,,,,,,ERR - Frate Anselmo: scambia la data del decreto con la data di incoronazione e la titola: Santa Maria di Chiaromonte.
976,922,Italia,Sant'Agnello,Madonna Annunziata,17-8-1919,Capitolo,sì,1,place+title+year,santa-maria-annunziata-sant-agnello-di-sorrento,Sant'Agnello di Sorrento (Angri),Santa Maria Annunziata,1919-08-17,LIT,yes,ERR - Frate Anselmo: scambia la data del decreto con la data di incoronazione.
977,1033,Italia,Izano,Madonna della Pallavicina,25-8-1919,Capitolo,sì,1,,,,,,,,ERR - Frate Anselmo: scambia la data del decreto con la data di incoronazione.
978,968,Italia,Monte Compatri,Madonna del Castagno,31-8-1919,Capitolo,sì,1,,,,,,,,ERR - Frate Anselmo: scambia la data del decreto con la data di incoronazione.
979,1021,Italia,Sovere,Madonna della Torre,7-9-1919,Capitolo,sì,1,,,,,,,,ERR - Frate Anselmo: scambia la data del decreto con la data di incoronazione.
980,1042,Italia,Carnago,Madonna dei Miracoli,7-9-1919,#,no,#,,,,,,,,ERR - Frate Anselmo: data l'incoronazione 11 agosto 1919.
981,941,Italia,Fiorano Modenese,Madonna di Fiorano,8-9-1919,Capitolo,sì,1,,,,,,,,ERR - Frate Anselmo: scambia la data del decreto con la data di incoronazione e la colloca a Fiorano.
982,770,Brasile,Recife,Nostra Signora del Monte Carmelo,21-9-1919,B.P.,sì,1,place+title+year,simulacrum-cedrino-ligno-sculptum-beatae-mariae,Recife,"simulacrum, cedrino ligno sculptum, Beatae Mariae Virginis de Monte Carmelo",1919-09-21,AAS,yes,ERR - Frate Anselmo: data l'incoronazione 12 novembre 1918.
983,1010,Italia,Albino,Madonna del Pianto,21-9-1919,Capitolo,sì,1,place+title+year,madonna-del-pianto-albino,Albino,Madonna del Pianto,1919-09-21,LIT,yes,ERR - Frate Anselmo: scambia la data del decreto con la data di incoronazione.
984,901,Italia,Parete,Madonna della Rotonda,5-4-1920,Capitolo,sì,1,,,,,,,,ERR - Frate Anselmo: data l'incoronazione 15 ottobre 1919.
985,908,Italia,Napoli,Santa Maria Ausiliatrice,18-4-1920,Capitolo,sì,1,,,,,,,,ERR - Frate Anselmo: scambia la data del decreto con la data di incoronazione.
986,1102,Italia,Viareggio,Madonna Addolorata,9-5-1920,Capitolo,sì,1,place+title+year,maria-santissima-addolorata-viareggio,Viareggio,Maria Santissima Addolorata,1920-05-09,AAS+LIT,yes,ERR - Frate Anselmo: scambia la data del decreto con la data di incoronazione.
987,1099,Italia,Impruneta,Madonna dell'Impruneta,9-5-1920,#,no,#,,,,,,,,Frate Anselmo: riporta la data di incoronazione 10 marzo 1920 e aggiunge tra parentesi: sol. 9-V-1920.
988,1083,Italia,Lecce,Madonna del Carmine,13-5-1920,#,no,#,,,,,,,,Frate Anselmo: data l'incoronazione 13 maggio 1920. Nessun riferimento in internet.
989,958,Italia,San Giovanni Incarico,Madonna della Guardia,25-5-1920,Capitolo,sì,1,,,,,,,,ERR - Frate Anselmo: scambia la data del decreto con la data di incoronazione.
990,930,Italia,Eboli,Madonna Addolorata,30-5-1920,Capitolo,sì,1,place+title+year,santa-maria-addolorata-santa-maria-della-pieta-e,Eboli,"Santa Maria Addolorata, Santa Maria della Pietà",1920-05-30,LIT,yes,ERR - Frate Anselmo: scambia la data del decreto con la data di incoronazione.
991,1193,Spagna,Orihuela,Nostra Signora di Monserrato,31-5-1920,B.P.,sì,1,place+title+year,nuestra-senore-de-monserrate-orihuela,Orihuela,Nuestra Señore De Monserrate,1920-05-31; 1959,LIT,yes,ERR - Frate Anselmo: scambia la data del decreto con la data di incoronazione.
992,972,Italia,Roma,Madonna in Cosmedin,20-6-1920,Capitolo,sì,2,church+title,santa-maria-in-cosmedin-detta-la-bocca-della-ver,"Rome, Santa Maria in Cosmedin",Santa Maria in Cosmedin detta la Bocca della Verità,1672,LIT,no,
993,971,Italia,Roma,Madonna degli Angeli,27-6-1920,Capitolo,sì,1,church+title+year,santa-maria-degli-angeli-rome,Rome,Santa Maria degli Angeli,1920-06-27,AAS,yes,ERR - Frate Anselmo: scambia la data del decreto con la data di incoronazione e la colloca presso le Terme di Diocleziano.
994,995,Italia,Genova,Madonna della Consolazione,27-6-1920,Capitolo,sì,1,place+title+year,la-madonnetta-genoa-carbonara,Genoa (Carbonara),La Madonnetta,1920-06-27,LIT,yes,ERR - Frate Anselmo: scambia la data del decreto con la data di incoronazione.
995,832,Francia,Bar le Duc,Nostra Signora du Guet,4-7-1920,Capitolo,sì,1,place+title+year,notre-dame-du-guet-reine-de-la-paix-bar-le-duc,Bar-le-Duc,"Notre Dame Du Guet, Reine De La Paix",1920-07-04,LIT,yes,ERR - Frate Anselmo: data l'incoronazione 8 giugno 1919 e tra le note inserisc (solen. 4 luglio 1920) e la titola: Santa Maia du Gnet.
996,1060,Italia,Molare,"Santa Maria ""Auxilium Christianorum""",15-7-1920,#,no,#,,,,,,,,Frate Anselmo: data l'incoronazione 15 luglio 1920. Nessun riferimento in internet.
997,1191,Spagna,Cocentaina,Nostra Signora del Miracolo,8-8-1920,Capitolo,sì,1,,,,,,,,ERR - Frate Anselmo: la colloca a Concentaina. Frate Anselmo: scambia la data del decreto con la data di incoronazione.
998,1018,Italia,Nembro,"Santa Maria ""Mater Misericordiae""",8-8-1920,Capitolo,sì,1,,,,,,,,ERR - Frate Anselmo: scambia la data del decreto con la data di incoronazione.
999,1052,Italia,Penna San Giovanni,Madonna del Rosario,15-8-1920,Capitolo,sì,1,,,,,,,,Frate Anselmo: data l'incoronazione 15 agosto 1920.
1000,953,Italia,Arpino,Santa Maria Assunta,15-8-1920,B.P.,sì,1,,,,,,,,Frate Anselmo: la cita in appendice. ERR - Bonci non la cita.
1001,866,Italia,San Martino d'Agri,Madonna della Rupe,20-8-1920,Capitolo,sì,1,,,,,,,,ERR - Frate Anselmo: scambia la data del decreto con la data di incoronazione.
1002,1107,Italia,San Quirico d'Orcia,Madonna di Vitaleta,1-9-1920,Capitolo,sì,1,,,,,,,,ERR - Frate Anselmo: scambia la data del decreto con la data di incoronazione.
1003,1005,Italia,"Sestri Levante, frazione di San Bartolomeo della Ginestra",Madonna del Soccorso,5-9-1920,#,no,#,,,,,,,,Frate Anselmo: data l'incoronazione 5 settembre 1920. Nessun riferimento in internet.
1004,943,Italia,Bettola,Madonna della Quercia,5-9-1920,Capitolo,sì,1,place+title+year,madonna-della-quercia-bettola,Bettola,Madonna della Quercia,1920-09-05,AAS+LIT,yes,ERR - Frate Anselmo: scambia la data del decreto con la data di incoronazione.
1005,1144,Polonia,Turawa,Nostra Signora di Zawada,8-9-1920,Capitolo,sì,1,,,,,,,,"ERR - Frate Anselmo: la colloca a Zaggada, la titola: Santa Maria di Zagadda e data l'incoronazione 18 novembre 1913."
1006,1007,Italia,"Finale Ligure, quartiere di Finalpia",Madonna detta la Vergine Pia,8-9-1920,Capitolo,sì,1,,,,,,,,ERR - Frate Anselmo: scambia la data del decreto con la data di incoronazione.
1007,818,Francia,Quézac,Nostra Signora di Quézac,9-9-1920,B.P.,sì,1,,,,,,,,ERR - Frate Anselmo: non la cita.
1008,1009,Italia,Albano Sant'Alessandro,Madonna delle Rose,14-9-1920,Capitolo,sì,1,,,,,,,,ERR - Frate Anselmo: scambia la data del decreto con la data di incoronazione.
1009,986,Italia,Nepi,Madonna della Vittoria,19-9-1920,Capitolo,sì,1,,,,,,,,
1010,892,Italia,Bucciano,Madonna del Monte Taburno,22-9-1920,Capitolo,sì,1,,,,,,,,ERR - Frate Anselmo: scambia la data del decreto con la data di incoronazione.
1011,764,Argentina,San Salvador de Jujuy,Nostra Signora del Rosario del Rio Blanco e Paypaya,31-10-1920,Capitolo,sì,1,,,,,,,,ERR - Frate Anselmo: data l'incoronazione 10 agosto 1914.
1012,993,Italia,Genova,Madonna delle Vigne,21-11-1920,B.P.,sì,1,place+title+year,nostra-signora-delle-vigne-genoa,Genoa,Nostra Signora delle Vigne,1920-11-21,AAS,yes,ERR - Frate Anselmo: non la cita.
1013,1035,Italia,Ostiglia,Madonna della Comuna,23-11-1920,Capitolo,sì,1,,,,,,,,ERR - Frate Anselmo: scambia la data del decreto con la data di incoronazione.
1014,756,Messico,Zapopan,Nostra Signora di Zapopan,18-1-1921,Capitolo,sì,1,,,,,,,,"ERR - Frate Anselmo: scambia la data del decreto con la data di incoronazione, la colloca a Guadalaxara.e la titola Santa Maria di Zopopan"
1015,1105,Italia,Prato,Madonna del Soccorso,5-5-1921,Capitolo,sì,1,,,,,,,,ERR - Frate Anselmo: scambia la data del decreto con la data di incoronazione.
1016,1068,Italia,Niella Tanaro,Madonna del Sacro Cuore di Gesù,16-6-1921,#,no,#,,,,,,,,Frate Anselmo: data l'incoronazione 16 giugno 1921. Nessun riferimento in internet.
1017,1043,Italia,Fabriano,Madonna delle Lacrime,17-7-1921,#,no,#,,,,,,,,"Frate Anselmo: la titola: Santa Maria delle Lagrime, delle Domenicane di S. Agnese e data l'incoronazione 17 luglio 1921 e tra parentesi aggiunge: solenn 4-VII. Nessun riferimento in internet."
1018,1051,Italia,Montecosaro,Madonna Addolorata,22-7-1921,#,no,#,,,,,,,,Frate Anselmo: data l'incoronazione 22 luglio 1921. Nessun riferimento in internet.
1019,830,Francia,Guern,Nostra Signora di Quelven,15-8-1921,Capitolo,sì,1,,,,,,,,ERR - Frate Anselmo: data l'incoronazione 24 dicembre 1912.
1020,816,Francia,Vissac-Auteyrac,Nostra Signora di Auteyrac,28-8-1921,B.P.,sì,1,,,,,,,,ERR - Frate Anselmo: non la cita.
1021,962,Italia,Minturno,Madonna delle Grazie,31-8-1921,#,no,#,,,,,,,,Frate Anselmo: data l'incoronazione 31 agosto 1921. Nessun riferimento in internet.
1022,1127,Malta,Senglea,Nostra Signora delle Vittorie,4-9-1921,B.P.,sì,1,place+title,maria-bambina-senglea,Senglea,Maria Bambina,,AAS,,ERR - Frate Anselmo: data l'incoronazione 25 aprile 1920.
1023,1023,Italia,"Urgnano, frazione di Basella",Madonna della Basella,8-9-1921,Capitolo,sì,1,,,,,,,,ERR - Frate Anselmo: scambia la data del decreto con la data di incoronazione.
1024,1199,Spagna,Benaguasil,Nostra Signora di Montiel,8-9-1921,B.P.,sì,1,,,,,,,,ERR - Frate Anselmo: data l'incoronazione 18 agosto 1921 e la colloca a Benaguacil.
1025,789,Andorra,Meritxell,Nostra Signora di Meritxell,8-9-1921,Capitolo,sì,1,,,,,,,,ERR - Frate Anselmo: scambia la data del decreto con la data di incoronazione e la colloca a Andorra-Spagna.
1026,794,Belgio,Bruxelles,Nostra Signora della Pace,11-9-1921,B.P.,sì,1,,,,,,,,ERR - Frate Anselmo: non la cita.
1027,872,Italia,"Dipignano, frazione di Laurignano",Madonna della Catena,11-9-1921,Capitolo,sì,1,place+title+year,madonna-della-catena-dipignano-laurignano,Dipignano (Laurignano),Madonna della Catena,1921-09-11; 1984,AAS+LIT,yes,ERR - Frate Anselmo: scambia la data del decreto con la data di incoronazione.
1028,1046,Italia,Senigallia,Madonna Addolorata,18-9-1921,Capitolo,sì,1,place+title+year,santa-maria-addolorata-senigallia,Senigallia,Santa Maria Addolorata,1921-09-18,LIT,yes,ERR - Frate Anselmo: scambia la data del decreto con la data di incoronazione e la colloca a Senigaglia.
1029,781,Perù,Lima,Nostra Signora della Misericordia,24-9-1921,Capitolo,sì,1,place+title+year,nuestra-senora-de-la-merced-lima,Lima,Nuestra Señora de la Merced,1721-09-24; 1921-09-24,AAS+LIT,yes,ERR - Frate Anselmo: scambia la data del decreto con quella di incoronazione.
1030,1118,Italia,Follina,Madonna del Sacro Calice,25-9-1921,Capitolo,sì,1,place+year,madonna-di-follina-santa-maria-assunta-annunciaz,Follina,Madonna di Follina (Santa Maria Assunta / Annunciazione),1921,AAS,yes,ERR - Frate Anselmo: data l'incoronazione 18 luglio 1921.
1031,1133,Polonia,Cracovia,Santa Maria del Rosario,2-10-1921,Capitolo,sì,1,,,,,,,,ERR - Frate Anselmo: data l'incoronazione 15 agosto 1921.
1032,1078,Italia,Vercelli,Madonna degli Infermi,20-11-1921,Capitolo,sì,1,place+title+year,madonna-degli-infermi-vercelli-vercellae,Vercelli (Vercellae),Madonna degli Infermi,1921,AAS,yes,ERR - Frate Anselmo: scambia la data del decreto con la data di incoronazione.
1033,744,El Salvador,San Miguel,Nostra Signora della Pace,21-11-1921,B.P.,sì,1,place+title+year,nuestra-senora-de-la-paz-san-miguel,San Miguel,Nuestra Señora de la Paz,1920,AAS,±1,ERR - Frate Anselmo: non la cita.
1034,849,Germania,Fulda,Nostra Signora di Frauenberg,25-2-1922,#,no,#,,,,,,,,"Frate Anselmo: la titola Santa Maria Gaudiosa, in Monte Mariano e data l'incoronazione 25 febbraio 1922. Nessun riferimento in internet."
1035,1063,Italia,Nizza Monferrato,Santa Maria Ausiliatrice,25-3-1922,Capitolo,sì,1,,,,,,,,Frate Anselmo: data l'incoronazione 25 marzo 1922.
1036,777,Colombia,Bogotà,Nostra Signora dei Rimedi,20-4-1922,#,no,#,,,,,,,,"ERR - Frate Anselmo: non la cita. Bonci: data l'incoronazione 20 aprile 1922 e colloca la Madonna a Bogotà, con il titolo Nuestra Señora de los Remedios. Nessun riferimento in internet."
1037,1120,Italia,Venezia,Madonna della Salute,23-4-1922,Capitolo,sì,1,,,,,,,,ERR - Frate Anselmo: data l'incoronazione 25 febbraio 1922.
1038,751,Messico,Irapuato,Nostra Signora de la Soledad,30-4-1922,Capitolo,sì,1,,,,,,,,ERR - Frate Anselmo: scambia la data del decreto con la data di incoronazione.
1039,1173,Spagna,Alcaràz,Santa Maria de Cortes,1-5-1922,Capitolo,sì,1,,,,,,,,ERR - Frate Anselmo: scambia la data del decreto con la data di incoronazione.
1040,933,Italia,Salerno,Madonna di Costantinopoli,6-8-1922,Capitolo,sì,1,,,,,,,,ERR - Frate Anselmo: scambia la data del decreto con la data di incoronazione.
1041,745,Repubblica Dominicana,Salvaleón de Higüey,Nostra Signora di Altagracia,15-8-1922,B.P.,sì,1,,,,,,,,ERR - Frate Anselmo: non la cita.
1042,1047,Italia,Cupramontana,Madonna della Colonna,20-8-1922,Capitolo,sì,1,,,,,,,,ERR - Frate Anselmo: scambia la data del decreto con la data di incoronazione.
1043,763,Argentina,Buenos Aires,Nostra Signora de Nueva Pompeya,20-8-1922,Capitolo,sì,1,,,,,,,,ERR - Frate Anselmo: scambia la data del decreto con la data di incoronazione.
1044,1092,Italia,Borgetto,Madonna Addolorata di Romitello,27-8-1922,Capitolo,sì,1,,,,,,,,ERR - Frate Anselmo: scambia la data del decreto con la data di incoronazione e la colloca a Monreale.
1045,889,Italia,Sorbo Serpico,Madonna della Neve,2-9-1922,Capitolo,sì,1,,,,,,,,ERR - Frate Anselmo: scambia la data del decreto con la data di incoronazione.
1046,950,Italia,"Prepotto, frazione di Castelmonte",Madonna di Castelmonte,3-9-1922,Capitolo,sì,1,,,,,,,,ERR - Frate Anselmo: scambia la data del decreto con la data di incoronazione e la colloca a Cividale.
1047,1044,Italia,Loreto,Madonna di Loreto,5-9-1922,Capitolo,sì,2,place+title+year,madonna-di-loreto-loreto-lauretum,Loreto (Lauretum),Madonna di Loreto,1922,AAS,yes,ERR - Frate Anselmo: non la cita.
1048,1186,Spagna,Tremp,Madre di Dio di Valldeflores,8-9-1922,B.P.,sì,1,,,,,,,,ERR - Frate Anselmo: data l'incoronazione 15 agosto 1922 e la titola: Santa Maria Valle de Flores.
1049,1159,Spagna,Antequera,Nostra Signora dei Rimedi,10-9-1922,B.P.,sì,1,,,,,,,,ERR - Frate Anselmo: scambia la data del decreto con la data di incoronazione.
1050,837,Francia,Ranton,Nostra Signora della Pietà,12-9-1922,Capitolo,sì,1,,,,,,,,ERR - Frate Anselmo: data l'incoronazione 21 novembre 1921.
1051,762,Argentina,Buenos Aires,Nostra Signora del Rosario e della riconquista e difesa di Buenos Aires,22-10-1922,Capitolo,sì,1,,,,,,,,ERR - Frate Anselmo: non la cita.
1052,960,Italia,Vallecorsa,Santa Maria della Sanità,22-10-1922,Capitolo,sì,1,,,,,,,,ERR - Frate Anselmo: data l'incoronazione 22 novembre 1891.
1053,924,Italia,Torre Annunziata,Madonna della Neve,22-10-1922,Capitolo,sì,1,,,,,,,,ERR - Frate Anselmo: scambia la data del decreto con la data di incoronazione.
1054,1026,Italia,"Bedizzole, frazione di Masciaga",Madonna di Masciaga,22-10-1922,Capitolo,sì,1,,,,,,,,ERR - Frate Anselmo: scambia la data del decreto con la data di incoronazione.
1055,870,Italia,Cosenza,Santa Maria del Pilerio,12-11-1922,Capitolo,sì,2,,,,,,,,ERR - Frate Anselmo: data l'incoronazione 4 maggio 1922 e riporta tra parentesi: solen. 12-XI-1932
1056,1215,Spagna,Cartagena,Nostra Signora della Carità,17-4-1923,Capitolo,sì,1,,,,,,,,ERR - Frate Anselmo: scambia la data del decreto con la data di incoronazione.
1057,1219,Spagna,"Vitoria-Gasteiz, località Estibaliz",Nostra Signora di Estibaliz,6-5-1923,B.P.,sì,1,,,,,,,,ERR - Frate Anselmo: data l'incoronazione 15 giugno 1922.
1058,1203,Spagna,Valencia,Nostra Signora degli Abbandonati,12-5-1923,B.P.,sì,1,place+title+year,nuestra-senora-de-los-desamparados-mare-de-deu-d,Valencia,Nuestra Señora de los Desamparados / Mare de Déu dels Desamparats,1923,AAS,yes,"ERR - Frate Anselmo: scambia la data del decreto con la data di incoronazione e la titola: Santa Maria ""Mater Desertorum""."
1059,755,Messico,Talpa de Allende,Nostra Signora del Rosario,12-5-1923,Capitolo,sì,1,place+title+year,nuestra-senora-del-rosario-de-talpa-talpa-talpa,Talpa (Talpa de Allende),Nuestra Señora del Rosario de Talpa,1923,AAS,yes,ERR - Frate Anselmo: scambia la data del decreto con la data di incoronazione.
1060,867,Italia,Tramutola,Madonna dei Miracoli,17-5-1923,Capitolo,sì,1,,,,,,,,ERR - Frate Anselmo: scambia la data del decreto con la data di incoronazione.
1061,813,Francia,Arras,Nostra Signora di Ardent,27-5-1923,B.P.,sì,1,,,,,,,,ERR - Frate Anselmo: non la cita.
1062,1041,Italia,Voghera,Madonna delle Grazie,27-5-1923,Capitolo,sì,1,,,,,,,,ERR - Frate Anselmo: scambia la data del decreto con la data di incoronazione.
1063,944,Italia,Borgonovo Val Tidone,"Santa Maria ""Mater Divinae Gratiae""",12-6-1923,#,no,#,,,,,,,,Frate Anselmo: data l'incoronazione 12 giugno 1923. ERR - Frate Anselmo: la colloca in Borgonovo Vatidone. Nessun riferimento in internet.
1064,897,Italia,Capua,Madonna Immacolata,29-6-1923,Capitolo,sì,1,,,,,,,,ERR - Frate Anselmo: scambia la data del decreto con la data di incoronazione.
1065,1143,Polonia,Gidle,Nostra Signora di Gidle,19-8-1923,Capitolo,sì,1,,,,,,,,ERR - Frate Anselmo: data l'incoronazione 21 novembre 1922.
1066,831,Francia,Chateauneuf-sur-cher,Nostra Signora dei Bambini,26-8-1923,Capitolo,sì,1,,,,,,,,ERR - Frate Anselmo: scambia la data del decreto con la data di incoronazione.
1067,1194,Spagna,Villena,Nostra Signora delle Virtù,6-9-1923,B.P.,sì,1,,,,,,,,ERR - Frate Anselmo: data l'incoronazione 12 giugno 1923.
1068,827,Francia,Fougères,Nostra Signora delle Paludi,8-9-1923,B.P.,sì,1,,,,,,,,ERR - Frate Anselmo: non la cita.
1069,1110,Italia,Crespano del Grappa,Madonna del Covolo,8-9-1923,Capitolo,sì,1,,,,,,,,ERR - Frate Anselmo: scambia la data del decreto con la data di incoronazione.
1070,1185,Spagna,Les Masies de Voltregà,Nostra Signora de La Gleva,8-9-1923,B.P.,sì,1,,,,,,,,Frate Anselmo: data l'incoronazione 25 marzo 1923 e la colloca a Vich.
1071,805,Belgio,Chaudfontaine,Nostra Signora di Chèvremont,9-9-1923,Capitolo,sì,1,,,,,,,,ERR - Frate Anselmo: data l'incoronazione 2 febbraio 1923; la colloca a Liegi e la titola: Santa Amria di Caprimonte (de Chèvrmont). Bonci data l'incoronazione 9 settembre 1923. ERR - Bonci: la vuole incoronata direttamente da papa Pio XI.
1072,1049,Italia,Appignano,Madonna Addolorata,16-9-1923,Capitolo,sì,1,,,,,,,,ERR - Frate Anselmo: scambia la data del decreto con la data di incoronazione.
1073,988,Italia,Tuscania,Madonna Addolorata,16-9-1923,Capitolo,sì,1,,,,,,,,ERR - Frate Anselmo: data l'incoronazione 25 giugno 1923.
1074,1154,Spagna,Guadix,Vergine Addolorata,21-9-1923,B.P.,sì,1,,,,,,,,ERR - Frate Anselmo: data l'incoronazione 24 febbraio 1923 e la titola: S. M. Addolorata o de las Angustas.
1075,1053,Italia,Recanati,Madonna della Pietà,23-9-1923,Capitolo,sì,1,,,,,,,,ERR - Frate Anselmo: scambia la data del decreto con la data di incoronazione.
1076,844,Francia,Béhuard,Nostra Signora di Béhuard,24-9-1923,B.P.,sì,1,,,,,,,,ERR - Frate Anselmo: non la cita.
1077,803,Belgio,"Charleroi, frazione di Marcinelle",Nostra Signora delle Grazie,30-9-1923,Capitolo,sì,1,,,,,,,,ERR - Frate Anselmo: scambia la data del decreto con la data di incoronazione e la colloca a Macinelle.
1078,748,Messico,"Città del Messico, zona Guerrero",Nostra Signora degli Angeli,23-10-1923,Capitolo,sì,1,,,,,,,,Frate Anselmo: la colloca nel suburbio. ERR - Frate Anselmo: data l'incoronazione 20 maggio 1923.
1079,1032,Italia,"Tremezzina, borgo di Ossuccio",Madonna del Soccorso,18-11-1923,#,no,#,,,,,,,,Frate Anselmo: data l'incoronazione 18 novembre 1923 e la colloca a Isola-Lago di Como. Nessun riferimento in internet.
1080,1195,Spagna,Castellòn de la Plana,Nostra Signora di Lledó,4-5-1924,B.P.,sì,1,,,,,,,,ERR - Frate Anselmo: data l'incoronazione 15 aprile 1923 e la titola: Santa Maria de Lindon.
1081,802,Belgio,Charleroi,Nostra Signora al Bastione,25-5-1924,B.P.,sì,1,,,,,,,,"ERR - Frate Anselmo: data l'incoronazione 15 aprile 1923 e la titola: Santa Maria Immacolata super Moeniis (o N.D. du Remport). ERR - Frate Anselmo: erra citando du Remport, la versione corretta è du Rempart (bastione)."
1082,928,Italia,Cava de' Tirreni,Madonna dell'Olmo,17-6-1924,Capitolo,sì,2,place+title+year,madonna-dell-olmo-cava-de-tirreni,Cava de' Tirreni,Madonna dell’Olmo,1766-06-15; 1924,LIT,yes,Frate Anselmo: data l'incoronazione 17 giugno 1924
1083,1096,Italia,"Leni, frazione di Valdichiesa",Madonna del Terzito,17-6-1924,#,no,#,,,,,,,,ERR - Frate Anselmo: la colloca a Valle di Chiesa. Frate Anselmo: data l'incoronazione 17 giugno 1924. Nessun riferimento in internet.
1084,1050,Italia,Cingoli,Madonna del Rosario,18-6-1924,#,no,#,,,,,,,,Frate Anselmo: data l'incoronazione 18 giugno 1924. Nessun riferimento in internet.
1085,979,Italia,Roma,Madonna delle Grazie,22-6-1924,Capitolo,sì,2,church+title,santa-maria-delle-grazie-in-s-lorenzo-in-lucina,"Rome, San Lorenzo in Lucina (Madonna delle Grazie)",Santa Maria delle Grazie in S. Lorenzo in Lucina,1678-07-28,LIT,no,ERR - Frate Anselmo: data l'incoronazione 2 febbraio 1924.
1086,980,Italia,Roma,Madonna delle Grazie,22-6-1924,Capitolo,sì,2,church+title,santa-maria-delle-grazie-in-s-lorenzo-in-lucina,"Rome, San Lorenzo in Lucina (Madonna delle Grazie)",Santa Maria delle Grazie in S. Lorenzo in Lucina,1678-07-28,LIT,no,ERR - Frate Anselmo: non la cita.
1087,788,Sri Lanka,Madhu,Nostra Signora del Rosario,2-7-1924,B.P.,sì,1,,,,,,,,ERR - Frate Anselmo: non la cita.
1088,919,Italia,Procida,Madonna delle Grazie,10-8-1924,Capitolo,sì,1,,,,,,,,ERR - Frate Anselmo: scambia la data del decreto con la data di incoronazione e nell'elenco per date la colloca a Progida.
1089,798,Belgio,Overijse,Nostra Signora nel Bosco,15-8-1924,Capitolo,sì,1,,,,,,,,"ERR - Frate Anselmo: scambia la data del decreto con la data di incoronazione; la colloca a Bruxelle e la titola: Santa Maria ""Mater Divinae Gratiae"" o Iesu Quercu in Sylva Zonia. Nell'elenco per località la data 5 luglio 1922."
1090,1123,Italia,Cismon del Grappa,Madonna del Pedancino,18-8-1924,Capitolo,sì,1,,,,,,,,Frate Anselmo: la colloca a Cismon. ERR - Frate Anselmo: scambia la data del decreto con la data di incoronazione.
1091,1027,Italia,Monte Isola,Madonna della Ceriola,30-8-1924,Capitolo,sì,1,,,,,,,,ERR - Frate Anselmo: la colloca a Montisola e data l'incoronazione 15 febbraio 1924 ed aggiunge tra parentesi: solen. VIII-1924
1092,743,Cuba,L'Avana,Bambino Gesù di Praga,7-9-1924,Capitolo,sì,1,,,,,,,,ERR - Frate Anselmo: data l'incoronazione 6 gennaio 1927; la colloca nella chiesa dei Carmelitani Scalzi.
1093,890,Italia,Trevico,Madonna della Libera,7-9-1924,Capitolo,sì,1,,,,,,,,ERR - Frate Anselmo: scambia la data del decreto con la data di incoronazione.
1094,992,Italia,Arenzano,Santo Bambino Gesù di Praga,7-9-1924,Capitolo,sì,1,place+year,sacra-infantis-pragensis-effigies-arenzano,Arenzano,Sacra Infantis Pragensis effigies,1924-02-24,AAS,yes,ERR - Frate Anselmo: data l'incoronazione 24 febbraio 1924 e poi aggiunge tra parentesi: solen. 8-IX-1924.
1095,1116,Italia,"Pettorazza Grimani, frazione di Pettorazza Papafava",Madonna delle Grazie,7-9-1924,Capitolo,sì,1,,,,,,,,ERR - Frate Anselmo: scambia la data del decreto con la data di incoronazione.
1096,1178,Spagna,Campillo de Altobuey,Vergine della Loma,8-9-1924,B.P.,sì,1,,,,,,,,ERR - Frate Anselmo: non la cita.
1097,948,Italia,Pordenone,Madonna delle Grazie,8-9-1924,Capitolo,sì,1,,,,,,,,ERR - Frate Anselmo: scambia la data del decreto con la data di incoronazione.
1098,758,Messico,Acatzingo,Nostra Signora dei Dolori,15-9-1924,Capitolo,sì,1,,,,,,,,ERR - Frate Anselmo: scambia la data del decreto con la data di incoronazione.
1099,784,Filippine,Naga City,Nostra Signora di Peñafrancia,20-9-1924,B.P.,sì,1,,,,,,,,Frate Anselmo: la titola: Santa Maria de Peña di Francia. ERR - Frate Anselmo: data l'incoronazione 13 maggio 1920 e la colloca a Nuova Cáceres.
1100,1066,Italia,Ceva,Madonna Addolorata,21-9-1924,Capitolo,sì,1,,,,,,,,ERR - Frate Anselmo: scambia la data del decreto con la data di incoronazione.
1101,1135,Polonia,Staniątki,Nostra Signora Addolorata,21-9-1924,Capitolo,sì,1,,,,,,,,Frate Anselmo: data l'incoronazione 21 luglio 1913. Nessun riferimento in internet.
1102,1197,Spagna,Albaida,Santa Maria del Rimedio,6-10-1924,Capitolo,sì,1,,,,,,,,ERR - Frate Anselmo: scambia la data del decreto con la data di incoronazione.
1103,1171,Spagna,Olmedo,Vergine de la Soterraña,10-10-1924,B.P.,sì,1,,,,,,,,ERR - Frate Anselmo: data l'incoronazione 23 settembre 1924 e la colloca a Ulmeto.
1104,1207,Spagna,Càceres,Nostra Signora della Montagna,12-10-1924,Capitolo,sì,1,,,,,,,,ERR - Frate Anselmo: scambia la data del decreto con la data di incoronazione.
1105,747,Messico,Città del Messico,Santa Maria de los Remedios,20-10-1924,#,no,#,,,,,,,,Frate Anselmo: la colloca a Messico e data l'incoronazione 20 ottobre 1924. Nessun riferimento in internet.
1106,1146,Repubblica Ceca,Litoměřice,Santa Maria Addolorata Mariascheinense,18-1-1925,#,no,#,,,,,,,,Frate Anselmo: data l'incoronazione 18 gennaio 1925 e la colloca nella Boemia. Nessun riferimento in internet.
1107,883,Italia,Avella,Madonna delle Grazie,25-2-1925,#,no,#,,,,,,,,Frate Anselmo: data l'incoronazione 25 febbraio 1925. Nessun riferimento in internet.
1108,1151,Spagna,Jerez de la Frontera,Santa Maria de Monte Carmelo,23-4-1925,B.P.,sì,1,place+title+year,nuestra-senora-del-carmen-jerez-de-la-frontera,Jerez de la Frontera,Nuestra Señora del Carmen,1925,AAS,yes,ERR - Frate Anselmo: data l'incoronazione 7 ottobre 1924 e la colloca a Xeres de la Frontera.
1109,1198,Spagna,Algemesi,Santa Maria della Salute,25-4-1925,B.P.,sì,1,,,,,,,,ERR - Frate Anselmo: data l'incoronazione 11 gennaio 1925 e tra parentesi riporta: solen. 18-I-25
1110,1017,Italia,Ghisalba,Madonna Assunta,26-4-1925,Capitolo,sì,1,,,,,,,,ERR - Frate Anselmo: scambia la data del decreto con la data di incoronazione.
1111,1174,Spagna,Almansa,Nostra Signora di Betlemme,5-5-1925,B.P.,sì,1,,,,,,,,ERR - Frate Anselmo: scambia la data del decreto con la data di incoronazione e nell'elenco per date la colloca ad Almausa.
1112,857,Germania,Kamp-Bornhofen,Santa Maria Addolorata,10-5-1925,Capitolo,sì,1,,,,,,,,ERR - Frate Anselmo: scambia la data del decreto con la data di incoronazione e la colloca nella Prussia.
1113,1111,Italia,Este,Madonna delle Grazie,17-5-1925,Capitolo,sì,1,,,,,,,,ERR - Frate Anselmo: scambia la data del decreto con la data di incoronazione.
1114,942,Italia,Fontanellato,Madonna del Rosario,21-5-1925,#,no,#,place+title+year,madonna-del-rosario-di-fontanellato-fontanellato,Fontanellato,Madonna del Rosario di Fontanellato,1660; 1925,AAS+ASS,yes,Frate Anselmo: data l'incoronazione 21 maggio 1925 con Breve Papale e per la terza volta. Nessun riferimento in internet.
1115,911,Italia,Napoli,Madonna Addolorata,2-6-1925,#,no,#,,,,,,,,ERR - Frate Anselmo: data l'incoronazione 2 giugno 1925. Nessun riferimento in internet.
1116,852,Germania,Colonia,Madre di Dio Nera,7-6-1925,Capitolo,sì,1,,,,,,,,ERR - Frate Anselmo: data l'incoronazione 3 aprile 1925.
1117,1003,Italia,La Spezia,Madonna della Salute,28-6-1925,Capitolo,sì,1,,,,,,,,ERR - Frate Anselmo: scambia la data del decreto con la data di incoronazione.
1118,1056,Italia,Campobasso,Madonna della Libera,2-7-1925,Capitolo,sì,1,,,,,,,,Frate Anselmo: la colloca a Campobasso. Frate Anselmo: data l'incoronazione 25 ottobre 1924 e tra parentesi; solen. 2-VII-1925.
1119,769,Bolivia,Copacabana,Nostra Signora della Candelora di Capocabana,1-8-1925,Capitolo,sì,1,,,,,,,,"ERR - Frate Anselmo: data l'incoronazione 15 maggio 1919 (è la data di presentazione della supplica al Capitolo Vaticano), inoltre cita una seconda registrazione in cui riporta la data d'incoronazione 28 luglio 1925 e tra parentesi: solen. 6-VIII."
1120,1048,Italia,Montefortino,Madonna dell'Ambro,9-8-1925,Capitolo,sì,1,,,,,,,,ERR - Frate Anselmo: scambia la data del decreto con la data di incoronazione.
1121,1142,Polonia,Piekary Śląskie,Nostra Signora di Piekary,15-8-1925,B.P.,sì,1,place+title,matka-boza-piekarska-piekary-slaskie,Piekary Śląskie,Matka Boża Piekarska,,AAS,,ERR - Frate Anselmo: data l'incoronazione 21 dicembre 1924 e tra poarentesi aggiunge: solen. 6-I-925; la colloca a Piekary Wielkic nella parrocchiale.
1122,1136,Polonia,Przeczyca,Beata Vergine Maria Assunta,15-8-1925,Capitolo,sì,1,,,,,,,,Frate Anselmo: la titola: Santa Maria nella chiesa Parrocchiale. ERR - Frate Anselmo: scambia la data del decreto con la data di incoronazione.
1123,920,Italia,Roccarainola,Madonna Addolorata,22-8-1925,#,no,#,,,,,,,,Frate Anselmo: data l'incoronazione 22 agosto 1925. Nessun riferimento in internet.
1124,1038,Italia,Saronno,Madonna dei Miracoli,6-9-1925,Capitolo,sì,#,,,,,,,,Frate Anselmo: data l'incoronazione 16 maggio 1925.
1125,1138,Polonia,Tarnowiec,Nostra Signora dell'Affidamento,8-9-1925,Capitolo,sì,1,,,,,,,,Frate Anselmo: la titola:Santa Maria nella chiesa Parrocchiale. ERR - Frate Anselmo: scambia la data del decreto con la data di incoronazione e la colloca a Tarnowec.
1126,1216,Spagna,Cehegin,Nostra Signora delle Meraviglie,10-9-1925,B.P.,sì,1,,,,,,,,ERR - Frate Anselmo: scambia la data del decreto con la data di incoronazione e la titola: Santa Maria de Portentis.
1127,1117,Italia,Castello di Godego,Madonna della Crocetta,22-9-1925,#,no,#,,,,,,,,Frate Anselmo: data l'incoronazione 22 settembre 1925. Nessun riferimento in internet.
1128,759,Messico,Charcas,Nostra Signora del Rosario,15-10-1925,#,no,#,,,,,,,,Frate Anselmo: data l'incoronazione 15 ottobre 1925. Nessun riferimento in internet.
1129,970,Italia,Roma,Madonna di Guadalupe,25-10-1925,Capitolo,sì,1,,,,,,,,ERR - Frate Anselmo: scambia la data del decreto con la data di incoronazione.
1130,1101,Italia,Lucca,"Madonna Lauretana, detta Corteorlandini",10-12-1925,Capitolo,sì,1,,,,,,,,ERR - Frate Anselmo: scambia la data del decreto con la data di incoronazione.
1131,1114,Italia,"Adria, frazione di Fasana Polesine",Madonna delle Grazie,24-12-1925,#,no,#,,,,,,,,Frate Anselmo: data l'incoronazione 24 dicembre 1925. ERR - Frate Anselmo: la colloca a Rovigo. Nessun riferimento in internet.
1132,1055,Italia,Tolentino,Madonna del Sacrario,10-2-1926,#,no,#,,,,,,,,"Frate Anselmo: la colloca a Tolentino, nella cattedrale; data l'incoronazione 10 febbraio 1926. Nessun riferimento in internet."
1133,912,Italia,"Napoli, quartiere di Miano",Madonna dell'Arco,14-3-1926,#,no,#,,,,,,,,Frate Anselmo: data l'incoronazione 14 marzo 1926. Nessun riferimento in internet.
1134,904,Italia,Vitulazio,Madonna dell'Agnena,11-4-1926,Capitolo,sì,1,,,,,,,,ERR - Frate Anselmo: scambia la data del decreto con la data di incoronazione.
1135,787,Filippine,Manaoag,Nostra Signora del Santissimo Rosario di Manáoag,21-4-1926,B.P.,sì,1,,,,,,,,ERR - Frate Anselmo: non la cita.
1136,1155,Spagna,Villa De Zùjar,Nostra Signora della Testa,24-4-1926,B.P.,sì,1,,,,,,,,"Frate Anselmo: la titola: Santa Maria a Capite, vulgo S.M. de la Cabeza. ERR - Frate Anselmo: data l'incoronazione 16 aprile 1926."
1137,742,Costa Rica,Cartago,Nostra Signora degli Angeli,25-4-1926,Capitolo,sì,1,,,,,,,,ERR - Frate Anselmo: data l'incoronazione 20 ottobre 1924. ERR - Bonci: data l'incoronazione 20 aprile 1924.
1138,1106,Italia,Poggibonsi,Madonna del Romituzzo,25-4-1926,B.P.,sì,1,,,,,,,,ERR - Frate Anselmo: considera la data del decreto come data di incoronazione.
1139,1098,Italia,Firenze,Madonna Annunziata,2-5-1926,Capitolo,sì,1,,,,,,,,ERR - Frate Anselmo: scambia la data del decreto con la data di incoronazione.
1140,1182,Spagna,Toledo,Vergine del Tabernacolo,30-5-1926,B.P.,sì,1,place+title,nuestra-senora-del-sagrario-toledo-toletum,Toledo (Toletum),Nuestra Señora del Sagrario,,AAS,,ERR - Frate Anselmo: non la cita.
1141,1040,Italia,Pavia,Madonna Incoronata di Canepanova,30-5-1926,Capitolo,sì,1,,,,,,,,ERR - Frate Anselmo: scambia la data del decreto con la data di incoronazione.
1142,1087,Italia,Adrano,Santa Maria Ausiliatrice,11-6-1926,#,no,#,,,,,,,,"Frate Anselmo: la titola: Santa Maria Ausiliatrice, nella chiesa di S. Chiara. Nessun riferimento in internet."
1143,1058,Italia,Frosolone,Madonna Immacolata,29-6-1926,Capitolo,sì,1,,,,,,,,ERR - Frate Anselmo: scambia la data del decreto con la data di incoronazione.
1144,869,Italia,Belvedere Marittimo,Madonna delle Grazie e della Consolazione,2-7-1926,Capitolo,sì,1,,,,,,,,ERR - Frate Anselmo: data l'incoronazione 24 dicembre 1925.
1145,882,Italia,Atripalda,Madonna del Carmelo,15-7-1926,Capitolo,sì,1,,,,,,,,ERR - Frate Anselmo: data l'incoronazione 11 giugno 1926.
1146,843,Francia,Font-Romeu-Odeillo-Via,Nostra Signora di Font-Romeu,4-8-1926,B.P.,sì,1,,,,,,,,ERR - Frate Anselmo: non la cita.
1147,955,Italia,Collepardo,Madonna del Carmelo,8-8-1926,Capitolo,sì,1,,,,,,,,ERR - Frate Anselmo: scambia la data del decreto con la data di incoronazione.
1148,1074,Italia,Torino,Madonna Annunziata,8-8-1926,#,no,#,,,,,,,,Frate Anselmo: data l'incoronazione 8 agosto 1926 e la colloca presso la Madonna del Pilone in Torino. Nessun riferimento in internet.
1149,1222,Svizzera,Metzerlen-Mariastein,Nostra Signora delle Grazie,15-8-1926,B.P.,sì,1,,,,,,,,ERR - Frate Anselmo: non la cita.
1150,868,Italia,Trecchina,Madonna del Perpetuo Soccorso,8-9-1926,Capitolo,sì,1,,,,,,,,ERR - Frate Anselmo: scambia la data del decreto con la data di incoronazione.
1151,957,Italia,Pignataro-Interamna,Madonna Addolorata,21-9-1926,Capitolo,sì,1,,,,,,,,ERR - Frate Anselmo: scambia la data del decreto con la data di incoronazione.
1152,1025,Italia,Bagolino,Madonna di San Luca,21-9-1926,Capitolo,sì,1,,,,,,,,ERR - Frate Anselmo: data l'incoronazione 19 marzo 1925.
1153,785,Filippine,Antipolo,Nostra Signora della Pace e del Buon Viaggio,28-11-1926,B.P.,sì,1,,,,,,,,"ERR - Frate Anselmo: la colloca a Tabora nelle Filippine, la titola: S. M. Antipolense e data l'incoronazione 18 giugno 1925."
1154,977,Italia,Roma,Madonna del Latte,8-12-1926,Capitolo,sì,1,,,,,,,,ERR - Frate Anselmo: non la cita.
1155,876,Italia,Cittanova,Madonna Immacolata,8-12-1926,Capitolo,sì,1,,,,,,,,ERR - Frate Anselmo: scambia la data del decreto con la data di incoronazione.
1156,774,Cile,Santiago del Cile,Santa Maria de Monte Carmelo,19-12-1926,Capitolo,sì,1,place+title+year,nuestra-senora-del-carmen-santiago-de-chile,Santiago de Chile,Nuestra Señora del Carmen,1926,AAS,yes,ERR - Frate Anselmo: data l'incoronazione 21 ottobre 1923
1157,1217,Spagna,Murcia,Vergine della Fuensanta,24-4-1927,B.P.,sì,1,,,,,,,,ERR - Frate Anselmo: data la incronazione 13 febbraio 1927 e la titola: Santa Maria del S. Fonte.
1158,1104,Italia,Prato,Madonna della Pietà,8-5-1927,#,no,#,,,,,,,,Frate Anselmo: data l'incoronazione 8 maggio 1927. Nessun riferimento in internet.
1159,1062,Italia,Asti,Santa Maria Porta Paradisi,29-5-1927,Capitolo,sì,1,,,,,,,,ERR - Frate Anselmo: scambia la data del decreto con la data di incoronazione.
1160,1088,Italia,Adrano,Santa Maria Ausiliatrice,29-5-1927,Capitolo,sì,1,,,,,,,,"Frate Anselmo: la titola: Santa Maria Ausiliatrice, detta di Don Bosco, nella Matrice."
1161,796,Belgio,Leuven,Nostra Signora di Lovanio,29-6-1927,Capitolo,sì,1,place+year,onze-lieve-vrouw-van-scherpenheuvel-notre-dame-d,"Scherpenheuvel (Aspricollis), near Leuven",Onze-Lieve-Vrouw van Scherpenheuvel (Notre-Dame de Montaigu),1872; 1927,AAS,yes,"ERR - Frate Anselmo: scambia la data del decreto con la data di incoronazione e nell'elenco per date data mette 26 giugno 1926 (è un refuso di stampa), mentre nell'elenco per località riporta 26 giugno 1925."
1162,1124,Lituania,Vilnius,Nostra Signora della Porta dell'Aurora,2-7-1927,B.P.,sì,1,,,,,,,,ERR - Frate Anselmo: non la cita.
1163,881,Italia,Ariano Irpino,Madonna del Carmine,16-7-1927,Capitolo,sì,1,,,,,,,,Frate Anselmo: la colloca a Ariano di Puglia nell'elenco per date e ad Ariano nell'elenco per località. ERR - Frate Anselmo: scambia la data del decreto con la data di incoronazione.
1164,1223,Svizzera,Morbio Inferiore,Santa Maria dei Miracoli,29-7-1927,Capitolo,sì,1,place+year,beata-maria-virgo-a-miraculis-morbio-inferiore,Morbio Inferiore,Beata Maria Virgo « a Miraculis »,1927,AAS,yes,ERR - Frate Anselmo: data l'incoronazione 21 settembre 1926. ERR - Bonci: data l'incoronazione 31 luglio 1927.
1165,1081,Italia,Accadia,Madonna del Carmine,21-8-1927,Capitolo,sì,1,,,,,,,,ERR - Frate Anselmo: scambia la data del decreto con la data di incoronazione.
1166,1091,Italia,Montalbano Elicona,Madonna della Provvidenza,24-8-1927,Capitolo,sì,1,place+title,maria-santissima-della-divina-provvidenza-montal,Montalbano Elicona,Maria Santissima della Divina Provvidenza,,AAS,,ERR - Frate Anselmo: scambia la data del decreto con la data di incoronazione.
1167,855,Germania,Aquisgrana,"Santa Maria ""Auxilium Christianorum""",4-9-1927,Capitolo,sì,1,,,,,,,,"Frate Anselmo: data l'incoronazione 8 maggio 1927 e la titola Santa Maria ""Auxilium Christianorum"". ERR - la colloca nella Prussia ed in particolare nella Collegiata."
1168,780,Perù,Lima,Nostra Signora del Rosario,2-10-1927,Capitolo,sì,1,,,,,,,,"ERR - Frate Anselmo: data l'incoronazione 31 maggio 1932 nell'elenco per date, mentre 31 maggio 1922 nell'elenco per località."
1169,1112,Italia,Padova,Madonna dei Lumini,16-10-1927,Capitolo,sì,1,,,,,,,,Frate Anselmo: la titola: Santa Maria dei Lumi. ERR - Frate Anselmo: scambia la data del decreto con la data di incoronazione.
1170,949,Italia,Trieste,Madonna della Salute,13-11-1927,#,no,#,,,,,,,,Frate Anselmo: data l'incoronazione 13 novembre 1927. Nessun riferimento in internet.
1171,927,Italia,"Casal Velino, frazione di Acquavella",Madonna delle Grazie,#-#-1927,Capitolo,sì,1,,,,,,,,ERR - Frate Anselmo: data l'incoronazione 22 luglio 1926.
1172,767,Argentina,Santa Fe de la Vera Cruz,Nostra Signora di Guadalupe,22-4-1928,Capitolo,sì,1,,,,,,,,ERR - Frate Anselmo: scambia la data del decreto con la data di incoronazione.
1173,1202,Spagna,Sedavì,Nostra Signora del Rosario,4-6-1928,Capitolo,no,1,,,,,,,,ERR - Frate Anselmo: la colloca a Sedavi e data l'incoronazione 4 giugno 1928. Nessun riferimento in internet.
1174,1131,Polonia,Piaski,Santa Maria del Sacromonte Gostinense,25-6-1928,Capitolo,sì,1,,,,,,,,ERR - Frate Anselmo: data l'incoronazione 12 marzo 1928 e la colloca a Gostyn.
1175,981,Italia,Roma,Madonna del Carmine,16-7-1928,Capitolo,sì,1,,,,,,,,ERR - Frate Anselmo: non la cita.
1176,871,Italia,Diamante,Madonna Immacolata,12-8-1928,Capitolo,sì,1,,,,,,,,ERR - Frate Anselmo: scambia la data del decreto con la data di incoronazione.
1177,1179,Spagna,Brihuega,Vergine della Roccia,13-8-1928,Capitolo,sì,1,,,,,,,,ERR - Frate Anselmo: scambia la data del decreto con la data di incoronazione.
1178,1228,Ucraina,Sambir,Natività della Beata Vergine Maria,28-8-1928,B.P.,sì,1,,,,,,,,Frate Anselmo: la colloca a Sambor nella Polonia e la titola Santa Maria di Sambor. ERR - Frate Anselmo: data l'incoronazione 8 aprile 1928.
1179,858,Germania,Ralbitz-Rosenthal,Nostra Signora del Tiglio,8-9-1928,#,no,#,,,,,,,,Frate Anselmo: la titola Santa Maria del tiglio e data l'incoronazione 8 settembre 1928. Nessun riferimento in internet.
1180,931,Italia,Giffoni Valle Piana,Madonna di Carbonara,8-9-1928,Capitolo,sì,1,,,,,,,,ERR - Frate Anselmo: data l'incoronazione 15 luglio 1928.
1181,1218,Spagna,Cascante,Nostra Signora del Romero,9-9-1928,Capitolo,sì,1,,,,,,,,ERR - Frate Anselmo: data l'incoronazione 1 maggio 1928 e tra parentesi aggiunge: solen. 9-IX.
1182,1029,Italia,Cantù,Madonna dei Miracoli,23-9-1928,B.P.,sì,1,,,,,,,,ERR - Frate Anselmo: non la cita.
1183,1208,Spagna,Guadalupe,Santa Maria de Guadalupe,12-10-1928,Capitolo,sì,1,place+title+year,nuestra-senora-de-guadalupe-extremadura-guadalup,Guadalupe (Extremadura),Nuestra Señora de Guadalupe (Extremadura),1928,AAS,yes,ERR - Frate Anselmo: scambia la data del decreto con la data di incoronazione.
1184,914,Italia,"Napoli, quartiere Vomero",Santa Maria Ausiliatrice,18-3-1929,#,no,#,,,,,,,,"Frate Anselmo: data l'incoronazione 18 marzo 1929 e la titola Santa Maria Ausiliatrice, nel Noviziato della C. Gesù. Nessun riferimento in internet."
1185,1177,Spagna,Carrion de la Calatrava,Nostra Signora dell'Incarnazione,5-5-1929,Capitolo,sì,1,,,,,,,,ERR - Frate Anselmo: scambia la data del decreto con la data di incoronazione.
1186,1097,Italia,Empoli,Madonna del Pozzo,11-5-1929,Capitolo,sì,1,,,,,,,,ERR - Frate Anselmo: scambia la data del decreto con la data di incoronazione.
1187,840,Francia,Auch,Nostra Signora di Auch,21-5-1929,B.P.,sì,1,,,,,,,,ERR - Frate Anselmo: non la cita.
1188,910,Italia,Napoli,Immacolata Concezione,13-6-1929,#,no,#,,,,,,,,Frate Anselmo: data l'incoronazione 13 giugno 1919 e la colloca alle Rampe Brancaccio. Nessun riferimento in internet.
1189,1103,Italia,"San Miniato, frazione di Cigoli",Madonna Madre dei Bambini,13-7-1929,B.P.,sì,1,,,,,,,,ERR - Frate Anselmo: non la cita.
1190,1015,Italia,Casnigo,Madonna del Monte Erbia,5-8-1929,Capitolo,sì,1,,,,,,,,ERR - Frate Anselmo: scambia la data del decreto con la data di incoronazione e la titola anche Madonna delle Grazie.
1191,1209,Spagna,La Coruña,Vergine Addolorata,18-8-1929,Capitolo,sì,1,,,,,,,,ERR - Frate Anselmo: data l'incoronazione 13 agosto 1928.
1192,1119,Italia,Murano,Madonna delle Grazie,20-8-1929,#,no,#,,,,,,,,Frate Anselmo: data l'incoronazione 20 agosto 1929. Nessun riferimento in internet.
1193,776,Colombia,Monguì,Nostra Signora di Monguì,8-9-1929,Capitolo,sì,1,place+title+year,nuestra-senora-de-mongui-mongui,Monguí,Nuestra Señora de Monguí,1929,AAS,yes,ERR - Frate Anselmo: data l'incoronazione 12 febbraio 1929 e la colloca a Tuja.
1194,1166,Spagna,San Vicente de la Barquera,Santa Maria della Barquera,8-9-1929,B.P.,sì,1,,,,,,,,ERR - Frate Anselmo: data l'incoronazione 13 giugno 1929.
1195,1227,Ucraina,Zolkiew,Nostra Signora del Rosario,6-10-1929,Capitolo,sì,1,,,,,,,,Frate Anselmo: la colloca a Zòlkieviae nella Polonia e data l'incoronazione 18 agosto 1929.
1196,1176,Spagna,Almagro,Nostra Signora della Neve,20-10-1929,B.P.,sì,1,,,,,,,,Frate Anselmo: la titola: Santa Maria ad Nives. ERR - Frate Anselmo: scambia la data del decreto con la data di incoronazione.
1197,1030,Italia,Como,Madonna Addolorata,#-10-1929,Capitolo,sì,1,,,,,,,,ERR - Frate Anselmo: data l'incoronazione 11 agosto 1929.
1198,1221,Spagna,Éibar,Nostra Signora di Arrate,3-11-1929,B.P.,sì,1,,,,,,,,"ERR - Frate Anselmo: data l'incoronazione 15 marzo 1929, la colloca ad Arrate e la titola: Immacolata Concezione."
1199,1161,Spagna,Siviglia,Santa Maria de la Antigua,24-11-1929,Capitolo,sì,1,,,,,,,,ERR - Frate Anselmo: data l'incoronazione 13 giugno 1927 e riporta tra parentesi: sol. 11-VIII-930 o 24-XI-929. ERR - Bonci: data l'incoronazione 11 agosto 1930.
1200,1082,Italia,Ascoli Satriano,Madonna della Misericordia,29-5-1930,Capitolo,sì,1,,,,,,,,ERR - Frate Anselmo: data l'incoronazione 15 novembre 1929.
1201,806,Belgio,Liegi,Santa Maria d'Outremeuse,5-6-1930,#,no,#,,,,,,,,Frate Anselmo: la titola: Santa Maria d'Outremeuse e data l'incoronazione 5 giugno 1930. Nessun riferimento in internet.
1202,1158,Spagna,Jaén,Vergine della Cappella,11-6-1930,Capitolo,sì,1,,,,,,,,ERR - Frate Anselmo: data l'incoronazione 13 gennaio 1930.
1203,1212,Spagna,Santa Cruz de La Palma,Santa Maria delle Nevi,22-6-1930,Capitolo,sì,1,,,,,,,,ERR - Frate Anselmo: data l'incoronazione 15 giugno 1930 e la colloca a La Palma.
1204,865,Italia,Laurenzana,Madonna del Monte Carmelo,16-7-1930,Capitolo,sì,1,,,,,,,,ERR - Frate Anselmo: scambia la data del decreto con la data di incoronazione.
1205,1072,Italia,Mompantero,Madonna del Rocciamelone,10-8-1930,Capitolo,sì,1,,,,,,,,"Frate Anselmo: la colloca a Susa, senza indicare la regione. ERR - Frate Anselmo: scambia la data del decreto con la data di incoronazione."
1206,1169,Spagna,Saldaña,Vergine della Valle,8-9-1930,B.P.,sì,1,,,,,,,,ERR - Frate Anselmo: data l'incoronazione 24 maggio 1930 e la colloca a Valle de Saldana.
1207,778,Ecuador,El Cisne,Nostra Signora del Cigno,8-9-1930,Capitolo,sì,1,,,,,,,,ERR - Frate Anselmo: scambia la data del decreto con la data di incoronazione.
1208,1152,Spagna,Baza,Nostra Signora della Misericordia,14-9-1930,Capitolo,sì,1,,,,,,,,ERR - Frate Anselmo: scambia la data del decreto con la data di incoronazione.
1209,1213,Spagna,Madrid,Vergine di Atocha,24-9-1930,B.P.,sì,1,,,,,,,,"Frate Anselmo: la titola: Santa Maria de Atocha, dei PP. Predicatori"
1210,1122,Italia,Peschiera del Garda,Madonna del Frassino,24-9-1930,Capitolo,sì,1,,,,,,,,ERR - Frate Anselmo: scambia la data del decreto con la data di incoronazione.
1211,1180,Spagna,Guadalajara,Vergine dell'Antigua,28-9-1930,B.P.,sì,1,,,,,,,,ERR - Frate Anselmo: non la cita.
1212,1167,Spagna,"Leòn, località Valverde de la Virgen",Nostra Signora del Camino,19-10-1930,Capitolo,sì,1,,,,,,,,ERR - Frate Anselmo: scambia la data del decreto con la data di incoronazione e la titola Madonna Addolorata.
1213,1201,Spagna,Foyos,Santa Maria del Patrocinio,19-10-1930,Capitolo,sì,1,,,,,,,,ERR - Frate Anselmo: data l'incoronazione 18 ottobre 1930.
1214,1121,Italia,"Legnago, quartiere Porto di Legnago",Madonna della Salute,19-11-1930,Capitolo,sì,1,,,,,,,,Frate Anselmo: la colloca a Porto-Legnago. ERR - Frate Anselmo: scambia la data del decreto con la data di incoronazione.
1215,1108,Italia,Assisi,Madonna del Pianto,21-12-1930,#,no,#,,,,,,,,Frate Anselmo: data l'incoronazione 21 dicembre 1930. Nessun riferimento in internet.
1216,1220,Spagna,Orduña,Nostra Signora de la Antigua,15-2-1931,#,no,#,,,,,,,,Frate Anselmo: data l'incoronazione 15 febbraio 1931. Nessun riferimento in internet.
1217,945,Italia,Faenza,Madonna delle Grazie,10-5-1931,B.P.,sì,1,place+title+year,madonna-delle-grazie-faenza,Faenza,Madonna delle Grazie,1931,AAS,yes,ERR - Frate Anselmo: non la cita.
1218,1093,Italia,Palermo,Immacolata Concezione,31-5-1931,Capitolo,sì,1,,,,,,,,ERR - Frate Anselmo: scambia la data del decreto con la data di incoronazione.
1219,847,Francia,Marsiglia,Nostra Signora della Guardia,21-6-1931,Capitolo,sì,1,,,,,,,,ERR - Frate Anselmo: non la cita.
1220,1130,Polonia,Borek Wielkopolski,Nostra Signora della Consolazione,2-7-1931,Capitolo,sì,1,,,,,,,,Frate Anselmo: la colloca a Borek. ERR - Frate Anselmo: scambia la data del decreto con la data di incoronazione.
1221,1095,Italia,Noto,Madonna della Scala,20-7-1931,#,no,#,place+title+year,madonna-della-scala-scala-paradisi-noto,Noto,Madonna della Scala (Scala Paradisi),1931,AAS,yes,Frate Anselmo: data l'incoronazione 20 luglio 1931. Nessun riferimento in internet.
1222,845,Francia,Mauges-sur-Loire,Nostra Signora du Marillais,8-9-1931,B.P.,sì,1,,,,,,,,"Frate Anselmo: la titola: Santa Maria de Mariolo, vulgo N. D. de Marillais o N. D. Augevine e la colloca a Le Marillais. ERR - Frate Anselmo: data l'incoronazione 15 maggio 1930."
1223,1039,Italia,Garlasco,Madonna della Bozzola,8-9-1931,Capitolo,sì,1,,,,,,,,ERR - Frate Anselmo: scambia la data del decreto con la data di incoronazione.
1224,1192,Spagna,Ibi,Vergine degli Abbandonati,12-9-1931,Capitolo,sì,1,,,,,,,,ERR - Frate Anselmo: data l'incoronazione 10 agosto 1931.
1225,1214,Spagna,Palma di Maiorca,Nostra Signora della Salute,13-9-1931,Capitolo,sì,1,place+title+year,mare-de-deu-de-la-salut-virgen-de-la-salud-palma,Palma de Mallorca,"Mare de Déu de la Salut, Virgen de la Salud",1931-09-13,LIT,yes,ERR - Frate Anselmo: scambia la data del decreto con la data di incoronazione e la colloca a Maiorca.
1226,947,Italia,Cormons,Madonna di Rosa Mistica,20-9-1931,Capitolo,sì,1,,,,,,,,ERR - Frate Anselmo: scambia la data del decreto con la data di incoronazione.
1227,793,Austria,Vienna,Nostra Signora con la testa china,27-9-1931,Capitolo,sì,1,,,,,,,,"Frate Anselmo: la titola: Santa Maria ""Mater Gratiae "", dei Padri Carmelitani. ERR - Frate Anselmo: data l'incoronazione 14 maggio 1931 e la titola: Santa Maria ""Mater Gratiae"", dei Padri Carmelitani."
1228,1126,Malta,La Valletta,Nostra Signora Damascena,25-10-1931,Capitolo,sì,1,,,,,,,,ERR - Frate Anselmo: la colloca a Malta e scambia la data del decreto con la data di incoronazione.
1229,885,Italia,"Caposele, frazione di Materdomini",Santa Maria Mater Domini,#-#-1931,Capitolo,sì,1,,,,,,,,ERR - Frate Anselmo: data l'incoronazione 10 agosto 1931
1230,1521,Italia,Novara,Madonna di Caravaggio,22-5-1932,#,no,#,,,,,,,,Bonci: data l'incoronazione 22 maggio 1932.
1231,1347,Perù,Lima,Santa Maria del Rosario,31-5-1932,#,no,#,,,,,,,,"ERR - Bonci: data l'incoronazione 31 maggio 1932, fu incoronata nel 1927."
1232,1493,Italia,Genova,Nostra Signora Virgo Potens,19-6-1932,Capitolo,sì,1,,,,,,,,ERR - Bonci: non la cita.
1233,1498,Italia,Calizzano,Madonna delle Grazie,20-6-1932,#,no,#,,,,,,,,Bonci: data l'incoronazione 20 giugno 1932. ERR - Bonci: la colloca a Calizzano in provincia di Cuneo. Nessun riferimento in internet.
1234,1567,Italia,Bisacquino,Madonna del Balzo,20-6-1932,#,no,#,,,,,,,,Bonci: data l'incoronazione 20 giugno 1932. Nessun riferimento in internet.
1235,1597,Paesi Bassi,Nijmegen,Nostra Signora di Nijmegen,7-8-1932,B.P.,sì,1,,,,,,,,"ERR - Bonci: data l'incoronazione 21 giugno 1932, la titola: Beata Vergine Maria e la colloca a Neomagi. Nome della città in latino: Noviomagus e in italiano Nimega."
1236,1520,Italia,Ameno,Maria del Santissimo Rosario,4-9-1932,Capitolo,sì,1,,,,,,,,ERR - Bonci: data l'incoronazione 16 maggio 1932.
1237,1518,Italia,Agnone,Madonna della Libera,7-9-1932,Capitolo,sì,1,,,,,,,,ERR - Bonci: scambia la data del decreto con la data di incoronazione.
1238,1603,Polonia,Hyzne,Nostra Signora delle Grazie,8-9-1932,Capitolo,sì,1,,,,,,,,"ERR - Bonci: la colloca a HyYne, data l'incoronazione 16 marzo 1932 e la titola: Beata Vergine Maria con Bambino Gesù."
1239,1516,Italia,Montecosaro,Santissima Vergine Addolorata,15-9-1932,#,no,#,,,,,,,,Bonci: data l'incoronazione 15 settembre 1932. Nessun riferimento in internet.
1240,1513,Italia,"Osimo, frazione di Campocavallo",Beata Vergine Addolorata di Campocavallo,25-9-1932,#,no,#,,,,,,,,ERR - Bonci: non la cita.
1241,1474,Italia,Ferrara,Santa Maria delle Grazie,8-12-1932,#,no,#,,,,,,,,ERR - Bonci: data l'incoronazione 20 giugno 1932.
1242,1404,Francia,Angoulême,Nostra Signora di Obézine,11-12-1932,#,no,#,,,,,,,,ERR - Bonci: la colloca a Obezina; la titola: Beata Vergine di Obezina e data l'incoronazione 11 dicembre 1932. Nessun riferimento in internet.
1243,1522,Italia,Varallo,Beata Vergine Immacolata,25-4-1933,#,no,#,,,,,,,,Bonci: data l'incoronazione 25 aprile 1933. Nessun riferimento in internet.
1244,1379,Belgio,Malines,"Beata Vergine Maria ""Stella maris""",16-6-1933,#,no,#,,,,,,,,Bonci: data l'incoronazione 16 giugno 1933. Nessun riferimento in internet.
1245,1400,Francia,Verdun,Beta Vergine Maria,9-7-1933,#,no,#,,,,,,,,Bonci: data l'incoronazione 4 ottobre 1933 e la titola: Beata Vergine Maria.
1246,1454,Italia,Castellammare di Stabia,Madonna del Monte Carmelo,16-7-1933,Capitolo,sì,1,,,,,,,,ERR - Bonci: data l'incoronazione 14 settembre 1933.
1247,1417,Italia,Teramo,Madonna delle Grazie,1-10-1933,B.P.,sì,1,,,,,,,,ERR - Bonci: non la cita.
1248,1236,Guatemala,Città del Guatemala,Nostra Signora del Rosario,28-1-1934,B.P.,sì,1,place+title+year,nuestra-senora-del-rosario-guatemala-city,Guatemala City,Nuestra Señora del Rosario,1934,AAS,yes,ERR - Bonci: non la cita.
1249,1390,Francia,"Valuéjols, villaggio di Lescure",Nostra Signora della Visitazione,14-7-1934,B.P.,sì,1,,,,,,,,ERR - Bonci: non la cita.
1250,1398,Francia,Avioth,Nostra Signora di Avioth,15-7-1934,B.P.,sì,1,,,,,,,,ERR - Bonci: non la cita.
1251,1408,Francia,Pontmain,Nostra Signora di Pontmain,24-7-1934,B.P.,sì,1,,,,,,,,ERR - Bonci: data l'incoronazione 16 luglio 1933 e la colloca a Pont Main.
1252,1393,Francia,Quintin,Nostra Signora della Liberazione,29-7-1934,B.P.,sì,1,,,,,,,,ERR - Bonci: non la cita.
1253,1642,Spagna,Avila,Santa Maria de Sonsoles,15-8-1934,Capitolo,sì,1,,,,,,,,ERR - Frate Anselmo: scambia la data del decreto con la data di incoronazione.
1254,1700,Spagna,Felanitx,Madre de Dio del Santissimo Salvatore,8-9-1934,Capitolo,sì,1,,,,,,,,ERR - Bonci: data l'incoronazione 3 giugno 1934 e la colloca a Palma.
1255,1733,Svizzera,Einsiedeln,Nostra Signora degli Eremiti,14-9-1934,B.P.,sì,1,place+title,unsere-liebe-frau-von-einsiedeln-our-lady-of-the,Einsiedeln,Unsere Liebe Frau von Einsiedeln (Our Lady of the Hermits),,AAS,,ERR - Bonci: non la cita.
1256,1601,Polonia,Bochnia,Nostra Signora del Rosario,1-10-1934,Capitolo,sì,1,,,,,,,,ERR - Bonci: scambia la data del decreto con la data di incoronazione e la titola: Beata Vergine Maria in Bochnia.
1257,1555,Italia,Vallelunga Pratameno,Madonna di Loreto,10-12-1934,#,no,#,,,,,,,,Bonci: data l'incoronazione 10 dicembre 1934. Nessun riferimento in internet.
1258,1420,Italia,Avigliano,Santa Maria del Carmine di Avigliano,26-5-1935,Capitolo,sì,1,,,,,,,,ERR - Bonci: non la cita.
1259,1546,Italia,Alghero,Maria Santissima di Valverde,26-5-1935,Capitolo,sì,1,place+title,madonna-di-valverde-alghero,Alghero,Madonna di Valverde,1948,AAS,no,ERR - Bonci: scambia la data del decreto con la data di incoronazione.
1260,1406,Francia,Brissac,Nostra Signora de Suc,10-6-1935,Capitolo,sì,1,,,,,,,,ERR - Bonci: non la cita.
1261,1457,Italia,Napoli,Cuore Sacratissimo di Maria,16-6-1935,#,no,#,,,,,,,,Bonci: data l'incoronazione 16 giugno 1935. Nessun riferimento in internet.
1262,1669,Spagna,Barcellona,Nostra Signora del Rosario di Pompei,16-6-1935,#,no,#,,,,,,,,Bonci: data l'incoronazione 16 giugno 1935. Nessun riferimento in internet.
1263,1589,Malta,Għarb,Beata Vergine di Ta' Pinu,20-6-1935,B.P.,sì,1,,,,,,,,ERR - Bonci: data l'incoronazione 6 ottobre 1933 e la colloca a Gozo (l'isola dove si trova la Madonna).
1264,1384,Croazia,Marija Bistrica,Nostra Signora di Bistrica,7-7-1935,Capitolo,sì,1,,,,,,,,ERR - Bonci: non la cita.
1265,1471,Italia,Sarno,Santa Maria della Foce,21-7-1935,#,no,#,,,,,,,,Bonci: data l'incoronazione 21 luglio 1935. ERR - Bonci: la colloca a Foce di Sarno. Nessun riferimento in internet.
1266,1463,Italia,Secondigliano,Maria Santissima Addolorata,4-8-1935,Capitolo,sì,1,,,,,,,,ERR - Bonci: scambia la data del decreto con la data di incoronazione.
1267,1472,Italia,Torraca,Madonna dei Cordici,8-9-1935,Capitolo,sì,1,,,,,,,,ERR - Bonci: scambia la data del decreto con la data di incoronazione.
1268,1403,Francia,La Chapelle-Montligeon,Nostra Signora di Montligeon,19-9-1935,B.P.,sì,1,,,,,,,,ERR - Bonci: non la cita.
1269,1551,Italia,Montevago,Vergine Santissima delle Grazie,14-11-1935,Capitolo,sì,1,,,,,,,,ERR - Bonci: scambia la data del decreto con la data di incoronazione.
1270,1306,Argentina,Santa Fe,Nostra Signora dei Miracoli,9-5-1936,B.P,sì,1,,,,,,,,ERR - Bonci: non la cita.
1271,1378,Belgio,"Bruxelles, quartiere di Laeken",Nostra Signora di Laken,17-5-1936,Capitolo,sì,1,,,,,,,,ERR - Bonci: data l'incoronazione 15 luglio 1934.
1272,1231,Cuba,St. Jacobi de Cuba,Beata Vergine Maria della Carità,28-6-1936,#,no,#,,,,,,,,Bonci: data l'incoronazione 28 giugno 1936 e la colloca a St. Jacobi de Cuba. Nessun riferimento in internet.
1273,1456,Italia,Marigliano,Madonna della Speranza,5-7-1936,Capitolo,sì,1,,,,,,,,ERR - Bonci: non la cita.
1274,1475,Italia,Bagnacavallo,Madonna di Gerusalemme,15-8-1936,#,no,#,,,,,,,,Bonci: data l'incoronazione 15 dicembre 1936. Nessun riferimento in internet.
1275,1736,Ucraina,Leopoli,Santissima Vergine Maria delle Grazie,15-11-1936,#,no,#,,,,,,,,Bonci: data l'incoronazione 15 novembre 1936. Nessun riferimento in internet.
1276,1492,Italia,"Chiavari, località Bacezza",Santa Maria dell'Olivo,15-12-1936,B.P.,sì,1,,,,,,,,ERR - Bonci: non la cita.
1277,1233,Cuba,El Cobre,Nostra Signora della Carità del Cobre,20-12-1936,B.P.,sì,1,place+title,virgen-de-la-caridad-del-cobre-el-cobre,El Cobre,Virgen de la Caridad del Cobre,1998,AAS,no,ERR - Bonci: non la cita.
1278,1585,Italia,Terni,Maria Santissima della Misericordia,1-5-1937,Capitolo,sì,1,place+title+year,madonna-della-misericordia-terni-interamna,Terni (Interamna),Madonna della Misericordia,1937,AAS,yes,ERR - Bonci: scambia la data del decreto con la data di incoronazione.
1279,1538,Italia,San Severo,Beata Vergine del Soccorso,8-5-1937,Capitolo,sì,1,,,,,,,,ERR - Bonci: data l'incoronazione 20 febbraio 1938.
1280,1731,Svizzera,Ginevra,Nostra Signora di Ginevra,23-5-1937,B.P.,sì,1,,,,,,,,ERR - Bonci: non la cita.
1281,1510,Italia,Monza,Beata Vergine delle Grazie,23-5-1937,Capitolo,sì,1,,,,,,,,ERR - Bonci: data l'incoronazione 14 marzo 1936.
1282,1395,Francia,La Guerche-de-Bretagne,Nostra Signora dell'Assunzione,17-6-1937,B.P.,sì,1,place+title+year,notre-dame-de-la-guerche-la-guerche-de-bretagne,La Guerche-de-Bretagne,Notre-Dame de la Guerche,1937,AAS,yes,"ERR - Bonci: scambia la data del decreto con la data di incoronazione, la colloca a Rennes (che è invece la diocesi) e la titola: Notre Dame de La Guerche."
1283,1391,Francia,Mièges,Beata Vergine di Miège,20-6-1937,Capitolo,sì,1,,,,,,,,ERR - Bonci: scambia la data del decreto con la data di incoronazione.
1284,1382,Belgio,Liegi,Nostra Signora di San Severino,18-7-1937,#,no,#,,,,,,,,"Bonci: data l'incoronazione 18 luglio 1937 e la titola: Notre Dame di S. Severino ""Mère de tous"". Nessun riferimento in internet."
1285,1452,Italia,Santa Maria Capua Vetere,Santa Maria Assunta in Cielo,14-8-1937,Capitolo,sì,1,,,,,,,,ERR - Bonci: scambia la data del decreto con la data di incoronazione.
1286,1602,Polonia,Odporyszow,Nostra Signora della Vittoria,15-8-1937,Capitolo,sì,1,,,,,,,,ERR - Bonci: data l'incoronazione 14 marzo 1937 e la titola: Beata Vergine Genitrici di Dio.
1287,1604,Polonia,Charlupia Minore,Beata Vergine Maria,8-9-1937,Capitolo,sì,1,,,,,,,,ERR - Bonci: scambia la data del decreto con la data di incoronazione.
1288,1362,Filippine,Manila,Beata Vergine Maria di Guadalupe,25-5-1938,#,no,#,,,,,,,,"Bonci: data l'incoronazione 25 maggio 1938, la colloca a Manila e la titola: Beata Vergine Maria di Guadalupe. Nessun riferimento in internet."
1289,1307,Bolivia,Sucre,Nostra Signora di Guadalupe,25-5-1938,#,no,#,,,,,,,,ERR - Bonci: data l'incoronazione 25 maggio 1938 e la colloca a Sucre de Plata.
1290,1419,Italia,Tricarico,Madonna del Carmelo,25-5-1938,#,no,#,place+title+year,beata-maria-virgo-de-monte-carmelo-tricarico,Tricarico,Beata Maria Virgo de Monte Carmelo,1938,AAS,yes,Bonci: data l'incoronazione 25 maggio 1938. Nessun riferimento in internet.
1291,1410,Francia,Cotignac,Nostra Signor delle Grazie,7-8-1938,Capitolo,sì,1,,,,,,,,ERR - Bonci: data l'incoronazione 18 novembre 1938.
1292,1596,Paesi Bassi,Uden,Nostra Signora del Tiglio,15-8-1938,Capitolo,sì,1,,,,,,,,"ERR - Bonci: scambia la data del decreto con la data di incoronazione, la colloca a Bois le Duc e la titola: Beata Vergine Salute degli Infermi."
1293,1458,Italia,Napoli,Madonna del Buon Consiglio,15-1-1939,Capitolo,sì,1,,,,,,,,ERR - Bonci: data l'incoronazione 20 febbraio 1938.
1294,1448,Italia,Colle Sannita,Madonna della Libera,26-2-1939,#,no,#,,,,,,,,Bonci: data l'incoronazione 26 febbraio 1939. Nessun riferimento in internet.
1295,1565,Italia,Messina,Madonna di Lourdes,12-3-1939,Capitolo,sì,1,,,,,,,,ERR - Bonci: scambia la data del decreto con la data di incoronazione.
1296,1255,Messico,Salvatierra,Nostra Signora della Luce,24-5-1939,B.P.,sì,1,,,,,,,,ERR - Bonci: non la cita.
1297,1423,Italia,Oppido Lucano,Santa Maria della Purità,11-6-1939,Capitolo,sì,1,,,,,,,,ERR - Bonci: non la cita.
1298,1431,Italia,Acri,Madonna Addolorata,18-7-1939,#,no,#,,,,,,,,Bonci: data l'incoronazione 18 luglio 1939. Nessun riferimento in internet.
1299,1550,Italia,Agrigento,Beata Vergine Immacolata,5-3-1940,#,no,#,place+title+year,beata-maria-virgo-immaculata-agrigento,Agrigento,Beata Maria Virgo Immaculata,1940,AAS,yes,Bonci: data l'incoronazione 5 marzo 1940. Nessun riferimento in internet.
1300,1416,Italia,Corropoli,Madonna del Sabato Santo,12-3-1940,#,no,#,,,,,,,,Bonci: data l'incoronazione 12 marzo 1940. Nessun riferimento in internet.
1301,1523,Italia,Crescentino,Madonna del Palazzo,15-4-1940,#,no,#,,,,,,,,ERR - Bonci: la colloca a Vercelli con il titolo Madonna del Palazzo Crescentino e data l'incoronazione 15 aprile 1940. Nessun riferimento in internet.
1302,1425,Italia,Rionero in Vulture,Beata Vergine del Carmine,20-4-1940,#,no,#,,,,,,,,Bonci: data l'incoronazione 20 aprile 1940. Nessun riferimento in internet.
1303,1734,Svizzera,Lugano,Madonna delle Grazie,19-5-1940,Capitolo,sì,1,,,,,,,,
1304,1566,Italia,"Patti, frazione di Tindari",Madonna di Tindari,10-6-1940,#,no,#,,,,,,,,Bonci: data l'incoronazione 10 giugno 1940. Nessun riferimento in internet.
1305,1655,Spagna,Ciudad Real,Santa Maria del Prado,15-7-1940,#,no,#,,,,,,,,ERR - Bonci: data l'incoronazione 15 luglio 1940 e la colloca a Real. Nessun riferimento in internet.
1306,1727,Spagna,San Sebastian,Vergine del Coro,8-9-1940,B.P.,sì,1,,,,,,,,ERR - Bonci: non la cita.
1307,1340,Perù,Arequipa,Santissima Vergine Addolorata,20-10-1940,Capitolo,sì,1,,,,,,,,ERR - Bonci: scambia la data del decreto con la data di incoronazione.
1308,1569,Italia,Termini Imerese,Madonna della Consolazione,26-10-1940,#,no,#,,,,,,,,Bonci: data l'incoronazione 26 ottobre 1940. Nessun riferimento in internet.
1309,1261,Messico,Guadalajara,"Nostra Signora del Rosario ""del Rayo""",18-8-1941,Capitolo,sì,1,,,,,,,,"ERR - Bonci: scambia la data del decreto con la data di incoronazione e la titola: Beata Vergine del Rosario ""del Raxo"""
1310,1407,Francia,Evron,Nostra Signora della Spina,8-9-1941,Capitolo,sì,1,,,,,,,,ERR - Bonci: data l'incoronazione 19 novembre 1937.
1311,1305,Argentina,Rosario,Nostra Signora del Rosario,5-10-1941,Capitolo,sì,1,place+title+year,nuestra-senora-del-rosario-rosario,Rosario,Nuestra Señora del Rosario,1941,AAS,yes,ERR - Bonci: data l'incoronazione 15 novembre 1939.
1312,1582,Italia,Perugia,Madonna della Misericordia,19-10-1941,#,no,#,,,,,,,,Bonci: data l'incoronazione 19 ottobre 1941. Nessun riferimento in internet.
1313,1342,Perù,Cajamarca,Nostra Signora dei Dolori,14-6-1942,B.P.,sì,1,,,,,,,,ERR - Bonci: non la cita.
1314,1331,Colombia,Carmen de Apicalà,Nostra Signora del Carmine,16-7-1942,B.P.,sì,1,,,,,,,,ERR - Bonci: scambia la data del decreto con la data di incoronazione e la colloca ad Apicalà.
1315,1275,Messico,Tlalpujahua,Nostra Signora del Carmine,12-10-1942,B.P.,sì,1,,,,,,,,ERR - Bonci: non la cita.
1316,1524,Italia,Trino,Vergine Immacolata,25-10-1942,#,no,#,,,,,,,,Bonci: data l'incoronazione 25 ottobre 1942. Nessun riferimento in internet.
1317,1358,Venezuela,Maracaibo,Nostra Signora del Rosario di Chiquinquirà,18-11-1942,B.P.,sì,1,,,,,,,,ERR - Frate Anselmo: scambia la data del decreto con la data di incoronazione.
1318,1509,Italia,Milano,Madonna della Salute,18-11-1942,#,no,#,,,,,,,,Bonci: data l'incoronazione 18 novembre 1942. Nessun riferimento in internet.
1319,1235,El Salvador,San Salvador,Nostra Signora del Rosario,25-11-1942,B.P.,sì,1,,,,,,,,ERR - Bonci: data l'incoronazione 29 ottobre 1940.
1320,1330,Colombia,San Juan de Pasto,Nostra Signora della Misericordia,8-12-1942,Capitolo,sì,1,,,,,,,,ERR - Bonci: data l'incoronazione 25 marzo 1942 e la colloca a Pasto.
1321,1623,Spagna,Malaga,Santa Maria della Vittoria,8-2-1943,Capitolo,sì,1,,,,,,,,ERR - Bonci: data l'incoronazione 26 ottobre 1940.
1322,1336,Ecuador,El Quinche,Nostra Signora della Presentazione di El Quinche,20-6-1943,B.P.,sì,1,place+title,nuestra-senora-del-quinche-el-quinche,El Quinche,Nuestra Señora del Quinche,1933,AAS,no,"ERR - Bonci: data l'incoronazione 6 dicembre 1939, la colloca a Quito e la titola: Nostra Signora del Quinche Nuncupal."
1323,1704,Spagna,Mercadal,Vergine Maria di Monte Toro,12-9-1943,Capitolo,sì,1,,,,,,,,ERR - Bonci: data l'incoronazione 22 settembre 1942 e la colloca a Monte Toro.
1324,1246,Messico,Hidalgo de Parral,Nostra Signora de la Soledad,22-10-1943,B.P.,sì,1,,,,,,,,ERR - Bonci: non la cita.
1325,1344,Perù,Otuzco,Nostra Signora della Porta,27-10-1943,B.P.,sì,1,,,,,,,,ERR - Bonci: non la cita.
1326,1414,Italia,"L'Aquila, frazione di Poggio di Roio",Madonna di Roio,15-10-1944,Capitolo,sì,1,,,,,,,,ERR - Bonci: scambia la data del decreto con la data di incoronazione e la colloca a Raio.
1327,1389,Francia,Rumilly,Nostra Signora dell'Elemosina,5-6-1945,#,no,#,,,,,,,,Bonci: data l'incoronazione 5 giugno 1945 e la titola: Nostra Signora di l'Aumone. Nessun riferimento in internet.
1328,1564,Italia,Valverde,Maria Santissima di Valverde,26-8-1945,Capitolo,sì,1,,,,,,,,ERR - Bonci: scambia la data del decreto con la data di incoronazione e la colloca ad Acireale.
1329,1444,Italia,"Grottaminarda, frazione di Carpignano",Madonna di Carpignano,#-8-1945,Capitolo,sì,1,,,,,,,,ERR - Bonci: data l'incoronazione 4 maggio 1945.
1330,1484,Italia,Gavignano,Maria Santissima delle Grazie,3-10-1945,Capitolo,sì,1,,,,,,,,ERR - Bonci: scambia la data del decreto con la data di incoronazione.
1331,1469,Italia,Salerno,Madonna Immacolata,6-11-1945,#,no,#,,,,,,,,Bonci: data l'incoronazione 6 novembre 1945. Nessun riferimento in internet.
1332,1276,Messico,Zitacuaro,Nostra Signora dei Rimedi,21-11-1945,B.P.,sì,1,,,,,,,,ERR - Bonci: non la cita.
1333,1572,Italia,Salemi,Maria Santissima Immacolata,8-12-1945,Capitolo,sì,1,,,,,,,,ERR - Bonci: non la cita.
1334,1249,Messico,Acámbaro,Nuestra Señora Del Refugio,8-1-1946,B.P.,sì,1,,,,,,,,ERR - Bonci: data l'incoronazione 20 marzo 1946.
1335,1439,Italia,Zaccanopoli,Madonna della Neve,15-3-1946,#,no,#,,,,,,,,Bonci: data l'incoronazione 15 marzo 1946. Nessun riferimento in internet.
1336,1241,Messico,Azzobispo,Beata Vergine di Guadalupe,27-3-1946,#,no,#,,,,,,,,ERR - Bonci: data l'incoronazione 27 marzo 1946 e la colloca ad Azzobispo (località inesistente in Messico).
1337,1247,Messico,Città del Messico,Nostra Signora del Santissimo Rosario,27-3-1946,#,no,#,,,,,,,,Bonci: data l'incoronazione 27 marzo 1946. Nessun riferimento in internet.
1338,1512,Italia,"Montemarciano, frazione di Alberici",Madonna dei Lumi,25-4-1946,#,no,#,,,,,,,,Bonci: data l'incoronazione 25 aprile 1946. Nessun riferimento in internet.
1339,1359,Cina,Shanghai,Nostra Madre di Shanghai,8-5-1946,Capitolo,sì,1,,,,,,,,"Bonci: la titola: SS.ma Maria Vergine Ausiliatrice, Regina della Cina."
1340,1605,Portogallo,Ourem,Nostra Signora di Fátima,13-5-1946,B.P.,sì,1,,,,,,,,
1341,1272,Messico,Tlalpan,Immacolata Concezione,5-6-1946,#,no,#,,,,,,,,Bonci: data l'incoronazione 5 giugno 1946. Nessun riferimento in internet.
1342,1574,Italia,Scansano,Madonna delle Grazie,16-6-1946,#,no,#,,,,,,,,Bonci: data l'incoronazione 16 giugno 1946. Nessun riferimento in internet.
1343,1399,Francia,Verdun,Nostra Signora di Verdun,2-7-1946,B.P.,sì,1,place+title+year,notre-dame-de-verdun-notre-dame-des-prodiges-ver,Verdun,Notre-Dame de Verdun (Notre-Dame des Prodiges),1946-06-02,AAS,yes,ERR - Bonci: non la cita.
1344,1506,Italia,Missaglia,Madonna Assunta,14-8-1946,Capitolo,sì,1,,,,,,,,ERR - Bonci: scambia la data del decreto con la data di incoronazione.
1345,1445,Italia,Salza Irpina,Maria Santissima delle Grazie,8-9-1946,Capitolo,sì,1,,,,,,,,ERR - Bonci: scambia la data del decreto con la data di incoronazione.
1346,1645,Spagna,Béjar,Vergine del Castagnetto,8-9-1946,B.P.,sì,1,,,,,,,,ERR - Bonci: non la cita.
1347,1485,Italia,Montelanico,Maria Santissima del Soccorso,15-9-1946,Capitolo,sì,1,,,,,,,,ERR - Bonci: scambia la data del decreto con la data di incoronazione.
1348,1718,Spagna,Pamplona,Santa Maria la Reale del Sagrario,21-9-1946,B.P.,sì,1,,,,,,,,ERR - Bonci: data l'incoronazione 3 maggio 1946.
1349,1496,Italia,Sanremo,Madonna del Rosario,7-10-1946,Capitolo,sì,1,place+title+year,madonna-del-rosario-sanremo,Sanremo,Madonna del Rosario,1946-10,AAS,yes,ERR - Bonci: non la cita.
1350,1280,Messico,El Pueblito,Nostra Signora del Pueblito,17-10-1946,B.P.,sì,1,place+title+year,del-pueblito-el-pueblito-near-queretaro,"El Pueblito, near Querétaro",del Pueblito,1946-10-17,AAS,yes,ERR - Bonci: non la cita.
1351,1486,Italia,Roma,Madonna dell'Archetto,1-11-1946,Capitolo,sì,1,,,,,,,,ERR - Bonci: data l'incoronazione 26 agosoto 1946.
1352,1721,Spagna,Ceuta,Vergine dell'Africa,10-11-1946,Capitolo,sì,1,,,,,,,,ERR - Bonci: non la cita.
1353,1278,Messico,Heroica Puebla de Zaragoza,Nostra Signora de la Defensa,24-11-1946,Capitolo,sì,1,,,,,,,,"ERR - Bonci: scambia la data del decreto con la data di incoronazione, la colloca ad Angelopoli e la titola: Beta Vergine Maria ""a Defenzione"""
1354,1563,Italia,Scordia,Santa Maria Madre di Dio,#-#-1946,Capitolo,sì,1,,,,,,,,ERR - Bonci: data l'incoronazione 9 agosto 1946.
1355,1266,Messico,Tamazula de Gordiano,Nostra Signora del Sagrario,2-2-1947,Capitolo,sì,1,,,,,,,,ERR - Bonci: data l'incoronazione 19 novembre 1944 e la colloca a Guadalajara.
1356,1529,Italia,Corato,Vergine Santissima Incoronata,27-4-1947,#,sì,1,,,,,,,,ERR - Bonci: data l'incoronazione 4 marzo 1947.
1357,1610,Spagna,Cadice,Santissima Vergine del Rosario,4-5-1947,Capitolo,sì,1,,,,,,,,ERR - Bonci: scambia la data del decreto con la data di incoronazione.
1358,1383,Belgio,Clairefontaine,Nostra Signora di Clairefontaine,6-5-1947,#,no,#,,,,,,,,Bonci: data l'incoronazione 6 maggio 1947. ERR - Bonci: la colloca a Namur e la titola: Notre Dame Claire Fontaine. Nessun riferimento in internet.
1359,1341,Perù,Cayma,Nostra Signora della Candelaria,11-5-1947,B.P.,sì,1,,,,,,,,ERR - Bonci: non la cita.
1360,1624,Spagna,Ronda,Nostra Signora della Pace,15-5-1947,B.P.,sì,1,,,,,,,,ERR - Bonci: non la cita.
1361,1526,Italia,Andria,Madonna del Carmine,1-6-1947,Capitolo,sì,1,,,,,,,,ERR - Bonci: scambia la data del decreto con la data di incoronazione.
1362,1586,Italia,Piove di Sacco,Madonna delle Grazie,1-6-1947,Capitolo,sì,1,,,,,,,,ERR - Bonci: scambia la data del decreto con la data di incoronazione.
1363,1648,Spagna,Ágreda,Vergine dei Miracoli,7-6-1947,B.P.,sì,1,,,,,,,,ERR - Bonci: non la cita.
1364,1540,Italia,Fonni,Madonna dei Martiri,8-6-1947,Capitolo,sì,1,,,,,,,,
1365,1441,Italia,Bagnoli Irpino,Immacolata Concezione,16-6-1947,Capitolo,sì,1,,,,,,,,ERR - Bonci: non la cita.
1366,1503,Italia,Gardone Val Trompia,Madonna del Popolo,26-7-1947,Capitolo,sì,1,,,,,,,,ERR - Bonci: data l'incoronazione 14 luglio 1947 e la titola: Madonna del Sasso. Non esiste alcuna Madonna del Sasso a Gardone Val Trompia.
1367,1694,Spagna,Muxìa,Vergine della Barca,15-8-1947,Capitolo,sì,1,,,,,,,,ERR - Bonci: data l'incoronazione 29 luglio 1944 e la titola: Nuestra Senora de la Barca.
1368,1477,Italia,Alvito,Santa Maria del Campo,17-8-1947,Capitolo,sì,1,,,,,,,,ERR - Bonci: data l'incoronazione 1 agosto 1947.
1369,1421,Italia,Calvello,Madonna del Monte Saraceno,9-9-1947,Capitolo,sì,1,,,,,,,,ERR - Bonci: scambia la data del decreto con la data di incoronazione.
1370,1335,Ecuador,Guayaquil,Nostra Signora della Misericordia,14-9-1947,B.P.,sì,1,place+title+year,nuestra-senora-de-la-merced-guayaquil,Guayaquil,Nuestra Señora de la Merced,1947-09-08,AAS,yes,ERR - Bonci: non la cita.
1371,1467,Italia,"Torre del Greco, contrada Leopardi",Madonna del Buon Consiglio,21-9-1947,Capitolo,sì,1,,,,,,,,ERR - Bonci: data l'incoronazione 15 settembre 1947.
1372,1671,Spagna,Sabadell,Nostra Signora della Fonte della Salute,19-10-1947,B.P.,sì,1,,,,,,,,"ERR - Bonci: la colloca a Sabadel, data l'incoronazione 24 giugno 1947 e la titola: Beata Maria Vergine ""de la Fuente de la Salud""."
1373,1260,Messico,Ayotlàn,Nostra Signora de la Soledad,15-11-1947,Capitolo,sì,1,,,,,,,,ERR - Bonci: non la cita.
1374,1294,Argentina,Buenos Aires,Nostra Signora della Buona Speranza,22-11-1947,#,no,#,,,,,,,,Bonci: data l'incoronazione 22 novembre 1947. Nessun riferimento in internet.
1375,1461,Italia,Napoli,Madonna Stella Mattutina,15-3-1948,#,no,#,,,,,,,,Bonci: data l'incoronazione 15 marzo 1948. Nessun riferimento in internet.
1376,1594,Malta,Rabat,Nostra Signora della Salute,4-4-1948,B.P.,sì,1,,,,,,,,ERR - Bonci: data l'incoronazione 23 ottobre 1947 e la colloca a Notabile-Robato. Il nome storico in italiano di Rabat a Malta è Notabile di Rabato.
1377,1680,Spagna,Onil,Vergine della Salute,23-4-1948,Capitolo,sì,1,,,,,,,,ERR - Bonci: data l'incoronazione 20 febbraio 1948.
1378,1617,Spagna,Lucena,Maria Santissima de Araceli,2-5-1948,B.P.,sì,1,,,,,,,,ERR - Bonci: scambia la data del decreto con la data di incoronazione.
1379,1409,Francia,Nizza,Nostra Signora delle Grazie,30-5-1948,,sì,1,,,,,,,,ERR - Bonci: data l'incoronazione 11 aprile 1948.
1380,1449,Italia,Morcone,Madonna della Pace,30-5-1948,Capitolo,sì,1,,,,,,,,ERR - Bonci: scambia la data del decreto con la data di incoronazione.
1381,1722,Spagna,Melilla,Vergine della Vittoria,13-6-1948,B.P.,sì,1,,,,,,,,ERR - Bonci: data l'incoronazione 20 maggio 1947.
1382,1533,Italia,Trani,Madonna Addolorata,20-6-1948,Capitolo,sì,1,,,,,,,,ERR - Bonci: scambia la data del decreto con la data di incoronazione.
1383,1262,Messico,Jalostotitlan,Nostra Signora dell'Assunzione,15-8-1948,Capitolo,sì,1,,,,,,,,ERR - Bonci: scambia la data del decreto con la data di incoronazione.
1384,1502,Italia,Bovegno,Madonna della Misericordia,15-8-1948,Capitolo,sì,1,,,,,,,,ERR - Bonci: non la cita.
1385,1488,Italia,San Vito Romano,Madonna di Compigliano,22-8-1948,Capitolo,sì,1,,,,,,,,ERR - Bonci: non la cita.
1386,1542,Italia,"Sindia, località Cabu Abbas",Nostra Signora di Corte,4-9-1948,Capitolo,sì,1,place+title+year,sancta-maria-cabuabbas-nostra-signora-di-corte-s,Sindia,"Sancta Maria Cabuabbas, Nostra Signora di Corte",1948-09-04; 1998-09-04,LIT,yes,ERR - Bonci: non la cita.
1387,1481,Italia,Norma,Madonna del Rifugio,8-9-1948,Capitolo,sì,1,,,,,,,,ERR - Bonci: non la cita.
1388,1482,Italia,Terracina,Madonna della Delibera,8-9-1948,Capitolo,sì,1,,,,,,,,ERR - Bonci: non la cita.
1389,1504,Italia,Rovato,Madonnadi Santo Stefano,19-9-1948,Capitolo,sì,1,,,,,,,,ERR - Bonci: non la cita.
1390,1558,Italia,Biancavilla,Maria Santissima dell'Elemosina,3-10-1948,Capitolo,sì,1,,,,,,,,ERR - Bonci: non la cita.
1391,1600,Polonia,Worto,Beata Vergine Maria di Worto,2-11-1948,#,no,#,,,,,,,,"ERR - Bonci: data l'incoronazione 2 novembre 1948, la colloca nella città di Worto (non esistente in Polonia)."
1392,1712,Spagna,Madrid,Vergine Immacolata de Almudena,10-11-1948,B.P.,sì,1,,,,,,,,ERR - Bonci scambia data decreto con l'incoronazione.
1393,1479,Italia,Sora,"Madonna ""Rifugio dei peccatori""",26-11-1948,#,no,#,,,,,,,,Bonci: data l'incoronazione 26 novembre 1948. Nessun riferimento in internet.
1394,1579,Italia,Prato,Madonna del Sacro Cingolo,5-4-1949,#,no,#,,,,,,,,Bonci: data l'incoronazione 5 aprile 1949. Nessun riferimento in internet.
1395,1401,Francia,Parigi,Nostra Signora di Guadalupe,26-4-1949,B.P.,sì,1,,,,,,,,ERR - Bonci: non la cita.
1396,1539,Italia,Parabita,Madonna della Coltura,15-5-1949,Capitolo,sì,1,,,,,,,,ERR - Bonci: scambia la data del decreto con la data di incoronazione e la titola: Madonna della Cultura Agricola.
1397,1639,Spagna,Santoña,Nostra Signora del Porto,3-8-1949,B.P.,sì,1,,,,,,,,ERR - Bonci: data l'incoronazione 26 luglio 1943.
1398,1287,Messico,Izamal,Nostra Signora Immacolata di Izamal,22-8-1949,B.P.,sì,1,place+title+year,nuestra-senora-de-izamal-izamal,Izamal,Nuestra Señora de Izamal,1949,AAS,yes,ERR - Bonci: non la cita.
1399,1534,Italia,Cerignola,Madonna di Ripalta,8-9-1949,B.P.,sì,2,,,,,,,,ERR - Bonci: non la cita.
1400,1728,Spagna,Tolosa,Vergine di Izaskun,11-9-1949,B.P.,sì,1,,,,,,,,ERR - Bonci: non la cita.
1401,1295,Argentina,Lomas de Zamora,Nostra Signora della Pace,30-9-1949,#,no,#,,,,,,,,ERR - Bonci: la colloca a La Paz. Nessun riferimento in internet.
1402,1500,Italia,Brignano Gera d'Adda,Madonna dei Campi,10-10-1949,#,no,#,,,,,,,,Bonci: data l'incoronazione 10 ottobre 1949. Nessun riferimento in internet.
1403,1730,Spagna,Bilbao,Cuore Immacolato di Maria,16-10-1949,B.P.,sì,1,,,,,,,,ERR - Bonci: data l'incoronazione 23 maggio 1948.
1404,1464,Italia,Torre del Greco,L'Immacolata,15-3-1950,#,no,#,,,,,,,,ERR - Bonci: data l'incoronazione 15 marzo 1950. Nessun riferimento in internet.
1405,1715,Spagna,Cascante,Nostra Signora del Romero,15-3-1950,#,no,#,,,,,,,,ERR - Bonci: data l'incoronazione 15 marzo 1950. Nessun riferimento in internet.
1406,1711,Spagna,Madrid,Nostra Signora di Atocha,15-3-1950,#,no,#,,,,,,,,ERR - Bonci: data l'incoronazione 15 marzo 1950; fu incoronata nel 1930.
1407,1243,Messico,Molina de Aragon,Reina del Senorio,26-5-1950,#,no,#,,,,,,,,ERR - Bonci: la colloca a Molina de Aragon in Messico. Molina de Aragon si trova in Spagna. Nessun riferimento in internet.
1408,1549,Italia,Sorso,"Beata Vergine di ""Noli me tollere""",26-5-1950,Capitolo,sì,1,,,,,,,,ERR - Bonci: data l'incoronazione 27 maggio 1950.
1409,1656,Spagna,Cuenca,Nostra Signora la Vergine della Luce,1-6-1950,B.P.,sì,1,,,,,,,,ERR - Bonci: non la cita.
1410,1576,Italia,"Capannori, frazione di Matraia",Madonna delle Grazie,6-6-1950,Capitolo,sì,1,,,,,,,,
1411,1560,Italia,Fiumefreddo di Sicilia,Maria Santissima Immacolata,14-6-1950,Capitolo,sì,1,,,,,,,,ERR - Bonci: non la cita.
1412,1433,Italia,"Corigliano-Rossano, frazione di Rossano",Maria Santissima Achiropita,18-6-1950,Capitolo,sì,1,,,,,,,,ERR - Bonci: data l'incoronazione 27 maggio 1950.
1413,1392,Francia,"La Prénessaye, villaggio di Querrien",Nostra Signora del Soccorso,14-8-1950,B.P.,sì,1,,,,,,,,ERR - Bonci: non la cita.
1414,1326,Colombia,Medellin,Nostra Signora della Candelaria,15-8-1950,B.P.,sì,1,,,,,,,,ERR - Bonci: data l'incoronazione 25 marzo 1942.
1415,1386,Francia,Saint-Brienc,#,18-8-1950,#,no,#,,,,,,,,ERR - Bonci: data l'incoronazione 18 agosto 1950 e la colloca a Saint-Brienc. Nessun riferimento in internet.
1416,1575,Italia,Capannori,Madonna del Rosario,18-8-1950,Capitolo,sì,1,,,,,,,,Bonci: data l'incoronazione 18 agosto 1950.
1417,1690,Spagna,Montanchez,Vergine della Consolazione,10-9-1950,Capitolo,sì,1,,,,,,,,ERR - Bonci: scambia la data del decreto con la data di incoronazione.
1418,1497,Italia,"Lerici, frazione di San Terenzo al mare",Nostra Signora dell'Arena,10-9-1950,#,no,#,,,,,,,,Bonci: data l'incoronazione 10 settembre 1950. Nessun riferimento in internet.
1419,1491,Italia,Vignanello,Immacolata Concezione,12-9-1950,Capitolo,sì,1,,,,,,,,"ERR - Bonci: data l'incoronazione 20 ottobre 1950, la titola: Immacolata di Vignanello e la colloca a Civita Castellana."
1420,1729,Spagna,Azkoitia,Nostra Signora di Urrategi,17-9-1950,Capitolo,sì,1,,,,,,,,ERR - Bonci: scambia la data del decreto con la data di incoronazione.
1421,1683,Spagna,Carcagente,Nostra Signora delle Acque Vive,16-10-1950,Capitolo,sì,1,,,,,,,,"ERR - Bonci: data l'incoronazione 6 giugno 1950, la colloca a Valencia e la titola: Nuestra Señora di Agnas Vivas."
1422,1387,Francia,Halluin,Nostra Signora delle Febbri,20-10-1950,#,no,#,,,,,,,,Bonci: data l'incoronazione 20 ottobre 1950. Nessun riferimento in internet.
1423,1626,Spagna,Espartinas,Nostra Signora di Loreto,12-11-1950,Capitolo,sì,1,,,,,,,,ERR - Bonci: scambia la data del decreto con la data di incoronazione e la collocata ad Aljarate.
1424,1263,Messico,Poncitlan,Nostra Signora del Rosario,19-11-1950,B.P.,sì,1,,,,,,,,ERR - Bonci: non la cita.
1425,1332,Ecuador,Cuenca,María Ausiliatrice,8-12-1950,B.P.,sì,1,,,,,,,,ERR - Bonci: non la cita.
1426,1415,Italia,Paganica,Madonna d'Appari,27-3-1951,#,no,#,,,,,,,,Bonci: data l'incoronazione 27 marzo 1951. Nessun riferimento in internet.
1427,1607,Spagna,Almería,Vergine del Mare,8-4-1951,Capitolo,sì,1,,,,,,,,ERR - Bonci: non la cita.
1428,1583,Italia,"Perugia, frazione di San Martino in Colle",Madonna del Buon Consiglio,29-4-1951,#,no,#,,,,,,,,Bonci: data l'incoronazione 29 aprile 1951. Nessun riferimento in internet.
1429,1668,Spagna,Barcellona,Nostra Signora del Rosario di Pompei,6-5-1951,Capitolo,sì,1,,,,,,,,ERR - Bonci: data l'incoronazione 18 agosto 1948.
1430,1531,Italia,Molfetta,Madonna dei Martiri,1-7-1951,Capitolo,sì,1,,,,,,,,ERR - Bonci: scambia la data del decreto con la data di incoronazione.
1431,1429,Italia,Curinga,Madonna del Carmelo,16-7-1951,Capitolo,sì,1,,,,,,,,ERR - Bonci: data l'incoronazione 15 luglio 1951.
1432,1468,Italia,Cannalonga,Regina del Carmelo,16-8-1951,#,no,#,,,,,,,,Bonci: data l'incoronazione 16 agosto 1951. Nessun riferimento in internet.
1433,1528,Italia,Bitonto,Beata Vergine Immacolata,19-8-1951,B.P.,sì,1,,,,,,,,ERR - Bonci: data l'incoronazione 14 aprile 1934.
1434,1282,Messico,Charcas,Nostra Signora del Rosario,20-8-1951,Capitolo,sì,1,,,,,,,,ERR - Bonci: non la cita.
1435,1593,Malta,Żabbar,Nostra Signora delle Grazie,2-9-1951,B.P.,sì,1,place+title,madonna-ss-ma-delle-grazie-zabbar-malta-zabbar-o,"Żabbar (OCR 'Zabar'), Malta","Madonna SS.ma delle Grazie (Żabbar, Malta)",,ACSP,,ERR - Bonci: non la cita.
1436,1396,Francia,Pontivy,Nostra Signora della Gioia,23-9-1951,B.P.,sì,1,place+title+year,notre-dame-de-joie-pontivy,Pontivy,Notre-Dame de Joie,1951,AAS,yes,ERR - Bonci: data l'incoronazione 6 novembre 1950.
1437,1343,Perù,Callao,Nostra Soiignora del Carmine de la Legua,7-10-1951,B.P.,sì,1,,,,,,,,ERR - Bonci: non la cita.
1438,1614,Spagna,San Fernando,Nostra Signora del Carmine,12-10-1951,B.P.,sì,1,,,,,,,,ERR - Bonci: non la cita.
1439,1321,Cile,Casablanca,Nostra Signora de Lo Vasquez,13-10-1951,Capitolo,sì,1,,,,,,,,ERR - Bonci: scambia la data del decreto con la data di incoronazione e la colloca a Santiago del Cile.
1440,1251,Messico,Celaya,Nostra Signora del Carmine,24-11-1951,B.P.,sì,1,,,,,,,,ERR - Bonci: non la cita.
1441,1592,Malta,Victoria,Madonna della Grazia Divina,27-1-1952,Capitolo,sì,1,,,,,,,,ERR - Bonci: data l'incoronazione 26 novembre 1951 e la colloca a Malta.
1442,1252,Messico,Leon,Vergine delle Tre Ave Marie,26-2-1952,#,no,#,,,,,,,,Bonci: data l'incoronazione 26 febbraio 1952. Nessun riferimento in internet.
1443,1292,Stati Uniti d'America,New York City,Nostra Signora di Guadalupe,26-2-1952,#,no,#,,,,,,,,Bonci: data l'incoronazione 26 febbraio 1952. Nessun riferimento in internet.
1444,1691,Spagna,Plasencia,Vergine del Porto,27-4-1952,Capitolo,sì,1,,,,,,,,ERR - Bonci: non la cita.
1445,1397,Francia,Brando,Nostra Signora delle Grazie,18-5-1952,B.P.,sì,1,,,,,,,,ERR - Bonci: non la cita.
1446,1606,Repubblica di San Marino,Borgo Maggiore,Madonna della Consolazione,3-6-1952,#,no,#,,,,,,,,ERR - Bonci: la colloca a Borgo Maggiore di San Marino e data l'incoronazione 3 giugno 1952. Nessun riferimento in internet.
1447,1646,Spagna,El Cabaco,Nostra Signora della Roccia di Francia,4-6-1952,B.P.,sì,1,,,,,,,,ERR - Bonci: data l'incoronazione 3 marzo 1951 e la colloca a Salamanca.
1448,1666,Spagna,Toledo,Vergine della Speranza,8-6-1952,Capitolo,sì,1,,,,,,,,ERR - Bonci: data l'incoronazione 15 aprile 1952.
1449,1380,Belgio,Kortrijk,Madonna di Groeninghe,6-7-1952,B.P.,sì,1,,,,,,,,ERR - Bonci: non la cita.
1450,1436,Italia,Gerace,Madonna dell'Arco,12-8-1952,#,no,#,,,,,,,,Bonci: data l'incoronazione 12 agosto 1952. Nessun riferimento in internet.
1451,1339,Perù,Chachapoyas,Vegine Assunta,15-8-1952,B.P.,sì,1,,,,,,,,ERR - Bonci: non la cita.
1452,1577,Italia,"Fosciandora, frazione di Migliano",Santa Maria della Stella,17-8-1952,Capitolo,sì,1,,,,,,,,ERR - Bonci: scambia la data del decreto con la data di incoronazione.
1453,1544,Italia,Oristano,Madonna del Rimedio,7-9-1952,B.P.,sì,1,,,,,,,,ERR - Bonci: non la cita.
1454,1720,Spagna,Ujué,Santa María de Ujué,8-9-1952,B.P.,sì,1,,,,,,,,ERR - Bonci: non la cita.
1455,1356,Venezuela,Guanare,Nostra Signora di Coromoto,11-9-1952,B.P.,sì,1,place+title+year,nuestra-senora-de-coromoto-guanare,Guanare,Nuestra Señora de Coromoto,1952-09-12; 1985-01-27,AAS,yes,ERR - Bonci: non la cita.
1456,1304,Argentina,Salta,Vergine delle Lacrime,13-9-1952,B.P,sì,1,,,,,,,,ERR - Bonci: non la cita.
1457,1329,Colombia,Ipiales,Nostra Signora di Las Lajas,16-9-1952,B.P.,sì,1,place+title+year,nuestra-senora-del-rosario-de-las-lajas-ipiales,Ipiales,Nuestra Señora del Rosario de las Lajas,1952,AAS,yes,ERR - Bonci: scambia la data del decreto con la data di incoronazione e la colloca a Pasto.
1458,1686,Spagna,Sueca,Vergine di Sales,19-10-1952,B.P.,sì,1,,,,,,,,ERR - Bonci: non la cita.
1459,1264,Messico,San Juanito de Escobedo,Nostra Signora del Pueblito,18-1-1953,B.P.,sì,1,,,,,,,,ERR - Bonci: non la cita.
1460,1673,Spagna,Sant Ferriol,Santa María del Collel,15-3-1953,#,no,#,,,,,,,,"ERR - Bonci: data l'incoronazione 15 marzo 1953, la colloaca a Gerona e la titola: Santa Maria de Collel. Nessun riferimento in internet."
1461,1628,Spagna,Siviglia,Nostra Signora della Regola in Cadis,19-4-1953,#,no,#,,,,,,,,ERR - Bonci: data l'incoronazione 19 aprile 1953. Nessun riferimento in internet.
1462,1677,Spagna,Alcoy,Nostra Signora dei Gigli in Alcoy,19-4-1953,#,no,#,,,,,,,,ERR - Bonci: data l'incoronazione 19 aprile 1953 e la colloca a Valencia.
1463,1705,Spagna,La Frontera,Nostra Signora dei Re,17-5-1953,B.P.,sì,1,,,,,,,,ERR - Bonci: non la cita.
1464,1316,Brasile,Recife,Nostra Signora della Penha,8-6-1953,#,no,#,,,,,,,,Bonci: data l'incoronazione 8 giugno 1953. Nessun riferimento in internet.
1465,1388,Francia,Yssingeaux,Madonna dei Penitenti,21-6-1953,B.P.,sì,1,,,,,,,,ERR - Bonci: non la cita.
1466,1349,Perù,Lima,Nostra Signora del Miracolo,19-7-1953,B.P.,sì,1,,,,,,,,ERR - Bonci: non la cita.
1467,1588,Lussemburgo,Kayl,Nostra Signora dei Minatori,26-7-1953,B.P.,sì,1,,,,,,,,ERR - Bonci: data l'incoronazione 19 aprile 1953.
1468,1315,Brasile,Belém,Nostra Signora di Nazareth dell'Esilio,15-8-1953,B.P.,sì,1,place+title+year,nossa-senhora-de-nazare-belem-do-para,Belém do Pará,Nossa Senhora de Nazaré,1953,AAS,yes,ERR - Bonci: non la cita.
1469,1273,Messico,Santa Clara del Cobre,Nostra Signora del Sagrario,15-8-1953,Capitolo,sì,1,,,,,,,,ERR - Bonci: data l'incoronazione 15 marzo 1953 e la colloca a Morelia.
1470,1661,Spagna,"Corduente, villaggio di Ventosa",Vergine della Hoz,31-8-1953,B.P.,sì,1,,,,,,,,ERR - Bonci: non la cita.
1471,1451,Italia,Piana di Monte Verna,Santa Maria a Marciano,7-9-1953,Capitolo,sì,1,,,,,,,,ERR - Bonci: la colloca a Chiazzo e scambia la data del decreto con la data di incoronazione.
1472,1692,Spagna,Trujillo,Vergine della Vittoria di Trujillo,18-10-1953,Capitolo,sì,1,,,,,,,,ERR - Bonci: non la cita.
1473,1317,Brasile,Natal,Nostra Signora della Presentazione,21-11-1953,B.P.,sì,1,place+title,nossa-senhora-da-apresentacao-natal,Natal,Nossa Senhora da Apresentação,,AAS,,ERR - Bonci: non la cita.
1474,1320,Cile,Santiago del Cile,Nostra Signora del Soccorso,25-11-1953,Capitolo,sì,1,,,,,,,,ERR - Bonci: non la cita.
1475,1297,Argentina,Villa del Rosario,Nostra Signora del Rosario,20-2-1954,#,no,#,place+title,nuestra-senora-del-rosario-rosario,Rosario,Nuestra Señora del Rosario,1941,AAS,no,"ERR - Bonci: la titola: Villa Real del Rosario, la colloca a Cordoba e data l'incoronazione 20 febbraio 1954."
1476,1394,Francia,La Guerche-de-Bretagne,Notre Dame de La Guerche,6-3-1954,#,no,#,place+title,notre-dame-de-la-guerche-la-guerche-de-bretagne,La Guerche-de-Bretagne,Notre-Dame de la Guerche,1937,AAS,no,ERR - Bonci: data l'incoronazione 6 marzo 1954 e la colloca a La Guerce de Bretagne. Nessun riferimento in internet.
1477,1517,Italia,Riccia,Madonna del Carmine,6-3-1954,#,no,#,,,,,,,,Bonci: data l'incoronazione 6 marzo 1954. Nessun riferimento in internet.
1478,1559,Italia,Catania,Immacolata Concezione,1-4-1954,#,no,#,,,,,,,,Bonci: data l'incoronazione 1 aprile 1954. Nessun riferimento in internet.
1479,1476,Italia,"Monfalcone, frazione di Panzano",Madonna Marcelliana,4-4-1954,#,no,#,,,,,,,,Bonci: data l'incoronazione 4 aprile 1954. ERR - Bonci: la titola: Morcelliana. Nessun riferimento in internet.
1480,1480,Italia,Sora,Madonna dello Spirito Santo,8-4-1954,#,no,#,,,,,,,,Bonci: data l'incoronazione 8 aprile 1954 e la titola: Madonna dello Spirito Santo. Nessun riferimento in internet.
1481,1571,Italia,Chiaromonte Gulfi,Madonna di Gulfi,6-5-1954,Capitolo,sì,1,,,,,,,,ERR - Bonci: scambia la data del decreto con la data di incoronazione.
1482,1447,Italia,Circello,Maria Santissima del Carmelo,11-5-1954,#,no,#,,,,,,,,ERR - Bonci: data l'incoronazione 11 maggio 1954. Nessun riferimento in internet.
1483,1630,Spagna,Siviglia,Maria Ausiliatrice,13-5-1954,B.P.,sì,1,,,,,,,,ERR - Bonci: non la cita.
1484,1726,Spagna,Irun,Nostra Signora delle Canne,30-5-1954,Capitolo,sì,1,,,,,,,,ERR - Bonci: data l'incoronazione 10 ottobre 1954 e la colloca a San Sebastian.
1485,1650,Spagna,Villalpando,Beata Vergine Immacolata,13-6-1954,Capitolo,sì,1,,,,,,,,ERR - Bonci: data l'incoronazione 30 settembre 1949 e la colloca a Zamora.
1486,1372,Filippine,Piat,Nostra Signora della Visitazione di Piat,20-6-1954,Capitolo,sì,1,,,,,,,,ERR - Bonci: data l'incoronazione 10 ottobre 1954 e la colloca a Manila.
1487,1465,Italia,Torre del Greco,Vergine Immacolata,23-6-1954,Capitolo,sì,1,,,,,,,,ERR - Bonci: data l'incoronazione 8 novembre 1953: è la data della supplica.
1488,1437,Italia,"Oppido Mamertina, frazione di Tresilico",Madonna delle Grazie,2-7-1954,Capitolo,sì,1,,,,,,,,ERR - Bonci: scambia la data del decreto con la data di incoronazione.
1489,1519,Italia,Stazzano,Madonna di Montespineto,25-7-1954,Capitolo,sì,1,,,,,,,,ERR - Bonci: la colloca a Tortona e scambia la data del decreto con la data di incoronazione.
1490,1590,Malta,Qala,Immacolata Concezione della Beata Vergine Maria di Cala,1-8-1954,Capitolo,sì,1,,,,,,,,ERR - Bonci: data l'incoronazione 21 febbraio 1954 e la colloca a Gozo con un titolo della Madonna inesistente: Immacolata Concezione della Beata Vergine Maria di Cala.
1491,1580,Italia,"Folgaria, frazione di Costa",Vergine Santissima delle Grazie,1-8-1954,Capitolo,sì,1,place+year,domina-nostra-a-gratiis-in-folgaria-folgaria,Folgaria,Domina Nostra a gratiis in Folgaria,1954,AAS,yes,ERR - Bonci: scambia la data del decreto con la data di incoronazione.
1492,1453,Italia,"Casamicciola Terme, località Sentinella",Madonna Immacolata,3-8-1954,Capitolo,sì,1,,,,,,,,ERR - Bonci: scambia la data del decreto con la data di incoronazione.
1493,1240,Canada,Trois-Rivières,Nostra Signora del Capo,12-8-1954,B.P.,sì,2,,,,,,,,ERR - Bonci: non la cita.
1494,1411,Inghilterra,Walsingham,Nostra Signora di Walsingham,15-8-1954,B.P.,sì,1,,,,,,,,ERR - Bonci: non la cita.
1495,1584,Italia,Ficulle,Madonna della Maestà,22-8-1954,B.P.,sì,1,,,,,,,,
1496,1432,Italia,Canna,Immacolata Concezione,29-8-1954,#,no,#,,,,,,,,Bonci: data l'incoronazione 29 agosto 1954. Nessun riferimento in internet.
1497,1501,Italia,Cividate al Piano,L'Addolorata dei Campiveri,29-8-1954,#,no,#,,,,,,,,Bonci: data l'incoronazione 29 agosto 1954. Nessun riferimento in internet.
1498,1505,Italia,Imbersago,Madonna del Bosco,29-8-1954,B.P.,sì,1,place+title+year,madonna-del-bosco-imbersago,Imbersago,Madonna del Bosco,1954-08-29,AAS,yes,ERR - Bonci: non la cita.
1499,1649,Spagna,Toro,Vergine del Canto,5-9-1954,Capitolo,sì,1,,,,,,,,ERR - Bonci: data l'incoronazione 23 maggio 1954 e la colloca a Zamora.
1500,1611,Spagna,Chipiona,Nostra Signora della Regola,5-9-1954,B.P.,sì,1,,,,,,,,ERR - Bonci: non la cita.
1501,1547,Italia,Luogosanto,Nostra Signora di Luogosanto,8-9-1954,Capitolo,sì,1,,,,,,,,ERR - Bonci: la colloca a Tempio Pausania e scambia la data del decreto con la data di incoronazione.
1502,1434,Italia,Fagnano Castello,Beata Vergine Immacolata,8-9-1954,Capitolo,sì,1,,,,,,,,ERR - Bonci: data l'incoronazione 20 ottobre 1954.
1503,1561,Italia,Militello in Val di Catania,Madonna della Stella,8-9-1954,Capitolo,sì,1,,,,,,,,ERR - Bonci: non la cita.
1504,1684,Spagna,El Puig,Vergine degli Angeli,9-9-1954,B.P.,sì,1,,,,,,,,ERR - Bonci: non la cita.
1505,1695,Spagna,Mondoñedo,Nostra Signora dei Rimedi,12-9-1954,B.P.,sì,1,,,,,,,,ERR - Bonci: non la cita.
1506,1525,Italia,Altamura,Vergine Santissima del Buoncammino,15-9-1954,Capitolo,sì,1,,,,,,,,ERR - Bonci: scambia la data del decreto con la data di incoronazione.
1507,1552,Italia,Gela,Maria Santissima d'Alemanna,19-9-1954,Capitolo,sì,1,,,,,,,,ERR - Bonci: data l'incoronazione 10 ottobre 1954.
1508,1478,Italia,Settefrati,Madonna di Canneto,19-9-1954,Capitolo,sì,1,,,,,,,,ERR - Bonci: non la cita.
1509,1507,Italia,"Vercurago, frazione di Somasca","Madonna ""Mater Orphanorum""",19-9-1954,Capitolo,sì,1,,,,,,,,ERR - Bonci: scambia la data del decreto con la data di incoronazione.
1510,1675,Spagna,"Vallbona de les Monges, villaggio di Rocallaura",Santa Maria del Tallat,21-9-1954,B.P.,sì,1,,,,,,,,ERR - Bonci: non la cita.
1511,1427,Italia,Catanzaro,Maria Santissima Immacolata,26-9-1954,Capitolo,sì,1,,,,,,,,
1512,1621,Spagna,Quesada,Nostra Signora de Tíscar,29-9-1954,Capitolo,sì,1,,,,,,,,ERR - Bonci: non la cita.
1513,1428,Italia,Curinga,Maria Santissima lmmacolata,3-10-1954,Capitolo,sì,1,,,,,,,,ERR - Bonci: data l'incoronazione 9 febbraio 1953.
1514,1283,Messico,Apizaco,Nostra Signora della Misericordia,6-10-1954,B.P.,sì,1,,,,,,,,ERR - Bonci: non la cita.
1515,1313,Brasile,São João del-Rei,Nostra Signora del Pilar,12-10-1954,B.P.,sì,1,,,,,,,,ERR - Bonci: non la cita.
1516,1710,Spagna,Anguiano,Nostra Signora di Valvanera,15-10-1954,B.P.,sì,1,,,,,,,,ERR - Bonci: non la cita.
1517,1724,Spagna,Vitoria-Gasteiz,Vergine Bianca,17-10-1954,B.P.,sì,1,,,,,,,,ERR - Bonci: non la cita.
1518,1435,Italia,Luzzi,Maria Santissima Immacolata,20-10-1954,Capitolo,sì,1,,,,,,,,ERR - Bonci: scambia la data del decreto con la data di incoronazione.
1519,1345,Perù,Guadalupe,Nostra Signora di Guadalupe,24-10-1954,Capitolo,sì,1,,,,,,,,ERR - Bonci: la colloca a Truxillo e data l'incoronazione 10 ottobre 1954.
1520,1554,Italia,Mussomeli,Immacolata Concezione,31-10-1954,Capitolo,sì,1,,,,,,,,ERR - Bonci: non la cita.
1521,1244,Messico,Aguascalientes,Immacolata Concezione di San Diego,8-11-1954,B.P.,sì,1,,,,,,,,ERR - Bonci: non la cita.
1522,1627,Spagna,Siviglia,Nostra Signora dei Dolori,21-11-1954,B.P.,sì,1,,,,,,,,ERR - Bonci: non la cita.
1523,1570,Italia,Torretta,Santa Maria delle Grazie,25-11-1954,#,no,#,,,,,,,,Bonci: data l'incoronazione 25 novembre 1954. Nessun riferimento in internet.
1524,1373,Filippine,Lapu-Lapu,Nostra Signora de la Regla,27-11-1954,Capitolo,sì,1,,,,,,,,ERR - Bonci: scambia la data del decreto con la data di incoronazione.
1525,1375,India,"Bombay, quartiere di Bantra",Santa Maria del Monte,5-12-1954,B.P.,sì,1,place+title,our-lady-of-the-mount-bandra-bombay,"Bandra, Bombay",Our Lady of the Mount,,AAS,,ERR - Bonci: non la cita.
1526,1708,Spagna,San Cristobal de La Laguna,Immacolata Concezione,5-12-1954,B.P.,sì,1,,,,,,,,ERR - Bonci: non la cita.
1527,1237,Guatemala,Città del Guatemala,"Immacolata Concezione, Vergine dei Re",5-12-1954,B.P.,sì,1,,,,,,,,ERR - Bonci: non la cita.
1528,1714,Spagna,Yecla,Vergine del Castello,7-12-1954,B.P.,sì,1,,,,,,,,ERR - Bonci: non la cita.
1529,1290,Messico,Zacatecas,Immacolato Cuore di Maria,8-12-1954,B.P.,sì,1,,,,,,,,ERR - Bonci: non la cita.
1530,1713,Spagna,Cartagena,Immacolata Concezione,8-12-1954,#,no,#,,,,,,,,"ERR - Bonci: la colloca a Cartagine, data l'incoronazione 10 ottobre 1954 e la titola: B. Maria Vergine Purissima Concezione."
1531,1361,Filippine,Taal,Nostra Signora di Caysasay,8-12-1954,B.P.,sì,1,,,,,,,,ERR - Bonci: non la cita.
1532,1308,Bolivia,Cotoca,Nostra Signora di Cotoca,8-12-1954,B.P.,sì,1,,,,,,,,ERR - Bonci: la colloca a Santa Cruz de la Sierra; la titola: Nostra Signora di Cotogà; data l'incoronazione 15 marzo 1953.
1533,1250,Messico,Apaseo el grande,Immacolata Concezione,15-12-1954,B.P.,sì,1,,,,,,,,ERR - Bonci: non la cita.
1534,1412,Irlanda,Knock,Nostra Signora di Knock,18-12-1954,B.P.,sì,1,,,,,,,,ERR - Bonci: non la cita.
1535,1508,Italia,Corbetta,Madonna dei Miracoli,17-4-1955,Capitolo,sì,1,,,,,,,,ERR - Bonci: non la cita.
1536,1230,Costa Rica,Paraíso,Nostra Signora di Ujarrás,27-4-1955,B.P.,sì,1,,,,,,,,ERR - Bonci: non la cita.
1537,1489,Italia,Bassano Romano,Madonna della Pietà,21-5-1955,Capitolo,sì,1,,,,,,,,ERR - Bonci: non la cita.
1538,1637,Spagna,Ampuero,Nostra Signora della Buona Apparizione,29-5-1955,B.P.,sì,1,,,,,,,,ERR - Bonci: non la cita.
1539,1674,Spagna,Balaguer,Madre di Dio del Miracolo,30-5-1955,B.P.,sì,1,,,,,,,,ERR - Bonci: non la cita.
1540,1652,Spagna,Hellín,Nostra Signora del Rosario,31-5-1955,B.P.,sì,1,,,,,,,,ERR - Bonci: non la cita.
1541,1581,Italia,Rovereto,Maria Ausiliatrice,2-6-1955,Capitolo,sì,1,,,,,,,,ERR - Bonci: scambia la data del decreto con la data di incoronazione.
1542,1699,Spagna,Algaida,Madre di Dio ddella Cura,5-6-1955,B.P.,sì,1,,,,,,,,ERR - Bonci: non la cita.
1543,1641,Spagna,Arévalo,Nostra Signora dei Dolori,26-6-1955,Capitolo,sì,1,,,,,,,,ERR - Bonci: non la cita.
1544,1688,Spagna,Campanario,Nostra Signora di Piedraescrita,24-8-1955,B.P.,sì,1,,,,,,,,ERR - Bonci: non la cita.
1545,1535,Italia,Manfredonia,Madonna di Siponto,28-8-1955,B.P.,sì,1,,,,,,,,ERR - Bonci: non la cita.
1546,1318,Brasile,Santos,Nostra Signora di Montserrat,8-9-1955,B.P.,sì,1,,,,,,,,ERR - Bonci: non la cita.
1547,1662,Spagna,"Siguenza, villaggio di Barbatona",Nostra Signora della Salute,8-9-1955,Capitolo,sì,1,,,,,,,,ERR - Bonci: data l'incoronazione 29 agosto 1954 la colloca Seguntinae e la titola: B.M.V. Salutio Infirmorum Pop. de la Salud.
1548,1698,Spagna,Ibiza,Nostra Signora delle Nevi,9-10-1955,B.P.,sì,1,,,,,,,,ERR - Bonci: non la cita.
1549,1663,Spagna,Illescas,Nostra Signora della Carità,12-10-1955,Capitolo,sì,1,,,,,,,,ERR - Bonci: non la cita.
1550,1599,Paesi Bassi,Haastrecht,Nostra Signora di Haastrecht,18-10-1955,Capitolo,sì,1,,,,,,,,ERR - Bonci: data l'incoronazione 12 novembre 1955 e la titola: Mariae Viatricis.
1551,1587,Italia,Rovigo,Beata Vergine Addolorata,21-11-1955,Capitolo,sì,1,,,,,,,,ERR - Bonci: non la cita.
1552,1234,El Salvador,Cojutepeque,Immacolata Concezione,8-12-1955,#,sì,1,,,,,,,,"ERR - Bonci: data l'incoronazione 10 ottobre 1954, la titola: B. Vergine Immacolata Concezione e la colloca a San Salvador."
1553,1548,Italia,Sassari,Madonna della Speranza,18-12-1955,Capitolo,sì,1,,,,,,,,ERR - Bonci: scambia la data del decreto con la data di incoronazione.
1554,1363,Filippine,Ermita,Nostra Signora della Guida,30-12-1955,B.P.,sì,1,,,,,,,,ERR - Bonci: non la cita.
1555,1364,Filippine,Bantay,Nostra Signora della Carità,12-1-1956,B.P.,sì,1,,,,,,,,ERR - Bonci: non la cita.
1556,1355,Venezuela,Barquisimeto,La Divina Pastora,14-1-1956,B.P.,sì,1,,,,,,,,ERR - Bonci: non la cita.
1557,1232,Cuba,L'Avana,Nostra Signora della Regla,24-2-1956,B.P.,sì,1,,,,,,,,ERR - Bonci: non la cita.
1558,1253,Messico,Leon,Immacolato Cuore di Maria,15-4-1956,#,no,#,,,,,,,,ERR - Bonci: data l'incoronazione 15 aprile 1956 e la titola: Cuore di Maria.
1559,1337,Ecuador,Quito,Vergine Addolorata,22-4-1956,B.P.,sì,1,place+title+year,dolorosa-del-colegio-quito,Quito,Dolorosa del Colegio,1956-04-22,AAS,yes,ERR - Bonci: non la cita.
1560,1545,Italia,Scano di Montiferro,Beata Vergine Regina di Tutti i Santi,13-5-1956,#,no,#,,,,,,,,Bonci: data l'incoronazione 13 maggio 1956. Nessun riferimento in internet.
1561,1689,Spagna,Coria,Nostra Signora di Argeme,20-5-1956,B.P.,sì,1,,,,,,,,ERR - Bonci: non la cita.
1562,1293,Argentina,Buenos Aires,Maria Ausiliatrice,24-5-1956,B.P,sì,1,,,,,,,,ERR - Bonci: non la cita.
1563,1598,Paesi Bassi,Maastricht,Nostra Sinora della Medaglia Miracolosa,27-5-1956,B.P.,sì,1,,,,,,,,ERR - Bonci: non la cita.
1564,1651,Spagna,Albacete,Vergine dei Piantoni,27-5-1956,B.P.,sì,1,,,,,,,,ERR - Bonci: non la cita.
1565,1716,Spagna,Corella,Nostra Signora di Villar,10-6-1956,B.P.,sì,1,,,,,,,,ERR - Bonci: non la cita.
1566,1443,Italia,Gesualdo,Vergine Santissima delle Grazie,15-7-1956,#,no,#,,,,,,,,Bonci: data l'incoronazione 15 luglio 1956. Nessun riferimento in internet.
1567,1530,Italia,Corato,Santa Maria Greca,15-7-1956,#,no,#,,,,,,,,Bonci: data l'incoronazione 15 luglio 1956. Nessun riferimento in internet.
1568,1245,Messico,Ciudad del Carmen,Nostra Signora del Carmine,16-7-1956,Capitolo,sì,1,,,,,,,,ERR - Bonci: non la cita.
1569,1426,Italia,Rotonda,Madonna della Consolazione,22-7-1956,#,no,#,,,,,,,,Bonci: data l'incoronazione 22 luglio 1956. Nessun riferimento in internet.
1570,1678,Spagna,Aspe,Nostra Signora della Neve,5-8-1956,B.P.,sì,1,,,,,,,,ERR - Bonci: non la cita.
1571,1430,Italia,Rabato di Mileto,Madonna della Grotta,19-8-1956,#,no,#,,,,,,,,Bonci: data l'incoronazione 19 agosto 1956 e la colloca a Rabato di Mileto con titolo Madonna della Grotta.
1572,1369,Filippine,San Fernando,Nostra Signora dei Rimedi,8-9-1956,B.P.,sì,1,,,,,,,,ERR - Bonci: non la cita.
1573,1709,Spagna,Alfaro,"Santa Madre di Dio ""De el Burgo""",8-9-1956,B.P.,sì,1,,,,,,,,ERR - Bonci: scambia la data del decreto con la data di incoronazione.
1574,1640,Spagna,Solorzano,Nostra Signora del Miracolo di Fresnedo,9-9-1956,B.P.,sì,1,,,,,,,,ERR - Bonci: data l'incoronazione 19 agosto 1956 e la titola: Nuestra Señora del Milagro de Fresuedo.
1575,1707,Spagna,Guía de Isora,Vergine della Luce,16-9-1956,B.P.,sì,1,,,,,,,,ERR - Bonci: non la cita.
1576,1442,Italia,Bonito,Madonna dell'Assunta,29-9-1956,Capitolo,sì,1,,,,,,,,ERR - Bonci: non la cita.
1577,1622,Spagna,Villanueva del Arzobispo,Nostra Signora della Fuensanta,29-9-1956,B.P.,sì,1,,,,,,,,ERR - Bonci: non la cita.
1578,1487,Italia,Roma,Madonna delle Grazie delle Fornaci,10-10-1956,B.P.,sì,1,church+title,santa-maria-delle-grazie-in-s-lorenzo-in-lucina,"Rome, San Lorenzo in Lucina (Madonna delle Grazie)",Santa Maria delle Grazie in S. Lorenzo in Lucina,1678-07-28,LIT,no,ERR - Bonci: non la cita.
1579,1281,Messico,Santiago de Querétaro,Nostra Signora di Guadalupe,10-1-1957,Capitolo,sì,1,,,,,,,,ERR - Bonci: non la cita.
1580,1665,Spagna,Talavera de la Reina,Nostra Signora del Prado,30-5-1957,B.P.,sì,1,,,,,,,,ERR - Bonci: scambia la data del decreto con la data di incoronazione e la colloca a Toledo
1581,1657,Spagna,Cuenca,Vergine Addolorata,31-5-1957,B.P.,sì,1,,,,,,,,ERR - Bonci: non la cita.
1582,1460,Italia,Napoli,Maria Santissima degli Angeli,2-6-1957,#,sì,1,,,,,,,,Bonci: data l'incoronazione 17 marzo 1957 e la colloca nel rione Miano. Nessun riferimento in internet.
1583,1562,Italia,Piedimonte Etneo,Maria Santissima della Vena,16-6-1957,#,no,#,,,,,,,,ERR - Bonci: la colloca a Aci Catena e data l'incoronazione 16 giugno 1957. Nessun riferimento in internet.
1584,1242,Messico,Ficarra,Maria Santissima Assunta,5-8-1957,#,no,#,,,,,,,,ERR - Bonci: data l'incoronazione 5 agosto 1957 e la colloca a Ficarra in Messico (nel Messico non esiste una località Ficarra).
1585,1556,Italia,Aci Catena,Maria Santissima della Catena,14-8-1957,B.P.,sì,1,,,,,,,,ERR - Bonci: la colloca a Acireale.
1586,1685,Spagna,Picassent,Nostra Signora di Vallivana,8-9-1957,Capitolo,sì,1,,,,,,,,ERR - Bonci: data l'incoronazione 19 marzo 1957 e la colloca a Picasent.
1587,1424,Italia,Potenza,Beata Maria Vergine del Terremoto,22-9-1957,Capitolo,sì,1,,,,,,,,ERR - Bonci: scambia la data del decreto con la data di incoronazione.
1588,1298,Argentina,Corrientes,Nostra Signora della Misericordia,24-9-1957,B.P,sì,1,,,,,,,,ERR - Bonci: non la cita.
1589,1557,Italia,Acireale,Maria Santissima Immacolata,15-12-1957,#,no,#,,,,,,,,Bonci: data l'incoronazione 15 dicembre 1957. Nessun riferimento in internet.
1590,1422,Italia,Melfi,Madonna di Nazaret,15-12-1957,#,no,#,,,,,,,,Bonci: data l'incoronazione 15 dicembre 1957. Nessun riferimento in internet.
1591,1536,Italia,Manfredonia,Maria delle Grazie,20-4-1958,#,no,#,,,,,,,,Bonci: data l'incoronazione 20 aprile 1958 e la colloca nella chiesa di Santo Stefano Rotondo.
1592,1470,Italia,Sant'Arsenio,Madonna del Carmine,20-4-1958,#,no,#,,,,,,,,Bonci: data l'incoronazione 20 aprile 1958. Nessun riferimento in internet.
1593,1490,Italia,Capranica,Madonna delle Grazie,10-5-1958,Capitolo,sì,1,,,,,,,,ERR - Bonci: scambia la data del decreto con la data di incoronazione.
1594,1370,Filippine,Boac,Nostra Signora del Pronto Soccorso,10-5-1958,Capitolo,sì,1,,,,,,,,ERR - Bonci: scambia la data del decreto con la data di incoronazione e la colloca a Mariuduque.
1595,1568,Italia,Marineo,Madonna della Dayna,18-5-1958,#,no,#,,,,,,,,Bonci: data l'incoronazione 18 maggio 1958. Nessun riferimento in internet.
1596,1717,Spagna,Estella,Nostra Signora di Puy,25-5-1958,B.P.,sì,1,,,,,,,,ERR - Bonci: non la cita.
1597,1573,Italia,"Impruneta, frazione di Pozzolatico",Madonna delle Grazie,15-6-1958,#,no,#,,,,,,,,ERR - Bonci: la colloca a Firenze nella chiesa di Pozzolatico e data l'incoronazione 15 giugno 1958. A Firenze non esiste una chiesa di Pozzolatico.
1598,1499,Italia,Varazze,Madonna del Romito,15-6-1958,#,no,#,,,,,,,,Bonci: data l'incoronazione 15 giugno 1958. Nessun riferimento in internet.
1599,1723,Spagna,"Valdegovia, villaggio di Villanañe",Nostra Signora di Angosto,15-6-1958,Capitolo,sì,1,,,,,,,,ERR - Bonci: data l'incoronazione 17 febbraio 1957 e la colloca Vitoria.
1600,1553,Italia,Gela,Madonna delle Grazie,1-7-1958,Capitolo,sì,1,,,,,,,,ERR - Bonci: scambia la data del decreto con la data di incoronazione.
1601,1495,Italia,Riva Ligure,Madonna del Santo Carmelo,6-7-1958,#,no,#,,,,,,,,Bonci: data l'incoronazione 6 luglio 1958. Nessun riferimento in internet.
1602,1578,Italia,"Buggiano, frazione di Buggiano Castello",Madonna della Salute,20-7-1958,#,no,#,,,,,,,,Bonci: data l'incoronazione 20 luglio 1958. Nessun riferimento in internet.
1603,1466,Italia,Torre del Greco,Madonna del Principio,25-7-1958,Capitolo,sì,1,,,,,,,,ERR - Bonci: scambia la data del decreto con la data di incoronazione.
1604,1256,Messico,Purìsima del Rincon,Nostra Signora della Purissima Concezione,8-8-1958,Capitolo,sì,1,,,,,,,,ERR - Bonci: non la cita.
1605,1483,Italia,Cittareale,Madonna di Capo d'Acqua,24-8-1958,#,no,#,,,,,,,,Bonci: data l'incoronazione 24 agosto 1958. Nessun riferimento in internet.
1606,1446,Italia,Buonalbergo,Madonna della Macchia,8-9-1958,Capitolo,sì,1,,,,,,,,ERR - Bonci: scambia la data del decreto con la data di incoronazione.
1607,1514,Italia,Ostra,Beata Vergine Immacolata di Lourdes,12-9-1958,Capitolo,sì,1,,,,,,,,ERR - Bonci: la colloca a Senigaglia.
1608,1309,Brasile,Belo Horizonte,Nostra Signora di Lourdes,7-10-1958,#,no,#,,,,,,,,ERR - Bonci: data l'incoronazione 7 ottobre 1958 e la colloca a Belo Horizonte. Nessun riferimento in internet.
1609,1735,Svizzera,"Val Mara, frazione di Melano",Madonna del Castelletto,23-11-1958,#,no,#,,,,,,,,ERR - Bonci: la colloca a Melano di Lugano e data l'incoronazione 23 novembre 1958. Nessun riferimento in internet.
1610,1732,Svizzera,Coira,Santa Maria di Calanca,25-1-1959,#,no,#,,,,,,,,Bonci: data l'incoronazione 25 gennaio 1959. Nessun riferimento in internet.
1611,1325,Colombia,Rionegro,Nostra Signora del Rosario di Arma,8-2-1959,B.P.,sì,1,,,,,,,,ERR - Bonci: scambia la data del decreto con la data di incoronazione e la colloca a Sonson.
1612,1367,Filippine,Orani,Nostra Signora del Rosario,18-4-1959,Capitolo,sì,1,,,,,,,,ERR - Bonci: scambia la data del decreto con la data di incoronazione.
1613,1385,Croazia,Zagabria,Nostra Signora di Fatima,31-5-1959,B.P.,sì,1,,,,,,,,ERR - Bonci: non la cita.
1614,1681,Spagna,Orihuela,Nostra Signora di Monserrato,31-5-1959,,sì,2,place+title+year,nuestra-senore-de-monserrate-orihuela,Orihuela,Nuestra Señore De Monserrate,1920-05-31; 1959,LIT,yes,ERR - Bonci: non la cita.
1615,1537,Italia,San Giovanni Rotondo,Madonna delle Grazie,2-7-1959,Capitolo,sì,1,,,,,,,,ERR - Bonci: non la cita.
1616,1638,Spagna,"Santiurde de Toranzo, frazione di Iruz",Nostra Signora del Soto,6-9-1959,B.P.,sì,1,place+title,nuestra-senora-de-el-soto-iruz-valle-de-toranzo,Iruz (Valle de Toranzo),Nuestra Señora de El Soto,,AAS,,ERR - Bonci: non la cita.
1617,1327,Colombia,La Strella,Nostra Signora di Chiquinquirà,13-9-1959,B.P.,sì,1,,,,,,,,ERR - Bonci: non la cita.
1618,1459,Italia,Napoli,Vergine Addolorata,20-9-1959,#,no,#,,,,,,,,Bonci: data l'incoronazione 20 settembre 1959 e la colloca a Miano. Nessun riferimento in internet.
1619,1636,Spagna,"Carreño, zona Guimarán",Nostra Signora dei Rimedi,27-9-1959,B.P.,sì,1,,,,,,,,ERR - Bonci: non la cita.
1620,1670,Spagna,Igualada,Nostra Signora della Misericordia,11-10-1959,Capitolo,sì,1,,,,,,,,ERR - Bonci: data l'incoronazione 19 aprile 1959 e la colloca a Ignalada.
1621,1366,Filippine,Luna,Nostra Signora de Namacpacan,24-11-1959,Capitolo,sì,1,,,,,,,,ERR - Bonci: data l'incoronazione 20 settebre 1959 e la colloca a Namacpacan.
1622,1254,Messico,Leon,Immacolata Concezione,8-12-1959,Capitolo,sì,1,,,,,,,,ERR - Bonci: non la cita.
1623,1338,Ecuador,Baños de Agua Santa,Nostra Signora del Rosario dell'Acqua Santa,13-12-1959,B.P.,sì,1,place+title+year,nuestra-senora-del-rosario-de-agua-santa-de-bano,Baños (« Baños de Tungurahua »),Nuestra Señora del Rosario de Agua Santa de Baños,1959-12-13,AAS,yes,ERR - Bonci: non la cita.
1624,1353,Venezuela,San Sebastián,Nostra Signora della Misericordia e Carità,22-1-1960,B.P.,sì,1,,,,,,,,ERR - Bonci: non la cita.
1625,1376,Kuwait,Ahmadi,Nostra Signora d'Arabia,25-3-1960,B.P.,sì,1,,,,,,,,ERR - Bonci: non la cita.
1626,1438,Italia,Taurianova,Madonna del Carmine,27-3-1960,Capitolo,sì,1,,,,,,,,ERR - Bonci: data l'incoronazione 18 ottobre 1959.
1627,1402,Francia,Montebourg,Nostra Signora della Stella,1-5-1960,B.P.,sì,1,,,,,,,,ERR - Bonci: data l'incoronazione 20 settembre 1959 e la colloca a Montebourg Manche.
1628,1494,Italia,Voltri,Madonna delle Grazie,22-5-1960,#,no,#,,,,,,,,Bonci: data l'incoronazione 22 maggio 1960. Nessun riferimento in internet.
1629,1725,Spagna,Lekeitio,Nostra Signora della Antigua,12-6-1960,B.P.,sì,1,,,,,,,,ERR - Bonci: non la cita.
1630,1291,Stati Uniti d'America,Santa Fe,Nostra Signora della Conquista,26-6-1960,B.P.,sì,1,,,,,,,,ERR - Bonci: non la cita.
1631,1350,Perù,Paita,Nostra Signora della Misericordia,27-8-1960,B.P.,sì,1,,,,,,,,ERR - Bonci: non la cita.
1632,1643,Spagna,Carrión de los Condes,Nostra Signora di Betlemme,28-8-1960,B.P.,sì,1,,,,,,,,ERR - Bonci: non la cita.
1633,1719,Spagna,Roncesvalles,Santa Maria di Roncisvalle,8-9-1960,B.P.,sì,1,,,,,,,,ERR - Bonci: non la cita.
1634,1687,Spagna,Utiel,Nostra Signora del Rimedio,8-9-1960,B.P.,sì,1,,,,,,,,ERR - Bonci: non la cita.
1635,1693,Spagna,La Coruña,Nostra Signora del Rosario,11-9-1960,B.P.,sì,1,,,,,,,,ERR - Bonci: non la cita.
1636,1274,Messico,Tarímbaro,Nostra Signora della Scala,7-10-1960,B.P.,sì,1,,,,,,,,ERR - Bonci: non la cita.
1637,1371,Filippine,Zamboanga City,Nostra Signora del Pilar,12-10-1960,B.P.,sì,1,,,,,,,,ERR - Bonci: non la cita.
1638,1619,Spagna,Guadix,Nostra Signora delle Grazie,30-10-1960,B.P.,sì,1,,,,,,,,ERR - Bonci: non la cita.
1639,1289,Messico,Jerez de Garcìa Salinas,Vergine della Soledad,12-1-1961,Capitolo,sì,1,,,,,,,,ERR - Bonci: non la cita.
1640,1618,Spagna,Granada,Nostra Signora del Rosario,14-5-1961,B.P.,sì,1,,,,,,,,ERR - Bonci: non la cita.
1641,1612,Spagna,Jerez de la Frontera,Nostra Sihnora della Misericordia,28-5-1961,B.P.,sì,1,,,,,,,,ERR - Bonci: non la cita.
1642,1527,Italia,Barletta,Madonna dello Sterpeto,28-5-1961,Capitolo,sì,1,,,,,,,,
1643,1664,Spagna,Ocaña,Nostra Signora dei Rimedi,11-6-1961,B.P.,sì,1,,,,,,,,ERR - Bonci: non la cita.
1644,1644,Spagna,"Santibáñez de la Peña, località Villafría de la Peña",Nostra Signora dell'Erica,21-9-1961,B.P.,sì,1,,,,,,,,ERR - Bonci: non la cita.
1645,1303,Argentina,Mendoza,Nostra Signora del Rosario,20-10-1961,Capitolo,sì,1,,,,,,,,ERR - Bonci: data l'incoronazione 10 maggio 1954.
1646,1296,Argentina,Morón,Immacolata Concezione del Buon Viaggio,19-11-1961,B.P,sì,1,place+title,nuestra-senora-del-buen-viaje-moron,Morón,Nuestra Señora del Buen Viaje,,AAS,,ERR - Bonci: non la cita.
1647,1314,Brasile,Ubá,Nostra Signora del Rosario,7-12-1961,B.P.,sì,1,,,,,,,,ERR - Bonci: non la cita.
1648,1302,Argentina,Maipú,Nostra Signora della Misericordia,17-12-1961,B.P,sì,1,,,,,,,,ERR - Bonci: non la cita.
1649,1258,Messico,Tulancingo de Bravo,Nostra Signora degli Angeli,26-1-1962,B.P.,sì,1,,,,,,,,ERR - Bonci: tralascia.
1650,1473,Italia,Bologna,Immacolata Concezione,13-5-1962,,sì,1,,,,,,,,ERR - Bonci: tralascia.
1651,1660,Spagna,Tarancón,Nostra Signora di Riánsares,7-9-1962,B.P.,sì,1,,,,,,,,ERR - Bonci: tralascia.
1652,1634,Spagna,Luna,Nostra Signora di Monlora,26-9-1962,B.P.,sì,1,,,,,,,,ERR - Bonci: tralascia.
1653,1511,Italia,Loreto,Madonna di Loreto,4-10-1962,Capitolo,sì,3,,,,,,,,ERR - Bonci: tralascia.
1654,1351,Uruguay,Florida,Nostra Signora dei Trentatré,12-11-1962,B.P.,sì,1,place+title,la-virgen-de-los-treinta-y-tres-florida,Florida,la Virgen de los Treinta y Tres,,AAS,,ERR - Bonci: tralascia.
1655,1658,Spagna,Garaballa,Nostra Signora di Tejeda,26-5-1963,B.P.,sì,1,,,,,,,,ERR - Bonci: tralascia.
1656,1312,Brasile,Ouro Preto,Nostra Signora del Pilar,8-7-1963,B.P.,sì,1,,,,,,,,ERR - Bonci: tralascia.
1657,1697,Spagna,A Cañiza,Nostra Signora de la Franqueira,21-7-1963,B.P.,sì,1,,,,,,,,ERR - Bonci: data l'incoronazione 18 maggio 1958 e la colloca a Tuy.
1658,1310,Brasile,Conselheiro Lafaiete,Immacolata Concezione,15-8-1963,B.P.,sì,1,,,,,,,,ERR - Bonci: tralascia.
1659,1703,Spagna,Mahón,Nostra Signora delle Grazie,8-9-1963,B.P.,sì,1,,,,,,,,ERR - Bonci: tralascia.
1660,1279,Messico,Còlon,Nostra Signora dei Dolori di Soriano,7-2-1964,Capitolo,sì,1,,,,,,,,ERR - Bonci: tralascia.
1661,1706,Spagna,Las Palmas de Gran Canaria,Nostra Signora della Solitudine della Portineria,19-3-1964,B.P.,sì,1,,,,,,,,ERR - Bonci: tralascia.
1662,1368,Filippine,Gapan,La Vergine Divina Pastora,26-4-1964,B.P.,sì,1,,,,,,,,ERR - Bonci: tralascia.
1663,1632,Spagna,Utrera,Nostra Signora della Consolazione,1-5-1964,B.P.,sì,1,,,,,,,,ERR - Bonci: tralascia.
1664,1405,Francia,Bourganeuf,Nostra Signora di Puy,4-5-1964,B.P.,sì,1,,,,,,,,ERR - Bonci: tralascia.
1665,1413,Italia,Vasto,Madonna Incoronata,12-5-1964,Capitolo,sì,1,,,,,,,,ERR - Bonci: data l'incoronazione 15 luglio 1940: a questa data fu realizzata la facciata della chiesa.
1666,1702,Spagna,Ciudadela,Maria Ausiliatrice,24-5-1964,B.P.,sì,1,,,,,,,,ERR - Bonci: tralascia.
1667,1629,Spagna,Siviglia,Nostra Signora della Speranza della Macarena,31-5-1964,B.P.,sì,1,,,,,,,,ERR - Bonci: tralascia.
1668,1277,Messico,Monterrey,Nostra Signora del Roble,31-5-1964,Capitolo,sì,1,,,,,,,,ERR - Bonci: tralascia.
1669,1381,Belgio,Buggenhout,Nostra Signora dei Sette Dolori,30-8-1964,B.P.,sì,1,,,,,,,,ERR - Bonci: tralascia.
1670,1696,Spagna,Baños de Molgas,Nostra Signora dei Miracoli,6-9-1964,B.P.,sì,1,,,,,,,,ERR - Bonci: tralascia.
1671,1323,Colombia,Carolina del Príncipe,Immacolata Concezione,8-12-1964,B.P.,sì,1,,,,,,,,ERR - Bonci: tralascia.
1672,1269,Messico,Tonaya,Vergine dell’Assunta,15-1-1965,B.P.,sì,1,,,,,,,,ERR - Bonci: tralascia.
1673,1532,Italia,Terlizzi,Madonna di Sovereto,17-1-1965,Capitolo,sì,1,,,,,,,,ERR - Bonci: tralascia.
1674,1352,Venezuela,San Mateo,Nostra Signora di Betlemme,31-1-1965,B.P.,sì,1,,,,,,,,ERR - Bonci: tralascia.
1675,1608,Spagna,Huércal-Overa,Nostra Signora del Fiume,7-4-1965,B.P.,sì,1,,,,,,,,ERR - Bonci: tralascia.
1676,1462,Italia,Pompei,Regina del Santissimo Rosario,23-4-1965,Papa Paolo VI,sì,2,,,,,,,,ERR - Bonci: tralascia.
1677,1616,Spagna,Cordova,Nostra Signora dei Dolori,9-5-1965,B.P.,sì,1,,,,,,,,ERR - Bonci: tralascia.
1678,1265,Messico,Sayula,Immacolata Concezione,12-5-1965,B.P.,sì,1,,,,,,,,ERR - Bonci: tralascia.
1679,1285,Messico,Orizaba,Nostra Signora del Monte Carmelo,16-5-1965,B.P.,sì,1,,,,,,,,ERR - Bonci: tralascia.
1680,1667,Spagna,Toledo,Nostra Signora della Salute,31-5-1965,B.P.,sì,1,,,,,,,,ERR - Bonci: tralascia.
1681,1455,Italia,Castellammare di Stabia,Madonna della Libera,27-6-1965,Capitolo,sì,1,,,,,,,,ERR - Bonci: tralascia.
1682,1615,Spagna,Sanlúcar de Barrameda,Nostra Signora della Carità,15-8-1965,B.P.,sì,1,,,,,,,,ERR - Bonci: tralascia.
1683,1609,Spagna,Serón,Nostra Signora dei Rimedi,15-8-1965,B.P.,sì,1,,,,,,,,ERR - Bonci: tralascia.
1684,1620,Spagna,Jerez del Marquesado,Nostra Signora della Purificazione e Candela,9-9-1965,B.P.,sì,1,,,,,,,,ERR - Bonci: tralascia.
1685,1348,Perù,Lima,Nostra Signora di Guadalupe,20-9-1965,B.P.,sì,1,,,,,,,,ERR - Bonci: tralascia.
1686,1257,Messico,Acapulco de Juàrez,Nostra Signora de la Soledad,8-12-1965,Capitolo,sì,1,,,,,,,,ERR - Bonci: tralascia.
1687,1322,Cile,Viña del Mar,Nostra Signora di Lourdes,12-2-1966,B.P.,sì,1,,,,,,,,ERR - Bonci: tralascia.
1688,1334,Ecuador,Latacunga,Nostra Signora della Misericordia,13-2-1966,B.P.,sì,1,,,,,,,,ERR - Bonci: tralascia.
1689,1515,Italia,Senigallia,Santa Maria della Neve,19-5-1966,Capitolo,sì,1,,,,,,,,ERR - Bonci: tralascia.
1690,1653,Spagna,Bolaños de Calatrava,Nostra Signora del Monte,22-5-1966,B.P.,sì,1,,,,,,,,ERR - Bonci: tralascia.
1691,1682,Spagna,Alcira,Nostra Signora di Lluch,22-5-1966,B.P.,sì,1,,,,,,,,ERR - Bonci: tralascia.
1692,1676,Spagna,Valls,Madre di Dio del Lledó,26-6-1966,B.P.,sì,1,,,,,,,,ERR - Bonci: tralascia.
1693,1301,Argentina,Formosa,Nostra Signora del Carmelo,16-7-1966,B.P,sì,1,,,,,,,,ERR - Bonci: tralascia.
1694,1450,Italia,Pietrelcina,Madonna della Libera,6-8-1966,Capitolo,sì,1,,,,,,,,ERR - Bonci: tralascia.
1695,1440,Italia,Avellino,Madonna Assunta,14-8-1966,Capitolo,sì,1,,,,,,,,ERR - Bonci: tralascia.
1696,1613,Spagna,Olvera,Nostra Signora dei Rimedi,15-8-1966,B.P.,sì,1,,,,,,,,ERR - Bonci: tralascia.
1697,1259,Messico,Atengo,Vergine della Natività,30-8-1966,Capitolo,sì,1,,,,,,,,ERR - Bonci: tralascia.
1698,1354,Venezuela,Aregue,Nostra Signora di Chiquinquirá,2-10-1966,B.P.,sì,1,,,,,,,,ERR - Bonci: tralascia.
1699,1418,Italia,Matera,Madonna di Picciano,9-10-1966,Capitolo,sì,1,,,,,,,,ERR - Bonci: tralascia.
1700,1267,Messico,Teocaltiche,Nostra Signora dei Dolori,11-11-1966,Capitolo,sì,1,,,,,,,,ERR - Bonci: tralascia.
1701,1333,Ecuador,Azogues,Nostra Signora della Nuvola,1-1-1967,B.P.,sì,1,,,,,,,,ERR - Bonci: tralascia.
1702,1357,Venezuela,Táriba,Nostra Signora della Consolazione di Táriba,12-3-1967,B.P.,sì,1,,,,,,,,ERR - Bonci: tralascia.
1703,1654,Spagna,Ciudad Real,Nostra Signora del Prado,28-5-1967,B.P.,sì,1,,,,,,,,ERR - Bonci: tralascia.
1704,1701,Spagna,Inca,Santa Maria la Major,28-5-1967,B.P.,sì,1,,,,,,,,ERR - Bonci: tralascia.
1705,1672,Spagna,Queralbs,Nostra Signora di Nuria,13-7-1967,B.P.,sì,1,,,,,,,,ERR - Bonci: tralascia.
1706,1299,Argentina,Nogoyá,Nostra Signora del Monte Carmelo,16-7-1967,B.P,sì,1,,,,,,,,ERR - Bonci: tralascia.
1707,1288,Messico,Cerro del Bufa,Vergine del Patrocinio,15-9-1967,Capitolo,sì,1,,,,,,,,ERR - Bonci: tralascia.
1708,1268,Messico,Tequila,Immacolata Concezione,25-4-1968,B.P.,sì,1,,,,,,,,ERR - Bonci: tralascia.
1709,1286,Messico,Tlacotalpan,Vergine della Candelaria,2-2-1969,B.P.,sì,1,,,,,,,,ERR - Bonci: tralascia.
1710,1659,Spagna,San Clemente,Vergine della Rus,27-5-1969,B.P.,sì,1,,,,,,,,ERR - Bonci: tralascia.
1711,1635,Spagna,Tauste,Nostra Signora di Sancho Abarca,22-9-1969,Capitolo,sì,1,,,,,,,,ERR - Bonci: tralascia.
1712,1679,Spagna,Elche,Vergine dell'Assunzione,29-12-1970,B.P.,sì,1,,,,,,,,ERR - Bonci: tralascia.
1713,1365,Filippine,Agoo,Nostra Signora della Carità,1-5-1971,B.P.,sì,1,,,,,,,,ERR - Bonci: tralascia.
1714,1324,Colombia,La Ceja,Nostra Signora del Carmine,25-7-1971,B.P.,sì,1,,,,,,,,ERR - Bonci: tralascia.
1715,1346,Perù,Huanchaco,Nostra Signora della Candelaria del Perpetuo Soccorso,8-12-1971,B.P.,sì,1,,,,,,,,ERR - Bonci: tralascia.
1716,1541,Italia,"Orane-Sarule, frazione di Monte Gonare",Nostra Signora di Gonare,28-5-1972,Capitolo,sì,1,,,,,,,,ERR - Bonci: scambia la data del decreto con la data di incoronazione.
1717,1647,Spagna,Cuéllar,Nostra Signora di El Henar,25-6-1972,Capitolo,sì,1,,,,,,,,ERR - Bonci: tralascia.
1718,1625,Spagna,Dos Hermanas,Vergine di Valme,23-6-1973,Capitolo,sì,1,,,,,,,,ERR - Bonci: tralascia.
1719,1300,Argentina,Paraná,Vergine del Rosario,8-12-1973,B.P,sì,1,,,,,,,,ERR - Bonci: tralascia.
1720,1377,Sri Lanka,Tewatte,Nostra Signora di Lanka,6-2-1974,B.P.,sì,1,,,,,,,,ERR - Bonci: tralascia.
1721,1631,Spagna,Siviglia,Beata Vergine de la Hiniesta,23-5-1974,Capitolo,sì,1,,,,,,,,ERR - Bonci: data l'incoronazione 15 febbraio 1959.
1722,1284,Messico,Huamantla,Nostra Signora della Carità,15-8-1974,Capitolo,sì,1,place+title,nuestra-senora-de-la-caridad-huamantla,Huamantla,Nuestra Señora de la Caridad,,AAS,,ERR - Bonci: tralascia.
1723,1271,Messico,Naucalpan de Juàrez,Vergine dei Rimedi,19-10-1974,Capitolo,sì,1,,,,,,,,ERR - Bonci: tralascia.
1724,1328,Colombia,Santa Marta,Immacolata Concezione,29-7-1975,B.P.,sì,1,,,,,,,,ERR - Bonci: tralascia.
1725,1595,Malta,Mosta,Nostra Signora dell'Assunzione,10-8-1975,B.P.,sì,1,,,,,,,,ERR - Bonci: tralascia.
1726,1591,Malta,Victoria,Santa Maria Assunta,15-8-1975,B.P.,sì,1,,,,,,,,ERR - Bonci: tralascia.
1727,1360,Filippine,Joroan,Nostra Signora della Salvezza,25-8-1976,B.P.,sì,1,,,,,,,,ERR - Bonci: tralascia.
1728,1239,Porto Rico,San Juan,Nostra Signora della Divina Provvidenza,5-12-1976,B.P.,sì,1,,,,,,,,ERR - Bonci: tralascia.
1729,1543,Italia,Bonacardo,Nostra Signora di Bonacattu,22-5-1977,Capitolo,sì,1,,,,,,,,ERR - Bonci: tralascia.
1730,1633,Spagna,Villaverde del Río,Vergine delle Acque Sante,8-9-1979,B.P.,sì,1,,,,,,,,ERR - Bonci: tralascia.
1731,1319,Brasile,Lagarto,Nostra Signora della Pietà,11-12-1979,B.P.,sì,1,,,,,,,,ERR - Bonci: tralascia.
1732,1270,Messico,Ecatepec de Morelos,"Nostra Signora di Guadalupe, Nostra Signora della Salute degli Infermi",16-12-1979,B.P.,sì,1,,,,,,,,ERR - Bonci: tralascia.
1733,1311,Brasile,Itabirito,Nostra Signora del Buon Viaggio,15-8-1980,B.P.,sì,1,,,,,,,,ERR - Bonci: tralascia.
1734,1238,Nicaragua,"Masaya, quartiere di Monimbo",Nostra Signora dell'Assunzione,16-8-1980,B.P.,sì,1,,,,,,,,ERR - Bonci: tralascia.
1735,1374,Filippine,Jaro,Nostra Signora della Purificazione e Candela,20-2-1981,Papa Giovanni Paolo II,sì,1,,,,,,,,ERR - Bonci: tralascia.
1736,1248,Messico,Victoria de Durango,Nostra Signora di Guadalupe,17-10-1981,,sì,1,,,,,,,,ERR - Bonci: tralascia.
