id,image_title_vernacular,image_title_latin,image_subject,church_or_sanctuary,locality,diocese_latin,diocese_modern,country,first_coronation,coronation_dates,strongest_evidence,popes,legates,confidence,source_count
notre-dame-d-afrique-icosium-algiers,Notre-Dame d'Afrique,"statua Beatae Mariae Virginis, « Afrorum Domina »",Blessed Virgin Mary,"the basilica of Notre-Dame d'Afrique (sanctuarium Mariale Icosii, raised to Basilica Minor by Pius IX in 1876)",Icosium (Algiers),Algeriensis,Algiers,Algeria,1876,1876,retrospective_attestation,Ioannes PP. XXIII,,high,1
nostra-senyora-de-canolich-sant-julia-de-loria,Nostra Senyora de Canòlich,imago beatae Mariae Virginis titulo « Nostra Seynora de Canòlich » invocatae,Blessed Virgin Mary,paroeciale templum (parish church of Sant Julià de Lòria),Sant Julià de Lòria,Urgellensis,Urgell,Andorra,,,papal_coronation_act,Ioannes Paulus PP. II,,high,1
nuestra-senora-del-valle-catamarca,Nuestra Señora del Valle,B. M. V. « del Valle » / Nostra Domina « dei Valle »,Blessed Virgin Mary,Sanctuarium Dominae Nostrae del Valle,Catamarca,Catamarcensis,Catamarca,Argentina,1891,1891,retrospective_attestation,Benedictus PP. XV; Benedictus PP. XVI; Pius PP. XII,,high,3
nuestra-senora-del-milagro-cordoba,Nuestra Señora del Milagro,"vetustissima ac thaumaturga Virginis Deiparae Imago, a Miraculo nuncupata",Blessed Virgin Mary,Ecclesia S. Dominici Confessoris (Ordinis Praedicatorum),Córdoba,Cordubensis,Córdoba,Argentina,1892,1892,retrospective_attestation,Pius PP. X,,high,1
antiquum-simulacrum-sancti-nicolai-barensis-la-r,,Antiquum Simulacrum Sancti Nicolai Barensis,"other (St Nicholas of Bari, Bishop and Confessor)","Sanctuarium S. Nicolai Barensis, ecclesia cathedralis Rioiensis",La Rioja,Rioiensis,La Rioja,Argentina,1920,1920,retrospective_attestation,Pius PP. XII,,high,1
la-pura-y-limpia-concepcion-del-rio-lujan-nuestr,La Pura y Limpia Concepción del Río Luján (Nuestra Señora de Luján),,Blessed Virgin Mary,Santuario de Nuestra Señora de Luján (basilica with two towers),Luján,,,Argentina,1887,1887,retrospective_attestation,Pius PP. XII,,high,1
beatae-mariae-virginis-titulo-montis-carmeli-ima,,Beatae Mariae Virginis titulo Montis Carmeli imago,Blessed Virgin Mary,Ecclesia S. Francisci Assisiensis (Ordinis Fratrum Minorum),Mendoza,Sancti Ioannis de Cuyo,San Juan de Cuyo,Argentina,,,retrospective_attestation,Pius PP. XI,,high,1
nuestra-senora-del-buen-viaje-moron,Nuestra Señora del Buen Viaje,vetusta Imago almae Deiparae a « felici itinere » (Immaculata Conceptio Beatae Mariae Virginis),Blessed Virgin Mary,Cathedralis ecclesia Moronensis (Immaculatae Conceptioni B. M. V. « del Buen Viaje » sacra),Morón,Moronensis,Morón,Argentina,,,retrospective_attestation,Ioannes PP. XXIII,,medium,1
nuestra-senora-del-rosario-rosario,Nuestra Señora del Rosario,imago Beatae Mariae Virginis a Sacratissimo Rosario,Blessed Virgin Mary,prima paroecia / ecclesia paroecialis B. Mariae V. a Ssmo Rosario (the 1731 parish church of Rosario),Rosario,Rosariensis,Rosario,Argentina,1941,1941,retrospective_attestation,Paulus PP. VI; Pius PP. XII,,medium,2
signum-virginis-immaculatae-linz-lincia,,Signum Virginis Immaculatae,Blessed Virgin Mary,Sacellum novi templi cathedralis Linciensis (chapel of the new cathedral of Linz),Linz (Lincia),Linciensis,Linz,Austria,1902,1902,retrospective_attestation,Pius PP. XI,Andreas Card. Fruehwirth,medium,1
maria-plain-mons-plain-near-salzburg,Maria Plain,Deiparae Simulacrum in monte « Plain »,Blessed Virgin Mary,"Ecclesia B. Mariae V. in Caelum Assumptae in monte « Plain » (Basilica Minor), entrusted to Benedictine monks","Mons « Plain », near Salzburg",Salisburgensis,Salzburg,Austria,,,retrospective_attestation,Pius PP. XII,,medium,1
matka-boza-bialynicka-bialynicze-byalynichy,Matka Boża Białynicka,,Blessed Virgin Mary with Child (Our Lady of the Snows type),,Białynicze (Byalynichy),,,Belarus,1761-09-29,1761-09-29,chapter_decree,,,medium,1
image-brest-brzesc,,,Blessed Virgin Mary,Ecclesia Exaltationi Sanctae Crucis dicata,Brest (Brześć),Pinskensis Latinorum,Pinsk,Belarus,,,papal_coronation_act,Ioannes Paulus PP. II,,medium,1
matka-boza-budslawska-budslaw-budslau,Matka Boża Budsławska,,Blessed Virgin Mary,Sanctuarium Budslaviense; ecclesia Beatae Mariae Virgini in caelum assumptae,Budslaw (Budsłaŭ),Minscensis Latinorum-Mohiloviensis Latinorum,Minsk-Mohilev,Belarus,1995,1995,papal_coronation_act,Ioannes Paulus PP. II,,medium,2
matka-boza-lahiszynska-lahiszyn-logishin,Matka Boża Łahiszyńska,,Blessed Virgin Mary,Ecclesia paroecialis Sanctorum Apostolorum Petri et Pauli,Lahiszyn (Logishin),Pinskensis Latinorum,Pinsk,Belarus,,,papal_coronation_act,Ioannes Paulus PP. II,,medium,1
matka-boza-zyrowicka-zyrowice-zhyrovichy,Matka Boża Żyrowicka,,Blessed Virgin Mary with Child (Glykophilousa; jasper relief),,Żyrowice (Zhyrovichy),,,Belarus,1730-09-19,1730-09-19,chapter_decree,,,medium,1
notre-dame-reine-de-la-paix-notre-dame-d-arlon-a,"Notre Dame Reine de la Paix, Notre Dame d’Arlon",,Blessed Virgin Mary,Saint-Donat,Arlon,,,Belgium,1904-09-14,1904-09-14,chapter_decree,,,medium,1
imago-ssmi-iesu-cordis-berchem-suburb-of-antwerp,,Imago SSmi Iesu Cordis,Sacred Heart of Jesus,"Templum SS. Iesu Cordi dicatum, Basilica minor, served by the Congregation of the Daughters of the Sacred Heart","Berchem, suburb of Antwerp (suburbium Antverpiae civitatis vulgo Berchem)",Mechliniensis,Mechelen (Malines),Belgium,,,papal_coronation_act,Leo PP. XIII,"Petrus Lambertus S. R. E. Presb. Card. Goossens, Archiepiscopus Mechliniensis",high,1
notre-dame-de-bonsecours-bonsecours,Notre-Dame de Bonsecours,vetus ac celeberrimum Simulacrum Deiparae Virginis de bono Succursu,Blessed Virgin Mary,Ecclesia parochialis Deiparae Virgini de bono Succursu dicata,Bonsecours,Tornacensis,Tournai,Belgium,,,retrospective_attestation,Pius PP. X,,high,1
notre-dame-de-chevremont-chevremont,Notre-Dame de Chèvremont,Beata Maria Virgo Mater Gratiarum,Blessed Virgin Mary,Sanctuarium Caprimontense B. M. V. Matris Gratiarum (Discalced Carmelites),Chèvremont,Leodiensis,Liège,Belgium,1923,1923,retrospective_attestation,Pius PP. XI,,high,1
notre-dame-de-hal-onze-lieve-vrouw-van-halle-hal,Notre-Dame de Hal / Onze-Lieve-Vrouw van Halle,Beata Maria Virgo Hallensis,Blessed Virgin Mary,Ecclesia paroecialis Sancti Martini,Halle (Hal),Mechliniensis,Mechelen,Belgium,1874-10-04,1874-10-04,retrospective_attestation,Pius PP. XII,,high,1
virga-jesse-hasselt,Virga Jesse,,Blessed Virgin Mary,Basiliek Virga Jesse,Hasselt,,,Belgium,1867-08-15,1867-08-15,chapter_decree,,,medium,1
notre-dame-de-la-sarte-huy,Notre Dame De La Sarte,,Blessed Virgin Mary,Notre-Dame de la Sarte,Huy,,,Belgium,1900,1900,chapter_decree,,,medium,1
onze-lieve-vrouw-van-hanswijk-notre-dame-de-hans,Onze-Lieve-Vrouw van Hanswijk / Notre-Dame de Hanswijk,imago perantiqua Beatae Mariae Virginis,Blessed Virgin Mary,templum « Notre-Dame de Hanswijk »,Mechelen (Malines),Mechliniensis-Bruxellensis,Mechelen-Brussels,Belgium,1876-07-30,1876-07-30,retrospective_attestation,Ioannes Paulus PP. II,,high,1
notre-dame-du-rempart-namur,Notre-Dame du Rempart,Domina Nostra ad moenia,Blessed Virgin Mary,,Namur,Namurcensis,Namur,Belgium,,,retrospective_attestation,Pius PP. XII,,medium,1
onze-lieve-vrouw-van-scherpenheuvel-notre-dame-d,Onze-Lieve-Vrouw van Scherpenheuvel (Notre-Dame de Montaigu),Beata Maria Virgo Aspricollis,Blessed Virgin Mary,Templum Aspricollense (sanctuary of Our Lady of Scherpenheuvel/Montaigu),"Scherpenheuvel (Aspricollis), near Leuven",Mechliniensis,Mechelen (Malines),Belgium,1872,1872; 1927,papal_legate_deputation,Pius PP. XI,"Iosephus Ernestus Card. Van Roey, Archiepiscopus Mechliniensis",high,2
notre-dame-de-tongre-tongre-notre-dame,Notre-Dame de Tongre,"Durateum signum Beatae Mariae Virginis, seculo XI exsculptum",Blessed Virgin Mary,Paroeciale templum loci « Tongre-Notre-Dame »,Tongre-Notre-Dame,Tornacensis,Tournai,Belgium,1881-09-08,1881-09-08,retrospective_attestation,Pius PP. XII,"Bishop of Tournai (unnamed), acting in the name of Leo XIII",high,1
signum-beatae-mariae-virginis-durateum-argento-o,,"signum Beatae Mariae Virginis, durateum, argento obductum, arte « Romanica » conspicuum",Blessed Virgin Mary,"Ecclesia Sancti Materni, Walcourt",Walcourt,Namurcensis,Namur,Belgium,1875,1875,retrospective_attestation,Pius PP. XII,,medium,1
nuestra-senora-de-copacabana-copacabana,Nuestra Señora de Copacabana,Deiparae Virginis statua de « Copacabana »,Blessed Virgin Mary,"templum Beatae Mariae Virginis de Copacabana (17th cent., entrusted to the Friars Minor; made Basilica Minor by Pius XII)",Copacabana,Pacensis,La Paz,Bolivia,,,retrospective_attestation,Paulus PP. VI; Pius PP. XII,"Caietanus S. R. E. Cardinalis Cicognani (then Nuncio in Bolivia, acting as Legatus extraordinarius)",high,3
nossa-senhora-da-conceicao-aparecida-aparecida,Nossa Senhora da Conceição Aparecida,"augustum simulacrum Nostrae Dominae « da Conceiçâo Aparecida », Brasiliae Patronae",Blessed Virgin Mary,templum ingenti mole conspicuum in quo antiqua effigies servatur (shrine of Apparecida),Aparecida,Apparitionopolitana,Aparecida,Brazil,1904-09-08,1904-09-08,chapter_decree,Paulus PP. VI; Pius PP. XI; Pius PP. XII,,high,4
nossa-senhora-de-nazare-belem-do-para,Nossa Senhora de Nazaré,simulacrum Nostrae Dominae de Nazareth,Blessed Virgin Mary,Basilica Nostrae Dominae de Nazareth,Belém do Pará,Belemensis de Para,Belém do Pará,Brazil,1953,1953,papal_legate_deputation,Pius PP. XII,"Augustus Alvarus Cardinalis da Silva, Archiepiscopus Sancti Salvatoris in Brasilia (Legatus a Latere)",high,1
vetus-nobilisque-imago-beatae-mariae-virginis-qu,,"vetus nobilisque imago Beatae Mariae Virginis, quae est « decor Carmeli »",Blessed Virgin Mary,"Cathedralis (metropolitana) ecclesia Marianensis, B. M. V. in caelum Assumptae consecrata",Mariana (Minas Gerais),Marianensis,Mariana,Brazil,,,retrospective_attestation,Paulus PP. VI,,medium,1
nossa-senhora-da-apresentacao-natal,Nossa Senhora da Apresentação,simulacrum Beatae Mariae Virginis a Praesentatione,Blessed Virgin Mary,,Natal,Natalensis,Natal,Brazil,,,papal_coronation_act,Pius PP. XII,"Marcolinus de Souza Dantas, Archbishop of Natal (commissioned to impose the crown in the Pope's name)",high,1
simulacrum-cedrino-ligno-sculptum-beatae-mariae,,"simulacrum, cedrino ligno sculptum, Beatae Mariae Virginis de Monte Carmelo",Blessed Virgin Mary,Templum Carmelitarum B. Mariae Virgini de Monte Carmelo sacrum,Recife,Olindensis (archidioecesis),Olinda e Recife,Brazil,1919-09-21,1919-09-21,retrospective_attestation,Benedictus PP. XV,,high,1
nossa-senhora-do-pilar-sao-joao-del-rei,Nossa Senhora do Pilar,imago Beatae Mariae Virginis a Columna,Blessed Virgin Mary,"Cathedralis ecclesia dioecesis Sancti Ioannis a Rege, B. M. V. a Columna consecrata",São João del-Rei,Sancti Ioannis a Rege,São João del-Rei,Brazil,,,retrospective_attestation,Paulus PP. VI,,medium,1
notre-dame-du-cap-cap-de-la-madeleine,Notre-Dame du Cap,Simulacrum Beatae Mariae Virginis a Rosario,Blessed Virgin Mary,Sanctuarium/ecclesia « Notre-Dame-du-Cap » apud oppidum « Cap-de-la-Madeleine »,Cap-de-la-Madeleine,Trifluvianensis,Trois-Rivières,Canada,1904,1904; 1954,papal_legate_deputation,Paulus PP. VI; Pius PP. XII,"Valerius Cardinalis Valeri, Praefectus S. Congregationis de Religiosis; Valerius S. R. E. Presbyter Cardinalis Valeri (Valerio Valeri) — for the 1954 coronation only",high,2
simulacrum-sancti-ioseph-sponsi-b-m-v-montreal,,"Simulacrum Sancti Ioseph, Sponsi B. M. V.",St Joseph,"Oratorium Sancti Ioseph (Saint Joseph's Oratory), templum sodalibus a Sancta Cruce concreditum",Montreal,Marianopolitana (archidioecesis),Montréal,Canada,,,papal_legate_deputation,Pius PP. XII,"Paulus Aemilius S. R. E. Presb. Cardinalis Léger, Archiepiscopus Marianopolitanus",high,1
virgen-del-carmen-de-maipu-maipu,Virgen del Carmen de Maipú,B. M. V. a Carmelo,Blessed Virgin Mary,Templo Votivo Nacional dedicated to the Virgen del Carmen (templum nationale votivum B. M. V. a Carmelo),Maipú,,,Chile,,,papal_personal_coronation,Paulus PP. VI,,medium,1
nuestra-senora-del-carmen-santiago-de-chile,Nuestra Señora del Carmen,Imago Beatissimae Virginis de Monte Carmelo,Blessed Virgin Mary,"Templum Sanctissimi Salvatoris, ad honorem Sacratissimi Cordis Iesu dicatum",Santiago de Chile,Sancti Iacobi in Chile,Santiago de Chile,Chile,1926,1926,papal_legate_deputation,Pius PP. XI,"Benedictus Aloisi Masella, Archiepiscopus tit. Caesariensis, Nuntius Apostolicus in Chile",high,2
nuestra-senora-de-la-merced-santiago-de-chile,Nuestra Señora de la Merced,lignea imago Beatae Mariae Virginis de Mercede,Blessed Virgin Mary,Templum Beatae Mariae Virgini de Mercede dicatum (Ordinis Redemptionis Captivorum),Santiago de Chile,Sancti Iacobi de Chile,Santiago de Chile,Chile,,,retrospective_attestation,Pius PP. XI,,high,1
nuestra-senora-de-la-visitacion-ancuya,Nuestra Señora de la Visitación,Imago Beatae Mariae Virginis Dominae Nostrae a Visitatione,Blessed Virgin Mary,,Ancuya,Ipialensis,Ipiales,Colombia,,,papal_coronation_act,Ioannes Paulus PP. II,"Alonsus Arteaga Yepes, Episcopus Ipialensis (granted the faculty to crown 'nomine atque auctoritate Nostra')",high,1
nuestra-senora-de-las-mercedes-cali,Nuestra Señora de las Mercedes,Imago B. M. Virginis de Mercede,Blessed Virgin Mary,,Cali,Caliensis,Cali,Colombia,1986-07-04,1986-07-04,papal_personal_coronation,Ioannes Paulus PP. II,,high,1
virgen-de-la-candelaria-nuestra-senora-de-la-can,Virgen de la Candelaria (Nuestra Señora de la Candelaria del Cerro de la Popa),Imago Beatae Mariae Virginis sub nomine « Nuestra Señora de la Candelaria »,Blessed Virgin Mary,Santuario del Cerro de la Popa,Cartagena de Indias,Carthaginiensis in Columbia,Cartagena,Colombia,1986-07-06,1986-07-06,papal_personal_coronation,Ioannes Paulus PP. II,,high,2
del-amparo-de-chinavita-chinavita,del Amparo de Chinavita,Imago B. M. V. « del Amparo de Chinavita »,Blessed Virgin Mary,,Chinavita,Garagoënsis,Garagoa,Colombia,,,papal_coronation_act,Ioannes Paulus PP. II,,high,1
nuestra-senora-del-rosario-de-chiquinquira-chiqu,Nuestra Señora del Rosario de Chiquinquirá,Beata Maria Virgo a Rosario de Chinquinquira,Blessed Virgin Mary,Sanctuarium Nostrae Dominae a Rosario (Ordo Praedicatorum),Chiquinquirá,Tunquensis,Tunja,Colombia,1919,1919,retrospective_attestation,Pius PP. XI,,high,1
nuestra-senora-del-rosario-de-iles-iles,Nuestra Señora del Rosario de Iles,Imago B. M. V. a Rosario,Blessed Virgin Mary,sacra aedes in oppido Iles,Iles,Ipialensis,Ipiales,Colombia,,,papal_coronation_act,Ioannes Paulus PP. II,,high,1
nuestra-senora-del-rosario-de-las-lajas-ipiales,Nuestra Señora del Rosario de las Lajas,"Nostra Domina SS. Rosarii, « de las Lajas » seu a rupe appellata",Blessed Virgin Mary,,Ipiales,Ipialensis,Ipiales,Colombia,1952,1952,retrospective_attestation,Paulus PP. VI,,high,1
de-las-lajas-las-lajas,de Las Lajas,Beata Maria Virgo de Rupe,Blessed Virgin Mary,Templum B. Mariae V. de Rupe (sanctuary of Las Lajas),Las Lajas,Pastopolitana,Pasto,Colombia,1952,1952,retrospective_attestation,Pius PP. XII,,high,1
nuestra-senora-de-la-asuncion-marinilla-marinill,Nuestra Señora de la Asunción (Marinilla),imago B. V. Mariae in caelum Assumptae,Blessed Virgin Mary,templum paroeciale loci « Marinilla »,Marinilla,Sonsonensis-Rivi Nigri,Sonsón-Rionegro,Colombia,,,papal_coronation_act,Ioannes Paulus PP. II,,medium,1
nuestra-senora-de-mongui-mongui,Nuestra Señora de Monguí,Beata Maria Virgo « de Mongui »,Blessed Virgin Mary,paroeciale templum Beatae Mariae Virginis « de Mongui » (completed 1760),Monguí,Duitamensis,Duitama,Colombia,1929,1929,retrospective_attestation,Paulus PP. VI,,high,1
nuestra-senora-de-las-misericordias-santa-rosa-d,Nuestra Señora de las Misericordias,Imago B. M. V. a Misericordiis,Blessed Virgin Mary,,Santa Rosa de Osos,S. Rosae de Osos,Santa Rosa de Osos,Colombia,,,papal_coronation_act,Ioannes Paulus PP. II,,high,1
beata-maria-virgo-ab-angelis-angelorum-regina-ca,,"Beata Maria Virgo ab Angelis, Angelorum Regina",Blessed Virgin Mary,"Sanctuarium Marianum B. Mariae Virginis ab Angelis (templum Dei Genitrici, Angelorum Reginae, dicatum)",Cartago,S. Iosephi de Costarica (archidioecesis),San Jose de Costa Rica,Costa Rica,1924,1924,retrospective_attestation,Pius PP. XI,,high,1
madonna-di-tersatto-vera-effigie-della-madre-di,Madonna di Tersatto (Vera Effigie della Madre di Dio dipinta da S. Luca),Sacrae Imagines Jesu et Beatae Mariae Virginis existentes in Ecclesia FF. Reformatorum S. Francisci Loci Tarsacti in Dalmatia; Sacra Icon Beatissimae Virginis Mariae,Blessed Virgin Mary,"Chiesa dei PP. Francescani Riformati (Ordinis S. Francisci Reformatorum, Provinciae Croatiae et Carnioliae) sul Monte di Tersatto","Tersatto (Trsat), near Fiume (Rijeka) — 'Loci Tarsacti in Dalmatia'",Segniensis et Modrusiensis,"Segna e Modrussa (Episcopus Segnensis et Modrusiensis, 'in cujus Dioecesi praefata Ecclesia ... de Tersacto sita reperitur')",Croatia,1715-09-08,1715-09-08,chapter_decree,Pius PP. XI,"Gio. Francesco Barbarigo, bishop of Verona (later of Brescia), deputed 17 June 1713; unable to go (plague suspicion) he subdelegated (Venice 14 Sept 1714; Brescia 24 July 1715) the bishop of Segna and Modruš, who being ill was replaced by Georgius Franciscus Xaverius de Marotti, bishop of Dardania, coadjutor of Pedena (Petina), who performed the crowning",high,3
virgen-de-la-caridad-del-cobre-el-cobre,Virgen de la Caridad del Cobre,,Blessed Virgin Mary,Santuario del Cobre,El Cobre,,Santiago de Cuba,Cuba,1998,1998,papal_personal_coronation,Ioannes Paulus PP. II,,high,2
santa-maria-annunziata-nella-chiesa-di-s-tommaso,Santa Maria Annunziata nella Chiesa di S. Tommaso degli Agostiniani di Bruna,,Blessed Virgin Mary with Child (Hodegetria),St Thomas (Augustinians),"Brno, St Thomas (Augustinians)",,,Czech Republic,1736-05-10,1736-05-10,chapter_decree,,,medium,2
nostra-signora-di-svata-hora-svata-hora-pribram,Nostra Signora di Svatá Hora,,Blessed Virgin Mary with Child (standing; wooden statuette),Svatá Hora,"Svatá Hora, Příbram",,,Czech Republic,1732-06-22,1732-06-22,chapter_decree,,,medium,2
panna-maria-svatokopecka-svaty-kopecek-olomouc,Panna Maria Svatokopecká,Beata Maria Virgo sub titulo Matris Dei,Blessed Virgin Mary,Sacra aedes Visitationis B.M.V. (basilica of the Visitation),Svatý Kopeček (Olomouc),Olomucensis,Olomouc,Czech Republic,1732-09-21,1732-09-21; 1995-05-21,chapter_decree,Ioannes Paulus PP. II,,medium,3
panna-maria-zarosicka-zarosice,Panna Maria Žarošická,Antiqua Mater Dei-Thaumaturga Moraviae,Blessed Virgin Mary,Sanctuarium mariale loci « Zarosice » (Žarošice),Žarošice,Brunensis,Brno,Czech Republic,1995-05-21,1995-05-21,papal_coronation_act,Ioannes Paulus PP. II,,high,2
nuestra-senora-de-la-altagracia-santo-domingo,Nuestra Señora de la Altagracia,,Blessed Virgin Mary,,Santo Domingo,,,Dominican Republic,1979-01-25,1979-01-25,papal_personal_coronation,Ioannes Paulus PP. II,,high,1
imago-almae-deiparae-ab-elevatione-ecuador,,Imago Almae Deiparae ab Elevatione,Blessed Virgin Mary,Sanctuarium Beatae Mariae Virginis ab Elevatione,,Ambatensis,Ambato,Ecuador,1954,1954,retrospective_attestation,Ioannes PP. XXIII,,medium,1
nuestra-senora-del-rosario-de-agua-santa-de-bano,Nuestra Señora del Rosario de Agua Santa de Baños,"Beata Maria Virgo a Rosario, vulgo « de Agua Santa de Baños »",Blessed Virgin Mary,Templum B. M. V. « Nuestra Señora de Agua Santa de Baños » (served by the Dominicans),Baños (« Baños de Tungurahua »),,,Ecuador,1959-12-13,1959-12-13,papal_coronation_act,Ioannes PP. XXIII; Pius PP. XII,"Carolus Maria S. R. E. Cardinalis de la Torre, Archiepiscopus Quitensis (in person or through a bishop delegated by him); unnamed « Cardenal Legado » (« Nuestro amadísimo Cardenal Legado »)",high,2
nuestra-senora-del-quinche-el-quinche,Nuestra Señora del Quinche,Imago Beatae Mariae Virginis « Del Quinche »,Blessed Virgin Mary,Templum B. M. V. « Del Quinche » (Congregation of the Oblates of the Most Holy Hearts of Jesus and Mary),El Quinche,Quitensis,Quito,Ecuador,1933,1933,retrospective_attestation,Ioannes PP. XXIII,,high,1
nuestra-senora-de-la-merced-guayaquil,Nuestra Señora de la Merced,imago Dei Genetricis Mercedoniae,Blessed Virgin Mary,ecclesia paroecialis Beatae Mariae Virginis a Mercede,Guayaquil,Guayaquilensis,Guayaquil,Ecuador,1947-09-08,1947-09-08,retrospective_attestation,Ioannes PP. XXIII,,high,1
dolorosa-del-colegio-quito,Dolorosa del Colegio,simulacrum B. Mariae Virginis Perdolentis,Blessed Virgin Mary,,Quito,Quitensis,Quito,Ecuador,1956-04-22,1956-04-22,retrospective_attestation,Pius PP. XII,,high,1
nuestra-senora-de-guadalupe-la-ceiba-de-guadalup,Nuestra Señora de Guadalupe,imago Beatae Mariae Virginis de Guadalupe,Blessed Virgin Mary,"ecclesia seu sacrarium Beatae Mariae Virginis de Guadalupe, « La Ceiba de Guadalupe »","La Ceiba de Guadalupe, San Salvador",Sancti Salvatoris in America,San Salvador,El Salvador,1953,1953,retrospective_attestation,Ioannes PP. XXIII,,high,1
nuestra-senora-de-la-paz-san-miguel,Nuestra Señora de la Paz,Domina Nostra a Pace,Blessed Virgin Mary,maximum templum Sancti Michaelis,San Miguel,Sancti Michaelis,San Miguel,El Salvador,1920,1920,retrospective_attestation,Paulus PP. VI,,high,1
notre-dame-d-arcachon-arcachon,Notre-Dame d'Arcachon,Deiparae ab « Arcachon » Effigies,Blessed Virgin Mary,Ecclesia paroecialis Nostrae Dominae de « Arcachon » (Basilica Minor),Arcachon,Burdigalensis,Bordeaux,France,1870,1870,retrospective_attestation,Pius PP. XII,,high,1
notre-dame-du-guet-reine-de-la-paix-bar-le-duc,"Notre Dame Du Guet, Reine De La Paix",,Blessed Virgin Mary,Saint-Pierre et Saint-Étienne,Bar-le-Duc,,,France,1920-07-04,1920-07-04,chapter_decree,,,medium,1
notre-dame-d-esperance-briconium-saint-brieuc-br,Notre-Dame d'Esperance,Simulacrum B. Mariae Virginis Dominae Nostrae a Spe,Blessed Virgin Mary,Ecclesia B. Mariae Virginis Dominae Nostrae a Spe (raised to minor basilica by this act),"Briconium (Saint-Brieuc), Brittany",Briocensis et Trecorensis,Saint-Brieuc et Treguier,France,1865,1865,retrospective_attestation,Leo PP. XIII,,medium,1
notre-dame-du-beau-rameau-betharram,Notre-Dame du Beau Rameau,B. Maria V. « du Beau Rameau »,"Blessed Virgin Mary (with the Infant Jesus: two crowns, 'divinae Matris Filiique effigiem')",templum Virginis ad Bétharram (sanctuary served by the Presbyteri sacri Cordis Iesu a Bétharram),Bétharram,Baionensis,Bayonne,France,1912,1912,papal_coronation_act,Pius PP. X,,high,1
notre-dame-de-la-delivrande-douvres-la-delivrand,Notre Dame De La Délivrande,,Blessed Virgin Mary,Basilique Notre-Dame de la Délivrande,Douvres-la-Délivrande,,,France,1872-08-22,1872-08-22,chapter_decree,,,medium,1
notre-dame-des-dunes-dunkerque-dunkirk,Notre-Dame des Dunes,Nostra Domina des Dunes,Blessed Virgin Mary,,Dunkerque (Dunkirk),Cameracensis,Cambrai,France,1903,1903,retrospective_attestation,Leo PP. XIII,,high,1
notre-dame-de-gray-gray,Notre-Dame de Gray,Nostra Domina civitatis « Gray »,Blessed Virgin Mary,Ecclesia paroecialis Nostrae Dominae,Gray,Bisuntina,Besançon,France,1909,1909,retrospective_attestation,Pius PP. XII,,high,1
notre-dame-du-sacre-coeur-issoudun,Notre-Dame du Sacre-Coeur,Domina Nostra a Sacratissimo Corde Iesu,Blessed Virgin Mary,"Sacra Aedes Exsoldunensis (church of the Missionaries of the Sacred Heart, raised to minor basilica by Pius IX, 17 July 1874)",Issoudun,Bituricensis,Bourges,France,1869,1869,retrospective_attestation,Benedictus PP. XV; Leo PP. XIII,"Archiepiscopus Bituricensis (Archbishop of Bourges; personal name not given in the text); Carolus A. de la Tour d'Auvergne, Archiepiscopus Bituricensis (crowned 'nomine decessoris Nostri f. r. Pii IX')",high,2
notre-dame-de-la-guerche-la-guerche-de-bretagne,Notre-Dame de la Guerche,"Beatae Mariae Virginis statua, saeculo XVI sculpta, « Mariae Virginis de la Guerche » celtica lingua nuncupatum",Blessed Virgin Mary,"Ecclesia paroecialis et collegialis B. Mariae Virginis, La Guerche-de-Bretagne",La Guerche-de-Bretagne,Rhedonensis,Rennes,France,1937,1937,retrospective_attestation,Pius PP. XII,"Emmanuel Caelestinus S. R. E. Cardinalis Suhard, then Archbishop of Reims, later of Paris",medium,1
notre-dame-de-bon-secours-lablachere,Notre-Dame de Bon Secours,Beata Maria Virgo de Bono Succursu,Blessed Virgin Mary,Sanctuarium B. M. V. de Bono Succursu (Oblates of Mary Immaculate),Lablachère,Vivariensis,Viviers,France,1880,1880,retrospective_attestation,Pius PP. XI,,high,1
notre-dame-de-lourdes-lourdes,Notre-Dame de Lourdes,simulacrum B. M. V. Lapurdi,Blessed Virgin Mary,,Lourdes,,Tarbes-et-Lourdes,France,,,retrospective_attestation,,,low,1
notre-dame-des-miracles-mauriac,Notre-Dame des Miracles,Beata Maria Virgo a miraculis,Blessed Virgin Mary,Ecclesia Nostrae Dominae a miraculis (Notre-Dame-des-Miracles),Mauriac,Sancti Flori,Saint-Flour,France,1855,1855,retrospective_attestation,Benedictus PP. XV,,high,1
notre-dame-de-sion-mons-sion-sion-vaudemont-loth,Notre-Dame de Sion,Beata Virgo Maria a Monte Sion (Nostra Domina de Monte Sion),Blessed Virgin Mary,Sanctuarium B. M. V. de Monte Sion (Oblatorum B. M. V. Immaculatae),"Mons Sion (Sion-Vaudémont), Lotharingia",Nanceiensis et Tullensis,Nancy-Toul,France,1873,1873,retrospective_attestation,Pius PP. XI,Cardinalis Archiepiscopus Bisuntinus (Summi Pontificis Legatus; name not stated),high,1
nostra-domina-a-tabulis-montpellier-mons-pessula,,Nostra Domina a Tabulis,Blessed Virgin Mary,Ecclesia Nostrae Dominae a Tabulis,Montpellier (Mons Pessulanus),Montis Pessulani,Montpellier,France,,,retrospective_attestation,Pius PP. XII,,high,1
notre-dame-de-joie-pontivy,Notre-Dame de Joie,Pervetusta Beatae Mariae Virginis de Gaudio Icon,Blessed Virgin Mary,Ecclesia paroecialis B. M. V. de Gaudio (Notre-Dame de Joie),Pontivy,Venetensis,Vannes,France,1951,1951,retrospective_attestation,Ioannes PP. XXIII,,high,1
notre-dame-du-grand-pouvoir-perigueux,Notre Dame Du Grand Pouvoir,,Blessed Virgin Mary,Couvent de Sainte-Ursule,Périgueux,,,France,1892-05-24,1892-05-24,chapter_decree,,,medium,1
notre-dame-de-la-delivrance-quentin,Notre-Dame de la Délivrance,Beata Maria Virgo de la Délivrance,Blessed Virgin Mary,Sanctuarium/templum paroeciale B. M. V. de la Délivrance,Quentin,Briocensis,Saint-Brieuc,France,,,papal_legate_deputation,Pius PP. XI,"Franciscus M. Serrand, Episcopus Briocensis",high,1
notre-dame-des-miracles-et-vertus-rennes,Notre-Dame des Miracles et Vertus,Simulacrum B. Mariae Virginis de Miraculis et Virtutibus,Blessed Virgin Mary,Ecclesia parochialis S. Albini Ep. et Conf. ac B. M. V. de Bonis Nuntiis,Rennes,Rhedonensis,Rennes,France,1908,1908,retrospective_attestation,Benedictus PP. XV,,high,2
notre-dame-de-bon-secours-rouen-rothomagum,Notre-Dame de Bon-Secours,simulacrum B. Mariae Virginis a Bono Succursu (cum Infante Iesu),Blessed Virgin Mary,Ecclesia parochialis B. Mariae Virginis a Bono Succursu (sanctuarium Mariale),Rouen (Rothomagum),Rothomagensis,Rouen,France,1880-05-24,1880-05-24,retrospective_attestation,Benedictus PP. XV,"S. R. E. Cardinalis de Bonnechose, Rothomagensium antistes",high,1
notre-dame-du-saint-cordon-valenciennes,Notre-Dame du Saint-Cordon,Beata Maria Virgo de Funiculo,Blessed Virgin Mary,Ecclesia paroecialis (curialis) B. M. V. de Funiculo,Valenciennes,Cameracensis,Cambrai,France,,,retrospective_attestation,Pius PP. XI,,high,1
notre-dame-de-verdelais-verdelais,Notre-Dame de Verdelais,"statua Beatae Mariae Virginis, Consolatricis afflictorum",Blessed Virgin Mary,Templum sive sanctuarium Mariale de Verdelais (Societatis Mariae),Verdelais,Burdigalensis (archidioecesis),Bordeaux,France,1856-07-02,1856-07-02,retrospective_attestation,Pius PP. XI,"Cardinalis Donnet, tunc archiepiscopus Burdigalensis",high,1
notre-dame-de-verdun-notre-dame-des-prodiges-ver,Notre-Dame de Verdun (Notre-Dame des Prodiges),"Marianum Simulacrum, sub nomine Dominae Nostrae « de Prodigiis » seu « de Viroduno »",Blessed Virgin Mary,Ecclesia Cathedralis Virodunensis,Verdun,Virodunensis,Verdun,France,1946-06-02,1946-06-02,retrospective_attestation,Pius PP. XII,,high,1
notre-dame-du-chene-vion,Notre Dame Du Chêne,,Blessed Virgin Mary,Basilique Notre-Dame du Chêne,Vion,,,France,1908-10-06,1908-10-06,chapter_decree,,,low,1
sainte-anne-d-auray-le-bourg-de-sainte-anne-pari,Sainte-Anne d'Auray,Statua Sanctae Annae,"other (St Anne, mother of the Blessed Virgin Mary)",Sanctuarium S. Annae (later raised to Basilica Minor),"le Bourg de Sainte-Anne, parish of Pluneret, near Auray, Brittany",Venetensis,Vannes,France,,,retrospective_attestation,Pius PP. IX; Pius PP. XI,,high,2
madonna-nera-della-misericordia-sancta-maria-mat,"Madonna Nera della Misericordia, Sancta Maria Mater Misericordiae",,Blessed Virgin Mary,Sankt Maria in der Kupfergasse,Cologne (Köln),,,Germany,1925-04-03,1925-04-03,chapter_decree,,,low,1
trosterin-der-betrubten-kevelaer-kevelaer,Trosterin der Betrübten (Kevelaer),Beata Maria Virgo Consolatrix afflictorum,Blessed Virgin Mary,Mariale sanctuarium / ecclesia paroecialis B. M. V. Consolatricis afflictorum,Kevelaer,Monasteriensis,Münster,Germany,1890,1890,retrospective_attestation,Pius PP. XI,Cardinalis Archiepiscopus Coloniensis (not named in the act),high,1
imago-beatae-mariae-virginis-olim-sanctae-mariae,,Imago Beatae Mariae Virginis (olim « Sanctae Mariae ad pratum » Susatii),Blessed Virgin Mary,"Ecclesia B. Mariae V. a Visitatione (Basilica Minor), entrusted to the Franciscans",Werl,Paderbornensis,Paderborn,Germany,1911,1911,retrospective_attestation,Pius PP. XII,,high,1
beata-maria-virgo-a-rosario-guatemala,,Beata Maria Virgo a Rosario,Blessed Virgin Mary,templum cathedrale dioecesis Altensis,,Altensis,Los Altos (Quetzaltenango–Totonicapán),Guatemala,,,papal_coronation_act,Ioannes Paulus PP. II,"Marius S. R. E. Cardinalis Casariego, archiepiscopus Guatimalensis",medium,1
nuestra-senora-del-rosario-guatemala-city,Nuestra Señora del Rosario,Beata Maria Virgo a Rosario (Nostra Domina a Rosario),Blessed Virgin Mary,"templum S. Dominici, henceforth titled Nostrae Dominae a Rosario",Guatemala City,Guatimalensis,Guatemala,Guatemala,1934,1934,retrospective_attestation,Paulus PP. VI,,high,1
our-lady-of-the-mount-bandra-bombay,Our Lady of the Mount,Imago Beatae Mariae Virginis de Monte,Blessed Virgin Mary,Templum B. Mariae V. de Monte (Basilica Minor),"Bandra, Bombay",Bombayensis,Bombay (Mumbai),India,,,papal_coronation_act,Pius PP. XII,"Valerianus Gracias, S. R. E. Cardinalis, Archiepiscopus Bombayensis",high,1
madonna-delle-grazie-italy,Madonna delle Grazie,imago almae Deiparae a gratiis nuncupatae,Blessed Virgin Mary,Sacrarium Beatae Mariae Virginis a gratiis in urbe episcopali dioecesis Thelesinae seu Cerretanae (templum saeculo XVI excitatum),,Thelesina seu Cerretana,Telese - Cerreto Sannita,Italy,1893,1893,retrospective_attestation,Paulus PP. VI,,medium,1
nostra-signora-del-rimedio-italy,Nostra Signora del Rimedio,Beatissima Virgo Maria a Remedio,Blessed Virgin Mary,Deiparae Templum (Arboreae),,Arborensis,Oristano (Arborea),Italy,,,retrospective_attestation,Pius PP. XII,,medium,1
santa-maria-delle-grazie-nella-chiesa-degli-agos,Santa Maria delle Grazie nella Chiesa degli Agostiniani di Aquapendente,,Blessed Virgin Mary,Chiesa degli Agostiniani (Madonna delle Grazie),Acquapendente,,,Italy,1742-05-20,1742-05-20,chapter_decree,,,medium,2
santa-maria-della-concezione-nella-cattedrale-d,Santa Maria della Concezione nella Cattedrale d'Aquapendente,,Blessed Virgin Mary,Cattedrale (Madonna della Concezione),Acquapendente (cathedral),,,Italy,1778,1778,chapter_decree,,,low,1
santa-maria-di-costantinopoli-nella-chiesa-di-s,Santa Maria di Costantinopoli nella Chiesa di S. Eustachio della Città d'Aquaviva,,Blessed Virgin Mary,Sant'Eustachio (Santa Maria di Costantinopoli),Acquaviva delle Fonti,,,Italy,1780,1780,chapter_decree,,,low,1
beata-maria-virgo-immaculata-agrigento,,Beata Maria Virgo Immaculata,Blessed Virgin Mary,"Templum Sancti Francisci Assisiensis, seu Sanctuarium B. Mariae Virginis Immaculatae",Agrigento,Agrigentina,Agrigento,Italy,1940,1940,retrospective_attestation,Pius PP. XII,,medium,1
santa-maria-della-rotonda-d-albano-albano,Santa Maria della Rotonda d'Albano,,Blessed Virgin Mary,Santa Maria della Rotonda,Albano,,,Italy,1729,1729,chapter_decree,,,low,1
madonna-del-pontelungo-albenga,Madonna del Pontelungo,Beata Maria Virgo a « Ponte Longo »,Blessed Virgin Mary,Templum Beatae Mariae Virginis a « Ponte Longo »,Albenga,Albinganensis,Albenga,Italy,,,retrospective_attestation,Pius PP. XII,,low,1
madonna-del-pianto-albino,Madonna del Pianto,,Blessed Virgin Mary,Santuario della Madonna del Pianto,Albino,,,Italy,1919-09-21,1919-09-21,chapter_decree,,,medium,1
santa-maria-de-miracoli-nella-chiesa-d-alcami-al,Santa Maria de' Miracoli nella Chiesa d'Alcami,,Blessed Virgin Mary,Madonna dei Miracoli,Alcamo,,,Italy,1782,1782,chapter_decree,,,low,1
image-alcamo,,,Blessed Virgin Mary,,Alcamo,,,Italy,1786,1786,chapter_decree,,,low,1
madonna-della-salve-alessandria,Madonna della Salve,,Blessed Virgin Mary,Cattedrale di San Pietro,Alessandria,,,Italy,1843-05-28,1843-05-28,chapter_decree,,,medium,1
madonna-di-valverde-alghero,Madonna di Valverde,Beatissima Virgo a « Valleviride »,Blessed Virgin Mary,Sanctuarium Vallisviridis (sanctuary of Valverde); the coronation itself took place in the cathedral of Alghero,Alghero,Algheriensis,Alghero,Italy,1948,1948,retrospective_attestation,Pius PP. XII,,medium,1
santa-maria-assunta-nella-cattedrale-d-amelia-am,Santa Maria Assunta nella Cattedrale d'Amelia,,Blessed Virgin Mary,Cattedrale,Amelia,,,Italy,1745,1745,chapter_decree,,,low,1
imago-deiparae-sub-titulo-reginae-omnium-sanctor,,Imago Deiparae sub titulo Reginae omnium Sanctorum,Blessed Virgin Mary,Cathedral church of St Cyriacus (formerly dedicated to St Laurence Martyr),Ancona,Anconitana (et Humana),Ancona (and Osimo/Umana),Italy,,,papal_personal_coronation,Pius PP. X; Pius PP. XI,,high,2
santa-maria-del-rosario-nella-chiesa-di-s-michel-2,Santa Maria del Rosario nella Chiesa di S. Michel Arcangelo di Antegnate,,Blessed Virgin Mary,San Michele Arcangelo (Madonna del Rosario),Antegnate,,,Italy,1751,1751,chapter_decree,,,low,1
madonna-delle-grazie-ardesio,Madonna delle Grazie,,Blessed Virgin Mary,Santuario della Madonna delle Grazie,Ardesio,,,Italy,1872-06-24,1872-06-24,chapter_decree,,,medium,1
nostra-signora-dell-annunziata-delle-olivette-ar,Nostra Signora dell’Annunziata delle Olivette,,Blessed Virgin Mary,Santuario di Nostra Signora Annunziata delle Olivette,Arenzano,,,Italy,1890,1890,chapter_decree,,,medium,1
sacra-infantis-pragensis-effigies-arenzano,,Sacra Infantis Pragensis effigies,Infant Jesus,"Templum Puero Iesu Pragensi dicatum, Carmelitarum Excalceatorum",Arenzano,Ianuensis,Genoa,Italy,1924-02-24,1924-02-24,retrospective_attestation,Pius PP. XI,"Raphael S. R. E. Cardinalis Merry del Val, Archipresbyter Capituli Vaticani",high,1
madonna-delle-grazie-asculum-in-piceno-ascoli-pi,Madonna delle Grazie,Beata Maria Virgo a Gratiis,Blessed Virgin Mary,sacrarium apud Basilicam cathedralem Asculanam in Piceno,Asculum in Piceno (Ascoli Piceno),Asculana in Piceno,Ascoli Piceno,Italy,1960,1960,retrospective_attestation,Ioannes PP. XXIII,,medium,1
madonna-della-santa-cintura-assisi,Madonna della Santa Cintura,,Blessed Virgin Mary with Child,S. Bartolo dei PP. Teatini,Assisi,,,Italy,,,chapter_decree,,,low,1
santa-maria-di-costantinopoli-d-avellino-avellin,Santa Maria di Costantinopoli d'Avellino,,Blessed Virgin Mary,Santa Maria di Costantinopoli,Avellino,,,Italy,1766,1766,chapter_decree,,,low,1
santa-maria-di-costantinopoli-di-bari-bari,Santa Maria di Costantinopoli di Bari,,Blessed Virgin Mary,Santa Maria di Costantinopoli,Bari,,,Italy,1771,1771,chapter_decree,,,low,1
santa-maria-delle-grazie-di-benevento-benevento,Santa Maria delle Grazie di Benevento,,Blessed Virgin Mary,Santa Maria delle Grazie,Benevento,,,Italy,1723,1723,chapter_decree,,,low,1
s-maria-annunziata-in-benevento-benevento,S. Maria Annunziata in Benevento,,Blessed Virgin Mary,Annunziata,Benevento,,,Italy,1754,1754,chapter_decree,,,low,1
santa-maria-dell-incoronata-nell-eremo-de-camald,Santa Maria dell'Incoronata nell'Eremo de' Camaldolesi,,Blessed Virgin Mary,Eremo dei Camaldolesi (Madonna Incoronata),"Benevento, church of the Camaldolese",,,Italy,1723,1723,chapter_decree,,,medium,2
santa-maria-del-lago-bertinoro,Santa Maria del Lago,Imago B. M. V. nuncupata de Lacu / Beatissima Virgo a Lacu,Blessed Virgin Mary with Child,"Chiesa di S. Maria del Lago (fuori di Bertinoro), in the custody of the Camaldolese monks of the Abbey of S. Maria d'Urano",Bertinoro,,Bertinoro,Italy,1705-08-09,1705-08-09,chapter_decree,,"Giovanni Battista Missiroli, Bishop of Bertinoro ('Jo. Baptista ... Epus Brittinorij', 'Monsignor Missiroli, Vescovo di Bertinoro')",high,2
madonna-della-quercia-bettola,Madonna della Quercia,Beata Maria Virgo a Quercu,Blessed Virgin Mary,sanctuary of the Madonna della Quercia in the town of Bettola (Val Nure),Bettola,Placentina,Piacenza,Italy,1920-09-05,1920-09-05,chapter_decree,Ioannes PP. XXIII,,medium,2
beata-maria-virgo-de-monte-carmelo-bologna,,Beata Maria Virgo de Monte Carmelo,Blessed Virgin Mary,"Templum Sancti Martini Episcopi, seu Sanctuarium Deiparae a Monte Carmelo",Bologna,Bononiensis,Bologna,Italy,1704,1704,retrospective_attestation,Pius PP. XII,,high,1
beata-maria-virgo-cum-divino-puero-iesu-a-victor,,"Beata Maria Virgo cum Divino puero Iesu, a Victoria dicta",Blessed Virgin Mary,Templum Abbatiale SS. Salvatoris,Bologna (Bononia),Bononiensis,Bologna,Italy,1875-08-15,1875-08-15,papal_coronation_act,Pius PP. IX,,high,1
madonna-di-valleverde-bovino,Madonna di Valleverde,,Blessed Virgin Mary,Santa Maria di Valleverde e San Lorenzo,Bovino,,,Italy,1876-08-29,1876-08-29,chapter_decree,,,medium,1
madonna-delle-grazie-brixia-brescia,Madonna delle Grazie,"Imago Almae Deiparae, Beata Maria Virgo a Gratiis",Blessed Virgin Mary,ecclesia Beatae Mariae Virginis a Gratiis (Santa Maria delle Grazie),Brixia (Brescia),Brixiensis,Brescia,Italy,1886,1886,retrospective_attestation,Ioannes PP. XXIII,,medium,1
imago-beatae-mariae-virginis-eodem-in-templo-exc,,"imago Beatae Mariae Virginis, eodem in templo exculta",Blessed Virgin Mary,cathedralis ecclesia Caesenatensis,Caesena (Cesena),Caesenatensis,Cesena,Italy,,,retrospective_attestation,Ioannes PP. XXIII,,medium,1
nostra-signora-di-bonaria-cagliari-calaris,Nostra Signora di Bonaria,Beata Virgo Maria a Bono Aere nuncupata (de Bonaria),Blessed Virgin Mary,Santuario di Nostra Signora di Bonaria,Cagliari (Calaris),Calaritana,Cagliari,Italy,1870-04-24,1870-04-24; 1926-04-24,chapter_decree,Pius PP. IX; Pius PP. XI,Caietanus Card. Bisleti,high,5
image-calatafimi,,,Blessed Virgin Mary,,Calatafimi,,,Italy,1778,1778,chapter_decree,,,low,1
santa-maria-delle-grazie-calatafimi,Santa Maria delle Grazie,,Blessed Virgin Mary,Santa Maria delle Grazie,Calatafimi,,,Italy,1778,1778,chapter_decree,,,low,1
madonna-di-conadomini-madonna-del-monte-caltagir,Madonna di Conadomini (Madonna del Monte),simulacrum Beatae Mariae Virginis quod « Conadomini » appellant,Blessed Virgin Mary,"Ecclesia Beatae Mariae Virginis in Caelum Assumptae, vulgo « Madonna del Monte » seu « Conadomini »",Caltagirone,Calatayeronensis,Caltagirone,Italy,,,retrospective_attestation,Paulus PP. VI,,medium,1
santa-maria-in-via-di-camerino-camerino,Santa Maria in Via di Camerino,,Blessed Virgin Mary,Santa Maria in Via,Camerino,,,Italy,1684,1684,chapter_decree,,,low,1
madonna-del-transito-canoscio-citta-di-castello,Madonna del Transito,Imago Dormitionis Deiparae Genetricis,Blessed Virgin Mary,Sanctuarium « Colle di Canoscio »,Canoscio (Città di Castello),Civitatis Castelli,Città di Castello,Italy,1888,1888,retrospective_attestation,Ioannes Paulus PP. II,,medium,1
madonna-del-pozzo-capurso,Madonna del Pozzo,,Blessed Virgin Mary,Basilica di Santa Maria del Pozzo,Capurso,,,Italy,1852-05-20,1852-05-20,chapter_decree,,,medium,1
madonna-del-castello-regina-degli-apostoli-carag,"Madonna del Castello, Regina degli Apostoli",,Blessed Virgin Mary,Santuario della Madonna del Castello,Caraglio,,,Italy,1910-05-22,1910-05-22,chapter_decree,,,medium,1
santa-maria-fonte-de-miracoli-caravaggio,Santa Maria Fonte de' Miracoli,B. M. V. Fontis Miraculorum Caravaggii / Alma Virgo Maria S.cta Miraculorum,Blessed Virgin Mary,"Ecclesia Parochialis B. M. Virginis Fontis Miraculorum, Caravaggio",Caravaggio,,Cremona ('Caravaggii Cremonen. diœcesis'),Italy,1710-09-29,1710-09-29,chapter_decree,,"the diocesan bishop, who imposed the crown in pontificals (name OCR-garbled: 'Ill.mus D. Card.lis Octavianus Acciaioli ... Ep.o Vercellensis')",medium,2
santa-maria-preziosa-casal-di-principe,Santa Maria Preziosa,,Blessed Virgin Mary,Santissimo Salvatore,Casal di Principe,,,Italy,1908-09-08,1908-09-08; 1958,chapter_decree,,,medium,2
beata-maria-virgo-a-miraculis-casalbordino,,Beata Maria Virgo « a Miraculis »,Blessed Virgin Mary,Ecclesia prope municipium « Casalbordino »,Casalbordino,Vastensis,Vasto (now Chieti-Vasto),Italy,1899-06-11,1899-06-11,retrospective_attestation,Pius PP. XII,,high,1
santa-maria-nella-chiesa-de-cappucini-di-casal-p,Santa Maria nella Chiesa de Cappucini di Casal Posterlengo,,Blessed Virgin Mary,Santissima Maria Madre del Salvatore (Madonna dei Cappuccini),Casalpusterlengo,,,Italy,1780-09-03,1780-09-03,chapter_decree,,,medium,2
madonna-della-salute-castel-goffredo-godium,Madonna della Salute,Beata Maria Virgo vulgo « Madonna della Salute » (olim « del terraglio »),Blessed Virgin Mary,Ecclesia paroecialis B. Mariae Virginis « Madonna della Salute »,Castel Goffredo (Godium),Mantuana,Mantua,Italy,1945-11-04,1945-11-04,retrospective_attestation,Pius PP. XII,"Adeodatus Ioannes Piazza, S.R.E. Cardinalis, Patriarch of Venice",high,1
santa-maria-ad-rupes-castel-sant-elia-sancti-eli,Santa Maria ad Rupes,"Sacerrimum Virginis simulacrum, S. Maria ad Rupes",Blessed Virgin Mary,Sanctuarium S. Mariae ad Rupes,"Castel Sant'Elia (sancti Eliae Castrum), vallis Suppentonia",Nepesina,Nepi,Italy,,,retrospective_attestation,Pius PP. X,,high,1
santa-maria-assunta-del-castello-del-piano-caste,Santa Maria Assunta del Castello del Piano,,Blessed Virgin Mary,Santa Maria Assunta,"Castel del Piano, diocese of Chiusi",,,Italy,1771,1771,chapter_decree,,,low,1
image-castellammare-del-golfo,,,Blessed Virgin Mary,,Castellammare del Golfo,,,Italy,1797,1797,chapter_decree,,,low,1
santa-maria-di-pozzano-castellammare-di-stabia-c,Santa Maria di Pozzano,"vetustissima Imago Virginis Deiparae, B. Virgo a Pozzano",Blessed Virgin Mary,Sanctuarium Mariale in colle vulgo Pozzano (Ord. Minimorum),Castellammare di Stabia (Castrum Maris seu Stabia),Stabiensis,Castellammare di Stabia,Italy,1874-07-02,1874-07-02,chapter_decree,Benedictus PP. XV,,high,2
santa-maria-di-portosalvo-castellammare-di-stabi,Santa Maria di Portosalvo,,Blessed Virgin Mary,Santa Maria di Portosalvo,Castellammare di Stabia (Portosalvo),,,Italy,1897-08-08,1897-08-08,chapter_decree,,,medium,1
beata-vergine-della-sanita-castellammare-di-stab,Beata Vergine della Sanità,,Blessed Virgin Mary,Santuario di Santa Maria della Sanità,Castellammare di Stabia (Quisisana),,,Italy,1912-04-21,1912-04-21,chapter_decree,,,medium,1
santa-maria-della-misericordia-castelleone,Santa Maria della Misericordia,,Blessed Virgin Mary,Santuario della Beata Vergine della Misericordia,Castelleone,,,Italy,1886-09-12,1886-09-12,chapter_decree,,,medium,1
santa-maria-di-s-pietro-del-piano-castrenaro-cas,Santa Maria di S. Pietro del Piano Castrenaro,,Blessed Virgin Mary,San Pietro del Piano,"Castro (Piano di Castro), diocese of Sovana",,,Italy,1752,1752,chapter_decree,,,low,1
madonna-dell-olmo-cava-de-tirreni,Madonna dell’Olmo,,Blessed Virgin Mary,Basilica di Maria Santissima Incoronata dell'Olmo,Cava de' Tirreni,,,Italy,1766-06-15,1766-06-15; 1924,chapter_decree,,,medium,3
santa-maria-nella-chiesa-de-cappucini-cefalu,Santa Maria nella Chiesa de' Cappucini,,Blessed Virgin Mary,Chiesa dei Cappuccini,Cefalù,,,Italy,1760,1760,chapter_decree,,,low,1
sacra-imago-beatae-mariae-virginis-de-horto-chia,,Sacra Imago Beatae Mariae Virginis de Horto,Blessed Virgin Mary,Cathedral church of B. M. V. de Horto (originally an image painted in 1493 on a garden wall),"Chiavari (Clavarium), Liguria",Clavarensis,Chiavari,Italy,1645,1645,retrospective_attestation,Pius PP. X,,medium,1
santa-maria-dell-orto-di-chiaveri-chiavari-clava,Santa Maria dell'Orto di Chiaveri,,Blessed Virgin Mary,Santuario di Nostra Signora dell'Orto,"Chiavari (Clavarium), Liguria",,,Italy,1767,1767,chapter_decree,,,low,1
santa-maria-di-cibbona-vicino-alla-tolfa-cibona,Santa Maria di Cibbona vicino alla Tolfa,"Beata Virgo Maria [de Cibona], nunc vero Montis Urbani (OCR: 'Beatæ Virgini Mariali Citori, nunc vero montis Urbani')",Blessed Virgin Mary with Child,"Chiesa del Sacro Eremo di Cibona, dei PP. Eremiti di Monte Senario","Cibona / Monte Urbano (Eremo di Cibona, territory of Tolfa)",,Sutri,Italy,1704-06-01,1704-06-01,chapter_decree,,"R.mus D. Melchior [surname garbled], canon of the Vatican Basilica, ex Cubicularius honoris of Clement XI, 'specialiter deputatus'",high,2
nostra-signora-dei-miracoli-cicagna,Nostra Signora dei Miracoli,,Blessed Virgin Mary,Santuario di Nostra Signora dei Miracoli,Cicagna,,,Italy,1790-09-14,1790-09-14; 1814-09-14,chapter_decree,,,medium,2
santa-maria-di-belvedere-citta-di-castello,Santa Maria di Belvedere,Beatissima Virgo Maria Collis Capsani [Caprani] nuncupati di Belvedere huius Civitatis Castelli Diœcesis,"Blessed Virgin Mary with Child (terracotta statue, seated, Child on her knees)","Tempio/Chiesa della Madonna di Belvedere on the hill of Caprano (Belvedere) outside Porta S. Egidio; crowning performed in the Cathedral of SS. Florido e Amanzio, Città di Castello",Città di Castello,,Città di Castello (Civitatis Castelli Diœcesis),Italy,1703-11-11,1703-11-11,chapter_decree,,"Alexander (Bernardo) Casale (Casalius Coccianus Romanus), Canon of St Peter's, Referendary of both Signatures",high,2
nostra-domina-a-sacro-corde-iesu-como,,Nostra Domina a Sacro Corde (Iesu),Blessed Virgin Mary,Templum archipresbyterale S. Georgii Martyris,Como,Comensis,Como,Italy,,,retrospective_attestation,Pius PP. XII,"Andreas Carolus Ferrari, S.R.E. Cardinalis, Archiepiscopus Mediolanensis",high,1
santa-maria-di-tutte-le-grazie-della-quercia-nel,Santa Maria di tutte le Grazie della Quercia nella Chiesa di Conflenti Inferiori,,Blessed Virgin Mary,Madonna della Quercia (di Visora),Conflenti,,,Italy,1782,1782,chapter_decree,,,low,1
santa-maria-del-soccorso-di-cori-cori,Santa Maria del Soccorso di Cori,,Blessed Virgin Mary,Madonna del Soccorso,Cori,,,Italy,1778,1778,chapter_decree,,,low,1
santa-maria-in-santa-maria-nuova-cortona,Santa Maria in Santa Maria Nuova,,Blessed Virgin Mary,Santa Maria Nuova,Cortona,,,Italy,1687,1687,chapter_decree,,,low,1
santa-maria-della-manna-cortona-manna,Santa Maria della Manna,,Blessed Virgin Mary,Santa Maria della Manna,Cortona (Manna),,,Italy,1741,1741,chapter_decree,,,low,1
santa-maria-lauretana-nella-chiesa-di-s-abbondio,Santa Maria Lauretana nella Chiesa di S. Abbondio de Teatini di Cremona,,Blessed Virgin Mary,Sant'Abbondio (Theatines) — Madonna Lauretana,Cremona,,,Italy,1732-08-17,1732-08-17,chapter_decree,,,medium,2
santa-maria-della-neve-sancta-maria-ad-nives-cug,"Santa Maria della Neve, Sancta Maria ad Nives",Beata Maria Virgo ad Nives,Blessed Virgin Mary,Sanctuarium seu Ecclesia Conlegiata Beatae Mariae Virginis ad Nives,Cuglieri (Sardinia),Bosanensis,Bosa,Italy,1893-08-05,1893-08-05,chapter_decree,Benedictus PP. XV,,high,2
image-custonaci,,,Blessed Virgin Mary,,Custonaci,,,Italy,1753,1753,chapter_decree,,,low,1
santa-maria-de-custonacci-di-monte-s-giuliano-cu,Santa Maria de Custonacci di Monte S. Giuliano,,Blessed Virgin Mary,Santuario di Custonaci,Custonaci,,,Italy,1753,1753,chapter_decree,,,low,1
madonna-della-catena-dipignano-laurignano,Madonna della Catena,Beata Maria Virgo « a Catena »,Blessed Virgin Mary,Santuario della Madonna della Catena,Dipignano (Laurignano),Cosentina,Cosenza,Italy,1921-09-11,1921-09-11; 1984,chapter_decree,Paulus PP. VI,,medium,3
santa-maria-addolorata-santa-maria-della-pieta-e,"Santa Maria Addolorata, Santa Maria della Pietà",,Blessed Virgin Mary,Collegiata di Santa Maria della Pietà,Eboli,,,Italy,1920-05-30,1920-05-30,chapter_decree,,,medium,1
image-enna,,,Blessed Virgin Mary,,Enna,,,Italy,1797,1797,chapter_decree,,,low,1
madonna-delle-grazie-este-este,Madonna delle Grazie (Este),Beata Maria Virgo Gratiarum,Blessed Virgin Mary,Ecclesia B. M. V. Gratiarum,Este,Patavina,Padua (Padova),Italy,,,retrospective_attestation,Pius PP. XI,,high,1
santa-maria-della-misericordia-di-fabriano-fabri,Santa Maria della Misericordia di Fabriano,,Blessed Virgin Mary,Madonna della Misericordia,Fabriano,,,Italy,1778,1778,chapter_decree,,,low,1
madonna-del-buon-gesu-fabriano,Madonna del Buon Gesù,Beatissima Virgo Maria a Bono Iesu,Blessed Virgin Mary,,Fabriano,Fabrianensis et Matelicensis,Fabriano-Matelica,Italy,1898-09-08,1898-09-08,retrospective_attestation,Pius PP. XII,,high,1
madonna-delle-grazie-faenza,Madonna delle Grazie,Beata Maria Virgo « Maria opifera » seu « gratiarum »,Blessed Virgin Mary,"Ecclesia Cathedralis Sancti Petri Apostoli, in Sacello B. Mariae Virginis",Faenza,Faventina,Faenza,Italy,1931,1931,retrospective_attestation,Pius PP. XII,"Michael Lega, S.R.E. Cardinalis",high,1
santa-maria-al-mare-fermo-diocese,Santa Maria al Mare,,Blessed Virgin Mary,Santa Maria a Mare,Fermo (diocese),,,Italy,1683,1683,chapter_decree,,,low,1
santa-maria-delle-grazie-nella-metropolitana-di,Santa Maria delle Grazie nella Metropolitana di Ferrara,,Blessed Virgin Mary,Cattedrale (Madonna delle Grazie),Ferrara,,,Italy,1778,1778,chapter_decree,,,low,1
santa-maria-dei-sette-veli-nella-chiesa-collegia,Santa Maria dei Sette Veli nella Chiesa Collegiata di Foggia,,Blessed Virgin Mary,Collegiata (Madonna dei Sette Veli),Foggia,,,Italy,1781,1781,chapter_decree,,,low,1
iconavetere-foggia,Iconavetere,Imago Beatae Mariae Virginis vulgo « Iconavetere » nuncupata,Blessed Virgin Mary,Templum cathedrale metropolitanae Ecclesiae Fodianae,Foggia,Fodiana,Foggia,Italy,,,papal_coronation_act,Ioannes Paulus PP. II,"Fodianus Ordinarius (Iosephus Lenotti, Archiepiscopus Fodianus, was the petitioner and is charged to impose the crown 'Nostro nomine et auctoritate')",medium,1
domina-nostra-a-gratiis-in-folgaria-folgaria,,Domina Nostra a gratiis in Folgaria,Blessed Virgin Mary,Aedes B. Mariae Virgini opiferae sacra (church entrusted to the Friars Minor Capuchin),Folgaria,Tridentina (archidioecesis),Trento,Italy,1954,1954,retrospective_attestation,Pius PP. XII,"Angelus Iosephus S. R. E. Presb. Cardinalis Roncalli, Venetiarum Patriarcha",medium,1
santa-maria-della-pianta-in-foligno-foligno,Santa Maria della Pianta in Foligno,"Beatissima Virgo de Planta [de Planctu] Fulgini (OCR: 'Virginis de Planta Fulgini', 'Virginis de Plantu')",Blessed Virgin Mary with Child,"Chiesa della (Archi)Confraternita della Madonna del Pianto e di S. Leonardo, Foligno (crowning performed in the Cattedrale di S. Feliciano)",Foligno,,Foligno,Italy,1713-05-14,1713-05-14,chapter_decree,,"Mons. Guido del Palagio (de Balagio / del Baglio), Patrizio Romano, canonico della Basilica Vaticana, Referendario di Segnatura",high,2
madonna-di-follina-santa-maria-assunta-annunciaz,Madonna di Follina (Santa Maria Assunta / Annunciazione),Beata Maria Virgo cum Puero Iesu (Annuntiatio B. M. V.),Blessed Virgin Mary,"Ecclesia seu sanctuarium Annuntiationis B. M. V., abbey of Follina (Servites)",Follina,Cenetensis,Ceneda (Vittorio Veneto),Italy,1921,1921,retrospective_attestation,Benedictus PP. XV,,medium,1
madonna-del-rosario-di-fontanellato-fontanellato,Madonna del Rosario di Fontanellato,Vetus Deiparae Virginis simulacrum (Sacratissimum Rosarium B. Mariae Virginis),Blessed Virgin Mary,"Sanctuarium sive Ecclesia Sacratissimi Rosarii B. Mariae Virginis, with the former Dominican convent",Fontanellato,Parmensis,Parma,Italy,1660,1660; 1925,papal_legate_deputation,Pius PP. X; Pius PP. XI,"Eugenius Card. Tosi, Archiepiscopus Mediolanensis",high,2
santa-maria-di-forano-forano-appignano-diocese-o,Santa Maria di Forano,,Blessed Virgin Mary,Santa Maria di Forano,"Forano (Appignano), diocese of Osimo",,,Italy,1715,1715,chapter_decree,,,low,1
santa-maria-lauretana-di-forigi-forio-ischia,Santa Maria Lauretana di Forigi,,Blessed Virgin Mary,Santa Maria di Loreto,Forio (Ischia),,,Italy,1786,1786,chapter_decree,,,low,1
santa-maria-nella-cattedrale-di-forli-forli,Santa Maria nella Cattedrale di Forlì,,Blessed Virgin Mary,Cattedrale (Madonna del Fuoco),Forlì,,,Italy,1686,1686,chapter_decree,,,low,1
madonna-di-capocroce-b-v-detta-di-capo-croce-fra,Madonna di Capocroce (B. V. detta di Capo croce),S. Maria Capitis Crucis / Imagines Beatissimae Virginis et Pueri D. N. Iesu Christi existentes in Ecclesia nuncupata di S. M. di Capo croce,Blessed Virgin Mary,"Chiesa di S. Maria di Capocroce dei PP. Teatini (S. Gaetano), fuori delle mura di Frascati",Frascati,Cremensis,Frascati (Tusculana),Italy,1713-10-28,1713-10-28,chapter_decree,Pius PP. XII,"Faustino Crispolti, Canon of the Vatican Basilica, Referendary and Auditor of Card. Spinola (deputed by Chapter 22 Oct 1713)",high,3
santa-maria-della-neve-di-frosinone-frosinone,Santa Maria della Neve di Frosinone,,Blessed Virgin Mary,Santa Maria della Neve,Frosinone,,,Italy,1694,1694,chapter_decree,,,low,1
madonna-di-gallivaggio-madre-della-misericordia,"Madonna di Gallivaggio, Madre della Misericordia",,Blessed Virgin Mary,Santuario dell'Apparizione di Maria Vergine,"Gallivaggio (Valle Spluga), diocese of Como",,,Italy,1742-06-23,1742-06-23,chapter_decree,,,medium,2
santa-maria-di-galloro-galloro-ariccia,Santa Maria di Galloro,,Blessed Virgin Mary,Santuario di Galloro,Galloro (Ariccia),,,Italy,1726,1726,chapter_decree,,,low,1
madonna-delle-grazie-di-valle-gavi-valle,Madonna delle Grazie di Valle,,Blessed Virgin Mary,Santuario di Nostra Signora delle Grazie della Valle,Gavi (Valle),,,Italy,1904-09-08,1904-09-08,chapter_decree,,,medium,1
santa-maria-del-buonconsiglio-di-genazano-genazz,Santa Maria del Buonconsiglio di Genazano,,Blessed Virgin Mary,Santa Maria del Buon Consiglio,Genazzano,,,Italy,1682,1682,chapter_decree,,,low,1
nostra-signora-delle-vigne-genoa,Nostra Signora delle Vigne,Deipara a Vineis,Blessed Virgin Mary,Templum curiale Deiparae a Vineis (Santa Maria delle Vigne),Genoa,Ianuensis,Genoa,Italy,1920-11-21,1920-11-21,papal_legate_deputation,Benedictus PP. XV,"Thomas Pius S. R. E. Card. Boggiani, Archbishop of Genoa",high,1
s-maria-liberatrice-genoa,S. Maria Liberatrice,Sancta Maria Liberatrix ('sub Invocatione Sanctę Marię Liberatricis'),Blessed Virgin Mary,chapel (sacellum) of the Metropolitan church of Genoa (Ecclesię Metropolitanę Januensi),Genoa,,Genoa (Metropolitan),Italy,,,chapter_decree,,,low,1
la-madonnetta-genoa-carbonara,La Madonnetta,,Blessed Virgin Mary,Santuario della Madonnetta (N. S. Assunta di Carbonara),Genoa (Carbonara),,,Italy,1920-06-27,1920-06-27,chapter_decree,,,medium,1
santa-maria-dell-orto-genoa-cremeno,Santa Maria dell’Orto,,Blessed Virgin Mary,"San Pietro Apostolo, Cremeno",Genoa (Cremeno),,,Italy,1909-08-22,1909-08-22,chapter_decree,,,medium,1
santa-maria-del-soccorso-di-genova-genoa-genova,Santa Maria del Soccorso di Genova,,Blessed Virgin Mary,Santa Maria del Soccorso,Genoa (Genova),,,Italy,1683,1683,chapter_decree,,,low,1
madonna-di-loreto-oregina-genoa-oregina,"Madonna di Loreto, Oregina",,Blessed Virgin Mary,Santuario di Nostra Signora di Loreto in Oregina,Genoa (Oregina),,,Italy,1905-06-01,1905-06-01,chapter_decree,,,medium,1
santa-maria-della-rosa-genoa-diocese,Santa Maria della Rosa,,Blessed Virgin Mary,Santa Maria della Rosa,Genoa (diocese),,,Italy,1769,1769,chapter_decree,,,low,1
madonna-di-gibilmanna-gibilmanna-diocese-of-cefa,Madonna di Gibilmanna,,Blessed Virgin Mary,,Gibilmanna (diocese of Cefalù),,,Italy,,,chapter_decree,,,low,1
santa-maria-della-pace-di-giuliano-giugliano-in,Santa Maria della Pace di Giuliano,,Blessed Virgin Mary,Madonna della Pace,Giugliano in Campania,,,Italy,1749,1749,chapter_decree,,,low,1
madonna-di-barbana-grado-isola-di-barbana,Madonna di Barbana,,Blessed Virgin Mary,Santuario di Barbana,Grado (Isola di Barbana),,,Italy,1863-08-15,1863-08-15,chapter_decree,,,medium,1
santa-maria-di-costantinopoli-nella-chiesa-di-gr,Santa Maria di Costantinopoli nella Chiesa di Granani,,Blessed Virgin Mary,Santa Maria di Costantinopoli,"Gragnano, diocese of Lettere",,,Italy,1778,1778,chapter_decree,,,low,1
santa-maria-nella-catedrale-di-groseto-grosseto,Santa Maria nella Catedrale di Groseto,,Blessed Virgin Mary,Cattedrale (Madonna delle Grazie),Grosseto,,,Italy,1774,1774,chapter_decree,,,low,1
santa-maria-di-grotta-ferrata-grottaferrata,Santa Maria di Grotta Ferrata,,Blessed Virgin Mary,Abbazia di Grottaferrata,Grottaferrata,,,Italy,1688,1688,chapter_decree,,,low,1
santa-maria-del-suffraggio-nella-collegiata-di-s,Santa Maria del Suffraggio nella Collegiata di S. Giovan Batista delle Grotte,Beata Maria Virgo vulgo « dei Suffragio »,Blessed Virgin Mary,Collegiata di S. Giovanni Battista (Madonna del Suffragio),Grotte di Castro,Faliscodunensis,Montefiascone,Italy,1728,1728,chapter_decree,Paulus PP. VI,,high,2
della-porta-guastalla,della Porta,Beata Maria Virgo a porta,Blessed Virgin Mary,templum Beatae Mariae Virginis « della Porta » in Guastalla,Guastalla,Guastallensis,Guastalla,Italy,,,retrospective_attestation,Paulus PP. VI,,medium,1
madonna-del-bosco-imbersago,Madonna del Bosco,Durateum Beatae Mariae Virginis Nemorensis simulacrum,Blessed Virgin Mary,Santuario della Madonna del Bosco,Imbersago,Mediolanensis,Milan,Italy,1954-08-29,1954-08-29,papal_personal_coronation,Ioannes PP. XXIII,,high,3
santa-maria-del-peratello-imola,Santa Maria del Peratello,,Blessed Virgin Mary with Child,"Chiesa (Monastero/Convento) di S. Maria del Piratello dei Padri del Terz'Ordine di S. Francesco, fuori della città d'Imola (sulla via Flaminia)",Imola,,Imola,Italy,1714-08-15,1714-08-15,chapter_decree,,"Mons. Giovanni Andrea Ricci, canonico di S. Pietro",high,2
santa-maria-di-costantinopoli-d-ischia-ischia,Santa Maria di Costantinopoli d'Ischia,,Blessed Virgin Mary,Santa Maria di Costantinopoli,Ischia,,,Italy,1791,1791,chapter_decree,,,low,1
maria-ausiliatrice-madonna-del-soccorso-dei-cris,Maria Ausiliatrice (Madonna del soccorso dei Cristiani),Beata Maria Virgo « Auxilium Christianorum »,Blessed Virgin Mary,"Templum coenobii Sancti Georgii Maioris (San Giorgio Maggiore), O.S.B.","Isola di San Giorgio Maggiore, Venice",Venetiarum (Patriarchatus),Venice,Italy,1893,1893,retrospective_attestation,Pius PP. XII,,high,1
santa-maria-di-civita-nella-chiesa-d-itri-itri,Santa Maria di Civita nella Chiesa d'Itri,,Blessed Virgin Mary,Santuario della Madonna della Civita,Itri,,,Italy,1777,1777,chapter_decree,,,low,1
santa-maria-delle-grazie-nella-chiesa-de-carmeli-2,Santa Maria delle Grazie nella Chiesa de' Carmelitani di Jesi,,Blessed Virgin Mary,Chiesa dei Carmelitani (Madonna delle Grazie),Jesi,,,Italy,1745,1745,chapter_decree,,,low,1
santa-maria-della-misericordia-nella-chiesa-di-s,Santa Maria della Misericordia nella Chiesa di S. Pietro di Jesi,,Blessed Virgin Mary,San Pietro (Madonna della Misericordia),Jesi (San Pietro),,,Italy,1784,1784,chapter_decree,,,low,1
maria-santissima-della-neve-del-monte-sirino-lag,Maria Santissima della Neve del Monte Sirino,Imago beatae Mariae Virginis cum Iesu infante titulo « Maria Santissima della Neve del Monte Sirino »,Blessed Virgin Mary,Sanctuarium Montis Sirini,Lagonegro,,,Italy,2000-09-20,2000-09-20,papal_personal_coronation,Ioannes Paulus PP. II,,medium,1
madonna-del-ponte-lanciano,Madonna del Ponte,"pervetus B. M. V. figulinum simulacrum, B. M. V. de Ponte",Blessed Virgin Mary,Ecclesia metropolitana Lancianensis B. M. V. de Ponte dicata,Lanciano,Lancianensis,Lanciano,Italy,1833,1833,retrospective_attestation,Pius PP. X,,high,1
mater-domini-laterza,Mater Domini,,Blessed Virgin Mary,Santuario diocesano di Maria Santissima Mater Domini,Laterza,,,Italy,1888-05-20,1888-05-20,chapter_decree,,,medium,1
madonna-del-pilastrello-lendinara,Madonna del Pilastrello,"simulacrum Virginis Iesum Infantem ulnis gestantis, B. M. V. de Pila parva",Blessed Virgin Mary,"Templum B. Mariae Virginis de Pila parva, vulgo ""dei Pilastrello"" (Olivetan monastery church)",Lendinara,Adriensis,Adria,Italy,1906,1906,retrospective_attestation,Pius PP. X,,high,1
madonna-di-loreto-loreto-lauretum-2,Madonna di Loreto,,Blessed Virgin Mary with Child (statue),,Loreto (Lauretum),,,Italy,1500,1500,papal_personal_coronation,,,low,1
madonna-di-loreto-loreto-lauretum,Madonna di Loreto,Beata Maria Virgo Lauretana (venerabile simulacrum),Blessed Virgin Mary,Alma Domus Lauretana (basilica Lauretana),Loreto (Lauretum),Recinetensis et Lauretana,Recanati-Loreto,Italy,1922,1922,papal_personal_coronation,Pius PP. XI,Petrus Card. Gasparri,high,3
santa-maria-del-sasso-nella-chiesa-degli-agostin,Santa Maria del Sasso nella Chiesa degli Agostiniani di Lucca,,Blessed Virgin Mary,Chiesa degli Agostiniani (Madonna del Sasso),Lucca,,,Italy,1690-04-30,1690-04-30,chapter_decree,,,medium,2
madonna-dei-miracoli-lucca-san-tommaso-in-peller,Madonna dei Miracoli,,Blessed Virgin Mary,San Tommaso in Pelleria,Lucca (San Tommaso in Pelleria),,,Italy,1797-09-27,1797-09-27,chapter_decree,,,medium,1
madonna-del-molino-lugo,Madonna del Molino,signum Almae Deiparae,Blessed Virgin Mary,"Ecclesia B. Mariae V. in Caelum Assumptae (Basilica Minor), Lugo",Lugo,Imolensis,Imola,Italy,1856,1856,retrospective_attestation,Pius PP. XII,,high,1
s-maria-delle-vergini-nella-chiesa-de-carmelitan,S. Maria delle Vergini nella Chiesa de' Carmelitani di Macerata,,Blessed Virgin Mary,Chiesa dei Carmelitani (Santa Maria delle Vergini),Macerata,,,Italy,1696,1696,chapter_decree,,,low,1
santa-maria-della-misericordia-di-macerata-macer,Santa Maria della Misericordia di Macerata,Beata Maria Virgo de Misericordia,Blessed Virgin Mary,Sanctuarium Beatae Mariae Virginis de Misericordia,Macerata,Maceratensis,Macerata,Italy,1721-08-24,1721-08-24,chapter_decree,Benedictus PP. XV,,high,2
beata-vergine-della-salute-macerata,Beata Vergine della Salute,,Blessed Virgin Mary,San Giorgio,Macerata,,,Italy,1749-05-11,1749-05-11,chapter_decree,,,low,1
santa-maria-di-macereto-di-visso-macereto-visso,Santa Maria di Macereto di Visso,,Blessed Virgin Mary,Santuario di Macereto,Macereto (Visso),,,Italy,1759,1759,chapter_decree,,,low,1
santa-maria-del-mare-in-maggiore-maiori,Santa Maria del Mare in Maggiore,,Blessed Virgin Mary,Santa Maria a Mare,Maiori,,,Italy,1768,1768,chapter_decree,,,low,1
santa-maria-de-avvocata-nella-chiesa-dell-eremo,Santa Maria de Avvocata nella Chiesa dell'Eremo de' Camandolesi,,Blessed Virgin Mary,Eremo dei Camaldolesi (Madonna Avvocata),"Maiori (Eremo dell'Avvocata), diocese of Amalfi",,,Italy,1743,1743,chapter_decree,,,low,1
santa-maria-dell-eremita-nostra-signora-della-mi,"Santa Maria dell’Eremita, Nostra Signora della Misericordia",,Blessed Virgin Mary,Santuario di Nostra Signora della Misericordia all'Eremita,Mallare (Eremita),,,Italy,1876-09-10,1876-09-10,chapter_decree,,,medium,1
santa-maria-di-marzano-marzano-diocese-of-nola,Santa Maria di Marzano,,Blessed Virgin Mary,Santa Maria di Marzano,Marzano (diocese of Nola),,,Italy,1778,1778,chapter_decree,,,low,1
madonna-della-lobra-massa-lubrense,Madonna della Lobra,,Blessed Virgin Mary,Santuario di Santa Maria della Lobra,Massa Lubrense,,,Italy,1804-08-12,1804-08-12,chapter_decree,,,medium,1
madonna-della-bruna-matera,Madonna della Bruna,"imago Beatae Mariae Virginis, cui olim appellatio « a Matera » vel « ab episcopio » adiciebatur",Blessed Virgin Mary,"Cathedralis (metropolitana) ecclesia Materanensis, Beatae Mariae Virgini et Sancto Eustachio sacra",Matera,Materanensis,Matera,Italy,1843,1843,retrospective_attestation,Ioannes PP. XXIII,,medium,1
santa-maria-assunta-nella-chiesa-di-santa-maria,Santa Maria Assunta nella Chiesa di Santa Maria,,Blessed Virgin Mary,Santa Maria presso San Celso,Milan (Milano),,,Italy,1691,1691,chapter_decree,,,low,1
image-militello-in-val-di-catania,,,Blessed Virgin Mary,,Militello in Val di Catania,,,Italy,1763,1763,chapter_decree,,,low,1
simulacrum-beatae-mariae-virginis-in-caelum-assu,,Simulacrum Beatae Mariae Virginis in Caelum Assumptae,Blessed Virgin Mary,Ecclesia Praeposituralis Sancti Victoris Martyris (Sanctuarium),Missaglia,Mediolanensis,Milan,Italy,,,retrospective_attestation,Pius PP. XII,,low,1
image-monchiero,,,Blessed Virgin Mary,,Monchiero,,,Italy,1772,1772,chapter_decree,,,low,1
santa-maria-di-moncheri-monchiero,Santa Maria di Moncheri,,Blessed Virgin Mary,Santa Maria,Monchiero,,,Italy,1772,1772,chapter_decree,,,low,1
santa-maria-di-mongiovino-di-citta-della-pieve-m,Santa Maria di Mongiovino di Città della Pieve,,Blessed Virgin Mary,Santuario di Mongiovino,"Mongiovino (Panicale), diocese of Città della Pieve",,,Italy,1685,1685,chapter_decree,,,low,1
santa-maria-di-monopoli-monopoli-apulia,Santa Maria di Monopoli,Virgo a Madia,Blessed Virgin Mary,Cathedral of Monopoli,Monopoli (Apulia),Monopolitana,Monopoli,Italy,1769,1769,chapter_decree,Benedictus PP. XV,,high,2
santa-maria-del-popolo-nella-metropolitana-di-mo,Santa Maria del Popolo nella Metropolitana di Montereale,,Blessed Virgin Mary,Cattedrale (Madonna del Popolo),Monreale,,,Italy,1761,1761,chapter_decree,,,low,1
image-monreale,,,Blessed Virgin Mary,,Monreale,,,Italy,1762,1762,chapter_decree,,,low,1
madonna-di-fontenuova-monsummano-terme,Madonna di Fontenuova,Alma Deipara a « Fontenova » appellata,Blessed Virgin Mary,Templum paroeciale oppidi « Monsummano Terme »,Monsummano Terme,Pisciensis,Pescia,Italy,1782,1782,retrospective_attestation,Paulus PP. VI,,medium,1
madonna-di-pine-montagnaga-di-pine,Madonna di Piné,,Blessed Virgin Mary,Santuario della Madonna di Piné,Montagnaga di Piné,,,Italy,1894-08-11,1894-08-11,chapter_decree,,,medium,1
maria-santissima-della-divina-provvidenza-montal,Maria Santissima della Divina Provvidenza,imago B. M. V. a divina Providentia,Blessed Virgin Mary,sacra aedes urbis Montalbano Elicona,Montalbano Elicona,Messanensis,Messina,Italy,,,papal_coronation_act,Ioannes Paulus PP. II,,high,1
santa-maria-del-soccorso-di-monte-alcino-montalc,Santa Maria del Soccorso di Monte Alcino,,Blessed Virgin Mary,Madonna del Soccorso,Montalcino,,,Italy,1718,1718,chapter_decree,,,low,1
assumptio-dei-genetricis-a-gulielmo-caccia-quem,,"Assumptio Dei Genetricis, a Gulielmo Caccia, quem et « Moncalvo » appellant, coloribus expressa",Blessed Virgin Mary,Templum B. Mariae Virginis in caelum Assumptae in monte « Crea »,Monte Crea (Montferrat),Casalensis,Casale Monferrato,Italy,1890-08-05,1890-08-05,retrospective_attestation,Pius PP. XII,,medium,1
santa-maria-delle-vertighe-di-monte-savino-monte,Santa Maria delle Vertighe di Monte Savino,,Blessed Virgin Mary,Santuario delle Vertighe,Monte San Savino,,,Italy,1749,1749,chapter_decree,,,low,1
santa-maria-di-monte-nero-montenero-livorno,Santa Maria di Monte Nero,,Blessed Virgin Mary,Santuario di Montenero,Montenero (Livorno),,,Italy,1690,1690,chapter_decree,,,low,1
madonna-di-san-martino-b-ma-vergine-detta-di-s-m,Madonna di San Martino (B.ma Vergine detta di S. Martino),Sanctissimae Virginis Mariae nuncupatae S. Martini; Mariae Virginis de S. Martino nuncupatae; Imagines Beatae Mariae Virginis et Pueri Domini nostri Jesu Christi existentes in Ecclesia Cathedrali Politiana,Blessed Virgin Mary with Child,Chiesa Cattedrale di Montepulciano (cappella / altare della Madonna di S. Martino; image translated there from the church of S. Maria di S. Martino extra moenia on 6 Jan 1612),Montepulciano,,Montepulciano (Politiana),Italy,1707-11-06,1707-11-06,chapter_decree,,"Abbate Gio. Andrea Ricci (Abbas Joannes Andreas Riccius, Politianus, canon of St Peter's), delegate of the Vatican Chapter",high,2
santa-maria-delle-grazie-nella-chiesa-de-carmeli,Santa Maria delle Grazie nella Chiesa de' Carmelitani di Monte Pulciano,,Blessed Virgin Mary,Chiesa dei Carmelitani (Madonna delle Grazie),Montepulciano,,,Italy,1741-09-24,1741-09-24,chapter_decree,,,medium,2
santa-maria-in-s-biagio-di-montepulciano-montepu,Santa Maria in S. Biagio di Montepulciano,,Blessed Virgin Mary,San Biagio,"Montepulciano, San Biagio",,,Italy,1681,1681,chapter_decree,,,medium,2
santa-maria-de-soviore-di-monte-rosso-monterosso,Santa Maria de Soviore di Monte Rosso,,Blessed Virgin Mary,Santuario di Soviore,Monterosso al Mare,,,Italy,1749,1749,chapter_decree,,,low,1
santa-maria-in-s-rocco-di-monte-rotondo-monterot,Santa Maria in S. Rocco di Monte Rotondo,,Blessed Virgin Mary,San Rocco,Monterotondo,,,Italy,1765,1765,chapter_decree,,,low,1
santa-maria-di-montevergine-madonna-di-monte-ver,"Santa Maria di Montevergine (Madonna di Monte Vergine, anticamente detta di Costantinopoli)",Sacratissima Imago Beatissimae Virginis Mariae quae in Ecclesia ... Ord. S. Benedicti [Congregationis Montis Virginis] Beneventanae Dioecesis colitur,Blessed Virgin Mary with Child ('relicto reliquo corpore cum Infante Jesu pariter depicto'),"church of the Order of St Benedict, Congregation of Montevergine, in the diocese of Benevento (OCR variants: 'Ecclesia Insignis Abbatiae Ord. S. Benedicti'; 'Ecclesia S. Angeli Acepont: Ord:s Benedicti'; 'Ecclesia Aedisq. Monialium Asceterii Ord. S. Benedicti Congregationis Montis Virginis')","Montevergine (Monte Vergine, near Avellino) — reading uncertain",,"nullius dioecesis, Provincia Beneventana (attestation: 'Beneventanae Dioecesis'); Regno di Napoli, Principato Ultra",Italy,1712-05-14,1712-05-14,chapter_decree,,"Canon Abbot Riccardo Howard of the Dukes of Norfolk (OCR variants: 'Niccardo Sforciade ex Ducibus Novaepholiae', 'Oricordi', 'Ricciardi Abb.', 'Suardo', 'Guardi', 'San-Guardj')",high,2
santa-maria-di-valle-del-prato-di-monticelli-mon,Santa Maria di Valle del Prato di Monticelli,,Blessed Virgin Mary,Madonna di Valle Prata,"Monticchiello (Pienza), diocese of Chiusi",,,Italy,1747,1747,chapter_decree,,,low,1
madonna-della-consolazione-madonna-di-valle-prat,"Madonna della Consolazione, Madonna di Valle Prata",,Blessed Virgin Mary,Santuario della Madonna di Val di Prata,Monticello Amiata,,,Italy,1747-06-04,1747-06-04,chapter_decree,,,medium,1
santa-maria-di-col-de-venti-della-muccia-muccia,Santa Maria di Col de' Venti della Muccia,,Blessed Virgin Mary,Madonna di Col di Venti,Muccia (Col di Venti),,,Italy,1778,1778,chapter_decree,,,low,1
immacolata-immacolata-di-placido-baccher-naples,Immacolata (Immacolata di Placido Baccher),Simulacrum Beatissimae Virginis (Immaculatae Conceptionis),Blessed Virgin Mary,"Vetus ecclesia Ssmo Nomini Iesu dicata (a Iesu veteri), Neapoli",Naples,Neapolitana,Naples,Italy,1826-12-30,1826-12-30,retrospective_attestation,Pius PP. X; Pius PP. XII,Cardinalis Ruffo Scilla,high,3
madonna-addolorata-al-fiumicello-naples,Madonna Addolorata al Fiumicello,simulacrum B. Mariae Virginis Perdolentis,Blessed Virgin Mary,"Sacra Aedes B. Mariae Virgini Perdolenti dicata, vulgo "" al Fiumicello """,Naples,Neapolitana,Naples,Italy,1910-09-04,1910-09-04,retrospective_attestation,Benedictus PP. XV,,high,1
madonna-del-carmine-la-bruna-naples-neapolis,"Madonna del Carmine, «la Bruna»","icon Virginis, titulo « la Bruna »; B. Mariae Virginis de Carmelo",Blessed Virgin Mary,"Templum B. Mariae Virginis de Carmelo, vulgo « del Carmine Maggiore »",Naples (Neapolis),Neapolitana,Naples,Italy,1875,1875,retrospective_attestation,Benedictus PP. XV,,high,1
madonna-della-concezione-naples-theatine-nuns-of,Madonna della Concezione,,Blessed Virgin Mary,,"Naples, Theatine nuns of the Immaculate Conception",,,Italy,,,chapter_decree,,,low,1
santa-maria-del-porto-salvo-di-napoli-naples-con,Santa Maria del Porto Salvo di Napoli,,Blessed Virgin Mary,Santa Maria di Portosalvo,"Naples, confraternity of the mariners",,,Italy,1770,1770,chapter_decree,,,low,2
santa-maria-nella-chiesa-di-s-paolo-maggiore-de,Santa Maria nella Chiesa di S. Paolo Maggiore de' Teatini di Napoli,Beata Maria Virgo Puritatis (et ejus Sanctissimus Filius),Blessed Virgin Mary with Child,San Paolo Maggiore (Theatines) — Madonna della Purità,Napoli,,Napoli,Italy,1724-09-07,1724-09-07,chapter_decree,,"Prospero Lambertini, canon of St Peter's, Archbishop of Theodosia (delegate), who by letter of 21 July 1724 subdelegated Francesco Maria Carafa, Bishop of Nola; the crowns were imposed by Card. (Francesco) Pignatelli, Archbishop of Naples",high,2
vergine-annunziata-napoli-annunziata-maggiore,Vergine Annunziata,,Blessed Virgin Mary,Basilica dell'Annunziata Maggiore,Napoli (Annunziata Maggiore),,,Italy,1915-04-18,1915-04-18,chapter_decree,,,medium,1
madonna-della-libera-napoli-donnaregina,Madonna della Libera,,Blessed Virgin Mary,Santa Maria di Donnaregina,Napoli (Donnaregina),,,Italy,1885-11-15,1885-11-15,chapter_decree,,,medium,1
santa-maria-de-miracoli-nella-chiesa-delle-monac,Santa Maria de' Miracoli nella Chiesa delle Monache della Providenza in Napoli,,Blessed Virgin Mary,Chiesa delle Monache della Provvidenza (Madonna dei Miracoli),Napoli (Monache della Provvidenza),,,Italy,1775,1775,chapter_decree,,,low,2
santa-maria-delle-grazie-alla-pietra-del-pesce-i,Santa Maria delle Grazie alla Pietra del Pesce in Napoli,,Blessed Virgin Mary,Santa Maria delle Grazie a Pietra del Pesce,Napoli (Pietra del Pesce),,,Italy,1786,1786,chapter_decree,,,low,2
madonna-della-neve-napoli-ponticelli,Madonna della Neve,,Blessed Virgin Mary,Santuario di Maria Santissima della Neve,Napoli (Ponticelli),,,Italy,1914-08-02,1914-08-02,chapter_decree,,,medium,1
santa-maria-della-potenza-nella-chiesa-di-s-gior,Santa Maria della Potenza nella Chiesa di S. Giorgio maggiore di Napoli,,Blessed Virgin Mary,San Giorgio Maggiore (Madonna della Potenza),Napoli (San Giorgio Maggiore),,,Italy,1779,1779,chapter_decree,,,low,2
santa-maria-del-principio-nella-chiesa-di-santa,Santa Maria del Principio nella Chiesa di Santa Restituta di Napoli,,Blessed Virgin Mary,"Basilica di Santa Restituta, cappella di Santa Maria del Principio",Napoli (Santa Restituta),,,Italy,1773-01-08,1773-01-08,chapter_decree,,,medium,2
santissima-concezione-nella-chiesa-della-congreg,Santissima Concezione nella Chiesa della Congregazione della V. Orsola Benincasa in Napoli,,Blessed Virgin Mary,Chiesa della Congregazione di Suor Orsola Benincasa,Napoli (Suor Orsola Benincasa),,,Italy,1733,1733,chapter_decree,,,low,1
madonna-del-ponte-narni,Madonna del Ponte,Simulacrum Almae Deiparae de Ponte,Blessed Virgin Mary,"Aedes ad viam Flaminiam iuxta veterem pontem Augusti (built in imitation of the Holy House of Loreto), served by the Salvatorians",Narni,Narniensis (Interamnensis et Narniensis),Narni (Terni-Narni),Italy,1754-05-05,1754-05-05,chapter_decree,Pius PP. XII,,high,3
nostra-signora-delle-grazie-nettuno,Nostra Signora delle Grazie,,Blessed Virgin Mary,Santuario di Nostra Signora delle Grazie e di Santa Maria Goretti,Nettuno,,,Italy,1881-05-28,1881-05-28,chapter_decree,,,medium,1
santa-maria-della-purita-nocera-nuceria-paganoru,Santa Maria della Purità,Beata Maria Virgo « Santa Maria della Purità »,Blessed Virgin Mary,templum monasterii Carmelitarum (urbs episcopalis Nucerina Paganorum),Nocera (Nuceria Paganorum),Nucerinus Paganorum,Nocera Inferiore-Sarno,Italy,,,papal_coronation_act,Ioannes Paulus PP. II,"Iosephus S. R. E. Cardinalis Casoria, Praefectus Sacrae Congregationis pro Sacramentis et Cultu Divino",medium,1
santa-maria-del-carmine-di-nocera-de-pagani-noce,Santa Maria del Carmine di Nocera de' Pagani,,Blessed Virgin Mary,Madonna del Carmine,Nocera de' Pagani (Nocera Inferiore),,,Italy,1785,1785,chapter_decree,,,low,1
santa-maria-mater-domini-nella-chiesa-de-monaci,Santa Maria Mater Domini nella Chiesa de Monaci Basiliani di Nocera de' Pagani,"antiqua imago Virginis Deiparae foventis ulnis Infantem Iesum, a Matre Domini",Blessed Virgin Mary,Sanctuarium a Matre Domini (Ordinis Fratrum Minorum),"Nocera de' Pagani (Nocera Superiore), diocese of Salerno",Salernitana (archidioecesis),Salerno,Italy,1759,1759,chapter_decree,Pius PP. XI,,medium,2
madonna-della-scala-scala-paradisi-noto,Madonna della Scala (Scala Paradisi),"imago Beatae Mariae Virginis a « Scala Paradisi » nuncupatae, vetusta, in rupe depicta",Blessed Virgin Mary,Sanctuarium Beatae Mariae Virginis « Scala Paradisi » prope urbem Netum,Noto,Netensis,Noto,Italy,1931,1931,retrospective_attestation,Paulus PP. VI,,medium,1
santa-maria-lagrimosa-novi-ligure,Santa Maria Lagrimosa,,Blessed Virgin Mary,Collegiata di Santa Maria Maggiore,Novi Ligure,,,Italy,1905,1905,chapter_decree,,,medium,1
beata-maria-virgo-a-remedio-oristano-prope-urbem,,Beata Maria Virgo « a remedio »,Blessed Virgin Mary,Ecclesia (Sanctuarium) Beatae Mariae Virginis « a remedio »,Oristano (prope urbem « Oristano »),Arborensis,Oristano (Arborea),Italy,,,retrospective_attestation,Pius PP. XII,"Fridericus S. R. E. Cardinalis Tedeschini, Episcopus Tusculanus, Patriarchalis Basilicae Petrianae Archipresbyter",high,1
imago-simulacrum-b-mariae-v-de-oropa-oropa-biell,,Imago (Simulacrum) B. Mariae V. de Oropa,Blessed Virgin Mary,Sanctuarium B. Mariae V. de Oropa (prima sacra Aedes / Mariale Sacellum),Oropa (Biella),Bugellensis,Biella,Italy,,,retrospective_attestation,Pius PP. XII,,medium,1
madonna-delle-grazie-orta-san-giulio,Madonna delle Grazie,,Blessed Virgin Mary,San Nicolao,Orta San Giulio,,,Italy,1906-09-02,1906-09-02,chapter_decree,,,medium,1
madonna-di-san-brizio-orvieto,Madonna di San Brizio,Beatissima Virgo nuncupata S.ti Brijj [S. Britii] (raw OCR: 'Be- atissimæ Virgini nuncupat. S.ti Brijj'),Blessed Virgin Mary with Child,"Cattedrale di Orvieto (Cappella della Madonna di San Brizio, 'Cappella nuova')",Orvieto,,Orvieto (Urbevetana),Italy,1704-06-08,1704-06-08,chapter_decree,,"Alessandro Casali Cocciani, canon of St Peter's; Alexander 'Cia- Siy Coccianus' Romanus (OCR-garbled surname), Referendary of both Signatures, canon of St Peter's, specially deputed by the Chapter",high,3
santa-maria-della-misericordia-d-osimo-osimo,Santa Maria della Misericordia d'Osimo,,Blessed Virgin Mary,Madonna della Misericordia,Osimo,,,Italy,1720,1720,chapter_decree,,,low,1
simulacro-miracoloso-della-ss-ma-vergine-della-c,Simulacro miracoloso della SS.ma Vergine della Cattedrale d'Otranto (eletta Padrona sotto il titolo della Natività),"Simulacrum Sanctissimae Virginis Mariae ... existens in Ecclesia Metropolitana Hydrunti (antiquissima ac miraculosissima Deipara Virgo sedens, Christum in sinu habens)",Blessed Virgin Mary,"Cattedrale / Ecclesia Metropolitana Hydruntina (Otranto), altare maggiore",Otranto,,"Otranto (Archiepiscopus Hydruntinus, Primas Salentinorum)",Italy,1705-03-07,1705-03-07,chapter_decree,,"Francesco Maria de Aste, Archbishop of Otranto, elected by the Chapter's letter of 10 Jan 1705 in place of one of its canons",high,3
image-padua,,,Blessed Virgin Mary,,Padua,,,Italy,1764,1764,chapter_decree,,,low,1
santa-maria-in-s-pietro-di-padova-padua,Santa Maria in S. Pietro di Padova,,Blessed Virgin Mary,San Pietro,Padua,,,Italy,1764,1764,chapter_decree,,,low,1
madonna-costantinopolitana-padua-patavium,Madonna Costantinopolitana,Imago Deiparae Constantinopolitanae (Constantinopolitana Virgo),Blessed Virgin Mary,"Ecclesia sanctae Iustinae, sacellum Constantinopolitanae Virginis",Padua (Patavium),Patavina,Padua,Italy,1909-05-23,1909-05-23,papal_legate_deputation,Pius PP. X,"Aristides S. R. E. Cardinalis, Patriarcha Venetiarum; S. R. E. Cardinalis Cavallari, Venetiarum Patriarcha",high,2
santa-maria-della-providenza-nella-chiesa-de-tea,Santa Maria della Providenza nella Chiesa de' Teatini di Palermo,,Blessed Virgin Mary,Chiesa dei Teatini (Madonna della Provvidenza),Palermo,,,Italy,1734,1734,chapter_decree,,,low,1
madonna-di-libera-inferni-s-maria-libera-inferni,"Madonna di Libera Inferni (S. Maria Libera Inferni, formerly S. Maria Maggiore / della Presentazione)",Sancta Maria Libera Inferni (letter of 1728: 'sotto l'invocazione Sancti- Marie libera Inferni'),"Blessed Virgin Mary with Child (marble statue by Francesco Laurana, 1469)","Cappella di Maria Vergine (di Libera Inferni), Chiesa Cattedrale e Metropolitana di Palermo",Palermo,,Palermo (Archdiocese; 'Diocesi Palermitana'),Italy,1750,1750,chapter_decree,,,high,2
santa-maria-nella-chiesa-de-capucini-di-palermo,Santa Maria nella Chiesa de Capucini di Palermo,,Blessed Virgin Mary,Chiesa dei Cappuccini,Palermo (Cappuccini),,,Italy,1778,1778,chapter_decree,,,low,1
santa-maria-del-presepio-nell-oratorio-de-minori,Santa Maria del Presepio nell'Oratorio de' Minori Riformati,,Blessed Virgin Mary,Oratorio dei Minori Riformati (Madonna del Presepio),Palermo (Sant'Antonio di Padova),,,Italy,1784-10-29,1784-10-29,chapter_decree,,,medium,2
santa-maria-della-neve-palombara-sabina,Santa Maria della Neve,,Blessed Virgin Mary,Ritiro dei Minori Osservanti (Madonna della Neve),Palombara Sabina,,,Italy,1790,1790,chapter_decree,,,low,1
santa-maria-nella-chiesa-di-s-cristofaro-della-p,Santa Maria nella Chiesa di S. Cristofaro della Penna de' Billi,"Ss.ma Virgo Maria Gratiarum et Puer Jesus (instr. f. 107r); margin f. 110v 'S.mæ Virginis M. R. Tratian [= Gratiarum], et Filij Pueri'",Blessed Virgin Mary with Child,"Chiesa Cattedrale (già Priorale Parrocchiale) di S. Cristoforo, altar of S. Maria novissima delle Grazie; letter f. 108r: 'Chiesa Paroch.le de Belliagostini [delli Agostiniani]'",Penna (Penna e Billi / Pennabilli),,Montefeltro,Italy,1708-08-15,1708-08-15,chapter_decree,,"Mons. Pietro Valerio Martorelli, patrician of Osimo, Bishop of Montefeltro and first beneficiary of the Vatican Basilica (OCR 'Maphaeus', 'Martorer')",high,2
santa-maria-de-bisognosi-sul-monte-cassoli-peret,Santa Maria de' Bisognosi sul Monte Cassoli,,Blessed Virgin Mary,Santa Maria dei Bisognosi,"Pereto / Rocca di Botte (Monte Carsoli), diocese of the Marsi",,,Italy,1724,1724,chapter_decree,,,low,1
santa-maria-nella-chiesa-di-s-fiorenzo-di-perugi,Santa Maria nella Chiesa di S. Fiorenzo di Perugia,,Blessed Virgin Mary with Child,"Chiesa di S. Fiorenzo, Perugia (image originally painted on the wall of a house next to the convent, translated into the church in 1646)",Perugia,,Perugia,Italy,1726-11-04,1726-11-04,chapter_decree,,"Mons. Ansidei ('Ansildi' in OCR), Assessor of the Holy Office, Archbishop of Damietta and Bishop of Perugia",medium,2
santa-maria-nella-chiesa-di-s-marco-de-serviti-d,Santa Maria nella Chiesa di S. Marco de' Serviti di Pesaro,,Blessed Virgin Mary,San Marco (Servites),Pesaro,,,Italy,1687,1687,chapter_decree,,,low,1
signum-beatae-mariae-virginis-in-templo-santa-ma,,signum Beatae Mariae Virginis (in templo « Santa Maria di Campagna »),Blessed Virgin Mary,Santa Maria di Campagna,Piacenza,Placentina,Piacenza,Italy,1954,1954,retrospective_attestation,Pius PP. XII,Franciscus S. R. E. Cardinalis Borgongini-Duca,medium,1
santa-maria-del-rosario-nella-chiesa-della-santi,Santa Maria del Rosario nella Chiesa della Santissima Trinità del Piano,,Blessed Virgin Mary,Basilica della Santissima Trinità,Piano di Sorrento,,,Italy,1773-09-26,1773-09-26,chapter_decree,,,medium,2
santa-maria-dell-umilta-di-pistoja-pistoia,Santa Maria dell'Umiltà di Pistoja,,Blessed Virgin Mary,Basilica della Madonna dell'Umiltà,Pistoia,,,Italy,1716,1716,chapter_decree,,,low,1
madonna-di-polsi-madonna-della-montagna-polsi-as,Madonna di Polsi (Madonna della Montagna),Beata Maria Virgo de Poupsis (Regina Montium),Blessed Virgin Mary,Sanctuarium Beatae Mariae Virginis de Poupsis (di Polsi),"Polsi (Aspromonte, Calabria)",Hieracensis,Gerace (Locri-Gerace),Italy,1881-08-30,1881-08-30,retrospective_attestation,Benedictus PP. XV,,high,1
santa-maria-delle-grazie-ponticelli-sabina,Santa Maria delle Grazie,,Blessed Virgin Mary,Ritiro di S. Bonaventura (Riformati) — Madonna delle Grazie,Ponticelli (Sabina),,,Italy,1778,1778,chapter_decree,,,low,1
santa-maria-nella-chiesa-di-s-vito-di-positano-p,Santa Maria nella Chiesa di S. Vito di Positano,,Blessed Virgin Mary,San Vito,Positano,,,Italy,1783,1783,chapter_decree,,,low,1
santa-maria-regina-dei-popoli-madonna-di-preval,Santa Maria Regina dei Popoli (Madonna di Preval),"Beata Virgo sub titulo « Sancta Maria, Populorum Regina »",Blessed Virgin Mary,,Preval,Goritiensis,Gorizia,Italy,,,papal_coronation_act,Ioannes Paulus PP. II,,medium,1
santa-maria-di-monte-allegro-di-rapallo-rapallo,Santa Maria di Monte Allegro di Rapallo,,Blessed Virgin Mary,Santuario di Montallegro,Rapallo,,,Italy,1763,1763,chapter_decree,,,low,1
beata-maria-virgo-mater-consolationis-reggio-cal,,Beata Maria Virgo Mater Consolationis,Blessed Virgin Mary,"templum Beatae Mariae Virginis Matris Consolationis (16th cent., served by the Friars Minor Capuchin)",Reggio Calabria,Rheginensis,Reggio Calabria,Italy,,,retrospective_attestation,Paulus PP. VI,,medium,1
santa-maria-della-colonella-nella-chiesa-de-pp-d,Santa Maria della Colonella nella Chiesa de PP. del Terz'Ordine di S. Francesco,,Blessed Virgin Mary,Santa Maria della Colonnella (Franciscan Third Order),Rimini,,,Italy,1693,1693,chapter_decree,,,low,1
pervetustum-virginis-augustae-simulacrum-arimine,,"pervetustum Virginis augustae simulacrum, Ariminensibus sacrum",Blessed Virgin Mary,,Rimini,Ariminensis,Rimini,Italy,,,papal_personal_coronation,Pius PP. X,,high,1
s-maria-di-ripatransone-ripatransone,S. Maria di Ripatransone,,Blessed Virgin Mary,,Ripatransone,,,Italy,1682,1682,chapter_decree,,,low,1
madonna-dei-lattani-roccamonfina,Madonna dei Lattani,"Beata Maria Virgo vulgo « dei Làttani » dicta, titulo « Regina mundi » honestata",Blessed Virgin Mary,templum Beatae Mariae Virginis Reginae Mundi,Roccamonfina,Calvensis et Theanensis,Calvi and Teano,Italy,1950-08-06,1950-08-06,retrospective_attestation,Paulus PP. VI; Pius PP. XII,"Clemens S. R. E. Cardinalis Micara, Bishop of Velletri, Pro-Prefect of the Sacred Congregation of Rites",high,2
nostra-signora-del-sacro-cuore-roma,Nostra Signora del Sacro Cuore,icon Deiparae Dominae a SS. Corde Iesu,Blessed Virgin Mary,urbana aedes sacra Deiparae Dominae a SS. Corde Iesu,Roma,Romana,Rome,Italy,,,retrospective_attestation,Pius PP. XII,,medium,1
maria-ausiliatrice-roma,Maria Ausiliatrice,effigies Beatae Mariae Virginis Auxiliatricis,Blessed Virgin Mary,Templum Ss.mi Cordis Iesu ad Castrum Praetorium,Roma,Urbis (Romana),Rome,Italy,,,retrospective_attestation,Paulus PP. VI,,medium,1
santa-maria-degli-angeli-rome,Santa Maria degli Angeli,Beata Maria Virgo Angelorum,Blessed Virgin Mary,"Ecclesia sanctae Mariae Angelorum (S. Maria degli Angeli e dei Martiri, in the Baths of Diocletian)",Rome,,Rome,Italy,1920-06-27,1920-06-27,retrospective_attestation,Benedictus PP. XV,,high,1
salus-populi-romani-rome-ceremony-in-the-vatican,Salus Populi Romani,"prisca Deiparae Virginis imago, quae « salus populi Romani » dicitur",Blessed Virgin Mary,Basilica Liberiana (S. Mariae Maioris),Rome (ceremony in the Vatican Basilica),Romana,Rome,Italy,1597,1597; 1954-11-01,papal_personal_coronation,Pius PP. XII,,high,3
santa-maria-della-strada-nella-chiesa-del-gesu-r,Santa Maria della Strada nella Chiesa del Gesù,,Blessed Virgin Mary,Chiesa del Gesù,"Rome, Chiesa del Gesù",,,Italy,1638,1638,chapter_decree,,,low,1
santa-maria-nelle-stanze-di-s-ignazio-al-gesu-ro,Santa Maria nelle Stanze di S. Ignazio al Gesù,,Blessed Virgin Mary,"Chiesa del Gesù, cappellette di S. Ignazio","Rome, Chiesa del Gesù (Stanze di Sant'Ignazio)",,,Italy,1676-03-03,1676-03-03,chapter_decree,,,low,2
santa-maria-della-prima-primaria-congregazione-n,Santa Maria della Prima primaria Congregazione nel Collegio Romano,,Blessed Virgin Mary,"Collegio Romano, Congregazione Prima Primaria (SS. Annunziata)","Rome, Collegio Romano (Prima Primaria)",,,Italy,1765-05,1765-05,chapter_decree,,,low,2
santa-maria-della-pieta-nell-oratorio-del-p-cara,Santa Maria della Pietà nell'Oratorio del P. Caravita,,Blessed Virgin Mary,Oratorio del P. Caravita,"Rome, Oratorio del Caravita",,,Italy,1677,1677,chapter_decree,,,low,1
santa-maria-nell-oratorio-di-s-marcello-rome-ora,Santa Maria nell'Oratorio di S. Marcello,,Blessed Virgin Mary,Oratorio del SS. Crocifisso di San Marcello,"Rome, Oratorio del Crocifisso di San Marcello",,,Italy,1658,1658,chapter_decree,,,low,1
santa-maria-nell-oratorio-di-campitelli-rome-ora,Santa Maria nell'Oratorio di Campitelli,,Blessed Virgin Mary,Oratorio di Campitelli,"Rome, Oratorio di Campitelli",,,Italy,1651,1651,chapter_decree,,,low,1
santa-maria-nella-cappella-di-s-aniceto-del-pala,Santa Maria nella Cappella di S. Aniceto del Palazzo Altemps,,Blessed Virgin Mary,"Cappella di S. Aniceto, Palazzo Altemps","Rome, Palazzo Altemps, chapel of Sant'Aniceto",,,Italy,1673-04-12,1673-04-12,chapter_decree,,,medium,3
santa-maria-ad-martires-detta-la-rotonda-rome-pa,"Santa Maria ad Martires, detta la Rotonda",,Blessed Virgin Mary,Santa Maria ad Martyres (Rotonda),"Rome, Pantheon (Santa Maria ad Martyres)",,,Italy,1652-09-08,1652-09-08,chapter_decree,,,low,2
santa-maria-nella-chiesa-parrochiale-di-s-benede,Santa Maria nella Chiesa Parrochiale di S. Benedetto in Piscinula,,Blessed Virgin Mary,San Benedetto in Piscinula,"Rome, San Benedetto in Piscinula",,,Italy,1793,1793,chapter_decree,,,low,1
santa-maria-in-s-biagio-della-pagnotta-rome-san,Santa Maria in S. Biagio della Pagnotta,,Blessed Virgin Mary,San Biagio della Pagnotta,"Rome, San Biagio della Pagnotta",,,Italy,1671-01-31,1671-01-31,chapter_decree,,,low,2
santa-maria-in-s-cosimato-in-trastevere-rome-san,Santa Maria in S. Cosimato in Trastevere,,Blessed Virgin Mary,San Cosimato in Trastevere,"Rome, San Cosimato in Trastevere",,,Italy,1641,1641,chapter_decree,,,low,2
santa-maria-in-s-grisogono-in-trastevere-rome-sa,Santa Maria in S. Grisogono in Trastevere,,Blessed Virgin Mary,San Crisogono in Trastevere,"Rome, San Crisogono",,,Italy,1662-10-07,1662-10-07,chapter_decree,,,low,2
santa-maria-in-s-dionigi-alle-quattro-fontane-ro,Santa Maria in S. Dionigi alle quattro Fontane,,Blessed Virgin Mary,San Dionigi alle Quattro Fontane (demolished),"Rome, San Dionigi alle Quattro Fontane",,,Italy,1667-09-07,1667-09-07,chapter_decree,,,low,2
santa-maria-in-s-giacomo-scosciacavalli-rome-san,Santa Maria in S. Giacomo Scosciacavalli,,Blessed Virgin Mary,San Giacomo Scossacavalli (demolished 1937),"Rome, San Giacomo Scossacavalli",,,Italy,1664,1664,chapter_decree,,,low,2
santa-maria-nella-chiesa-di-s-giacomo-degl-incur,Santa Maria nella Chiesa di S. Giacomo degl'Incurabili,,Blessed Virgin Mary,San Giacomo degli Incurabili (in Augusta),"Rome, San Giacomo degli Incurabili",,,Italy,1659,1659,chapter_decree,,,low,1
santa-maria-in-s-giovanni-calabita-all-isola-rom,Santa Maria in S. Giovanni Calabita all'Isola,,Blessed Virgin Mary,S. Giovanni Calibita (Fatebenefratelli),"Rome, San Giovanni Calibita",,,Italy,1664-03-19,1664-03-19,chapter_decree,,,low,2
santa-maria-in-s-giovanni-decollato-rome-san-gio,Santa Maria in S. Giovanni decollato,,Blessed Virgin Mary,San Giovanni Decollato,"Rome, San Giovanni Decollato",,,Italy,1661-11-06,1661-11-06,chapter_decree,,,low,2
santa-maria-della-misericordia-in-s-giovanni-de,Santa Maria della Misericordia in S. Giovanni de Fiorentini,,Blessed Virgin Mary,San Giovanni dei Fiorentini,"Rome, San Giovanni dei Fiorentini",,,Italy,1648,1648,chapter_decree,,,low,1
santa-maria-in-fonte-rome-san-giovanni-in-fonte,Santa Maria in Fonte,,Blessed Virgin Mary,"San Giovanni in Fonte, presso S. Giovanni Laterano","Rome, San Giovanni in Fonte (Lateran baptistery)",,,Italy,1647,1647,chapter_decree,,,low,2
santa-maria-del-transito-in-s-giovanni-laterano,Santa Maria del Transito in S. Giovanni Laterano,,Blessed Virgin Mary,Basilica di S. Giovanni in Laterano,"Rome, San Giovanni in Laterano",,,Italy,1684-08-10,1684-08-10,chapter_decree,,,low,2
santa-maria-in-s-giovannino-in-campo-marzo-de-pp,Santa Maria in S. Giovannino in Campo Marzo de' PP. della Mercede,,Blessed Virgin Mary,S. Giovannino in Campo Marzio (Mercedari),"Rome, San Giovannino in Campo Marzio (Mercedarians)",,,Italy,1650-06-03,1650-06-03,chapter_decree,,,low,2
santa-maria-nella-cappella-salviati-in-s-gregori,Santa Maria nella Cappella Salviati in S. Gregorio al Monte Celio,,Blessed Virgin Mary,"Cappella Salviati, San Gregorio al Celio","Rome, San Gregorio al Celio (Cappella Salviati)",,,Italy,1658-09-14,1658-09-14,chapter_decree,,,low,2
madonna-e-suo-bambino-nella-chiesa-di-s-lorenzo,Madonna e suo Bambino nella Chiesa di S. Lorenzo nelle Scuole Pie di Borgo,,Blessed Virgin Mary,Chiesa di S. Lorenzo nelle Scuole Pie di Borgo,"Rome, San Lorenzo in Borgo (Scuole Pie)",,,Italy,1696-12-06,1696-12-06,chapter_decree,,,low,3
santa-maria-della-concezione-in-s-lorenzo-e-dama,"Santa Maria della Concezione in S. Lorenzo, e Damaso",,Blessed Virgin Mary,S. Lorenzo in Damaso,"Rome, San Lorenzo in Damaso",,,Italy,1635,1635,chapter_decree,,,low,2
santa-maria-della-salute-in-s-lorenzo-in-lucina,Santa Maria della Salute in S. Lorenzo in Lucina,,Blessed Virgin Mary,"S. Lorenzo in Lucina, altare maggiore","Rome, San Lorenzo in Lucina",,,Italy,1648,1648,chapter_decree,,,low,2
santa-maria-delle-grazie-in-s-lorenzo-in-lucina,Santa Maria delle Grazie in S. Lorenzo in Lucina,,Blessed Virgin Mary,"S. Lorenzo in Lucina, cappella del Purgatorio","Rome, San Lorenzo in Lucina (Madonna delle Grazie)",,,Italy,1678-07-28,1678-07-28,chapter_decree,,,low,2
santa-maria-de-sette-dolori-in-san-marcello-rome,Santa Maria de' Sette Dolori in San Marcello,,Blessed Virgin Mary,Chiesa delli RR. PP. Serviti di S. Marcello,"Rome, San Marcello al Corso",,,Italy,1695-04-17,1695-04-17,chapter_decree,,,high,3
santa-maria-in-s-martino-a-monti-rome-san-martin,Santa Maria in S. Martino a' Monti,,Blessed Virgin Mary,San Martino ai Monti,"Rome, San Martino ai Monti",,,Italy,1659,1659,chapter_decree,,,low,2
santa-maria-del-rosario-nella-chiesa-di-s-michel,Santa Maria del Rosario nella Chiesa di S. Michele a Ripa,,Blessed Virgin Mary,S. Michele a Ripa Grande (Ospizio Apostolico),"Rome, San Michele a Ripa",,,Italy,1668-07-06,1668-07-06,chapter_decree,,,low,2
ss-ma-madonna-e-suo-bambino-di-s-pantaleo-in-rom,SS.ma Madonna e suo Bambino di S. Pantaleo in Roma,Imagines B. M. V. et Pueri Jesu (receipt f. 99r),Blessed Virgin Mary with Child,Chiesa di S. Pantaleone de' Rev. Padri delle Scuole Pie (altare maggiore),"Rome, San Pantaleo",,,Italy,1694-03-25,1694-03-25,chapter_decree,,"Michele Angelo Mattei and Camillo Mugiara, canons of the Basilica, delivered the crowns (f. 99r); account approved by 'Palmieri d'Annunzia Can. Decano Deputato' (f. 98v, name garbled)",high,4
santa-maria-in-s-paolino-alla-regola-rome-san-pa,Santa Maria in S. Paolino alla Regola,,Blessed Virgin Mary,"S. Paolo alla Regola (Terz'Ordine, Siciliani)","Rome, San Paolino alla Regola",,,Italy,1651,1651,chapter_decree,,,low,2
santa-maria-in-s-pietro-in-montorio-rome-san-pie,Santa Maria in S. Pietro in Montorio,,Blessed Virgin Mary,San Pietro in Montorio,"Rome, San Pietro in Montorio",,,Italy,1717-05-02,1717-05-02,chapter_decree,,,low,2
santa-maria-nella-chiesa-di-s-rocco-a-ripetta-ro,Santa Maria nella Chiesa di S. Rocco a Ripetta,,Blessed Virgin Mary,San Rocco a Ripetta,"Rome, San Rocco a Ripetta",,,Italy,1658-01-21,1658-01-21,chapter_decree,,,low,2
santa-maria-in-s-salvatore-delle-cupelle-rome-sa,Santa Maria in S. Salvatore delle Cupelle,,Blessed Virgin Mary,San Salvatore alle Coppelle,"Rome, San Salvatore alle Coppelle",,,Italy,1675,1675,chapter_decree,,,low,2
santa-maria-di-loreto-in-s-salvator-in-lauro-rom,Santa Maria di Loreto in S. Salvator in Lauro,,Blessed Virgin Mary,S. Salvatore in Lauro (Arciconfraternita dei Marchigiani),"Rome, San Salvatore in Lauro",,,Italy,1644,1644,chapter_decree,,,low,4
santa-maria-delle-grazie-in-s-salvator-in-lauro,Santa Maria delle Grazie in S. Salvator in Lauro,,Blessed Virgin Mary,San Salvatore in Lauro,"Rome, San Salvatore in Lauro",,,Italy,1654,1654,chapter_decree,,,low,2
santa-maria-in-s-silvestro-a-monte-cavallo-rome,Santa Maria in S. Silvestro a Monte Cavallo,,Blessed Virgin Mary,San Silvestro a Monte Cavallo,"Rome, San Silvestro al Quirinale",,,Italy,1650,1650,chapter_decree,,,low,1
santa-maria-in-s-adriano-in-campo-vaccino-rome-s,Santa Maria in S. Adriano in Campo Vaccino,,Blessed Virgin Mary,S. Adriano al Foro (Mercedari),"Rome, Sant'Adriano al Foro",,,Italy,1677-12-01,1677-12-01,chapter_decree,,,low,2
santa-maria-degli-angeli-nella-chiesa-di-s-agata,Santa Maria degli Angeli nella Chiesa di S. Agata de Tessitori,,Blessed Virgin Mary,Sant'Agata dei Tessitori,"Rome, Sant'Agata dei Tessitori",,,Italy,1729-07-31,1729-07-31,chapter_decree,,,low,2
santa-maria-in-s-agostino-rome-sant-agostino,Santa Maria in S. Agostino,,Blessed Virgin Mary,Sant'Agostino,"Rome, Sant'Agostino",,,Italy,1641,1641; 1643,chapter_decree,,,medium,2
santa-maria-nella-chiesa-di-s-alessio-rome-sant,Santa Maria nella Chiesa di S. Alessio,,Blessed Virgin Mary,Sant'Alessio all'Aventino,"Rome, Sant'Alessio",,,Italy,1645,1645,chapter_decree,,,low,1
santa-maria-in-s-ambrogio-della-massima-a-piazza,Santa Maria in S. Ambrogio della Massima a Piazza Mattei,,Blessed Virgin Mary,S. Ambrogio della Massima (monache),"Rome, Sant'Ambrogio della Massima",,,Italy,1674,1674,chapter_decree,,,low,2
santa-maria-della-purita-in-s-andrea-della-valle,Santa Maria della Purità in S. Andrea della Valle,,Blessed Virgin Mary,Sant'Andrea della Valle,"Rome, Sant'Andrea della Valle",,,Italy,1678,1678,chapter_decree,,,low,1
santa-maria-nella-chiesa-di-s-anna-alli-falegnam,Santa Maria nella Chiesa di S. Anna alli Falegnami,,Blessed Virgin Mary,"S. Anna dei Funari (Falegnami), monache benedettine","Rome, Sant'Anna dei Falegnami",,,Italy,1652,1652,chapter_decree,,,low,2
santa-maria-nel-portico-di-s-apollinare-rome-san,Santa Maria nel Portico di S. Apollinare,,Blessed Virgin Mary,Portico di Sant'Apollinare,"Rome, Sant'Apollinare (portico)",,,Italy,1653,1653,chapter_decree,,,low,1
santa-maria-in-s-francesca-romana-in-campo-vacci,Santa Maria in S. Francesca Romana in Campo Vaccino,,Blessed Virgin Mary,Santa Francesca Romana (Santa Maria Nova),"Rome, Santa Francesca Romana",,,Italy,1662,1662,chapter_decree,,,low,1
santa-maria-nella-chiesa-di-s-lucia-del-confalon,Santa Maria nella Chiesa di S. Lucia del Confalone,,Blessed Virgin Mary,Santa Lucia del Gonfalone,"Rome, Santa Lucia del Gonfalone",,,Italy,1666-04-30,1666-04-30,chapter_decree,,,low,2
santa-maria-in-s-lucia-della-tinta-rome-santa-lu,Santa Maria in S. Lucia della Tinta,,Blessed Virgin Mary,S. Lucia della Tinta (Cocchieri),"Rome, Santa Lucia della Tinta",,,Italy,1667,1667,chapter_decree,,,low,2
santa-maria-liberatrice-in-campo-vaccino-rome-sa,Santa Maria Liberatrice in Campo Vaccino,,Blessed Virgin Mary,Santa Maria Liberatrice in Campo Vaccino,"Rome, Santa Maria Liberatrice",,,Italy,1653,1653,chapter_decree,,,low,1
santa-maria-della-salute-nella-chiesa-della-mada,Santa Maria della Salute nella Chiesa della Madalena,,Blessed Virgin Mary,S. Maria Maddalena (Ministri degli Infermi),"Rome, Santa Maria Maddalena",,,Italy,1668,1668,chapter_decree,,,low,2
santa-maria-porta-paradisi-in-s-giacomo-degli-in,Santa Maria Porta Paradisi in S. Giacomo degli Incurabili,,Blessed Virgin Mary,S. Maria Porta Paradisi (Ospedale di S. Giacomo degli Incurabili),"Rome, Santa Maria Porta Paradisi",,,Italy,1676-07-29,1676-07-29,chapter_decree,,,low,2
santa-maria-de-monti-rome-santa-maria-ai-monti,Santa Maria de' Monti,,Blessed Virgin Mary,Santa Maria de' Monti,"Rome, Santa Maria ai Monti",,,Italy,1632,1632,chapter_decree,,,low,1
santa-maria-de-miracoli-sulla-piazza-del-popolo,Santa Maria de' Miracoli sulla Piazza del Popolo,,Blessed Virgin Mary,"Santa Maria dei Miracoli, Piazza del Popolo","Rome, Santa Maria dei Miracoli",,,Italy,1645,1645,chapter_decree,,,low,2
santa-maria-del-pianto-rome-santa-maria-del-pian,Santa Maria del Pianto,,Blessed Virgin Mary,Santa Maria del Pianto,"Rome, Santa Maria del Pianto",,,Italy,1643,1643,chapter_decree,,,low,2
santa-maria-del-popolo-rome-santa-maria-del-popo,Santa Maria del Popolo,,Blessed Virgin Mary,Santa Maria del Popolo,"Rome, Santa Maria del Popolo",,,Italy,1634,1634,chapter_decree,,,low,4
santa-maria-del-sole-incontro-alla-bocca-della-v,Santa Maria del Sole incontro alla Bocca della Verità,,Blessed Virgin Mary,"S. Maria del Sole, incontro la Bocca della Verità (Tempio di Vesta)","Rome, Santa Maria del Sole",,,Italy,1665,1665; 1669-05-18,chapter_decree,,,low,2
santa-maria-nella-chiesa-del-suffraggio-rome-san,Santa Maria nella Chiesa del Suffraggio,,Blessed Virgin Mary,Santa Maria del Suffragio,"Rome, Santa Maria del Suffragio",,,Italy,1666,1666,chapter_decree,,,low,2
santa-maria-dell-orazione-nella-chiesa-della-mor,Santa Maria dell'Orazione nella Chiesa della Morte a strada Giulia,,Blessed Virgin Mary,"Santa Maria dell'Orazione e Morte, via Giulia","Rome, Santa Maria dell'Orazione e Morte",,,Italy,1661,1661,chapter_decree,,,low,1
santa-maria-dell-orto-in-trastevere-rome-santa-m,Santa Maria dell'Orto in Trastevere,,Blessed Virgin Mary,Santa Maria dell'Orto in Trastevere,"Rome, Santa Maria dell'Orto",,,Italy,1657-08-19,1657-08-19,chapter_decree,,,low,2
santa-maria-della-consolazione-rome-santa-maria,Santa Maria della Consolazione,,Blessed Virgin Mary,Santa Maria della Consolazione,"Rome, Santa Maria della Consolazione",,,Italy,1634,1634,chapter_decree,,,low,1
madonna-della-pace-rome-santa-maria-della-pace,Madonna della Pace,,Blessed Virgin Mary,Santa Maria della Pace,"Rome, Santa Maria della Pace",,,Italy,1634-07-29,1634-07-29,chapter_decree,,,medium,3
santa-maria-della-purita-in-borgo-rome-santa-mar,Santa Maria della Purità in Borgo,,Blessed Virgin Mary,S. Maria della Purità in Borgo (Caudatari),"Rome, Santa Maria della Purità in Borgo",,,Italy,1646-04-16,1646-04-16,chapter_decree,,,low,3
santa-maria-della-quercia-rome-santa-maria-della,Santa Maria della Quercia,,Blessed Virgin Mary,S. Maria della Quercia (Università dei Macellari),"Rome, Santa Maria della Quercia",,,Italy,1670,1670,chapter_decree,,,low,2
santa-maria-della-scala-in-trastevere-rome-santa,Santa Maria della Scala in Trastevere,,Blessed Virgin Mary,Santa Maria della Scala in Trastevere,"Rome, Santa Maria della Scala (Trastevere)",,,Italy,1646-10-10,1646-10-10,chapter_decree,,,low,2
santa-maria-della-vittoria-rome-santa-maria-dell,Santa Maria della Vittoria,,Blessed Virgin Mary,Santa Maria della Vittoria,"Rome, Santa Maria della Vittoria",,,Italy,1635-07-06,1635-07-06,chapter_decree,,,low,2
santa-maria-delle-grazie-a-porta-angelica-rome-s,Santa Maria delle Grazie a Porta Angelica,,Blessed Virgin Mary,Santa Maria delle Grazie a Porta Angelica,"Rome, Santa Maria delle Grazie a Porta Angelica",,,Italy,1644-06-09,1644-06-09,chapter_decree,,,low,2
santa-maria-delle-grazie-al-foro-romano-rome-san,Santa Maria delle Grazie al Foro Romano,,Blessed Virgin Mary,,"Rome, Santa Maria delle Grazie al Foro Romano",,,Italy,1647,1647,chapter_decree,,,medium,1
santa-maria-delle-grazie-nella-chiesa-della-cons,Santa Maria delle Grazie nella Chiesa della Consolazione,,Blessed Virgin Mary,Chiesa della Consolazione (Madonna delle Grazie),"Rome, Santa Maria delle Grazie al Foro Romano",,,Italy,1647,1647,chapter_decree,,,low,1
santa-maria-di-costantinopoli-a-capo-le-case-rom,Santa Maria di Costantinopoli a capo le Case,,Blessed Virgin Mary,"S. Maria di Costantinopoli (Siciliani), a Capo le Case","Rome, Santa Maria di Costantinopoli a Capo le Case",,,Italy,1651-01-26,1651-01-26,chapter_decree,,,low,2
santa-maria-di-loreto-a-colonna-trajana-rome-san,Santa Maria di Loreto a Colonna Trajana,,Blessed Virgin Mary,S. Maria di Loreto dei Fornari (Colonna Traiana),"Rome, Santa Maria di Loreto (Colonna Traiana)",,,Italy,1660,1660,chapter_decree,,,low,2
santa-maria-di-monserrato-rome-santa-maria-di-mo,Santa Maria di Monserrato,,Blessed Virgin Mary,S. Maria di Monserrato (Spagnoli),"Rome, Santa Maria di Monserrato",,,Italy,1656-04-08,1656-04-08,chapter_decree,,,low,2
santa-maria-di-monte-santo-sulla-piazza-del-popo,Santa Maria di Monte Santo sulla piazza del Popolo,,Blessed Virgin Mary,"Santa Maria di Montesanto, Piazza del Popolo","Rome, Santa Maria di Montesanto",,,Italy,1659,1659,chapter_decree,,,low,1
santa-maria-in-araceli-rome-santa-maria-in-araco,Santa Maria in Araceli,,Blessed Virgin Mary,Santa Maria in Aracoeli,"Rome, Santa Maria in Aracoeli",,,Italy,1636,1636,chapter_decree,,,low,2
santa-maria-nel-monastero-delle-monache-di-campo,Santa Maria nel Monastero delle Monache di Campo Marzo,,Blessed Virgin Mary,"S. Maria in Campo Marzio, chiesa interiore del monastero","Rome, Santa Maria in Campo Marzio (monastery)",,,Italy,1688-09-12,1688-09-12,chapter_decree,,,low,2
santa-maria-nella-chiesa-delle-monache-di-campo,Santa Maria nella Chiesa delle Monache di Campo Marzo,,Blessed Virgin Mary,"S. Maria della Concezione in Campo Marzio (monache benedettine), chiesa","Rome, Santa Maria in Campo Marzio (nuns)",,,Italy,1655,1655,chapter_decree,,,low,2
santa-maria-in-cosmedin-detta-la-bocca-della-ver,Santa Maria in Cosmedin detta la Bocca della Verità,,Blessed Virgin Mary,Santa Maria in Cosmedin,"Rome, Santa Maria in Cosmedin",,,Italy,1672,1672,chapter_decree,,,low,1
santa-maria-in-monterone-rome-santa-maria-in-mon,Santa Maria in Monterone,,Blessed Virgin Mary,Santa Maria in Monterone,"Rome, Santa Maria in Monterone",,,Italy,1676-05-06,1676-05-06,chapter_decree,,,low,2
santa-maria-in-portico-in-campitelli-rome-santa,Santa Maria in Portico in Campitelli,,Blessed Virgin Mary,Santa Maria in Portico in Campitelli,"Rome, Santa Maria in Portico in Campitelli",,,Italy,1650,1650,chapter_decree,,,low,1
santa-maria-in-posterola-all-orso-rome-santa-mar,Santa Maria in Posterola all'Orso,,Blessed Virgin Mary,Santa Maria in Posterula all'Orso,"Rome, Santa Maria in Posterula",,,Italy,1653,1653,chapter_decree,,,low,1
santa-maria-in-traspontina-rome-santa-maria-in-t,Santa Maria in Traspontina,,Blessed Virgin Mary,Santa Maria in Traspontina,"Rome, Santa Maria in Traspontina",,,Italy,1641-06-15,1641-06-15,chapter_decree,,,low,4
santa-maria-col-bambino-gesu-di-via-cupa-in-sant,Santa Maria col Bambino Gesù di via Cupa in Santa Maria in Trastevere,,Blessed Virgin Mary,Basilica di S. Maria in Trastevere (cappella Cecchini / d'Aste),"Rome, Santa Maria in Trastevere",,,Italy,1634-04-05,1634-04-05,chapter_decree,,,low,2
santa-maria-della-clemenza-in-santa-maria-in-tra,Santa Maria della Clemenza in Santa Maria in Trastevere,,Blessed Virgin Mary,Basilica di S. Maria in Trastevere,"Rome, Santa Maria in Trastevere (Madonna della Clemenza)",,,Italy,1659-11-02,1659-11-02,chapter_decree,,,low,2
s-maria-in-trevi-detta-li-crociferi-rome-santa-m,S. Maria in Trevi detta li Crociferi,,Blessed Virgin Mary,S. Maria in Trivio (Crociferi),"Rome, Santa Maria in Trivio (Crociferi)",,,Italy,1677-05-29,1677-05-29,chapter_decree,,,low,2
santa-maria-in-vallicella-detta-la-chiesa-nuova,Santa Maria in Vallicella detta la Chiesa Nuova,,Blessed Virgin Mary,Santa Maria in Vallicella (Chiesa Nuova),"Rome, Santa Maria in Vallicella",,,Italy,1649,1649,chapter_decree,,,low,1
santa-maria-in-via-rome-santa-maria-in-via,Santa Maria in Via,,Blessed Virgin Mary,Santa Maria in Via,"Rome, Santa Maria in Via",,,Italy,1646,1646,chapter_decree,,,low,1
santa-maria-in-via-lata-rome-santa-maria-in-via,Santa Maria in Via Lata,,Blessed Virgin Mary,Santa Maria in Via Lata,"Rome, Santa Maria in Via Lata",,,Italy,1643,1643,chapter_decree,,,low,1
santa-maria-del-rosario-nella-chiesa-di-santa-ma,Santa Maria del Rosario nella Chiesa di Santa Maria,,Blessed Virgin Mary,Santa Maria sopra Minerva (cappella del Rosario),"Rome, Santa Maria sopra Minerva",,,Italy,1640,1640; 1644-08-28,chapter_decree,,,low,4
santa-maria-dentro-il-monastero-di-s-marta-al-co,Santa Maria dentro il Monastero di S. Marta al Collegio Romano,,Blessed Virgin Mary,Monastero di S. Marta al Collegio Romano,"Rome, Santa Marta al Collegio Romano",,,Italy,1645-11-20,1645-11-20,chapter_decree,,,low,4
santa-maria-in-s-prasede-rome-santa-prassede,Santa Maria in S. Prasede,,Blessed Virgin Mary,S. Prassede (detta Orto Paradisi),"Rome, Santa Prassede",,,Italy,1655,1655,chapter_decree,,,low,2
santa-maria-in-santa-teresa-alle-quattro-fontane,Santa Maria in Santa Teresa alle quattro Fontane,,Blessed Virgin Mary,S. Teresa alle Quattro Fontane (Carmelitane),"Rome, Santa Teresa alle Quattro Fontane",,,Italy,1638-09-16,1638-09-16,chapter_decree,,,low,2
santa-maria-in-s-celso-in-banchi-rome-santi-cels,Santa Maria in S. Celso in Banchi,,Blessed Virgin Mary,SS. Celso e Giuliano in Banchi,"Rome, Santi Celso e Giuliano",,,Italy,1665-05-17,1665-05-17,chapter_decree,,,low,2
santa-maria-in-s-cosma-e-damiano-in-campo-vaccin,"Santa Maria in S. Cosma, e Damiano in Campo Vaccino",,Blessed Virgin Mary,SS. Cosma e Damiano in Campo Vaccino,"Rome, Santi Cosma e Damiano",,,Italy,1651,1651,chapter_decree,,,low,1
santa-maria-nel-monastero-de-ss-domenico-e-sisto,"Santa Maria nel Monastero de' SS. Domenico, e Sisto",,Blessed Virgin Mary,"SS. Domenico e Sisto, coro superiore","Rome, Santi Domenico e Sisto (Magnanapoli), inner monastery",,,Italy,1647,1647,chapter_decree,,,low,2
santa-maria-in-s-vincenzo-ed-anastasio-a-trevi-r,"Santa Maria in S. Vincenzo, ed Anastasio a Trevi",,Blessed Virgin Mary,SS. Vincenzo e Anastasio a Trevi,"Rome, Santi Vincenzo e Anastasio a Trevi",,,Italy,1679-03-13,1679-03-13,chapter_decree,,,low,2
santa-maria-nella-chiesa-della-trinita-de-pelleg,Santa Maria nella Chiesa della Trinità de' Pellegrini,,Blessed Virgin Mary,SS. Trinità dei Pellegrini,"Rome, Santissima Trinità dei Pellegrini",,,Italy,1654-06-21,1654-06-21,chapter_decree,,,low,2
santa-maria-nella-chiesa-del-nome-di-maria-rome,Santa Maria nella Chiesa del Nome di Maria,,Blessed Virgin Mary,Chiesa del Nome di Maria (S. Bernardo alla Colonna Traiana),"Rome, Santissimo Nome di Maria",,,Italy,1703,1703,chapter_decree,,,medium,3
santa-maria-nella-chiesa-delle-monache-dello-spi,Santa Maria nella Chiesa delle Monache dello Spirito Santo,,Blessed Virgin Mary,Chiesa delle Monache dello Spirito Santo,"Rome, Santo Spirito (nuns)",,,Italy,1686-11-28,1686-11-28,chapter_decree,,,low,2
santa-maria-in-s-spirito-in-sassia-rome-santo-sp,Santa Maria in S. Spirito in Sassia,,Blessed Virgin Mary,Santo Spirito in Sassia,"Rome, Santo Spirito in Sassia",,,Italy,1655,1655,chapter_decree,,,low,1
santa-maria-nell-oratorio-vicino-alla-scala-sant,Santa Maria nell'Oratorio vicino alla Scala Santa,,Blessed Virgin Mary,Oratorio del SS. Sacramento alla Scala Santa,"Rome, Scala Santa",,,Italy,1679-07-08,1679-07-08,chapter_decree,,,medium,3
santa-maria-annunziata-in-tor-de-specchi-rome-to,Santa Maria Annunziata in Tor de' Specchi,,Blessed Virgin Mary,"Tor de' Specchi (Oblate di S. Francesca Romana), chiesa","Rome, Tor de' Specchi",,,Italy,1635-12-30,1635-12-30,chapter_decree,,,low,2
santa-maria-nel-monastero-di-tor-de-specchi-rome,Santa Maria nel Monastero di Tor de' Specchi,,Blessed Virgin Mary,"Tor de' Specchi, chiesa antica interiore","Rome, Tor de' Specchi (monastery)",,,Italy,1687-06-17,1687-06-17,chapter_decree,,,low,2
madonna-del-soccorso-rome-vatican-basilica-cappe,Madonna del Soccorso,,Blessed Virgin Mary,Cappella Gregoriana della Basilica Vaticana,"Rome, Vatican Basilica (Cappella Gregoriana)",,,Italy,1643-11-17,1643-11-17,chapter_decree,,,low,5
madonna-immacolata-rome-vatican-basilica-cappell,Madonna Immacolata,,Blessed Virgin Mary,"Cappella del Coro, Basilica Vaticana","Rome, Vatican Basilica (Cappella del Coro)",,,Italy,1854-12-08,1854-12-08,chapter_decree,,,low,1
santa-maria-della-colonna-nella-basilica-vatican,Santa Maria della Colonna nella Basilica Vaticana,,Blessed Virgin Mary,Basilica Vaticana,"Rome, Vatican Basilica (Madonna della Colonna)",,,Italy,1645-01-01,1645-01-01,chapter_decree,,,low,5
madonna-della-pieta-michelangelo-s-pieta-rome-va,Madonna della Pietà (Michelangelo's Pietà),,Blessed Virgin Mary,Basilica Vaticana (Pietà di Michelangelo),"Rome, Vatican Basilica (Pietà)",,,Italy,1637-08-31,1637-08-31,chapter_decree,,,medium,3
madonna-della-febbre-rome-vatican-basilica-sacri,Madonna della Febbre,S. Imago B.mae Virginis De febri,Blessed Virgin Mary,Sagrestia della Basilica di S. Pietro (Cappella del Sacrario / Cappella Beneficiatale della Sagrestia Vaticana),"Rome, Vatican Basilica (sacristy)",,,Italy,1631-08-27,1631-08-27; 1697-08-15,chapter_decree,,,high,5
nostra-signora-di-czestochowa-copy-rome-vatican,Nostra Signora di Częstochowa (copy),,Blessed Virgin Mary,"Grotte Vaticane, cappella della Nazione Polacca","Rome, Vatican Grottoes (Chapel of the Polish Nation)",,,Italy,2005-04-02,2005-04-02,chapter_decree,,,low,1
madonna-regina-degli-apostoli-rome-vatican-grott,Madonna Regina degli Apostoli,,Blessed Virgin Mary,Grotte Vaticane,"Rome, Vatican Grottoes (Regina Apostolorum)",,,Italy,1950-11-04,1950-11-04,chapter_decree,,,low,1
santa-maria-nella-chiesa-de-ss-domenico-e-sisto,"Santa Maria nella Chiesa de' SS. Domenico, e Sisto a Monte Magnanapoli",,Blessed Virgin Mary,SS. Domenico e Sisto a Magnanapoli (the Dominican nuns of San Sisto),"Rome, monastery of the Dominican nuns of San Sisto (Santi Domenico e Sisto, Magnanapoli)",,,Italy,1641-01-14,1641-01-14,chapter_decree,,,medium,3
maria-santissima-del-pettoruto-s-sosti-san-sosti,Maria Santissima del Pettoruto,sacrum eiusdem Beatissimae Virginis simulacrum,Blessed Virgin Mary,"Sanctuarium/templum Nativitati B.M.V. dicatum, vulgo « Maria Santissima del Pettoruto »","S. Sosti (San Sosti), Calabria",S. Marci Argentanensis,San Marco Argentano,Italy,1903,1903,retrospective_attestation,Ioannes Paulus PP. II,,high,1
santa-maria-in-monte-sacro-monte-di-varese,Santa Maria in Monte,,Blessed Virgin Mary,Santa Maria del Monte,Sacro Monte di Varese,,,Italy,1739,1739,chapter_decree,,,low,1
madonna-della-rovere-san-bartolomeo-al-mare,Madonna della Rovere,,Blessed Virgin Mary,Santuario di Nostra Signora della Rovere,San Bartolomeo al Mare,,,Italy,1821-09-08,1821-09-08,chapter_decree,,,medium,1
madonna-delle-grazie-della-terra-di-s-giovanni-v,Madonna delle Grazie della Terra di S. Giovanni (Valdarno),"Beata Virgo Gratiarum (OCR: 'Beatae Virgini Nuncupatae Pratiani') Oppidi Sancti Joannis Vallis Arni Superioris Fesulanae Diœcesis, in Venerabili et Insigni Oratorio eiusdem",Blessed Virgin Mary with Child (painted image originally on the Porta di S. Lorenzo),Oratorio built for the image painted on the tower of the Porta di S. Lorenzo (as described in the printed relazione),San Giovanni (Valdarno),,Fiesole (Fesulana Diœcesis),Italy,1704-09-08,1704-09-08,chapter_decree,,"Scipione de' Ricci, Patrizio Fiorentino, Referendary of both Signatures, Canon of St Peter's",high,2
effigies-beatae-mariae-virginis-a-septem-dolorib,,effigies Beatae Mariae Virginis a Septem Doloribus (Mater Dolorosa),Blessed Virgin Mary,Pervetustum coenobium (ecclesia abbatialis) Sancti Martini ad Montem Ciminum,San Martino al Cimino (Monti Cimini),Abbatia nullius Sancti Martini ad Montem Ciminum (Viterbiensis et Tuscanensis),San Martino al Cimino abbey nullius / Viterbo,Italy,1938,1938,retrospective_attestation,Paulus PP. VI,,medium,1
santa-maria-del-glorioso-di-s-severino-san-sever,Santa Maria del Glorioso di S. Severino,,Blessed Virgin Mary,Santa Maria del Glorioso,San Severino Marche,,,Italy,1731,1731,chapter_decree,,,low,1
santa-maria-de-lumi-nella-chiesa-de-bernabiti-di,Santa Maria de' Lumi nella Chiesa de' Bernabiti di S. Severino,,Blessed Virgin Mary,Chiesa dei Barnabiti (Madonna dei Lumi),San Severino Marche,,,Italy,1747,1747,chapter_decree,,,low,1
madonna-nicopeja-santa-maria-della-vittoria-san,"Madonna Nicopeja (Santa Maria della Vittoria), San Vito dei Normanni",imago Dei Genetricis « Nicopeia » nuncupatae,Blessed Virgin Mary,Ecclesia paroecialis Sanctae Mariae a Victoria,San Vito dei Normanni,Brundusina-Ostunensis,Brindisi-Ostuni,Italy,1996-10-26,1996-10-26,papal_personal_coronation,Ioannes Paulus PP. II,,high,2
madonna-del-rosario-sanremo,Madonna del Rosario,Beata Maria Virgo de Rosario,Blessed Virgin Mary,"Ecclesia Sancti Syri (paroecialis et collegiata), Marialis Sanctuarii titulo pollens",Sanremo,Ventimiliensis,Ventimiglia,Italy,1946-10,1946-10,retrospective_attestation,Pius PP. XII,"Federicus Tedeschini, S.R.E. Cardinalis, Archipresbyter of the Vatican Basilica",medium,1
santa-maria-annunziata-sant-agnello-di-sorrento,Santa Maria Annunziata,,Blessed Virgin Mary,Santuario di Santa Maria Annunziata,Sant'Agnello di Sorrento (Angri),,,Italy,1919-08-17,1919-08-17,chapter_decree,,,medium,1
madonna-del-pianto-sant-angelo-in-vado,Madonna del Pianto,Virgo Maria « a Planctu »,Blessed Virgin Mary,Sacellum B. Mariae Virginis « a Planctu » (the Basilica title is granted to the Cathedral of St Michael Archangel),Sant'Angelo in Vado,Sancti Angeli in Vado,Sant'Angelo in Vado,Italy,1947-08-11,1947-08-11,papal_personal_coronation,Pius PP. XII,,high,1
dei-genetricis-imago-a-rosa-santa-margherita-lig,,Dei Genetricis Imago « a Rosa »,Blessed Virgin Mary,Ecclesia paroecialis S. Margaritae V. et M. (Basilica Minor),Santa Margherita Ligure,Clavarensis,Chiavari,Italy,1776,1776,retrospective_attestation,Pius PP. XII,,medium,1
beatae-mariae-virginis-simulacrum-b-m-v-in-caelu,,Beatae Mariae Virginis Simulacrum (B. M. V. in Caelum Assumpta),Blessed Virgin Mary,Ecclesia paroecialis B. M. V. in Caelum Assumptae (sacellum with the wooden Byzantine-style 12th-cent. statue),Santa Maria a Vico,Acerrarum,Acerra,Italy,1913,1913,retrospective_attestation,Pius PP. XII,,high,1
b-v-di-leuca-santa-maria-di-leuca-de-finibus-ter,"B. V. di Leuca (Santa Maria di Leuca, 'de Finibus Terrae')",,Blessed Virgin Mary,santuario della B. V. di Leuca,"Santa Maria di Leuca (Finibus Terrae), diocese of Alessano",,,Italy,1721,1721,chapter_decree,,,low,2
madonna-delle-grazie-sassari,Madonna delle Grazie,,Blessed Virgin Mary,San Pietro in Silki,Sassari,,,Italy,1909-05-09,1909-05-09,chapter_decree,,,medium,1
nostra-signora-della-misericordia-savona,Nostra Signora della Misericordia,"simulacrum Savonense, Maria Auxiliatrix christianorum, Domina Nostra a Misericordia",Blessed Virgin Mary,Sanctuarium Dominae Nostrae a Misericordia (prope urbem Savonensem),Savona,Savonensis et Naulensis,Savona-Noli,Italy,1770,1770; 1815-05-10,chapter_decree,Benedictus PP. XV; Pius PP. X; Pius PP. XI,,high,7
maria-santissima-del-soccorso-sciacca-thermae-se,Maria Santissima del Soccorso,simulacrum Deiparae Virginis titulo « Maria SS.ma del Soccorso »,Blessed Virgin Mary,Sanctuarium « Maria SS.ma del Soccorso »,Sciacca (Thermae Selinuntinae),Agrigentina,Agrigento,Italy,1907-08-15,1907-08-15,retrospective_attestation,Ioannes Paulus PP. II,,high,1
mater-pauperum-tabula-beatae-mariae-virginis-ab,,Mater Pauperum (Tabula Beatae Mariae Virginis ab Oriente translata),Blessed Virgin Mary,Ecclesia paroecialis et collegialis B. Mariae V. Immaculatae,Seminara,Miletensis,Mileto,Italy,,,retrospective_attestation,Pius PP. XII,,medium,1
santa-maria-addolorata-senigallia,Santa Maria Addolorata,,Blessed Virgin Mary,San Martino,Senigallia,,,Italy,1921-09-18,1921-09-18,chapter_decree,,,medium,1
madonna-del-duomo-senigallia,Madonna del Duomo,Beata Maria Virgo a Spe,Blessed Virgin Mary,Templum cathedrale S. Petri Apostoli,Senigallia,Senogalliensis,Senigallia,Italy,,,retrospective_attestation,Pius PP. XI,,medium,1
madonna-avvocata-del-popolo-sessa-aurunca,Madonna Avvocata del Popolo,"Prodigiosa imago Beatae Mariae Virginis, populi Suessani Advocata",Blessed Virgin Mary,Ecclesia cathedralis Suessana SS. Apostolorum Petri et Pauli,Sessa Aurunca,Suessana,Sessa Aurunca,Italy,1904-09-11,1904-09-11,chapter_decree,Pius PP. XI,,high,2
imago-christi-cruci-affixi-sestri-levante,,imago Christi Cruci affixi,other (Christ Crucified — a crucifix),paroecialis ecclesia Beatae Mariae Virginis a Nazareth,Sestri Levante,Clavarensis,Chiavari,Italy,1903,1903,retrospective_attestation,Ioannes PP. XXIII,,medium,1
santa-maria-del-presepe-delle-monache-di-tutti-i,Santa Maria del Presepe delle Monache di tutti i Santi di Siena,Simulacrum miraculosum B. M. V. de Praesepio et Pueri Jesu (OCR 'd'Pre-sepio'; margin label garbled 'B. M. V. de Bisegliis'),Blessed Virgin Mary with Child,"Chiesa del Monastero d'Ogni Santi delle Monache Benedettine, Siena",Siena,,Siena (Archbishop Leonardo Marsili),Italy,1704-06-07,1704-06-07,chapter_decree,,"Abbate Gio. Andrea Ricci, canon of the Vatican Basilica",high,2
santa-maria-di-provenzano-siena-provenzano,Santa Maria di Provenzano,,Blessed Virgin Mary,Santa Maria di Provenzano,Siena (Provenzano),,,Italy,1681,1681,chapter_decree,,,low,1
sancta-maria-cabuabbas-nostra-signora-di-corte-s,"Sancta Maria Cabuabbas, Nostra Signora di Corte",,Blessed Virgin Mary,Abbazia di Nostra Signora di Corte (Cabuabbas),Sindia,,,Italy,1948-09-04,1948-09-04; 1998-09-04,chapter_decree,,,low,2
madonna-del-rosario-detta-del-flagello-soriano-c,Madonna del Rosario (detta del Flagello),Simulacrum Dominae Nostrae a Rosario sive a Flagello,Blessed Virgin Mary,Sanctuarium Sancti Dominici,Soriano Calabro,Miletensis,Mileto,Italy,,,papal_legate_deputation,Ioannes Paulus PP. II,"Marius Aloisius S. R. E. Cardinalis Ciappi, O.P.",medium,1
santa-maria-del-carmine-sorrento,Santa Maria del Carmine,,Blessed Virgin Mary,Santa Maria del Carmine,Sorrento,,,Italy,1880-07-11,1880-07-11; 1980,chapter_decree,,,medium,2
santa-maria-lauretana-nella-chiesa-de-chierici-r,Santa Maria Lauretana nella Chiesa de Chierici Regolari di S. Paolo di Spoleto,,Blessed Virgin Mary,Chiesa dei Barnabiti (Chierici Regolari di S. Paolo),Spoleto,,,Italy,1696,1696,chapter_decree,,,low,1
madonna-di-lourdes-stella,Madonna di Lourdes,simulacrum Beatae Mariae Virginis Lapurdensis,Blessed Virgin Mary,Ecclesia matrix Sancti Martini Episcopi,Stella,Savonensis,Savona,Italy,1909,1909,retrospective_attestation,Pius PP. XI,,medium,1
madonna-dei-campi-nostra-signora-della-preghiera,"Madonna dei Campi, Nostra Signora della Preghiera",,Blessed Virgin Mary,Santuario della Madonna dei Campi,Stezzano,,,Italy,1896-09-05,1896-09-05,chapter_decree,,,medium,1
madonna-del-rocciamelone-susa-segusium-monte-roc,Madonna del Rocciamelone,Beata Maria Virgo dei Rocciamelone,Blessed Virgin Mary,sacellum in vertice montis Rocciamelone,Susa (Segusium) / Monte Rocciamelone,Segusiensis,Susa,Italy,,,retrospective_attestation,Ioannes PP. XXIII,,medium,1
sacrum-cor-immaculatum-beatae-mariae-virginis-ta,,Sacrum Cor Immaculatum Beatae Mariae Virginis,Blessed Virgin Mary,Ecclesia paroecialis et conlegiata Sanctorum Iacobi et Philippi (Sanctuarium Mariale),Taggia,Ventimiliensis,Ventimiglia,Italy,1856,1856,retrospective_attestation,Pius PP. XII,,high,1
madonna-della-misericordia-terni-interamna,Madonna della Misericordia,Beata Maria Virgo a Misericordia,Blessed Virgin Mary,chapel of the cathedral (Templum principis) of Terni; the image is a painting attributed to Carlo Maratta,Terni (Interamna),Interamnensis,Terni,Italy,1937,1937,retrospective_attestation,Pius PP. XII,Nicolaus S. R. E. Protodiaconus Cardinalis Canali,high,1
madonna-di-tirano-tirano-valtellina,Madonna di Tirano,Sacrae Imagines Beatissimae Virginis Mariae ac Pueri Domini Nostri Jesu Christi existentes in Ven. Ecclesia Beatae Virginis Mariae Tirani (also 'Virgo Tiranensis' / 'Beata Maria Virgo de Tirano' in the prints and the 1629 visitation),Blessed Virgin Mary,"Ven. Ecclesia Beatae Virginis Mariae, Divo Michaeli Archangelo dicata, sita extra et prope oppidum Tirani (Chiesa / Santuario della Madonna di Tirano)",Tirano (Valtellina),Comensis,Como,Italy,1690-09-29,1690-09-29,chapter_decree,Pius PP. XI,"Camillo Mugiasca (Mugiacea), canon of the Vatican Basilica, 'ad haec specialiter deputatus'",high,3
santa-maria-di-quintigliolo-nelle-vicinanze-di-t,Santa Maria di Quintigliolo nelle vicinanze di Tivoli,,Blessed Virgin Mary,Santuario di Quintiliolo,Tivoli (Quintiliolo),,,Italy,1765,1765,chapter_decree,,,low,1
imago-beatae-mariae-virginis-primae-labis-expert,,Imago Beatae Mariae Virginis primae labis expertis,Blessed Virgin Mary,Ecclesia paroecialis S. Crucis (Santa Croce),Torre del Greco,Neapolitana (archidioecesis),Naples,Italy,,,retrospective_attestation,Pius PP. XII,,medium,1
santa-maria-nella-chiesa-de-carmelitani-di-trapa,Santa Maria nella Chiesa de Carmelitani di Trapani,,Blessed Virgin Mary with Child (marble statue),Chiesa dei Carmelitani (Annunziata),"Trapani, Carmelite sanctuary of the Annunziata",,,Italy,1734,1734,chapter_decree,,,medium,2
la-madonna-grande-treviso,La Madonna Grande,SSmae Virginis imago (thaumaturga ac vetustissima icon B. Mariae Virginis),Blessed Virgin Mary,"Ecclesia S. Mariae Maioris, vulgo "" La Madonna Grande """,Treviso,Tarvisina,Treviso,Italy,1897,1897,retrospective_attestation,Benedictus PP. XV,,high,1
beata-maria-virgo-de-monte-carmelo-tricarico,,Beata Maria Virgo de Monte Carmelo,Blessed Virgin Mary,,Tricarico,Tricaricensis,Tricarico,Italy,1938,1938,retrospective_attestation,Pius PP. XII,,high,1
maria-ausiliatrice-turin,Maria Ausiliatrice,Imago thaumaturgae Virginis Adiutricis (Deipara Virgo Christianorum Adiutrix),Blessed Virgin Mary,"Templum Mariae SS. Auxiliatricis, a S. Ioanne Bosco excitatum et anno 1868 dedicatum (Basilica di Maria Ausiliatrice)",Turin,Taurinensis,Turin,Italy,1903-05-27,1903-05-27,papal_coronation_act,Leo PP. XIII; Pius PP. X,"Augustinus S. R. E. Presbyter Cardinalis Richelmy, Archiepiscopus Taurinensis",high,3
beata-maria-virgo-mater-gratiarum-udine-utinum,,Beata Maria Virgo Mater Gratiarum,Blessed Virgin Mary,Templum sive sanctuarium Beatae Mariae Virginis Matris Gratiarum,Udine (Utinum),Utinensis,Udine,Italy,1870,1870,retrospective_attestation,Pius PP. XI,,high,1
santa-maria-nella-metropolitana-di-urbino-urbino,Santa Maria nella Metropolitana di Urbino,,Blessed Virgin Mary,Cattedrale,Urbino,,,Italy,1687,1687,chapter_decree,,,low,1
madonna-di-altino-vall-alta-di-albino,Madonna di Altino,,Blessed Virgin Mary,Santuario della Beata Vergine di Altino,Vall'Alta di Albino,,,Italy,1919-07-23,1919-07-23,chapter_decree,,,medium,1
santa-maria-delle-grazie-di-valle-valenza-valle,Santa Maria delle Grazie di Valle Valenza,,Blessed Virgin Mary,Santa Maria delle Grazie,"Valle di Valenza (Valtellina), diocese of Como",,,Italy,1765,1765,chapter_decree,,,low,1
santa-maria-de-ruscelli-vallerano,Santa Maria de Ruscelli,,Blessed Virgin Mary,Santa Maria del Ruscello,Vallerano,,,Italy,1684,1684,chapter_decree,,,low,1
santa-maria-delle-grazie-nella-chiesa-de-domenic,Santa Maria delle Grazie nella Chiesa de' Domenicani di Val di Novi,,Blessed Virgin Mary,Chiesa dei Domenicani (Madonna delle Grazie),"Vallo della Lucania (Novi Velia), diocese of Capaccio",,,Italy,1786,1786,chapter_decree,,,low,1
santa-maria-della-nativita-di-belmonte-valperga,"Santa Maria della Natività, di Belmonte",,Blessed Virgin Mary,Santa Maria della Natività,Valperga,,,Italy,1788-08-17,1788-08-17,chapter_decree,,,medium,3
vergine-del-sacro-monte-varallo-sacro-monte,Vergine del Sacro Monte,,Blessed Virgin Mary,"Basilica dell'Assunta, Sacro Monte di Varallo",Varallo (Sacro Monte),,,Italy,1857-08-20,1857-08-20; 1862-08-17,chapter_decree,,,medium,2
santa-maria-delle-grazie-di-velletri-velletri,Santa Maria delle Grazie di Velletri,,Blessed Virgin Mary,Santa Maria delle Grazie,Velletri,,,Italy,1682,1682,chapter_decree,,,low,1
madonna-degli-infermi-vercelli-vercellae,Madonna degli Infermi,Thaumaturga Beatae Mariae Virginis Imago,Blessed Virgin Mary,Metropolitana aedes Vercellensis (cathedral of Vercelli),Vercelli (Vercellae),Vercellensis,Vercelli,Italy,1921,1921,retrospective_attestation,Benedictus PP. XV,,medium,1
beata-vergine-della-giara-madonna-di-loreto-dei,"Beata Vergine della Giara (Madonna di Loreto) dei PP. Teatini, Verona",Imago miraculosa B. M. Virginis Lauretanae Ven. Ecclesiae S. Nicolai a Clara RR. PP. Clericorum Regularium Congregationis Teatinorum Veronae,Blessed Virgin Mary with Child,Santa Casa / Santuario della B. Vergine di Loreto contiguous to the Chiesa della Giara of the Chierici Regolari (Teatini); coronation performed in the Chiesa di S. Nicolò dei Teatini,Verona,,Verona,Italy,1709-11-10,1709-11-10,chapter_decree,,"Gio. Francesco Barbarigo, Bishop of Verona (margin note: '30 9bris 1708 R. D. Barbarigo ad imponend. coronam deputatus')",high,2
s-maria-nella-catedrale-di-verona-verona-cathedr,S. Maria nella Catedrale di Verona,,Blessed Virgin Mary,Cattedrale,Verona (cathedral),,,Italy,1759,1759,chapter_decree,,,low,1
santa-maria-del-soccorso-di-vezzano-vezzano-ligu,Santa Maria del Soccorso di Vezzano,,Blessed Virgin Mary,Madonna del Soccorso,Vezzano Ligure,,,Italy,1772,1772,chapter_decree,,,low,1
maria-santissima-addolorata-viareggio,Maria Santissima Addolorata,simulacrum Virginis Perdolentis,Blessed Virgin Mary,Ecclesia paroecialis Sancti Andreae Apostoli (Ordo Servorum Mariae),Viareggio,Lucensis,Lucca,Italy,1920-05-09,1920-05-09,chapter_decree,Paulus PP. VI,,medium,2
madonna-del-monte-di-viggiano-viggiano,Madonna del Monte di Viggiano,Beatissima Dei Genetrix a « Sacro Monte di Viggiano »,Blessed Virgin Mary,Santa Maria del Monte / Santa Maria alle Mura (del Deposito),Viggiano,Potentina-Marsicensis,Potenza-Marsico Nuovo,Italy,1892-09-04,1892-09-04; 1991-04-28,chapter_decree,Paulus PP. VI,,medium,3
madonna-del-pasco-villanova-mondovi,Madonna del Pasco,,Blessed Virgin Mary,Chiesa della Madonna del Pasco,Villanova Mondovì,,,Italy,1900-08-15,1900-08-15,chapter_decree,,,medium,1
madonna-consolatrice-del-carpinello-visciano,Madonna Consolatrice del Carpinello,byzantina imago Beatae Mariae Virginis cum Iesu Infante,Blessed Virgin Mary,Sanctuarium « Madonna Consolatrice del Carpinello »,Visciano,Nolana,Nola,Italy,1886-04-20,1886-04-20,retrospective_attestation,Ioannes Paulus PP. II,,high,1
santa-maria-nella-chiesa-della-ssma-trinita-di-v,Santa Maria nella Chiesa della SSma Trinità di Viterbo,Imago miraculosa B. Mariae Virginis Liberatricis Viterbien. / Deiparae Virginis Mariae Liberatricis Imago,Blessed Virgin Mary with Child,"Chiesa della Santissima Trinità de' PP. Agostiniani (Eremitani di S. Agostino, Congregazione Genovese), Viterbo",Viterbo,,Viterbo (Andrea Card. Santacroce named as bishop in the inscription),Italy,1715-11-12,1715-11-12,chapter_decree,,"Canonico Pietro Francesco Bussi, canon of St Peter's, 'Viterbiensis Patritius'",high,2
image-vittoria-sicily,,,Blessed Virgin Mary,,Vittoria (Sicily),,,Italy,1785,1785,chapter_decree,,,low,1
santa-maria-lauretana-nella-chiesa-de-cappucini,Santa Maria Lauretana nella Chiesa de' Cappucini della Città Vittoria,,Blessed Virgin Mary,Chiesa dei Cappuccini (Madonna Lauretana),Vittoria (Sicily),,,Italy,1785,1785,chapter_decree,,,low,1
simulacrum-beatae-mariae-virginis-volterra,,Simulacrum Beatae Mariae Virginis,Blessed Virgin Mary,Cathedralis Ecclesia Volaterrana (B. M. V. in Caelum Assumptae),Volterra,Volaterrana,Volterra,Italy,,,papal_personal_coronation,Pius PP. XII,,high,1
madonna-dell-arco-near-naples-apud-urbem-neapoli,Madonna dell'Arco,Beatae Mariae Virginis imago ab Arcu appellata,Blessed Virgin Mary,Aedes sacra B. M. V. ab Arcu appellatae (sanctuary served by the Fratres Praedicatores),near Naples (apud urbem Neapolim),,,Italy,1874,1874,retrospective_attestation,Paulus PP. VI,"Marius S. R. E. Cardinalis Nasalli Rocca di Corneliano, Missus Extraordinarius",medium,1
pivasiunu-dievo-motina-pivasiunai,Pivašiūnų Dievo Motina,imago B. M. V. Deiparae,Blessed Virgin Mary,paroecialis aedes sacra loci Pivašiūnai,Pivašiūnai,Kaisiadorensis,Kaišiadorys,Lithuania,,,papal_coronation_act,Ioannes Paulus PP. II,,high,1
siluvos-dievo-motina-matka-boza-szydlowska-szydl,Šiluvos Dievo Motina (Matka Boża Szydłowska),,Blessed Virgin Mary with Child (Our Lady of the Snows type),,"Szydłów (Šiluva), Samogitia",,,Lithuania,1786-09-08,1786-09-08,chapter_decree,,,medium,1
traku-dievo-motina-matka-boza-trocka-trakai-trok,Trakų Dievo Motina (Matka Boża Trocka),,Blessed Virgin Mary with Child (Dexiokratousa),,Trakai (Troki),,,Lithuania,1718-09-04,1718-09-04,chapter_decree,,,medium,1
matka-boza-swietomichalska-sapiezynska-vilnius-w,Matka Boża Świętomichalska (Sapieżyńska),,Blessed Virgin Mary (Immaculata),,"Vilnius (Wilno), St Michael's",,,Lithuania,1750-09-08,1750-09-08,chapter_decree,,,medium,1
our-lady-of-ta-pinu-malta,Our Lady of Ta' Pinu,Imago Beatae Mariae Virginis in caelum Assumptae sub titulo « ta Pinu »,Blessed Virgin Mary,Basilica B. Mariae V. « ta Pinu »,,Gaudisiensis,Gozo,Malta,,,papal_legate_deputation,Pius PP. XI,"Alexius Henricus Maria S. R. E. Card. Lépicier, tit. Sanctae Susannae",high,1
sacerrimum-virginis-deiparae-simulacrum-quod-con,,sacerrimum Virginis Deiparae simulacrum quod Conspicuae colitur,Blessed Virgin Mary,,Cospicua (Bormla),Melitensis,Malta,Malta,,,retrospective_attestation,Pius PP. X,Dominicus Card. Ferrata,medium,1
beatae-mariae-virginis-in-caelum-assumptae-imago,,Beatae Mariae Virginis in caelum Assumptae imago,Blessed Virgin Mary,Paroeciale templum Mostae,Mosta,Melitensis,Malta,Malta,,,papal_coronation_act,Paulus PP. VI,"Michael Gonzi, Archiepiscopus Melitensis (deputed to impose the crown 'Nostro nomine et auctoritate')",high,1
maria-bambina-senglea,Maria Bambina,sacrum simulacrum Mariae Infantis,Blessed Virgin Mary,"Ecclesia collegiata Nativitatis B. Mariae Virginis, « a Victoria » dicta",Senglea,Melitensis,Malta,Malta,,,retrospective_attestation,Benedictus PP. XV,,medium,1
our-lady-of-mount-carmel-valletta,Our Lady of Mount Carmel,,Blessed Virgin Mary,Shrine of Our Lady of Mount Carmel,Valletta,,,Malta,1881-07-15,1881-07-15,chapter_decree,,,medium,1
madonna-ss-ma-delle-grazie-zabbar-malta-zabbar-o,"Madonna SS.ma delle Grazie (Żabbar, Malta)",,Blessed Virgin Mary,Chiesa Parrocchiale della Terra di Zabar (Żabbar),"Żabbar (OCR 'Zabar'), Malta",,,Malta,,,petition_not_conceded,,,low,1
nuestra-senora-de-la-asuncion-aguascalientes,Nuestra Señora de la Asunción,Domina Nostra ab Assumptione,Blessed Virgin Mary,templum cathedrale de Aguas Calientes (Basilica Minor),Aguascalientes,de Aguas Calientes,Aguascalientes,Mexico,,,papal_coronation_act,Ioannes Paulus PP. II,,high,1
nuestra-senora-del-rosario-alvarado-alvarado,Nuestra Señora del Rosario (Alvarado),Beata Maria Virgo a Rosario,Blessed Virgin Mary,paroeciale sacellum loci « Alvarado »,Alvarado,Verae Crucis,Veracruz,Mexico,,,papal_coronation_act,Ioannes Paulus PP. II,,high,1
nuestra-senora-de-la-soledad-antequera-oaxaca,Nuestra Señora de la Soledad,imago Almae Deiparae a Solitudine,Blessed Virgin Mary,templum B. Mariae V. Perdolentis (Basilica Minor),Antequera (Oaxaca),Antequerensis,Antequera (Oaxaca),Mexico,1909-01-18,1909-01-18,retrospective_attestation,Ioannes PP. XXIII,,high,1
nuestra-senora-del-carmen-catemaco,Nuestra Señora del Carmen,,Blessed Virgin Mary,Sanctuarium B.M.V. del Carmen,Catemaco,Sancti Andreae de Tuxtla,San Andrés Tuxtla,Mexico,,,papal_coronation_act,Ioannes Paulus PP. II,,high,1
del-pueblito-el-pueblito-near-queretaro,del Pueblito,"Imago Beatae Mariae Virginis, vulgo « del Pueblito »",Blessed Virgin Mary,"Templum eiusdem appellationis (« del Pueblito »), entrusted to the Friars Minor","El Pueblito, near Querétaro",Queretarensis,Querétaro,Mexico,1946-10-17,1946-10-17,retrospective_attestation,Pius PP. XII,"Marcianus Tinajero y Estrada, Episcopus Queretarensis (acting 'Nostro nomine et auctoritate')",high,1
nuestra-senora-de-la-caridad-huamantla,Nuestra Señora de la Caridad,Imago Beatae Mariae Virginis a Caritate,Blessed Virgin Mary,,Huamantla,Tlaxcalensis,Tlaxcala,Mexico,,,papal_coronation_act,Paulus PP. VI,"Marius Pius Gaspari, Archiepiscopus titulo Numidensis, in Mexico Apostolicus Delegatus (deputed to crown 'nomine et auctoritate Nostra')",medium,1
nuestra-senora-de-izamal-izamal,Nuestra Señora de Izamal,Imago Beatae Mariae Virginis de Izamal,Blessed Virgin Mary,,Izamal,Yucatanensis,Yucatán,Mexico,1949,1949,retrospective_attestation,Ioannes PP. XXIII,,high,1
nuestra-senora-de-la-luz-madre-santisima-de-la-l,Nuestra Senora de la Luz (Madre Santisima de la Luz),Deipara a Matre luminum,Blessed Virgin Mary,Cathedral church of Leon,Leon,Leonensis,Leon,Mexico,,,retrospective_attestation,Benedictus PP. XV,,high,1
nuestra-senora-de-guanajuato-leon,Nuestra Señora de Guanajuato,Sacra Imago Dominae Nostrae de Guanajuato,Blessed Virgin Mary,"templum Dominae Nostrae de Guanajuato (Basilica Minor, now Collegiata)",León,Leonensis,León,Mexico,,,retrospective_attestation,Pius PP. XII,,medium,1
beata-maria-virgo-lauretana-loreto,,Beata Maria Virgo Lauretana,Blessed Virgin Mary,,Loreto,Tigiuanaënsis,Tijuana,Mexico,,,retrospective_attestation,Paulus PP. VI,,medium,1
nuestra-senora-de-guadalupe-manzanillo,Nuestra Señora de Guadalupe,Beata Maria Virgo « de Guadalupe »,Blessed Virgin Mary,Templum paroeciale eiusdem tituli (parish church of Our Lady of Guadalupe),Manzanillo,Colimensis,Colima,Mexico,,,papal_coronation_act,Ioannes Paulus PP. II,,high,1
domina-nostra-a-sacro-corde-iesu-mexico-city,,Domina Nostra a Sacro Corde Iesu,Blessed Virgin Mary,templum paroeciale Sancti Ioseph et Dominae Nostrae a Sacro Corde Iesu,Mexico City,Mexicanus,Mexico City,Mexico,1948-09-26,1948-09-26,retrospective_attestation,Ioannes Paulus PP. II,,high,1
nuestra-senora-de-guadalupe-mexicopolis-mexico-c,Nuestra Señora de Guadalupe,B. Maria V. Guadalupensis,Blessed Virgin Mary,"Sanctuarium B. Mariae V. Guadalupensis (the Basilica, 'la Basilica, recien restaurada')",Mexicopolis (Mexico City),Mexicana,Mexico City,Mexico,1895-10-12,1895-10-12; 1945-10-12; 1979-01-27,chapter_decree,Ioannes Paulus PP. II; Paulus PP. VI; Pius PP. XII,,high,8
nuestra-senora-de-monterrey-monterrey,Nuestra Señora de Monterrey,Beata Maria Virgo Immaculata,Blessed Virgin Mary,parish church raised to Basilica Minor by the Brief « Romanorum Pontificum » of 4 March 1989 (name not given in the act; the coronation itself took place « in Rivo Sancta Catharina urbis Monterreyensis »),Monterrey,Monterreyensis,Monterrey,Mexico,1990-05-10,1990-05-10,papal_coronation_act,Ioannes Paulus PP. II,,high,2
nuestra-senora-de-los-remedios-naucalpan,Nuestra Señora de los Remedios,Imago Beatae Mariae Virginis quae in sacra aede Naucalpanensis civitatis servatur,Blessed Virgin Mary,Sacra aedes civitatis Naucalpanensis,Naucalpan,Tlalnepantlana,Tlalnepantla,Mexico,,,papal_coronation_act,Paulus PP. VI,"Philippus a Iesu Cueto, Episcopus Tlalnepantlanus (deputed to impose the crown 'Nostro nomine et auctoritate')",high,1
nuestra-senora-de-ocotlan-ocotlan-provincia-tlax,Nuestra Señora de Ocotlán,Beata Maria Virgo Immaculata de Ocotlan,Blessed Virgin Mary,Ecclesia collegialis B. M. V. « de Ocotlan »,Ocotlan (provincia Tlaxcalensis),Angelorum (archidioecesis; olim dioecesis de Tlaxcala),Puebla de los Angeles,Mexico,,,retrospective_attestation,Pius PP. XII,,high,2
nuestra-senora-del-carmen-papantla,Nuestra Señora del Carmen,Beata Maria Virgo de Monte Carmelo,Blessed Virgin Mary,the episcopal see church of Papantla ('in ipsa episcopali sede proposita'),Papantla,Papantlensis,Papantla,Mexico,1948,1948,retrospective_attestation,Ioannes PP. XXIII,,medium,1
nuestra-senora-de-la-salud-patzcuaro,Nuestra Señora de la Salud,Beata Maria Virgo a Salute,Blessed Virgin Mary,Ecclesia conlegiata B. M. V. a Salute (vulgo de la Salud),Pátzcuaro,Mechoacanensis,Morelia (Michoacán),Mexico,1899,1899,retrospective_attestation,Pius PP. XI,,high,1
nuestra-senora-de-san-juan-de-los-lagos-san-juan,Nuestra Señora de San Juan de los Lagos,"Beata Maria Virgo Immaculata, sub titulo « de San Juan de los Lagos »",Blessed Virgin Mary,"Templum B. M. V. « de San Juan de los Lagos » (collegiate church, raised to Basilica Minor 1 May 1947)",San Juan de los Lagos,Guadalaiarensis,Guadalajara,Mexico,,,retrospective_attestation,Pius PP. XII,,high,2
nuestra-senora-de-guanajuato-santa-fe-de-guanaju,Nuestra Señora de Guanajuato,Simulacrum Beatae Mariae Virginis primae labis nesciae,Blessed Virgin Mary,Ecclesia paroecialis B. Mariae Virginis (Templum dedicated 1671),Santa Fe de Guanajuato,Leonensis,León,Mexico,,,retrospective_attestation,Pius PP. XII,,high,1
nuestra-senora-del-rosario-de-talpa-talpa-talpa,Nuestra Señora del Rosario de Talpa,Beatissima Virgo Maria a Sacratissimo Rosario,Blessed Virgin Mary,Sanctuarium (Templum) B. Mariae V. a Sacratissimo Rosario,Talpa (Talpa de Allende),Tepicensis,Tepic,Mexico,1923,1923,retrospective_attestation,Pius PP. XII,,high,2
virgen-de-la-candelaria-tecoman,Virgen de la Candelaria,,Blessed Virgin Mary,Sanctuarium oppidi Tecomán,Tecomán,Colimensis,Colima,Mexico,,,papal_coronation_act,Ioannes Paulus PP. II,,medium,1
nuestra-senora-de-los-remedios-tlalnepantla,Nuestra Señora de los Remedios,,Blessed Virgin Mary,Sanctuarium Nuestra Señora de los Remedios,Tlalnepantla,Tlalnepantlana,Tlalnepantla,Mexico,1974,1974,retrospective_attestation,Ioannes Paulus PP. II,,high,1
sterre-der-zee-star-of-the-sea-maastricht,Sterre der Zee (Star of the Sea),Beata Maria Virgo sub titulo « Stellae Maris »,Blessed Virgin Mary,Templum paroeciale B. M. V. in caelum Assumptae,Maastricht,Ruremondensis,Roermond,Netherlands,1912,1912,retrospective_attestation,Pius PP. XI,,medium,1
la-virgen-del-viejo-nuestra-senora-de-el-viejo-e,La Virgen del Viejo (Nuestra Señora de El Viejo),Imago Deiparae Virginis titulo Immaculatae Conceptionis,Blessed Virgin Mary,Sanctuarium nationale Nicaraguanum (El Viejo),El Viejo,Leonensis in Nicaragua,León (Nicaragua),Nicaragua,1747,1747,papal_coronation_act,Ioannes Paulus PP. II,,high,2
nuestra-senora-de-la-asuncion-monimbo,Nuestra Señora de la Asunción,Imago Beatae Mariae Virginis sub titulo « Nuestra Señora de la Asunción »,Blessed Virgin Mary,Paroecia S. Mariae Magdalenae,Monimbó,Managuensis,Managua,Nicaragua,,,papal_coronation_act,Ioannes Paulus PP. II,"Managuensis Ordinarius (Michael Obando Bravo, Archiepiscopus Managuensis, was the petitioner and is charged to impose the crown 'Nostro nomine et auctoritate')",medium,1
virgen-de-la-puerta-peru,Virgen de la Puerta,,Blessed Virgin Mary,,,,,Peru,1943,1943,retrospective_attestation,Pius PP. XII,,medium,1
la-virgen-de-la-candelaria-de-chapi-chapi,La Virgen de la Candelaria de Chapi,Simulacrum B. M. V. sub titulo « la Virgen de la Candelaria »,Blessed Virgin Mary,sacra aedes loci « Chapi »,Chapi,Arequipensis,Arequipa,Peru,1985-02-02,1985-02-02,papal_personal_coronation,Ioannes Paulus PP. II,,high,1
nuestra-senora-de-la-merced-lima,Nuestra Señora de la Merced,prodigiosa Beatae Mariae Virginis de Mercede imago,Blessed Virgin Mary,Ecclesia Beatae Mariae Virginis de Mercede (Ordinis Redemptionis Captivorum),Lima,Limana (archidioecesis),Lima,Peru,1721-09-24,1721-09-24; 1921-09-24,chapter_decree,Pius PP. XI,,high,2
nuestra-senora-de-la-evangelizacion-lima,Nuestra Señora de la Evangelización,,Blessed Virgin Mary,,Lima,Limana,Lima,Peru,,,papal_personal_coronation,Ioannes Paulus PP. II,,high,1
nuestra-senora-del-carmen-de-paucartambo-paucart,Nuestra Señora del Carmen (de Paucartambo),Imago B. M. V. « dei Carmen »,Blessed Virgin Mary,templum paroeciale oppiduli Paucartambo,Paucartambo,Cuschensis,Cusco,Peru,1985-02-03,1985-02-03,papal_personal_coronation,Ioannes Paulus PP. II,,high,1
nuestra-senora-de-caysasay-philippines,Nuestra Señora de Caysasay,,Blessed Virgin Mary,,,,,Philippines,1954-12-08,1954-12-08,retrospective_attestation,Pius PP. XII,,medium,1
statua-iesu-infantis-cebu,,statua Iesu Infantis,Infant Jesus,,Cebu,Caebuana,Cebu,Philippines,1965,1965,papal_legate_deputation,Paulus PP. VI,"Hildebrandus Antoniutti, S.R.E. Cardinalis, Praefectus Sacri Consilii Religiosis Ordinibus Sodalitatibusque praepositi",medium,1
visita-malabon,Visita,Imago Beatae Mariae Virginis Immaculatae vulgo « Visita » nuncupata,Blessed Virgin Mary,parish church of Malabon,Malabon,Manilensis,Manila,Philippines,,,papal_coronation_act,Ioannes Paulus PP. II,,high,1
our-lady-of-mt-carmel-manila,Our Lady of Mt. Carmel,,Blessed Virgin Mary,basilica paroecialis Sancti Sebastiani,Manila,Manilensis,Manila,Philippines,,,papal_coronation_act,Ioannes Paulus PP. II,,high,1
our-lady-of-the-abandoned-manila-santa-ana,Our Lady of the Abandoned,,Blessed Virgin Mary,ecclesia Sanctae Annae,Manila (Santa Ana),Manilensis,Manila,Philippines,,,papal_coronation_act,Ioannes Paulus PP. II,,high,1
our-lady-of-penafrancia-paco-manila,Our Lady of Peñafrancia,Imago B. Mariae Virginis « Our Lady of Peñafrancia »,Blessed Virgin Mary,parish church of Paco,"Paco, Manila",Manilensis,Manila,Philippines,,,papal_coronation_act,Ioannes Paulus PP. II,,high,1
our-lady-of-the-most-holy-rosary-ubanon,Our Lady of the Most Holy Rosary,Beata Maria Virgo sub titulo « Sanctissimi Rosarii »,Blessed Virgin Mary,,Ubanon,Calbayogana,Calbayog,Philippines,,,papal_coronation_act,Ioannes Paulus PP. II,,medium,1
matka-milosierdzia-bialystok,Matka Miłosierdzia,Mater Misericordiae,Blessed Virgin Mary,sacellum cathedralis templi Bialostocensis,Białystok,Bialostocensis,Białystok,Poland,,,papal_coronation_act,Ioannes Paulus PP. II,,medium,1
imago-b-m-virginis-quae-in-sacra-aede-loci-vulgo,,Imago B. M. Virginis quae in sacra aede loci vulgo Blotnica colitur,Blessed Virgin Mary,Perantiquum paroeciale templum loci Blotnica,Blotnica (Bloetnica),Sandomiriensis,Sandomierz,Poland,,,papal_coronation_act,Paulus PP. VI,"Petrus Golebiowski, Episcopus titulo Panitanus, Administrator Apostolicus dioecesis Sandomiriensis (deputed to impose the crown 'Nostro nomine et auctoritate')",high,1
obraz-matki-bozej-z-brdowa-our-lady-of-brdow-brd,Obraz Matki Bożej z Brdowa (Our Lady of Brdów),Beata Maria Virgo « Victrix »,Blessed Virgin Mary,sanktuarium w Brdowie (sanctuary of Brdów),Brdów,Vladislaviensis,Włocławek,Poland,1983-06-19,1983-06-19,papal_coronation_act,Ioannes Paulus PP. II,,high,2
nostra-signora-di-chelm-chelm,Nostra Signora di Chelm,,Blessed Virgin Mary with Child (Dexiokratousa),Cathedral of the Nativity of the Virgin,Chełm,,,Poland,1765-09-15,1765-09-15,chapter_decree,,,medium,2
matka-boza-bolesna-chelminska-chelmno,Matka Boża Bolesna Chełmińska,,Blessed Virgin Mary (Pietà),,Chełmno,,,Poland,1754-05-22,1754-05-22,chapter_decree,,,low,1
beata-maria-virgo-nivalis-et-divinus-infans-ciri,,Beata Maria Virgo Nivalis et Divinus Infans,Blessed Virgin Mary,Abbatia de Ciricio,Ciricium (Szczyrzyc),Tarnoviensis,Tarnów,Poland,,,papal_coronation_act,Ioannes Paulus PP. II,,medium,1
matka-boza-wychowawczyni-educatricis-czarna-czar,"Matka Boża Wychowawczyni (« Educatricis »), Czarna",Educatrix,Blessed Virgin Mary,Sanctuarium loci Czarna,Czarna,Radomensis,Radom,Poland,,,papal_coronation_act,Ioannes Paulus PP. II,,high,1
imago-beatae-mariae-virginis-scapularis-seu-de-m,,Imago Beatae Mariae Virginis Scapularis seu de Monte Carmelo,Blessed Virgin Mary,,Czerna,Cracoviensis,Kraków,Poland,,,papal_coronation_act,Ioannes Paulus PP. II,,medium,1
santa-maria-di-chiaromonte-czestochoviensi-czest,Santa Maria di Chiaromonte Czestochoviensi,Imago Beatae Mariae Virginis Claromontanae,Blessed Virgin Mary,Sanctuarium Iasnae Montanae (Jasna Góra),Częstochowa (Jasna Góra),Czestochoviensis,Częstochowa,Poland,1717-09-08,1717-09-08,chapter_decree,Franciscus PP.,,medium,3
imago-beatae-mariae-virginis-de-lysiec-gliwice,,Imago Beatae Mariae Virginis de « Lysiec »,Blessed Virgin Mary,"church of the Most Holy Trinity, Gliwice",Gliwice,Opoliensis,Opole,Poland,,,papal_coronation_act,Ioannes Paulus PP. II,,medium,2
matka-boza-pocieszenia-gniezno-gniezno,"Matka Boża Pocieszenia, Gniezno",Mater Consolationis,Blessed Virgin Mary,"Ecclesia B.M.V. in caelum Assumptae, Gnesnae",Gniezno,Gnesnensis,Gniezno,Poland,,,papal_coronation_act,Ioannes Paulus PP. II,,high,1
matka-boza-bolesna-halcnow-bielsko-biala,Matka Boża Bolesna,Mater Dei Dolorosa,Blessed Virgin Mary,paroeciale templum loci « Halcnów »,Hałcnów (Bielsko-Biała),Bielscensis-Zyviecensis,Bielsko-Żywiec,Poland,,,papal_coronation_act,Ioannes Paulus PP. II,,high,1
maria-sniezna-iglizna-iglizna-miedzygorze,Maria Śnieżna (Iglizna),Beata Maria Virgo Nivalis,Blessed Virgin Mary,"ecclesia in monte « Iglizna » seu Acuum, intra paroeciae Sancti Ioseph Miedzygórze fines",Iglizna (Miedzygórze),Vratislaviensis,Wrocław,Poland,,,papal_coronation_act,Ioannes Paulus PP. II,,medium,1
matka-niezawodnej-nadziei-jamna,Matka Niezawodnej Nadziei,imago Beatae Virginis Mariae sub titulo Matka Niezawodnej Nadziei,Blessed Virgin Mary,oratorium loci v.d. Jamna,Jamna,Tarnoviensis,Tarnów,Poland,1998-07-03,1998-07-03,papal_personal_coronation,Ioannes Paulus PP. II,,medium,1
matka-boza-laskawa-z-janowa-lubelskiego-janow-lu,Matka Boża Łaskawa z Janowa Lubelskiego,Imago B. M. V. titulo « Amabilis » seu « a Rosario »,Blessed Virgin Mary,templum paroeciale loci Janów Lubelski,Janów Lubelski,Lublinensis,Lublin,Poland,,,papal_coronation_act,Ioannes Paulus PP. II,,medium,1
matka-boza-bolesna-jaroslawska-jaroslaw,Matka Boża Bolesna Jarosławska,Beata Maria Virgo Dolorosa,Blessed Virgin Mary,Dominican shrine church of B. Maria Virgo Dolorosa at Jarosław (Ordo Praedicatorum),Jarosław,Premisliensis Latinorum,Przemyśl,Poland,1732,1732; 1755-09-08,chapter_decree,Paulus PP. VI,,medium,3
brama-milosierdzia-vrata-myloserdia-jaroslaw,Brama Miłosierdzia / Vrata Myloserdia,Beata Maria Virgo sub titulo « Porta Misericordiae »,Blessed Virgin Mary,Templum Transfigurationis Domini,Jarosław,Premisliensis ritus Byzantini Ucraini,Przemyśl (Ukrainian Byzantine rite),Poland,,,papal_coronation_act,Ioannes Paulus PP. II,,medium,1
simulacrum-sacrae-familiae-nazarethanae-kalisz,,simulacrum Sacrae Familiae Nazarethanae,Holy Family,"Basilica Assumptionis Beatae Mariae Virginis, « Kalisz »",Kalisz,Vladislaviensis,Włocławek,Poland,,,papal_coronation_act,Ioannes Paulus PP. II,,medium,1
obraz-matki-bozej-kalwaryjskiej-our-lady-of-kalw,Obraz Matki Bożej Kalwaryjskiej (Our Lady of Kalwaria),,Blessed Virgin Mary,Bernardine sanctuary of Kalwaria Zebrzydowska (raised to minor basilica in this same allocution),Kalwaria Zebrzydowska,,Kraków,Poland,1887-08-15,1887-08-15,retrospective_attestation,Ioannes Paulus PP. II,,high,1
matka-boza-kazimierska-kazimierz-kazimierz-dolny,Matka Boża Kazimierska,imago B. M. V. « Casimiriensis »,Blessed Virgin Mary,templum Ordinis Fratrum Minorum Reformatorum,Kazimierz (Kazimierz Dolny),Lublinensis,Lublin,Poland,,,papal_coronation_act,Ioannes Paulus PP. II,,high,1
matka-boza-kodenska-koden,Matka Boża Kodeńska,,Blessed Virgin Mary (Guadalupe type),,Kodeń,,,Poland,1723-08-15,1723-08-15,chapter_decree,,,medium,1
matka-boza-krolowa-rodzin-koscierzyna-koscierzyn,"Matka Boża Królowa Rodzin, Kościerzyna",Beata Maria Virgo Regina Familiarum,Blessed Virgin Mary,Templum paroeciale oppidi Kościerzyna,Kościerzyna,Pelplinensis,Pelplin,Poland,,,papal_coronation_act,Ioannes Paulus PP. II,,high,1
matka-boza-rozancowa-krakow,Matka Boża Różańcowa,Antiqua Effigies Beatae Mariae Virginis a Rosario (Imagini Mariae sanctae Nivalis Romae asservatae similis),Blessed Virgin Mary,"Ecclesia Sanctissimae Trinitatis, Ordinis Fratrum Praedicatorum (Rosary chapel)",Kraków,Cracoviensis,Kraków,Poland,1921,1921,retrospective_attestation,Pius PP. XII,,high,1
nostra-signora-di-piasek-krakow-na-piasku,Nostra Signora di Piasek,,Blessed Virgin Mary,"Church of the Visitation 'in Arenis' (Carmelites, Na Piasku)",Kraków (Na Piasku),,,Poland,1883-09-08,1883-09-08,chapter_decree,,,medium,1
matka-boza-fatimska-krakow-nowa-huta-bienczyce,Matka Boża Fatimska,Deipara Virgo de Fatima,Blessed Virgin Mary,templum paroeciale B.M.V. Reginae Poloniae,"Kraków, Nowa Huta-Bieńczyce",Cracoviensis,Kraków,Poland,,,papal_coronation_act,Ioannes Paulus PP. II,,high,1
matka-boza-nieustajacej-pomocy-krakow-podgorze,Matka Boża Nieustającej Pomocy,Imago Beatae Mariae Virginis de Perpetuo Succursu,Blessed Virgin Mary,Ecclesia paroecialis Sanctissimo Redemptori dicata,Kraków-Podgórze,Cracoviensis,Kraków,Poland,,,papal_coronation_act,Ioannes Paulus PP. II,,medium,1
antiquissima-beatae-matris-effigies-krypno,,antiquissima beatae Matris effigies,Blessed Virgin Mary,,Krypno,archidioecesis Vilnensis in Białystok,"Białystok (Vilnius archdiocese, Białystok portion)",Poland,,,papal_coronation_act,Ioannes Paulus PP. II,,high,1
matka-boza-laskawa-matki-bozej-laskawej-krzeszow,Matka Boża Łaskawa (Matki Bozej Laskawej),Beata Maria Virgo Gratiarum,Blessed Virgin Mary,Sanctuarium loci v.d. Krzeszów,Krzeszów,Legnicensis,Legnica,Poland,,,papal_coronation_act,Ioannes Paulus PP. II,,high,1
matka-boza-pocieszenia-our-lady-of-lezajsk-lezaj,Matka Boża Pocieszenia (Our Lady of Leżajsk),imago Beatae Mariae Virginis Infantem Iesum ulnis ferentis,Blessed Virgin Mary with Child (Our Lady of the Snows type),Ecclesia/sanctuarium ab Annuntiatione B. Mariae Virginis (Order of Friars Minor),"Leżajsk, Bernardines",Premisliensis Latinorum,Przemyśl (Latin rite),Poland,1752-09-08,1752-09-08,chapter_decree,Pius PP. XI,,medium,2
obraz-matki-bozej-z-lubaczowa-matka-boza-laskawa,"Obraz Matki Bożej z Lubaczowa (Matka Boża Łaskawa, image of the vows of King John Casimir)",,Blessed Virgin Mary,co-cathedral / church at Lubaczów (Apostolic Administration of Lubaczów),Lubaczów,,Lubaczów (Apostolic Administration; remnant of the archdiocese of Lviv of the Latins),Poland,1983-06-19,1983-06-19,papal_personal_coronation,Ioannes Paulus PP. II,,high,1
matka-boza-pocieszenia-lubiszewo-lubiszewo,"Matka Boża Pocieszenia, Lubiszewo","Beata Maria Virgo Gratiarum, « Mater Consolationis »",Blessed Virgin Mary,Ecclesia paroecialis loci Lubiszewo,Lubiszewo,Pelplinensis,Pelplin,Poland,,,papal_coronation_act,Ioannes Paulus PP. II,,high,1
matka-boza-placzaca-lublin-lublin,Matka Boża Płacząca (Lublin),simulacrum B. M. V. « Dominae Nostrae Plorantis »,Blessed Virgin Mary,cathedralis aedes Sancti Ioannis,Lublin,Lublinensis,Lublin,Poland,,,papal_coronation_act,Ioannes Paulus PP. II,,high,1
swieta-rodzina-miedniewicka-miedniewice,Święta Rodzina Miedniewicka,,Holy Family,Church of the Visitation (Reformed Franciscans),Miedniewice,,,Poland,1767-06-07,1767-06-07,chapter_decree,,,low,2
pocieszycielka-strapionych-matka-boza-pocieszeni,"Pocieszycielka Strapionych (Matka Boża Pocieszenia), Miedzna",Consolatrix Afflictorum,Blessed Virgin Mary,Ecclesia paroecialis loci Miedzna,Miedzna,Drohiczinensis,Drohiczyn,Poland,,,papal_coronation_act,Ioannes Paulus PP. II,,high,1
beata-maria-virgo-assumpta-in-caelum-regina-sanc,,Beata Maria Virgo « Assumpta in Caelum Regina Sancti Rosarii »,Blessed Virgin Mary,"Ecclesia paroecialis B.M.V. a Sancto Rosario et Sancti Stanislai, episcopi et martyris",Myszków-Mrzygłód,Czestochoviensis,Częstochowa,Poland,,,papal_coronation_act,Ioannes Paulus PP. II,,medium,1
picta-imago-beatissimae-dei-matris-opoliensis-op,,picta Imago beatissimae Dei Matris Opoliensis,Blessed Virgin Mary,templum cathedrale Opoliense,Opole,Opoliensis,Opole,Poland,,,papal_coronation_act,Ioannes Paulus PP. II,,high,1
obraz-matki-bozej-z-katedry-opolskiej-our-lady-o,Obraz Matki Bożej z katedry opolskiej (Our Lady of Opole),,Blessed Virgin Mary,cathedral of Opole (image); coronation performed at the sanctuary of St Anne on Góra Świętej Anny,Opole (coronation at Góra Świętej Anny),,Opole,Poland,1983-06-21,1983-06-21,papal_personal_coronation,Ioannes Paulus PP. II,,high,1
matka-boza-kujawska-ostrowas-ostrowas,Matka Boża Kujawska (Ostrowąs),Domina Cuiaviensis,Blessed Virgin Mary,Ecclesia paroecialis loci « Ostrowąs »,Ostrowąs,Vladislaviensis,Włocławek,Poland,,,papal_coronation_act,Ioannes Paulus PP. II,,high,1
imago-b-m-v-ostrozanensis-ostrozany,,Imago B. M. V. Ostrozanensis,Blessed Virgin Mary,"parish church of Ostrożany (B. M. V. and Sts Peter, Paul and Martin)",Ostrożany,Pinskensis,"Pinsk (Polish part, administered from Drohiczyn)",Poland,,,papal_coronation_act,Ioannes Paulus PP. II,,medium,1
matka-boza-pocieszenia-pasierbiec,Matka Boża Pocieszenia,Beata Maria Virgo a Consolatione,Blessed Virgin Mary,ecclesia paroecialis,Pasierbiec,Tarnoviensis,Tarnów,Poland,,,papal_coronation_act,Ioannes Paulus PP. II,,high,1
matka-boza-piekarska-piekary-slaskie,Matka Boża Piekarska,Antiquissima imago mariana loci Piekary,Blessed Virgin Mary,ecclesia paroecialis urbis Piekary (built 1846),Piekary Śląskie,Katovicensis,Katowice,Poland,,,retrospective_attestation,Franciscus PP.; Ioannes PP. XXIII,,medium,2
matka-boza-mirowska-pinczow,Matka Boża Mirowska,,Blessed Virgin Mary,templum Ordinis Fratrum Minorum,Pińczów,Kielcensis,Kielce,Poland,,,papal_coronation_act,Ioannes Paulus PP. II,,high,1
matka-boza-of-ploki-ploki,Matka Boża of Płoki,sacra imago Beatae Virginis Mariae,Blessed Virgin Mary,,Ploki,Cracoviensis,Kraków,Poland,,,papal_coronation_act,Ioannes Paulus PP. II,,high,1
matka-boza-teskniaca-matka-boza-teskniaca-powsin,"Matka Boża Tęskniąca (Matka Boza Teskniaca), Powsin",,Blessed Virgin Mary,Ecclesia paroecialis loci Powsin,Powsin (Warszawa),Varsaviensis,Warszawa (Warsaw),Poland,,,papal_coronation_act,Ioannes Paulus PP. II,,high,1
imago-deiparae-virginis-mariae-immaculatae-przas,,Imago Deiparae Virginis Mariae Immaculatae,Blessed Virgin Mary,Sacellum / sanctuarium Patrum Passionistarum (Congregation of the Passion),Przasnysz,Plocensis,Plock,Poland,,,papal_coronation_act,Paulus PP. VI,"Deusdedit Marianus Vincentius Sikorski, Episcopus Plocensis (deputed to impose the crown 'Nostro nomine et auctoritate')",high,1
matka-boza-jackowa-przemysl-dominicans,Matka Boża Jackowa,"signum Dei Genetricis (Beata Maria Virgo, Regina Poloniae)",Blessed Virgin Mary with Child (enthroned; alabaster statuette),"cathedralis ecclesia Premisliensis Latinorum, S. Ioanni Baptistae ac B. Mariae Virgini Reginae Poloniae sacra","Przemyśl, Dominicans",Premisliensis Latinorum,Przemyśl (Latin rite),Poland,1766-08-15,1766-08-15,chapter_decree,Ioannes PP. XXIII,,medium,2
matka-boza-niepokalana-franciscans-przemysl-fran,Matka Boża Niepokalana (Franciscans),,Blessed Virgin Mary (Immaculata),,"Przemyśl, Franciscans",,,Poland,1777-09-15,1777-09-15,chapter_decree,,,medium,1
matka-boza-z-plonki-koscielnej-plonka-koscielna,Matka Boża z Płonki Kościelnej,Mariale simulacrum sanctuarii paroeciae Plonka Koscielna,Blessed Virgin Mary,sacellum paroeciae Plonka Koscielna,Płonka Kościelna,Lomzensis,Łomża,Poland,,,papal_coronation_act,Ioannes Paulus PP. II,,medium,1
matka-boza-rokitnianska-cierpliwie-sluchajaca-ro,Matka Boża Rokitniańska (Cierpliwie Słuchająca),imago B. M. V. « Dominae patientis exauditionis »,Blessed Virgin Mary,paroecia Rokitno,Rokitno,Gorzoviensis,Gorzów (Zielona Góra-Gorzów),Poland,,,papal_coronation_act,Ioannes Paulus PP. II,,high,1
matka-boza-rzeszowska-rzeszow,Matka Boża Rzeszowska,,Blessed Virgin Mary with Child (standing; wooden statuette),,Rzeszów,,,Poland,1763-09-08,1763-09-08,chapter_decree,,,medium,1
imago-beatae-virginis-in-sacra-tilia-culta-sacra,,imago Beatae Virginis in Sacra Tilia culta,Blessed Virgin Mary,ecclesia Visitationis Beatae Mariae Virginis in Sacra Tilia,Sacra Tilia,Varmiensis,Warmia,Poland,,,retrospective_attestation,Ioannes Paulus PP. II,,medium,1
sacra-imago-beatae-virginis-mariae-quae-in-templ,,Sacra imago Beatae Virginis Mariae quae in templo loci vulgo Sierpe colitur,Blessed Virgin Mary,Templum loci Sierpe,Sierpc,Plocensis,Plock,Poland,,,papal_coronation_act,Ioannes Paulus PP. II,"Bogdanus Sikorski, Episcopus Plocensis (granted the faculty to crown 'nomine Nostro')",medium,1
matka-boza-bolesna-of-skrzatusz-skrzatusz,Matka Boża Bolesna of Skrzatusz,Imago B. Mariae Virginis Perdolentis,Blessed Virgin Mary,Ecclesia-sanctuarium loci « Skrzatusz »,Skrzatusz,Coslinensis-Colubregana,Koszalin-Kołobrzeg,Poland,,,papal_coronation_act,Ioannes Paulus PP. II,,high,1
matka-boza-staroskrzynska-staroskrzynska-skrzynn,"Matka Boża Staroskrzyńska (« Staroskrzynska »), Skrzynno",,Blessed Virgin Mary,Sanctuarium-ecclesia paroecialis loci Skrzynsko,Skrzynno / Skrzynsko,Radomensis,Radom,Poland,,,papal_coronation_act,Ioannes Paulus PP. II,,high,1
matka-boza-bolesna-skulsk,Matka Boża Bolesna,Sanctissima Maria Virgo Mater Dolorosa,Blessed Virgin Mary,Ecclesia paroecialis oppidi Skulsk,Skulsk,Vladislaviensis,Włocławek,Poland,,,papal_coronation_act,Ioannes Paulus PP. II,,medium,1
matka-boza-skepska-skepe,Matka Boża Skępska,,Blessed Virgin Mary (Immaculata; wooden statuette),,Skępe,,,Poland,1755-05-18,1755-05-18,chapter_decree,,,medium,1
imago-virginis-b-mariae-virginis-in-caelum-assum,,Imago Virginis (B. Mariae Virginis in caelum Assumptae),Blessed Virgin Mary,Sanctuarium B. M. V. in caelum Assumptae (Societatis Iesu),Starawieś,Premisliensis Latinorum,Przemyśl (Latin rite),Poland,1877,1877,retrospective_attestation,Pius PP. XI,"Ludovicus Iacobini, Apostolicae Sedis Legatus",high,1
obraz-matki-bozej-ze-stoczka-warminskiego-matka,Obraz Matki Bożej ze Stoczka Warmińskiego (Matka Pokoju / Mother of Peace),Imago B. M. V. « Matris Pacis »,Blessed Virgin Mary,sanktuarium w Stoczku Warmińskim (sanctuary of Stoczek Warmiński),Stoczek Warmiński,Varmiensis,Warmia,Poland,1983-06-19,1983-06-19,papal_personal_coronation,Ioannes Paulus PP. II,,high,2
matka-boza-fatimska-szczecin-szczecin-stettin,Matka Boża Fatimska (Szczecin),simulacrum B. M. V. de Fatima,Blessed Virgin Mary,templum paroeciale Immaculati Cordis Mariae,Szczecin (Stettin),Sedinensis-Caminensis,Szczecin-Kamień,Poland,,,papal_coronation_act,Ioannes Paulus PP. II,,high,1
matka-boza-szkaplerzna-tomaszow-lubelski,Matka Boża Szkaplerzna,Imago Beatae Mariae Virginis Scapularis,Blessed Virgin Mary,Ecclesia paroecialis Annuntiationis B.M.V.,Tomaszów Lubelski,Zamosciensis-Lubaczoviensis,Zamość-Lubaczów,Poland,,,papal_coronation_act,Ioannes Paulus PP. II,,high,1
matka-boza-fatimska-trzebinia-trzebinia,"Matka Boża Fatimska, Trzebinia",Beata Maria Virgo de Fatima,Blessed Virgin Mary,Ecclesia paroecialis Sacratissimi Cordis Iesu,Trzebinia,Cracoviensis,Kraków,Poland,,,papal_coronation_act,Ioannes Paulus PP. II,,high,1
matka-boza-wspomozycielka-twardogora,Matka Boża Wspomożycielka,Imago Beatae Mariae Virginis Auxiliatricis,Blessed Virgin Mary,Ecclesia sanctuarii B.M.V.,Twardogóra,Calissiensis,Kalisz,Poland,,,papal_coronation_act,Ioannes Paulus PP. II,,medium,1
matka-boza-fatimska-wadowice,Matka Boża Fatimska,Beata Maria Virgo de Fatima,Blessed Virgin Mary,templum S. Petri Apostoli,Wadowice,Cracoviensis,Kraków,Poland,,,papal_personal_coronation,Ioannes Paulus PP. II,,high,1
matka-boza-laskawa-wieliczka,Matka Boża Łaskawa,Imago Beatae Mariae Virginis Gratiarum,Blessed Virgin Mary,Templum paroeciale sancto Francisco Assisiensi dicatum,Wieliczka,Cracoviensis,Kraków,Poland,,,papal_coronation_act,Ioannes Paulus PP. II,,medium,1
matka-boza-of-wola-gulowska-wola-gulowska,Matka Boża of Wola Gułowska,imago veneranda beatae Mariae Virginis,Blessed Virgin Mary,templum Ordinis Fratrum Beatae Mariae Virginis de Monte Carmelo « Wola Gulowska »,Wola Gulowska,Siedlcensis,Siedlce,Poland,,,papal_coronation_act,Ioannes Paulus PP. II,,high,1
matka-boza-laskawa-wroclaw,Matka Boża Łaskawa,Beata Maria Virgo divinae Gratiae,Blessed Virgin Mary,Templum paroeciale S. Caroli Borromaei,Wrocław,Wratislaviensis,Wrocław,Poland,,,papal_coronation_act,Ioannes Paulus PP. II,,medium,1
matka-boza-adorujaca-matka-boza-sobieska-wroclaw,Matka Boża Adorująca (Matka Boża Sobieska),Beata Maria Virgo « Mater Adorans »,Blessed Virgin Mary,Templum cathedrale Sancto Ioanni Baptistae dicatum,Wrocław,Vratislaviensis,Wrocław,Poland,,,papal_coronation_act,Ioannes Paulus PP. II,,high,1
matka-boza-zwycieska-mariampolska-wroclaw-wrocla,"Matka Boża Zwycięska (Mariampolska), Wrocław",imago Beatae Mariae Victricis,Blessed Virgin Mary,"templum B.M.V. « in Arena » (Wrocław, NMP na Piasku)",Wrocław (Vratislavia),Vratislaviensis,Wrocław,Poland,,,papal_coronation_act,Ioannes Paulus PP. II,,high,1
b-m-v-de-consolatione-imago-wlodawa-orchowek,,B. M. V. de Consolatione imago,Blessed Virgin Mary,parish church of Włodawa-Orchówek,Włodawa-Orchówek,Siedlcensis,Siedlce,Poland,,,papal_coronation_act,Ioannes Paulus PP. II,,high,1
matka-boza-fatimska-zakopane-krzeptowki-zakopane,"Matka Boża Fatimska, Zakopane-Krzeptówki",B. M. V. signum,Blessed Virgin Mary,ecclesia paroecialis Zakopane-Krzeptówki,Zakopane-Krzeptówki,Cracoviensis,Kraków,Poland,1987-10-11,1987-10-11,papal_personal_coronation,Ioannes Paulus PP. II,,medium,1
obraz-matki-bozej-z-zielenic-zieleniecki-obraz-b,Obraz Matki Bożej z Zielenic (zieleniecki obraz Bogarodzicy),,Blessed Virgin Mary,sanktuarium w Zielenicach (sanctuary of Zielenice),Zielenice,,Kielce,Poland,1983-06-19,1983-06-19,papal_personal_coronation,Ioannes Paulus PP. II,,high,1
matka-boza-lakowska-laki-bratianskie,Matka Boża Łąkowska,,Blessed Virgin Mary with Child (standing; wooden statuette),,Łąki Bratiańskie,,,Poland,1752-06-04,1752-06-04,chapter_decree,,,low,1
deiparae-immaculatae-simulacrum-braga,,Deiparae Immaculatae simulacrum,Blessed Virgin Mary,Sanctuarium « Monte do Sameiro »,Braga,Bracarensis,Braga,Portugal,1904,1904,retrospective_attestation,Pius PP. XII,,medium,1
nossa-senhora-de-fatima-fatima,Nossa Senhora de Fátima,Beata Maria Virgo a Sacratissimo Rosario (Imago Deiparae a Fatima),Blessed Virgin Mary,Ecclesia principalis B. Mariae V. a Sacratissimo Rosario (Basilica of Our Lady of the Rosary),Fátima,Leiriensis,Leiria,Portugal,1946-05-13,1946-05-13,papal_legate_deputation,Paulus PP. VI; Pius PP. XII,Benedictus S. R. E. Cardinalis Aloisi Masella,high,7
nuestra-senora-de-monserrate-hormigueros,Nuestra Señora de Monserrate,Imago Beatae Mariae Virginis sub titulo « Nuestra Señora de Monserrate »,Blessed Virgin Mary,Sacrarium « Nuestra Señora de Monserrate »,Hormigueros,Maiaguezensis,Mayagüez,Puerto Rico,,,papal_coronation_act,Ioannes Paulus PP. II,,medium,1
sedembolestna-panna-maria-sastin-sastin-straze,Sedembolestná Panna Mária (Šaštín),pervetustum Beatae Mariae Virginis Dolorosae simulacrum (Virgo Perdolens seu a septem Doloribus),Blessed Virgin Mary,Sanctuarium Beatissimae Virginis Mariae Septem Dolorum in oppido « Sassinio »,Šaštín-Stráže,Administratio Apostolica Tyrnaviensis,Trnava,Slovakia,1864,1864,retrospective_attestation,Paulus PP. VI,,medium,1
santa-maria-delle-grazie-mons-sanctus-prope-urbe,Santa Maria delle Grazie,Beata Maria Virgo Gratiarum in Monte Sancto (Deipara Virgo Opifera),Blessed Virgin Mary,Ecclesia Beatae Mariae Virginis Gratiarum in Monte Sancto,"Mons Sanctus prope Urbem Goritiam (Monte Santo / Sveta Gora, near Gorizia)",Goritiensis,Gorizia,Slovenia,1717,1717,chapter_decree,Pius PP. X,,medium,2
nuestra-senora-de-la-pena-de-francia-spain,Nuestra Señora de la Peña de Francia,Beata Maria Virgo « Peña de Francia »,Blessed Virgin Mary,sacra aedes seu sanctuarium Beatae Mariae Virginis « Peña de Francia » (entrusted to the Order of Preachers),,Salmantina,Salamanca,Spain,1952,1952,retrospective_attestation,Paulus PP. VI,,high,1
nuestra-senora-del-remedio-alicante-lucentum,Nuestra Señora del Remedio,,Blessed Virgin Mary,"Ecclesia concathedralis S. Nicolai, Alicante",Alicante (Lucentum),Oriolensis-Lucentinus,Orihuela-Alicante,Spain,,,papal_coronation_act,Ioannes Paulus PP. II,,high,1
virgen-de-la-cabeza-andujar,Virgen De La Cabeza,Beata Maria Virgo « de la Cabeza »,Blessed Virgin Mary,Santuario de Nuestra Señora de la Cabeza,Andújar,Giennensis,Jaén,Spain,1909-04-23,1909-04-23; 1960,chapter_decree,Ioannes PP. XXIII,,high,3
nuestra-senora-de-aranzazu-aranzazu-near-onate-g,Nuestra Senora de Aranzazu,Beata Maria Virgo de Aranzazu,Blessed Virgin Mary,Sanctuarium Beatae Mariae Virginis de Aranzazu (Franciscan friars),"Aranzazu, near Onate (Guipuzcoa)",Victoriensis,Vitoria,Spain,1886-06-06,1886-06-06,chapter_decree,Benedictus PP. XV,,medium,2
mare-de-deu-de-la-merce-nuestra-senora-de-la-mer,Mare de Déu de la Mercè / Nuestra Señora de la Merced,"pervetus Virginis Mercedoniae simulacrum, catalaunica arte ex ligno mirifice sculptum",Blessed Virgin Mary,Regale templum parochiale B. Mariae Virginis de Mercede,Barcelona,Barcinonensis,Barcelona,Spain,,,retrospective_attestation,Benedictus PP. XV,,high,1
virgen-de-begona-bilbao,Virgen de Begoña,,Blessed Virgin Mary,Basílica de Begoña,Bilbao,,,Spain,1900-09-08,1900-09-08,chapter_decree,,,medium,1
nuestra-senora-de-la-misericordia-mare-de-deu-de,"Nuestra Señora de la Misericordia (Mare de Déu de la Misericòrdia), Burriana",,Blessed Virgin Mary,,Burriana (Borriana),Segobricensis-Castellionensis,Segorbe-Castellón,Spain,,,papal_coronation_act,Ioannes Paulus PP. II,,high,1
nuestra-senora-de-la-misericordia-canet-de-mar,Nuestra Señora de la Misericordia,Beata Maria semper Virgo a Misericordia,Blessed Virgin Mary,Sanctuarium B. Mariae semper Virginis a Misericordia / ecclesia paroecialis loci « Canet de Mar »,Canet de Mar,Gerundensis,Girona,Spain,1907,1907,retrospective_attestation,Pius PP. XII,,high,1
nuestra-senora-de-la-fuensanta-cordoba,Nuestra Señora de la Fuensanta,Beata Maria Virgo titulo « Nuestra Señora de la Fuensanta »,Blessed Virgin Mary,,Córdoba,Cordubensis,Córdoba,Spain,,,papal_coronation_act,Ioannes Paulus PP. II,,high,1
nuestra-senora-de-uribarri-durango-vizcaya,Nuestra Señora de Uribarri,Beata Maria Virgo de Uribarri,Blessed Virgin Mary,Templum archipresbyterale de Durango,Durango (Vizcaya),Victoriensis,Vitoria,Spain,,,papal_coronation_act,Pius PP. XII,,high,1
virgen-de-los-desamparados-el-saliente,Virgen de los Desamparados,Imago Beatae Mariae Virginis « Virgen de los desamparados »,Blessed Virgin Mary,Sanctuary of El Saliente,El Saliente,Almeriensis,Almería,Spain,,,papal_coronation_act,Ioannes Paulus PP. II,,medium,1
nuestra-senora-de-guadalupe-extremadura-guadalup,Nuestra Señora de Guadalupe (Extremadura),Beata Maria Virgo de Guadalupe,Blessed Virgin Mary,Templum B. Mariae Virginis de Guadalupe (Monasterium),Guadalupe (Extremadura),Toletana,Toledo,Spain,1928,1928,retrospective_attestation,Pius PP. XII,,high,1
nuestra-senora-de-la-cinta-huelva,Nuestra Señora de la Cinta,,Blessed Virgin Mary,,Huelva,Onubensis,Huelva,Spain,,,papal_coronation_act,Ioannes Paulus PP. II,,medium,1
nuestra-senora-de-el-soto-iruz-valle-de-toranzo,Nuestra Señora de El Soto,"Beata Maria Virgo a nemore, seu « Nuestra Señora de El Soto »",Blessed Virgin Mary,"Templum (cum coenobio) B. M. V. « Nuestra Señora de El Soto », Carmelitis Discalceatis creditum",Iruz (Valle de Toranzo),Santanderiensis,Santander,Spain,,,papal_coronation_act,Ioannes PP. XXIII,"Iosephus Eguino Trecu, Episcopus Santanderiensis (Santanderiensis Ordinarius)",high,1
nuestra-senora-del-carmen-jerez-de-la-frontera,Nuestra Señora del Carmen,Beata Maria Virgo de Monte Carmelo,Blessed Virgin Mary,ecclesia conventualis Carmelitarum Antiquae Observantiae (church of El Carmen),Jerez de la Frontera,Hispalensis,Seville,Spain,1925,1925,retrospective_attestation,Paulus PP. VI,,medium,1
mare-de-deu-de-paret-delgada-la-selva-del-camp,Mare de Déu de Paret Delgada,Beata Maria Virgo titulo « Mare de Déu de Paret-Delgada »,Blessed Virgin Mary,Sanctuarium « Mare de Déu de Paret-Delgada »,La Selva del Camp,Tarraconensis,Tarragona,Spain,,,papal_coronation_act,Ioannes Paulus PP. II,,high,1
nuestra-senora-de-inodejo-las-fraguas-soria,Nuestra Señora de Inodejo,Nostra Domina « de Indejo »,Blessed Virgin Mary,Ecclesia oppidi Las Fraguas,Las Fraguas (Soria),Oxomensis-Sorianus,Osma-Soria,Spain,,,papal_coronation_act,Ioannes Paulus PP. II,,medium,1
beata-maria-virgo-de-lluch-lluc,,Beata Maria Virgo « de Lluch »,Blessed Virgin Mary,Sanctuarium (Collegium Sanctae Mariae) Beatae Mariae Virginis « de Lluch »,Lluc,Maioricensis,Mallorca (Majorca),Spain,,,retrospective_attestation,Ioannes PP. XXIII,,medium,1
virgen-de-los-ojos-grandes-lugo,Virgen de Los Ojos Grandes,,Blessed Virgin Mary,Catedral de Santa María (Ojos Grandes),Lugo,,,Spain,1904-08-15,1904-08-15,chapter_decree,,,medium,1
nuestra-senora-de-montserrat-la-moreneta-montser,"Nuestra Señora de Montserrat, La Moreneta",,Blessed Virgin Mary,Monestir de Montserrat,Montserrat,,,Spain,1881-09-11,1881-09-11,chapter_decree,,,medium,1
virgen-de-vallivana-morella,Virgen de Vallivana,Imago Deiparae quae vulgo a « Vallivana » appellatur,Blessed Virgin Mary,"Ecclesia paroecialis B. M. V. in Caelum Assumptae, Morella (« Santa María la Mayor »)",Morella,Dertosensis,Tortosa,Spain,,,retrospective_attestation,Pius PP. XII,,low,1
nuestra-senore-de-monserrate-orihuela,Nuestra Señore De Monserrate,,Blessed Virgin Mary,Santuario de Nuestra Señora de Monserrate,Orihuela,,,Spain,1920-05-31,1920-05-31; 1959,chapter_decree,,,medium,2
mare-de-deu-de-la-salut-virgen-de-la-salud-palma,"Mare de Déu de la Salut, Virgen de la Salud",,Blessed Virgin Mary,Sant Miquel,Palma de Mallorca,,,Spain,1931-09-13,1931-09-13,chapter_decree,,,low,1
nuestra-senora-de-los-milagros-palos-de-la-front,Nuestra Señora de los Milagros,Beata Maria Virgo titulo « Nuestra Señora de los Milagros »,Blessed Virgin Mary,Monasterium franciscale « de la Rábida »,Palos de la Frontera,Onubensis,Huelva,Spain,1993-06-14,1993-06-14,papal_personal_coronation,Ioannes Paulus PP. II,,high,1
nuestra-senora-de-la-encina-virgen-de-la-encina,"Nuestra Señora De La Encina, Virgen De La Encina",Beata Maria Virgo « de la Encina »,Blessed Virgin Mary,Ecclesia paroecialis (Sanctuarium) B. M. V. « de la Encina »,Ponferrada (region « El Bierzo »),Asturicensis,Astorga,Spain,1908-09-08,1908-09-08,chapter_decree,Pius PP. XII,,high,2
mare-de-deu-de-la-misericordia-reus,Mare de Déu de La Misericòrdia,,Blessed Virgin Mary,Santuari de la Mare de Déu de Misericòrdia,Reus,,,Spain,1904-10-09,1904-10-09,chapter_decree,,,medium,1
virgen-del-coro-san-sebastian-urbs-sancti-sebast,Virgen del Coro,Beata Maria Virgo a Choro (sub titulo «del Coro»),Blessed Virgin Mary,Ecclesia paroecialis matrix Sanctae Mariae,San Sebastian (Urbs Sancti Sebastiani),Victoriensis,Vitoria,Spain,,,papal_coronation_act,Pius PP. XII,,high,1
nuestra-senora-de-la-esperanza-esperanza-de-tria,Nuestra Señora de la Esperanza (Esperanza de Triana),"effigies B. Mariae Virg., vulgo « de Nuestra Señora de la Esperanza Macarena »",Blessed Virgin Mary,"Basílica de la Macarena (the temple recently built for her, per the text)",Seville (Hispalis),Hispalensis,Seville,Spain,1964-05-31,1964-05-31,papal_coronation_act,Ioannes Paulus PP. II; Paulus PP. VI,"Iosephus M. S. R. E. Cardinalis Bueno Monreal, olim Archiepiscopus Hispalensis",high,2
nuestra-senora-del-pino-teror-gran-canaria,Nuestra Señora del Pino,,Blessed Virgin Mary,Basílica de Nuestra Señora del Pino,Teror (Gran Canaria),,,Spain,1905-09-07,1905-09-07,chapter_decree,,,medium,1
nuestra-senora-del-sagrario-toledo-toletum,Nuestra Señora del Sagrario,Virgo a Sacrario,Blessed Virgin Mary,Cathedrale templum Toletanum (primatial cathedral of Toledo),Toledo (Toletum),Toletana,Toledo,Spain,,,retrospective_attestation,Pius PP. XI,,medium,1
nuestra-senora-de-los-desamparados-mare-de-deu-d,Nuestra Señora de los Desamparados / Mare de Déu dels Desamparats,"Beata Maria Virgo, Mater Desertorum",Blessed Virgin Mary,"Templum B. Mariae Virginis Matris Desertorum, vulgo « Regalis Cappella »",Valencia,Valentina,Valencia,Spain,1923,1923,retrospective_attestation,Pius PP. XII,,high,1
unsere-liebe-frau-von-einsiedeln-our-lady-of-the,Unsere Liebe Frau von Einsiedeln (Our Lady of the Hermits),prodigiosum « eremitarum Dominae » simulacrum,Blessed Virgin Mary,Templum et coenobium Einsidlense (Benedictine abbey of Einsiedeln),Einsiedeln,,,Switzerland,,,papal_legate_deputation,Pius PP. XI,"Alafridus Ildefonsus S. R. E. Card. Schuster, Archiepiscopus Mediolanensis",medium,1
notre-dame-de-fribourg-fribourg,Notre-Dame de Fribourg,Beatae Mariae Virginis simulacrum (Nostrae Dominae),Blessed Virgin Mary,Templum conlegiale Nostrae Dominae,Fribourg,"Lausannensis, Genevensis et Friburgensis","Lausanne, Genève et Fribourg",Switzerland,,,retrospective_attestation,Pius PP. XI,,high,1
notre-dame-de-geneve-geneva,Notre-Dame de Genève,statua Immaculatae Deiparae,Blessed Virgin Mary,Templum B. Mariae V. Immaculatae Genevae (Basilica Minor),Geneva,"Lausannensis, Genevensis et Friburgensis","Lausanne, Genève et Fribourg",Switzerland,1937,1937,retrospective_attestation,Pius PP. XII,,high,1
madonna-del-sasso-locarno,Madonna del Sasso,"ligneum affabre sculptum simulacrum B. Mariae Virg. a Saxo, in ulnis Puerum Iesum gestantis",Blessed Virgin Mary,Templum B. Mariae Virg. a Saxo (Ord. Fratrum Minorum Capulatorum),Locarno,Luganensis,Lugano,Switzerland,1880,1880,retrospective_attestation,Benedictus PP. XV,,high,1
beata-maria-virgo-a-miraculis-morbio-inferiore,,Beata Maria Virgo « a Miraculis »,Blessed Virgin Mary,"Marialis aedicula adjoining the parish church of Morbio Inferiore (ancient fresco, 'vetustam Beatae Mariae Virginis udo illitam effigiem')",Morbio Inferiore,Luganensis,Lugano,Switzerland,1927,1927,retrospective_attestation,Ioannes PP. XXIII,,medium,1
santa-maria-draperis-istanbul,Santa Maria Draperis,,Blessed Virgin Mary,Santa Maria Draperis,Istanbul,,,Turkey,1911-03-25,1911-03-25,chapter_decree,,,medium,1
our-lady-queen-of-africa-lodonga-lodonga-west-ni,"Our Lady Queen of Africa, Lodonga","ligneum Mariale simulacrum, Beata Maria Virgo Omnium Gratiarum Conciliatrix, « Sultana » seu « Domina Africae »",Blessed Virgin Mary,"ecclesia oppidi « Lodonga », consecrated 1954 and dedicated to B.M.V. Omnium Gratiarum Conciliatrix","Lodonga, West Nile",Aruaensis,Arua,Uganda,,,retrospective_attestation,Ioannes PP. XXIII,,medium,1
matka-boza-berdyczowska-berdychiv-berdyczow-berd,Matka Boża Berdyczowska (Berdychiv),Beata Maria Virgo de Monte Carmelo,Blessed Virgin Mary with Child (Our Lady of the Snows type),"Sanctuarium B.M.V. de Monte Carmelo, « Berdicev »",Berdyczów (Berdychiv),Zytomeriensis,Zhytomyr,Ukraine,1756-07-16,1756-07-16,chapter_decree,Ioannes Paulus PP. II,,high,2
matka-boza-bolszowiecka-bolszowce-bilshivtsi,Matka Boża Bołszowiecka,,Blessed Virgin Mary with Child (Nikopoia),,Bołszowce (Bilshivtsi),,,Ukraine,1777-08-15,1777-08-15,chapter_decree,,,medium,1
matka-boza-latyczowska-latyczow-letychiv,Matka Boża Latyczowska,,Blessed Virgin Mary with Child (Our Lady of the Snows type),,Latyczów (Letychiv),,,Ukraine,1778-10-04,1778-10-04,chapter_decree,,,medium,1
vetustissima-deiparae-imago-leopolis-lviv,,vetustissima Deiparae Imago,Blessed Virgin Mary,"Ecclesia metropolitana Leopoliensis Latinorum, sub titulo B. M. Virginis in coelum Assumptae",Leopolis (Lviv),Leopoliensis Latinorum,Lviv (Latin archdiocese),Ukraine,1762,1762,retrospective_attestation,Pius PP. X,,medium,1
matka-boza-rozancowa-zwycieska-lwow-lviv-dominic,Matka Boża Różańcowa Zwycięska,,Blessed Virgin Mary with Child (Hodegetria),,"Lwów (Lviv), Dominicans",,,Ukraine,1751-07-01,1751-07-01,chapter_decree,,,medium,1
obraz-matki-bozej-laskawej-pani-lwowa-our-lady-o,"Obraz Matki Bożej Łaskawej, Pani Lwowa (Our Lady of Grace, Lady of Lviv; « Śliczna Gwiazda miasta Lwowa »)",,Blessed Virgin Mary (Queen of Heaven),,"Lwów (Lviv), Latin cathedral",Leopolitana,Lviv of the Latins,Ukraine,1776-05-12,1776-05-12; 2001-06-26,chapter_decree,Ioannes Paulus PP. II,,high,2
matka-boza-miedzyrzecka-miedzyrzecz-ostrogski-ve,Matka Boża Międzyrzecka,,Blessed Virgin Mary with Child (Hodegetria),,Międzyrzecz Ostrogski (Velyki Mezhyrichi),,,Ukraine,1779-08-15,1779-08-15,chapter_decree,,,medium,1
santa-maria-della-nativita-pozcaioviens-luceorie,"Santa Maria della Natività Pozcaioviens, Luceorien diaecesis",,Blessed Virgin Mary with Child (Glykophilousa),Poczajów (diocese of Łuck),Poczajów (Pochaiv),,,Ukraine,1773-09-08,1773-09-08,chapter_decree,,,medium,2
matka-boza-podkamienska-rozancowa-podkamien-pidk,Matka Boża Podkamieńska (Różańcowa),,Blessed Virgin Mary with Child (Our Lady of the Snows type),,"Podkamień (Pidkamin), Dominican convent",,,Ukraine,1723-08-15,1723-08-15,chapter_decree,,,medium,1
matka-boza-sokalska-sokal,Matka Boża Sokalska,,Blessed Virgin Mary with Child (Hodegetria),,Sokal,,,Ukraine,1724-09-08,1724-09-08,chapter_decree,,,medium,1
matka-boza-lucka-rozancowa-luck-lutsk-dominicans,Matka Boża Łucka (Różańcowa),,Blessed Virgin Mary with Child (Our Lady of the Snows type),,"Łuck (Lutsk), Dominicans",,,Ukraine,1749-09-08,1749-09-08,chapter_decree,,,medium,1
la-virgen-de-los-treinta-y-tres-florida,la Virgen de los Treinta y Tres,"parvum Beatae Mariae Virginis simulacrum, ex ligno exsculptum, Floridensis Virgo",Blessed Virgin Mary,Templum princeps (cathedralis ecclesia) urbis Floridensis,Florida,Floridensis,Florida,Uruguay,,,retrospective_attestation,Ioannes PP. XXIII,,high,2
l-immacolata-concezione-mosaic-in-the-cappella-d,L'Immacolata Concezione (mosaic in the Cappella del Coro),,Blessed Virgin Mary,"Basilica of St Peter in the Vatican, Cappella del Coro (on the site of Sixtus IV's chapel of the Immaculate Conception)",Vatican City / Rome,,,Vatican City,1869-12-08,1869-12-08,papal_personal_coronation,Ioannes PP. XXIII,,medium,1
nuestra-senora-de-la-soledad-caracas,Nuestra Señora de la Soledad,Imago Beatae Mariae Virginis « Nuestra Señora de la Soledad »,Blessed Virgin Mary,"church of St Francis of Assisi, Caracas",Caracas,Caracensis,Caracas,Venezuela,,,papal_coronation_act,Ioannes Paulus PP. II,,medium,1
nuestra-senora-de-guadalupe-de-el-carrizal-el-ca,Nuestra Señora de Guadalupe de El Carrizal,,Blessed Virgin Mary,,El Carrizal,Corensis,Coro,Venezuela,,,papal_coronation_act,Ioannes Paulus PP. II,,high,1
virgen-del-valle-el-valle-del-espiritu-santo-isl,Virgen del Valle,,Blessed Virgin Mary,Basílica menor de Nuestra Señora del Valle,El Valle del Espíritu Santo (Isla Margarita),,,Venezuela,1911-09-08,1911-09-08,chapter_decree,,,medium,1
nuestra-senora-de-coromoto-guanare,Nuestra Señora de Coromoto,B. Maria Virgo de Coromoto,Blessed Virgin Mary,"sanctuary of Our Lady of Coromoto, Guanare (the image 'será venerada en su nueva Basílica'); coronation performed on the explanada de Montalbán, Caracas",Guanare,Barquisimetensis,Barquisimeto,Venezuela,1952-09-12,1952-09-12; 1985-01-27,papal_legate_deputation,Ioannes Paulus PP. II; Pius PP. XII,"Manuel Arteaga y Betancourt, Cardinal, Archbishop of San Cristóbal de La Habana",high,4
nuestra-senora-de-chiquinquira-maracaibo,Nuestra Senora de Chiquinquira,Beata Maria Virgo de la Chiquinquira,Blessed Virgin Mary,Parish church of St John of God (San Juan de Dios),Maracaibo,Zuliensis,Zulia (Maracaibo),Venezuela,,,retrospective_attestation,Benedictus PP. XV,,high,1
nuestra-senora-del-socorro-valentia-valencia,Nuestra Señora del Socorro,imago Beatae Mariae Virginis de Succursu,Blessed Virgin Mary,cathedralis ecclesia Valentina,Valentia (Valencia),Valentina in Venezuela,Valencia (Venezuela),Venezuela,1910,1910,retrospective_attestation,Ioannes PP. XXIII,,high,1
image,,,,,,,,,,,norms,Pius PP. X,,high,1
image-2,,,,,,,,,,,norms,Paulus PP. VI,,high,1
beatissima-vergine-detta-di-s-luca,Beatissima Vergine detta di S. Luca,,Blessed Virgin Mary,,,,,,,,chapter_decree,,,medium,1
image-3,,,Blessed Virgin Mary with Child,'Chiesa ~ Sant:o~ daetto di Piera' (garbled),,,,,,,chapter_decree,,,low,1
image-4,,,,,,,,,,,chapter_decree,,,low,1
